88 53 42 72 27 41 36 64 30 52 29 32 58 64 18 67 6 99 82 39 85 37 100 35 29 25 89 33 4 35 84 92 38 67 60 13 20 44 38 98 28 88 76 59 42 20 56 63 92 5 75 97 47 8 79 24 41 22 0 73 14 72 45 21 92 61 78 51 67 25 98 83 81 97 71 77 92 90 15 31 1 69 36 83 7 37 22 44 90 45 1 68 36 21 61 12 13 38 82 73 100 34 45 74 3 36 19 6 56 10 64 100 29 67 82 14 47 52 67 8 52 86 52 67 98 25 70 39 52 72 12 19 37 60 46 77 61 45 39 37 76 40 92 83 48 25 19 94 25 14 61 88 82 4 39 17 10 78 39 80 21 60 85 84 19 16 52 14 45 9 55 5 27 7 31 87 2 41 84 100 2 54 62 7 91 19 68 48 83 86 13 53 42 58 65 95 17 46 22 76
24 25 85 67 62 7 20 41 20 39 21 74 81 29 39 27 52 17 66 15 50 27 36 55 80 65 30 98 69 26 15 93 24 55 23 9 54 82 3 6 81 73 97 64 95 46 67 14 55 47 68 82 99 95 7 60 100 47 37 2 60 14 61 16 95 40 65 32 21 18 43 50 90 86 54 87 50 13 7 52 90 26 32 87 65 49 13 68 57 33 32 46 90 27 64 76 49 37 75 52 19 90 34 3 30 84 45 40 65 8 26 10 61 69 7 77 85 91 82 18 51 36 8 55 48 44 73 61 29 59 92 53 34 4 12 41 48 94 42 24 54 63 27 74 27 85 90 0 59 43 58 27 2 37 40 28 57 25 20 81 8 9 26 25 24 65 81 64 38 54 49 16 57 19 98 83 93 59 7 97 96 11 100 35 31 81 40 89 3 64 49 73 36 60 37 36 45 30 54 39
52 80 93 15 42 83 79 77 26 82 84 60 57 53 77 98 8 1 87 69 18 70 55 0 71 43 66 62 0 97 46 47 65 47 9 75 54 91 75 76 82 48 17 91 23 14 33 17 3 67 69 4 83 10 51 53 98 96 27 22 72 82 13 39 86 16 69 34 15 99 22 46 41 83 5 27 96 89 48 9 46 90 14 89 80 51 96 98 53 72 41 95 43 84 20 21 19 83 34 5 61 91 53 47 70 64 45 71 58 25 63 38 15 63 21 65 56 41 31 39 74 49 86 85 69 42 48 77 74 74 86 77 17 9 64 70 18 46 91 82 30 29 84 64 66 98 78 65 40 56 98 89 47 20 57 77 57 10 100 27 53 27 2 37 96 27 97 43 57 100 82 56 70 27 43 77 98 69 52 93 56 15 13 30 1 67 89 93 19 2 13 62 42 16 26 3 49 68 98 67
40 13 15 51 76 89 3 58 42 90 7 97 4 79 28 29 61 78 12 54 40 82 0 69 96 55 88 65 88 88 33 27 64 40 79 76 100 67 95 42 26 29 54 35 14 25 77 26 99 47 43 3 56 2 93 20 55 86 59 71 100 92 13 20 24 26 26 23 85 47 85 94 46 11 4 79 98 61 35 19 65 68 67 88 87 25 62 14 77 0 25 13 9 33 23 56 4 51 8 68 89 0 77 18 68 41 62 35 33 66 7 34 16 17 29 88 14 18 90 73 99 1 70 26 60 38 53 65 32 14 15 80 68 80 44 53 13 4 50 43 45 12 89 21 58 62 93 98 51 66 88 68 60 6 0 7 94 41 52 19 69 67 63 21 66 66 8 90 5 46 70 34 35 22 92 84 36 9 41 23 83 18 91 20 73 64 63 55 25 94 47 16 1 63 30 42 76 15 28 24
81 84 21 95 53 10 65 15 26 85 15 7 96 74 41 98 15 12 86 50 68 36 53 94 59 2 79 54 12 11 12 91 23 51 12 64 58 45 16 17 88 4 23 20 61 26 67 6 9 5 3 50 10 8 56 95 73 18 90 66 59 95 32 52 15 54 66 24 16 86 29 91 12 35 12 43 15 0 29 59 54 23 48 25 30 79 23 63 30 24 80 81 68 94 77 28 83 25 25 71 21 64 39 86 50 18 32 7 38 67 41 53 29 27 19 2 37 6 66 93 100 80 0 56 41 59 50 97 87 36 58 7 63 38 43 16 1 84 90 95 18 20 13 98 66 23 91 37 1 37 33 4 85 66 55 5 73 23 14 28 23 83 55 94 34 42 83 28 18 30 86 42 99 70 70 25 63 51 3 86 83 70 52 5 99 79 80 4 19 81 68 87 68 2 28 54 0 43 95 49
78 94 16 0 11 86 98 22 75 69 26 27 52 80 11 9 79 88 44 24 74 41 69 74 68 9 80 20 96 65 82 93 93 45 31 87 12 66 1 52 15 88 52 37 72 18 69 74 80 89 88 46 4 73 60 3 98 99 58 67 22 87 62 83 19 51 64 91 31 66 74 95 27 40 39 40 32 52 51 26 6 76 11 9 7 5 0 72 39 60 50 76 5 8 90 54 52 52 76 98 15 69 25 69 49 66 35 39 69 32 99 75 24 90 79 55 39 27 24 82 75 70 99 66 48 67 97 56 29 38 18 69 82 86 60 83 71 8 28 64 0 35 91 30 39 92 76 84 96 1 8 45 80 81 64 48 61 77 66 0 28 79 50 3 12 0 89 93 94 53 88 41 4 61 4 68 63 67 93 73 81 5 93 19 100 51 23 0 7 62 52 49 95 71 58 25 57 91 54 15
82 70 95 50 83 3 43 41 100 34 79 76 48 8 30 19 68 84 21 40 76 42 25 26 89 56 26 38 8 80 54 68 65 48 90 17 18 67 69 24 30 51 72 12 20 32 15 68 80 23 56 90 68 50 91 53 22 33 65 26 67 98 30 94 60 73 44 34 30 96 29 11 10 12 41 95 34 9 36 56 0 11 41 60 53 46 10 37 2 35 63 30 81 70 53 23 43 29 14 91 58 43 43 38 3 49 86 74 12 79 68 91 58 96 62 34 54 21 93 82 45 42 68 23 85 31 63 51 1 89 42 51 72 35 42 95 69 72 38 68 30 58 44 18 30 60 1 10 0 74 50 25 23 38 66 30 68 34 42 34 54 84 42 70 39 81 3 78 5 2 60 46 78 97 29 14 2 10 97 19 89 62 42 26 31 99 6 79 10 46 92 74 35 39 18 8 38 47 72 27
14 18 20 33 21 13 26 1 57 94 27 55 79 50 82 70 63 15 35 85 69 41 21 99 46 25 100 70 78 57 61 84 66 24 75 29 40 28 22 6 96 24 28 29 55 61 77 57 25 14 25 87 8 58 51 85 60 90 23 37 84 76 5 60 83 68 98 49 74 74 1 55 58 88 13 53 95 76 87 78 57 4 10 45 50 99 54 65 75 84 64 60 49 55 25 82 61 25 13 82 98 5 44 26 25 84 23 16 35 66 80 14 3 68 99 24 82 71 86 57 41 71 65 42 10 7 41 41 14 27 53 92 1 41 68 99 79 73 14 9 60 63 57 93 9 85 52 46 88 85 6 34 62 82 93 100 99 59 36 81 16 34 59 4 80 63 99 87 31 42 98 4 56 12 76 37 78 30 9 73 16 18 31 84 5 21 83 36 95 50 59 55 34 42 32 84 26 21 6 46
56 59 51 15 25 94 64 63 65 56 100 66 19 43 43 15 60 45 65 64 42 72 92 32 100 76 52 8 43 75 26 39 86 21 11 81 9 78 84 31 54 62 59 23 5 42 39 79 21 23 17 37 51 24 7 41 88 4 82 50 45 12 72 69 62 89 18 31 90 63 6 75 41 97 61 46 16 3 24 11 68 48 16 32 4 3 73 99 80 29 97 87 21 92 28 17 80 15 35 17 8 97 52 1 5 3 2 67 7 25 50 91 28 66 44 32 47 97 93 89 98 31 60 59 76 18 48 2 14 41 55 32 50 44 77 13 79 45 63 31 65 19 74 48 78 30 29 73 80 60 77 2 6 17 57 99 1 8 45 5 26 85 68 52 27 33 97 78 14 48 79 43 41 1 78 56 71 86 7 61 86 64 68 39 7 15 41 0 61 23 85 76 14 33 23 6 18 94 26 41
70 73 33 41 31 38 21 96 7 42 73 28 90 19 19 66 21 60 84 39 90 33 45 25 60 68 36 6 76 75 11 16 42 61 35 88 95 28 63 68 26 51 7 79 80 1 81 51 49 18 76 14 35 66 3 45 74 64 94 80 71 81 38 98 1 22 18 95 29 19 17 9 75 93 48 91 21 9 96 40 88 77 70 40 43 51 32 29 32 27 88 6 60 20 4 42 89 69 69 14 4 96 65 48 86 7 38 24 61 77 36 51 28 69 25 12 9 39 27 56 55 30 11 73 65 23 99 96 38 9 83 80 40 90 38 13 53 34 16 69 19 61 80 25 92 31 96 36 51 39 72 63 27 77 54 20 25 4 40 25 60 8 64 47 3 55 57 32 47 23 47 95 40 73 14 12 81 25 29 17 36 17 95 12 83 90 53 77 9 54 64 77 53 50 64 44 53 8 86 96
9 1 20 29 73 40 1 35 29 20 34 35 79 93 72 31 50 76 24 38 37 85 6 77 87 61 84 74 41 39 94 69 100 100 25 84 78 68 86 51 74 100 71 43 22 28 75 18 52 24 36 94 91 25 89 99 74 24 13 52 85 2 38 54 80 47 87 10 36 44 72 89 46 39 96 83 69 46 66 25 18 86 15 37 22 94 23 79 27 34 92 2 30 69 14 64 12 73 28 96 8 95 13 14 81 58 62 30 43 64 17 6 71 27 98 13 2 19 65 52 22 96 54 75 84 47 93 60 57 46 91 7 63 83 40 23 42 87 56 61 56 9 84 66 3 12 68 87 18 87 50 32 75 25 13 10 49 4 46 0 64 31 7 0 43 16 100 99 28 98 35 40 79 31 96 68 71 28 18 84 66 15 31 94 74 97 14 82 49 37 48 35 7 48 45 18 5 71 24 91
80 77 55 47 43 66 5 22 24 99 43 84 79 25 37 48 89 91 79 7 18 40 50 67 49 68 81 37 14 6 24 8 97 58 68 66 49 98 96 99 81 43 2 36 31 42 52 61 41 14 14 97 21 78 5 25 65 49 32 63 61 8 34 82 24 95 79 32 55 55 3 13 97 16 64 35 72 34 87 2 37 65 88 23 0 55 13 82 0 91 83 15 68 20 15 32 81 49 45 74 20 83 46 61 61 57 29 73 95 73 9 61 45 72 15 67 39 90 3 83 62 49 24 66 8 77 18 55 83 61 65 75 86 6 86 39 30 57 31 66 69 66 14 39 99 51 55 44 92 46 77 1 56 90 51 0 97 90 98 3 59 16 82 62 95 68 25 75 55 19 58 65 68 98 35 14 12 28 95 92 45 14 48 63 64 47 100 12 22 88 94 57 7 75 79 7 5 8 31 17
97 32 98 74 84 82 44 16 28 35 35 15 43 30 63 26 6 5 0 43 1 32 3 85 95 47 66 30 34 68 99 47 81 95 29 15 11 53 2 76 25 8 62 95 95 22 69 26 20 21 82 54 89 16 7 63 83 39 26 69 2 75 22 20 31 77 66 84 99 98 98 44 88 44 39 1 68 73 40 59 17 57 62 58 6 13 52 45 35 12 28 35 83 11 48 17 54 65 4 65 95 97 59 69 15 48 48 33 43 15 45 37 64 82 20 13 61 12 82 61 12 95 39 42 100 0 83 22 64 12 48 40 33 12 18 88 74 45 13 89 42 80 74 18 75 29 19 80 75 9 84 10 37 22 43 32 97 37 10 41 55 11 20 76 39 87 50 38 52 48 95 86 28 39 68 94 60 87 34 5 5 18 12 15 90 66 15 33 92 12 66 33 98 41 59 35 66 0 90 35
23 66 37 39 90 41 9 25 61 25 92 77 89 3 6 93 4 60 84 33 95 74 44 81 62 25 62 21 82 28 26 38 28 45 53 70 1 20 54 77 18 88 14 92 34 54 57 82 73 78 56 45 91 80 48 86 93 93 69 67 72 67 28 92 60 85 85 31 40 88 73 83 45 85 34 70 49 69 62 63 34 23 31 23 53 61 36 50 53 74 17 81 32 46 79 16 35 84 60 36 23 88 30 21 43 74 59 20 20 42 78 31 28 22 42 9 78 19 96 59 51 5 80 0 28 0 91 30 54 38 43 45 63 42 25 3 93 51 45 21 85 90 98 96 41 87 26 97 18 8 54 39 42 77 88 38 52 5 66 12 85 11 65 44 69 2 78 95 12 16 50 57 61 14 23 91 78 50 32 10 74 17 77 43 74 15 99 85 54 40 37 62 50 98 10 61 72 89 66 6
50 26 39 30 60 62 23 26 27 61 59 24 84 64 21 83 19 29 46 100 4 31 7 81 61 58 36 63 71 22 8 37 44 17 1 31 96 42 38 76 4 10 13 86 7 33 56 67 12 37 15 90 70 43 18 89 33 11 39 39 45 3 31 58 51 19 17 95 50 29 37 63 86 95 47 86 15 5 0 15 28 40 61 59 47 13 57 91 82 69 75 8 39 88 36 62 98 56 62 39 63 59 65 18 66 86 3 25 28 71 68 63 53 46 5 31 76 71 31 99 22 35 47 48 64 81 55 57 82 9 16 58 74 56 93 58 73 71 31 28 78 30 61 81 25 69 39 87 73 54 51 40 39 99 98 70 74 20 52 25 76 7 46 57 42 25 80 87 68 66 27 4 6 46 66 38 90 65 48 53 20 36 18 7 78 19 65 51 23 94 51 17 58 96 57 83 28 48 17 27
56 18 78 32 37 92 36 25 37 35 53 30 19 22 48 38 66 70 44 66 32 7 31 40 39 13 60 36 4 16 66 29 10 76 14 86 1 11 57 55 61 90 90 28 80 81 48 52 88 81 18 55 98 67 72 31 80 44 81 52 5 3 17 98 40 58 40 100 51 8 49 35 75 100 45 95 62 21 8 57 12 76 74 5 23 57 56 13 39 48 48 91 37 68 33 51 53 26 85 68 41 100 80 57 57 7 72 86 5 50 35 58 7 86 34 69 56 2 36 2 55 15 40 80 40 18 72 44 48 34 2 5 35 66 19 72 13 96 74 76 27 2 15 72 44 63 10 76 28 33 70 82 85 59 67 43 65 9 79 83 97 31 4 76 57 49 97 80 1 47 64 52 41 0 24 100 68 49 6 43 2 94 40 0 27 43 5 50 45 49 67 48 68 66 42 47 88 40 84 40
92 33 37 98 68 1 63 3 37 58 6 27 26 65 66 5 38 69 12 80 46 43 53 49 95 66 19 99 22 89 0 57 21 97 13 79 27 32 68 63 37 7 24 60 81 68 92 23 26 60 63 50 73 5 19 63 26 92 90 1 13 73 38 41 34 28 71 61 90 61 85 38 75 81 59 87 91 97 26 38 37 3 0 29 15 86 76 80 10 90 28 89 30 17 20 88 47 59 19 64 56 69 73 61 69 13 71 24 50 51 95 74 25 35 48 64 14 34 81 62 81 76 69 77 92 52 77 52 77 84 25 92 48 33 98 40 26 72 39 15 16 75 15 2 50 75 43 51 13 98 26 54 32 18 57 23 89 29 64 72 21 14 100 2 55 92 89 49 9 41 35 64 34 6 67 53 88 87 63 56 56 82 20 5 73 23 9 22 78 26 53 95 99 38 91 94 24 21 65 51
33 40 66 76 94 36 81 83 2 95 12 96 30 24 92 74 2 54 14 35 10 6 94 78 87 94 67 37 95 2 13 48 68 91 49 89 87 78 41 27 91 84 45 81 79 38 81 35 6 86 84 12 20 13 1 24 57 82 68 13 85 88 36 17 20 31 12 66 53 30 19 84 1 73 80 43 78 16 76 85 54 5 49 79 10 18 30 65 11 9 57 90 25 34 54 87 53 89 98 55 97 98 57 28 41 16 78 70 76 99 46 36 38 64 77 12 31 12 76 90 50 77 81 65 21 40 39 50 24 74 41 45 57 72 24 16 13 7 50 45 27 8 95 22 92 95 78 45 7 60 46 74 49 23 26 1 2 40 98 53 75 75 12 44 5 23 3 45 92 84 13 16 77 27 14 24 88 91 76 38 0 86 99 22 22 93 22 0 58 58 74 40 99 73 21 1 100 30 92 59
67 14 13 45 6 50 15 19 17 89 50 25 49 14 84 94 12 5 58 7 42 56 70 63 92 54 26 83 3 13 48 2 8 26 19 26 42 69 64 43 39 31 39 92 82 93 12 63 94 31 65 63 28 7 98 44 64 12 23 7 7 72 42 97 50 16 64 43 86 94 67 28 31 42 5 53 76 3 62 79 14 50 71 27 54 7 26 6 76 9 5 51 53 67 38 60 99 92 6 62 38 5 28 67 97 76 19 20 61 21 13 98 90 37 80 87 0 28 80 88 9 88 60 20 35 75 6 46 59 64 78 99 16 62 5 70 97 13 33 59 44 5 26 85 75 0 11 65 90 91 56 81 10 95 25 27 7 61 22 97 65 86 11 31 98 74 67 22 15 14 56 65 1 6 55 91 5 7 89 62 39 48 1 46 52 28 58 44 99 11 65 63 50 49 52 11 91 50 25 36
13 20 52 50 22 17 50 35 37 18 3 69 20 93 26 43 96 10 90 88 79 23 41 7 95 41 31 47 27 57 92 40 7 4 16 18 28 22 25 27 86 98 20 82 17 95 90 37 33 67 12 94 41 86 94 13 52 60 64 47 48 83 21 60 3 24 42 42 13 43 29 2 22 4 45 32 32 42 58 61 95 82 30 72 98 0 85 90 32 19 61 1 44 33 72 23 4 59 2 32 41 0 91 28 49 5 89 2 26 88 66 83 40 2 0 1 91 34 84 21 57 58 6 40 15 68 24 95 10 61 79 44 3 28 36 100 25 42 68 65 42 70 68 45 71 62 13 43 67 18 66 38 75 91 69 82 60 49 4 39 36 86 93 88 55 37 5 78 25 63 84 8 39 39 12 5 66 44 65 8 92 71 98 34 0 2 89 4 33 50 86 100 15 48 9 74 62 57 21 89
17 22 22 31 92 41 66 17 35 93 16 63 97 16 71 44 40 58 18 38 47 68 36 96 63 61 46 68 19 47 76 82 42 60 59 48 73 83 65 54 47 21 100 91 47 70 88 71 59 58 15 62 63 77 32 43 37 80 15 90 39 48 68 97 55 43 24 59 42 30 6 38 8 63 11 56 72 65 74 33 7 59 39 18 68 53 44 21 28 75 57 50 6 62 7 39 48 76 33 65 71 34 8 88 88 72 41 25 35 74 3 21 66 0 83 22 22 46 87 99 81 87 16 85 40 32 39 54 62 1 29 5 2 3 46 32 38 57 31 31 50 76 89 63 63 9 73 11 12 89 61 46 23 71 36 18 91 21 81 99 82 44 40 34 30 64 61 61 56 46 7 28 1 95 4 90 33 81 26 13 96 27 96 57 74 71 74 46 88 94 61 48 17 32 48 52 14 58 14 90
83 46 22 66 59 73 52 19 95 88 54 82 2 90 10 25 85 68 36 75 69 1 79 68 29 21 18 37 55 2 76 54 18 88 27 77 49 63 31 85 6 68 81 69 46 28 12 16 97 44 27 36 11 49 24 68 44 94 69 17 78 5 62 51 75 19 11 23 37 0 5 64 30 71 51 62 70 36 12 66 87 10 89 4 30 79 17 92 54 58 92 47 52 63 32 61 92 81 87 62 36 46 67 22 64 58 66 24 97 91 3 47 12 64 38 19 89 30 36 10 98 18 56 53 48 8 70 51 17 26 30 43 21 34 29 40 34 52 10 30 24 28 28 49 31 88 72 43 0 59 24 97 94 9 37 16 1 95 36 98 9 6 74 85 19 97 21 27 98 71 57 49 5 80 15 5 65 86 65 7 20 48 99 82 66 34 33 87 66 67 37 42 38 13 46 46 73 47 15 86
69 21 99 54 13 90 34 6 84 54 67 40 13 56 41 23 18 65 39 96 92 13 47 98 54 55 76 83 23 31 8 2 89 96 29 26 98 63 63 72 33 35 10 10 13 66 22 40 15 96 82 33 24 91 49 52 64 57 95 25 54 56 83 63 5 32 61 60 54 71 59 33 88 6 60 40 73 69 9 36 48 17 13 44 47 62 31 51 85 80 53 38 24 5 16 81 11 10 31 40 87 48 71 29 53 11 50 76 76 66 25 21 75 9 89 45 69 73 46 38 9 60 100 80 28 73 54 73 26 51 6 59 82 23 77 70 19 13 95 93 0 51 80 6 29 9 4 38 15 85 41 98 76 18 71 27 75 88 64 75 4 46 33 99 52 47 98 46 3 26 79 93 76 42 61 70 28 97 36 62 67 39 30 13 5 63 58 6 82 99 43 49 85 17 96 39 39 17 43 63
85 92 3 46 6 72 83 94 14 25 72 1 1 32 23 78 90 75 34 70 81 5 45 32 73 32 91 53 67 20 94 99 69 55 36 52 16 25 73 44 26 54 60 93 46 63 72 13 48 60 48 6 15 50 87 42 15 22 78 56 44 83 55 40 97 16 54 100 83 18 76 43 77 6 24 16 94 55 62 87 40 66 34 53 73 23 61 97 54 96 82 43 5 96 70 88 48 88 83 62 97 16 50 88 11 91 1 70 85 31 9 86 71 71 13 72 94 68 57 81 28 23 40 64 48 69 12 93 40 25 27 62 83 80 59 97 4 27 37 88 47 4 68 99 12 55 93 64 42 37 17 77 87 82 100 7 10 98 44 33 40 70 57 71 65 33 44 62 81 25 43 31 98 29 57 32 8 47 53 44 68 58 97 17 21 73 1 2 54 80 39 100 17 37 22 84 78 57 9 73
82 29 24 92 76 63 79 61 100 30 24 71 42 27 47 11 97 71 90 29 70 84 66 87 46 64 9 65 40 41 40 98 64 48 15 99 7 23 41 23 45 61 58 25 41 56 23 69 24 0 39 76 68 8 87 54 8 57 42 100 65 59 70 57 37 87 22 62 60 87 14 71 85 45 87 76 22 97 0 20 50 89 26 98 91 52 2 66 77 55 94 61 39 36 63 12 57 4 19 99 26 98 52 19 82 94 55 80 43 37 73 36 42 82 19 41 16 86 56 15 57 71 85 39 60 12 47 1 45 55 84 29 57 26 28 88 74 72 10 8 10 38 66 12 39 37 42 40 66 98 7 44 89 65 35 39 35 11 12 61 61 40 98 57 34 37 50 10 5 87 80 81 40 65 19 43 22 29 77 2 83 79 67 64 85 37 75 34 23 54 24 94 90 81 26 66 17 73 35 34
45 86 46 47 27 89 2 87 81 23 90 73 72 14 9 67 61 27 48 92 61 50 34 94 93 28 12 59 7 99 15 29 43 55 47 7 54 69 55 16 63 1 31 66 88 41 32 63 97 35 90 26 34 82 21 64 44 29 57 86 60 66 76 97 27 54 20 1 78 96 73 56 32 30 62 55 48 14 23 46 60 37 51 41 75 51 30 38 83 46 29 28 10 41 45 65 54 58 24 51 48 1 4 98 28 7 29 52 53 100 20 10 79 64 81 46 81 91 84 24 26 90 13 67 99 37 96 5 95 20 19 5 91 4 10 87 13 14 66 4 92 20 8 56 22 88 41 20 23 72 57 70 53 92 93 75 77 64 45 39 61 8 71 49 42 74 20 28 72 4 77 35 83 65 62 11 23 64 87 63 16 53 25 7 61 13 44 29 53 18 72 0 63 17 37 23 10 61 76 36
42 44 77 63 22 79 47 50 81 16 46 46 41 17 39 80 66 44 7 100 6 69 2 40 36 98 25 97 14 32 97 71 60 74 68 7 11 58 65 57 69 98 0 82 88 2 75 46 41 7 79 39 9 38 71 63 73 76 47 85 14 35 88 76 68 86 63 75 12 96 76 87 14 13 69 89 68 93 81 40 46 60 37 12 31 64 11 50 51 92 77 13 15 51 46 65 69 16 99 17 11 1 58 88 72 93 23 86 77 50 15 83 63 63 11 95 52 59 89 25 33 2 78 21 25 5 60 19 24 61 61 11 73 51 7 84 27 33 49 97 81 7 80 87 61 67 88 74 86 61 44 46 47 30 16 59 78 3 52 39 52 51 70 97 90 93 75 18 19 34 91 63 51 4 54 15 14 52 80 59 48 94 33 22 55 83 0 68 77 11 90 81 78 100 42 90 12 71 70 36
10 53 64 85 54 65 36 79 83 3 49 80 80 40 25 93 38 28 73 81 32 31 72 88 2 57 8 14 44 15 70 49 36 20 11 45 78 29 68 76 2 77 19 44 41 15 39 89 73 18 43 59 29 99 71 22 60 27 49 9 21 97 7 90 48 23 52 9 57 28 40 84 46 16 83 9 18 60 64 4 44 86 32 14 94 60 38 13 59 56 7 39 99 10 74 49 65 83 26 56 33 46 67 27 53 58 91 29 87 34 6 42 22 52 87 49 54 98 96 25 81 4 15 90 85 58 83 4 81 92 58 28 53 34 25 77 78 0 70 74 72 49 72 39 9 23 100 14 99 10 77 17 55 28 69 77 82 73 66 58 10 36 53 90 63 42 95 80 6 39 26 53 45 45 57 35 20 43 35 91 43 75 45 44 96 5 18 2 98 60 89 98 62 80 87 16 16 97 46 14
64 98 26 48 13 80 22 87 74 26 5 90 74 50 53 9 92 25 38 53 100 1 1 7 34 85 41 26 62 63 50 75 36 81 55 65 12 4 35 34 23 67 36 68 46 12 53 95 89 49 27 86 19 88 61 13 82 45 1 37 63 94 70 92 42 86 63 72 94 88 76 23 66 61 90 72 91 43 96 60 78 14 59 40 74 17 84 9 58 71 72 68 24 50 78 99 44 28 76 59 79 97 41 99 7 100 87 66 94 5 45 18 35 78 20 3 68 77 36 80 95 8 96 29 98 31 39 25 49 46 47 76 42 59 69 7 94 73 81 65 30 3 8 7 37 100 20 76 26 57 98 5 37 15 91 6 31 10 48 55 19 38 57 37 94 43 38 46 65 24 34 13 2 12 19 38 87 46 31 84 74 54 0 24 59 4 74 56 37 3 51 47 19 12 64 93 91 96 64 19
98 4 42 35 50 44 2 41 94 70 94 66 39 29 42 53 94 33 98 26 34 93 72 80 66 19 2 65 8 5 56 38 79 42 30 80 50 41 66 14 52 95 75 6 20 55 76 20 98 77 38 21 20 31 99 73 84 76 97 52 18 51 59 45 70 11 14 24 8 77 75 84 17 61 46 84 90 28 27 96 51 42 22 51 27 90 10 35 43 60 51 88 25 59 3 82 95 15 87 51 35 89 36 90 26 21 95 29 23 31 21 61 41 16 72 19 26 56 91 57 62 11 4 27 25 26 29 33 16 47 100 56 52 16 18 97 3 67 28 34 35 55 1 6 26 31 45 64 95 39 85 2 4 70 39 86 76 86 82 73 90 16 42 0 58 95 11 65 80 16 11 88 21 82 100 89 9 98 43 13 45 68 64 99 30 17 99 29 9 33 78 61 61 0 74 2 20 65 80 56
85 27 86 30 15 21 66 81 81 60 36 13 24 63 74 90 71 21 83 72 16 96 40 99 37 80 17 77 5 12 12 68 53 40 87 88 92 5 70 89 91 37 91 38 7 22 45 65 86 100 23 90 46 74 26 79 64 79 46 42 52 96 76 48 51 99 65 14 72 64 90 98 31 19 95 12 0 74 6 88 59 52 15 34 73 59 77 66 87 22 77 30 34 2 25 11 50 85 34 40 71 21 55 48 51 3 69 76 86 40 14 22 1 85 32 19 27 80 48 6 86 22 64 17 26 7 100 99 76 60 5 38 70 27 39 40 29 74 88 44 33 89 89 64 61 52 100 63 89 11 61 8 55 15 35 70 18 15 52 68 87 29 45 15 50 43 86 28 65 31 34 75 48 89 24 98 63 98 69 57 3 15 41 8 31 99 62 59 46 9 41 48 80 78 66 2 28 64 85 24
32 51 34 28 69 86 28 54 33 65 90 34 13 33 33 35 87 39 77 2 30 4 17 12 96 49 2 68 41 61 78 34 42 42 78 0 12 43 31 31 60 28 4 86 19 95 97 92 83 63 0 42 7 39 97 76 7 39 64 30 35 38 53 17 8 5 98 23 44 48 79 34 46 3 96 51 85 35 59 40 17 34 5 86 39 52 77 93 32 71 31 31 58 29 35 6 3 49 93 15 65 79 50 29 72 16 18 5 52 28 44 68 55 93 58 74 80 81 43 55 69 50 33 82 62 50 79 88 16 66 6 71 8 58 45 53 15 99 67 44 18 57 51 49 19 38 45 51 57 37 30 78 16 2 54 33 68 69 98 36 52 15 69 60 78 70 44 3 9 32 81 21 24 92 85 78 94 68 2 64 39 77 29 39 84 99 54 15 2 7 76 29 71 79 52 85 91 56 100 67
21 1 22 80 36 34 67 2 53 79 36 47 60 94 78 77 2 39 4 71 78 94 21 69 99 65 77 7 57 31 28 96 90 93 69 5 68 12 72 42 97 48 47 53 60 90 98 34 71 34 57 100 3 71 86 23 80 35 26 20 58 97 65 48 98 70 20 27 63 57 88 76 91 90 61 8 81 94 12 75 85 35 57 100 8 55 59 6 31 91 94 58 24 17 81 55 25 96 24 72 9 78 77 97 6 76 95 77 98 67 99 66 27 39 46 14 87 48 80 72 18 40 85 32 38 36 55 68 17 9 17 69 97 99 65 42 64 37 5 80 100 25 21 61 31 53 40 7 100 75 24 49 74 39 99 79 86 77 67 34 67 31 58 71 36 8 60 84 8 65 94 40 1 50 100 24 46 45 43 78 44 83 89 10 70 23 90 67 86 87 23 69 35 100 37 36 57 54 26 42
78 50 94 37 67 33 88 85 65 35 94 26 95 67 64 3 91 21 68 18 99 100 30 58 27 61 39 3 51 64 63 87 12 7 29 26 40 75 41 36 84 69 73 93 29 0 92 33 20 27 4 33 25 23 47 37 83 10 33 36 7 93 67 98 54 98 31 72 7 6 43 63 8 66 71 46 72 59 66 86 60 91 52 16 17 69 9 37 76 69 8 12 82 80 92 78 82 82 97 50 1 59 33 41 17 92 26 49 65 23 92 68 61 7 28 52 67 36 31 94 4 9 38 49 38 55 68 65 91 35 28 77 39 0 14 70 87 84 2 11 96 50 70 21 27 35 25 68 49 6 21 78 64 2 20 86 17 66 37 24 57 40 77 73 41 71 21 42 16 62 4 20 64 64 100 43 91 95 7 75 75 68 5 21 26 9 7 16 45 8 11 32 92 64 28 21 86 10 50 68
11 39 66 35 73 36 30 41 56 31 74 66 67 95 2 5 1 75 80 34 24 41 71 77 64 44 57 30 10 99 77 64 73 79 65 81 53 46 65 78 6 84 87 14 66 86 31 80 91 79 24 24 14 58 12 10 7 18 80 55 55 36 95 10 30 29 90 81 7 40 86 2 74 56 68 16 72 41 94 58 11 25 41 42 91 54 70 98 72 77 43 56 28 26 44 4 26 46 48 79 0 56 92 30 19 36 7 18 18 42 2 5 54 37 99 52 13 97 26 60 30 8 88 13 38 62 80 24 77 59 56 72 75 48 27 65 19 83 76 64 68 77 34 40 22 61 74 13 42 37 29 65 100 96 81 95 14 22 69 12 85 12 47 72 48 78 48 20 75 56 97 19 5 61 34 17 97 26 23 82 87 97 43 21 37 83 1 71 90 43 87 42 35 86 76 81 17 86 93 80
90 68 49 31 98 76 90 74 80 95 61 55 99 61 53 75 92 20 38 44 94 75 21 39 70 9 1 95 82 47 100 6 39 4 3 88 43 3 11 38 63 74 23 17 79 52 95 89 0 95 73 19 55 31 62 87 6 16 68 4 84 41 37 50 89 12 93 56 73 63 40 19 56 37 86 83 42 28 66 98 100 53 42 85 92 40 33 6 75 27 93 83 68 82 13 77 39 27 11 36 7 61 25 23 0 5 34 8 35 55 81 82 14 2 83 74 51 29 38 4 51 33 63 12 92 12 58 44 51 30 67 89 91 5 53 10 61 76 58 57 11 16 62 50 34 55 52 64 91 98 55 30 63 71 3 13 60 42 95 62 43 63 28 82 27 98 31 47 60 23 31 35 44 82 7 81 8 94 43 30 40 0 23 36 39 89 66 34 4 71 72 67 17 62 42 56 50 14 46 20
17 82 26 28 55 8 59 70 62 55 21 47 26 44 53 100 23 67 79 58 82 80 19 59 95 60 56 97 78 89 97 32 46 76 34 88 8 35 61 75 65 53 47 45 8 57 74 1 100 15 11 78 4 99 67 48 40 36 48 68 10 48 76 24 35 89 65 85 22 63 97 59 14 24 69 20 25 20 7 92 97 50 74 96 81 68 0 32 87 22 18 57 43 69 82 25 4 70 87 19 83 7 36 76 87 26 68 1 86 20 74 66 73 6 10 14 22 60 25 42 83 69 10 5 79 9 33 74 46 44 65 34 30 14 76 86 76 21 41 37 35 71 12 80 23 12 29 61 5 99 74 82 100 21 15 41 48 76 10 73 27 30 0 38 89 53 37 8 99 63 68 32 29 30 23 47 87 62 27 40 45 0 43 38 92 28 33 49 50 57 42 19 31 44 76 95 77 19 56 50
61 69 67 64 63 48 46 52 24 82 3 65 51 79 53 63 50 10 100 29 86 68 31 34 64 32 34 97 74 39 33 63 36 0 88 71 57 88 77 8 51 73 52 44 12 82 87 95 17 36 97 30 97 49 92 42 42 42 35 22 58 98 56 50 82 82 24 89 29 17 59 10 15 46 3 7 28 80 52 69 20 85 10 36 70 66 38 64 11 54 15 13 51 26 71 30 83 3 94 99 55 0 15 15 83 53 80 96 61 7 79 88 67 27 94 92 67 86 37 76 73 21 64 66 33 47 75 4 100 65 86 98 58 13 13 67 18 2 69 18 73 67 56 96 71 38 50 9 6 40 39 100 82 79 44 20 5 21 86 90 85 83 13 74 86 34 38 15 95 45 71 91 86 89 97 31 68 77 79 48 85 41 17 47 13 25 84 4 87 88 47 81 81 24 57 30 55 81 20 30
38 9 99 15 69 84 1 92 11 55 11 23 5 26 89 21 59 77 11 62 18 10 65 51 70 5 67 16 42 7 12 56 23 27 6 31 34 61 75 81 24 8 21 6 27 76 16 47 100 1 79 76 82 28 25 73 43 41 90 31 28 60 1 47 76 64 55 91 65 87 39 38 61 88 78 64 4 93 85 61 33 24 66 56 7 47 83 0 50 52 91 32 6 48 75 8 70 25 75 71 78 54 32 38 61 85 4 90 13 14 38 29 76 24 95 21 66 65 90 31 36 95 92 1 16 67 45 65 73 23 61 72 15 34 54 96 70 35 79 39 88 69 84 50 97 99 33 8 97 3 1 35 51 7 44 59 62 29 53 41 89 12 64 37 78 39 86 69 1 83 46 48 91 32 11 77 22 20 93 87 1 24 30 20 41 47 38 69 59 20 92 49 96 77 43 99 16 96 9 86
11 68 40 5 83 28 61 3 52 62 37 94 56 41 13 82 5 64 88 73 57 93 36 100 90 0 12 27 20 73 69 29 94 54 99 81 32 67 72 62 33 16 10 84 12 65 50 81 92 80 35 10 41 77 82 85 47 23 39 33 38 13 73 72 88 100 21 27 60 19 16 76 33 97 86 73 40 80 51 6 71 58 28 89 70 33 97 56 79 14 48 79 44 97 95 59 41 29 42 69 77 100 40 1 95 69 34 1 31 15 48 51 28 55 34 1 0 66 66 44 5 30 21 55 43 33 43 48 37 97 8 7 36 3 55 88 97 10 57 38 50 49 79 45 48 7 26 27 11 97 71 53 91 11 44 4 4 28 36 97 38 80 100 15 0 80 25 73 13 41 26 88 90 72 84 85 80 39 11 46 57 40 2 94 46 99 92 49 31 47 70 97 59 21 60 45 51 33 93 24
15 97 31 55 69 90 99 44 81 86 84 53 87 86 45 19 78 73 11 75 32 26 56 50 61 35 63 6 22 36 12 56 93 37 58 78 59 100 3 2 73 62 71 76 97 23 75 1 28 27 47 63 71 41 35 52 79 1 35 79 0 21 70 52 61 87 64 77 36 89 10 55 76 45 70 88 56 53 70 57 14 93 58 33 99 90 24 31 36 53 81 56 65 76 49 81 61 50 6 88 39 59 61 74 54 71 73 42 70 28 49 96 41 90 47 71 61 73 45 39 82 58 98 72 22 71 98 29 19 82 60 16 88 50 64 30 69 59 4 42 73 76 18 9 52 67 89 43 11 6 76 25 40 50 72 18 48 78 99 94 22 30 73 64 90 59 100 90 66 81 36 22 39 29 21 64 71 32 41 43 21 67 72 22 50 52 89 53 26 40 73 24 76 74 95 67 25 21 92 37
68 16 7 48 1 41 9 33 13 41 47 52 79 42 12 94 97 81 81 64 95 58 36 47 33 32 70 60 14 56 72 26 97 59 73 50 71 8 99 7 14 55 47 5 59 34 59 42 3 99 27 94 95 81 87 48 77 89 21 80 58 83 72 30 3 14 94 89 80 98 38 5 61 14 19 94 31 98 3 65 59 88 21 21 63 22 25 19 98 59 35 85 22 19 30 99 81 34 32 18 94 17 78 14 89 92 52 99 64 36 99 48 52 80 60 61 66 49 54 16 76 12 24 80 13 57 5 45 84 90 49 98 33 19 63 20 86 4 49 77 12 54 73 41 54 74 31 76 46 69 84 38 36 77 21 80 34 10 40 66 96 66 45 84 51 25 40 6 11 67 47 53 39 40 37 100 95 24 59 23 30 97 10 47 34 71 8 33 89 45 52 93 37 58 33 74 92 74 74 14
36 64 86 44 98 62 35 97 57 45 97 89 79 38 52 55 63 86 43 47 23 65 96 63 40 23 60 67 15 4 42 77 39 6 7 31 90 21 39 80 59 87 99 70 6 0 71 92 19 22 31 95 37 58 77 87 48 31 69 62 15 73 68 48 58 14 100 9 99 99 37 14 30 58 20 61 91 30 88 8 71 40 33 29 83 21 59 83 93 43 85 2 0 84 31 100 19 65 74 12 26 47 25 58 15 13 7 76 24 7 34 78 1 69 37 19 91 71 60 11 15 18 77 16 89 85 99 35 84 58 39 77 72 69 33 78 59 33 80 2 44 26 95 65 74 6 59 96 83 16 17 51 29 94 44 21 83 60 39 60 85 89 65 97 60 4 4 64 62 10 9 6 13 70 70 23 5 21 35 1 45 99 49 95 47 30 53 11 58 64 36 15 28 37 98 2 42 20 72 97
84 92 46 42 87 70 79 57 76 70 86 97 73 21 80 21 33 51 80 87 33 38 17 63 24 18 26 77 40 54 84 70 97 35 6 18 83 85 16 95 53 73 80 86 2 47 38 44 21 71 13 29 0 0 76 92 66 46 49 18 81 75 41 60 3 50 31 35 9 87 81 22 2 88 40 21 17 92 42 87 47 86 61 15 17 15 66 4 15 42 55 10 45 84 42 15 89 63 58 98 11 81 5 100 82 26 48 10 69 66 80 2 36 1 90 12 63 37 11 96 60 69 27 63 39 85 68 25 37 85 89 67 45 44 57 77 72 37 95 63 82 92 94 23 39 33 89 92 100 84 0 66 72 26 41 42 2 35 7 98 43 22 72 44 48 8 78 9 67 82 33 58 37 3 86 66 81 3 12 78 58 80 69 61 60 93 3 61 56 13 74 75 83 4 20 79 54 98 91 44
59 35 29 18 2 16 64 58 37 21 99 44 98 0 77 15 56 30 51 15 14 81 98 20 97 19 88 1 47 92 9 20 73 27 28 13 57 34 37 12 82 58 64 95 4 58 26 60 92 56 89 27 60 64 51 52 64 28 33 74 59 44 98 80 0 72 42 16 100 74 36 46 59 20 54 94 57 84 31 78 27 77 76 66 49 34 63 29 2 12 6 8 29 38 24 41 96 27 19 38 89 34 81 10 60 45 54 44 60 87 98 40 100 18 14 43 86 88 28 12 14 89 5 19 71 48 40 4 44 82 99 92 86 38 67 61 55 27 10 42 44 80 42 55 93 71 65 57 67 31 2 55 79 73 90 65 3 20 86 89 86 63 2 65 46 12 34 44 63 53 40 71 77 50 90 61 33 62 29 95 24 36 97 77 72 85 49 31 12 72 90 3 90 54 87 88 52 13 91 48
43 95 73 89 43 82 61 2 96 92 33 33 60 9 3 18 53 36 86 97 100 8 13 52 65 69 71 14 30 56 12 41 6 15 93 33 84 40 87 53 67 26 57 94 90 47 40 3 66 2 89 99 40 55 12 67 69 5 51 10 83 83 20 0 80 54 16 99 12 89 67 82 42 25 89 97 31 83 53 3 28 54 58 65 93 29 68 74 35 44 5 86 84 65 6 93 44 38 83 51 22 81 65 95 54 31 2 24 9 69 94 43 26 8 65 86 40 95 74 58 60 76 4 33 48 7 56 67 30 96 29 64 56 30 83 25 84 17 28 73 27 37 93 88 22 29 49 36 72 92 78 53 31 86 99 14 98 42 37 24 17 89 50 36 41 30 86 80 87 51 64 29 91 57 20 84 58 57 91 34 76 2 91 45 16 4 56 20 43 18 28 41 11 21 26 15 81 39 90 1
22 53 3 90 12 100 78 84 25 92 19 2 72 64 40 74 64 86 8 85 2 73 41 34 19 92 91 44 10 97 25 68 44 39 63 17 58 99 23 85 76 54 85 25 21 58 3 95 85 65 65 33 81 82 98 33 41 39 71 22 10 28 52 87 24 12 86 17 35 43 71 98 94 80 89 63 0 93 26 50 54 53 43 63 81 6 75 13 52 17 2 41 90 47 73 88 79 93 42 97 70 85 47 47 94 58 56 8 34 28 41 2 37 61 99 23 81 64 94 94 43 91 10 70 89 3 7 92 99 25 7 37 27 52 4 73 97 82 40 17 86 36 16 24 32 47 83 64 11 12 73 100 68 29 6 78 20 71 94 89 62 64 65 28 38 36 15 40 10 30 3 1 59 46 30 47 71 56 23 89 12 10 3 37 31 70 56 56 74 87 90 18 18 18 20 20 10 87 48 12
60 65 14 90 79 43 52 49 21 53 61 90 82 98 7 21 71 78 93 60 48 53 14 63 76 86 18 65 0 86 44 27 55 18 55 39 68 6 73 92 3 71 14 90 67 43 66 24 42 17 86 77 17 91 90 26 86 88 70 49 84 66 56 74 27 64 71 87 47 75 23 15 90 72 31 91 35 90 47 45 86 22 41 94 29 95 74 85 79 68 23 56 69 13 66 42 9 96 46 28 98 47 35 65 92 61 74 21 82 2 82 46 45 38 51 88 45 30 99 6 9 3 62 22 55 88 51 38 66 87 87 29 53 91 72 36 41 16 53 100 76 0 39 5 20 78 65 7 20 19 42 100 4 100 58 78 15 22 57 46 32 72 18 19 89 7 77 25 0 22 96 37 31 13 53 25 1 63 47 25 4 86 19 74 9 37 52 78 54 67 96 47 10 5 29 50 66 37 79 56
77 70 80 2 21 19 24 54 34 10 18 12 71 47 24 1 20 84 88 70 74 22 64 40 21 32 10 96 28 56 99 4 93 59 67 34 25 1 30 43 47 84 72 50 19 5 64 33 44 29 67 21 41 21 70 33 22 60 99 84 81 23 94 89 10 2 89 97 6 47 1 55 10 41 98 21 80 100 84 75 82 20 79 26 98 21 32 88 84 98 18 35 62 56 99 68 2 60 7 30 15 63 32 6 4 100 9 14 100 12 58 7 98 13 39 13 4 12 99 10 94 53 85 21 16 33 73 51 7 33 89 0 50 0 97 37 56 32 37 20 61 14 82 53 80 45 3 2 15 92 93 30 10 70 70 38 60 60 20 99 42 25 54 16 25 44 30 53 70 57 35 81 23 30 74 100 39 11 0 95 43 76 94 47 2 65 4 3 21 65 84 17 25 72 34 54 14 81 95 66
51 29 73 57 93 46 66 70 88 80 66 50 68 84 41 30 0 99 47 1 76 49 0 60 98 5 64 100 84 49 67 5 75 2 76 65 65 13 52 19 37 18 78 32 61 55 85 34 21 29 17 4 7 50 24 35 96 2 71 77 8 23 90 41 16 25 61 28 51 21 94 72 26 36 85 56 31 28 21 20 16 6 35 41 41 88 50 83 37 30 71 34 16 15 37 37 88 55 4 76 63 77 11 47 20 53 3 20 100 77 30 36 6 23 57 40 72 34 69 55 75 31 47 17 81 29 13 82 71 80 90 68 24 77 22 68 74 19 25 31 60 49 52 82 5 55 63 47 78 10 19 61 64 12 45 21 80 62 17 24 89 21 89 46 54 74 0 74 61 44 97 62 7 68 13 44 63 11 61 98 44 77 97 5 59 2 15 99 37 30 31 40 28 69 0 100 64 70 80 11
99 32 6 81 28 60 85 93 57 77 69 9 94 1 45 24 68 33 27 49 22 74 58 60 15 65 8 80 98 50 53 24 41 30 57 91 13 12 76 50 78 71 22 80 24 90 54 89 73 87 40 47 85 85 91 3 43 54 80 16 0 91 2 94 98 54 61 53 48 64 15 97 22 40 21 24 91 24 49 20 97 8 100 93 42 82 11 76 81 83 100 18 31 94 33 78 3 60 54 99 76 80 57 50 65 71 74 14 94 22 35 96 74 66 66 42 92 90 3 5 80 95 29 48 88 76 97 47 73 40 80 64 34 79 40 94 64 85 64 52 24 27 79 51 37 97 8 30 83 98 99 88 84 23 66 2 44 52 81 9 13 66 51 78 48 96 49 53 46 70 40 8 71 39 4 73 74 77 0 39 75 11 50 80 69 74 92 10 83 83 63 13 10 29 44 18 30 28 78 81
42 31 7 18 50 72 42 33 94 13 55 1 43 63 22 21 14 64 0 100 33 18 54 8 41 50 21 26 29 0 28 23 27 96 99 40 34 11 27 55 92 78 43 47 82 7 100 71 62 74 74 73 13 54 99 88 19 85 54 6 68 71 51 52 77 36 79 11 0 22 66 97 38 78 99 75 66 75 98 10 15 83 11 31 29 55 80 25 90 43 10 29 41 69 3 26 78 69 34 56 29 99 38 83 29 9 59 67 29 82 46 5 30 35 71 3 67 3 34 57 60 66 49 23 97 55 65 63 44 84 60 47 24 64 68 47 30 48 4 31 14 54 81 18 22 85 65 99 42 93 78 32 12 53 100 26 33 74 24 77 49 11 69 14 97 62 36 52 30 56 54 41 1 73 33 35 44 89 90 40 21 59 51 25 82 75 29 39 44 8 68 74 79 35 87 53 83 76 76 38
56 33 80 57 62 2 7 50 92 11 83 43 3 62 35 3 9 55 69 32 60 35 56 10 33 61 93 9 56 53 54 95 0 39 6 79 57 98 81 69 27 59 83 4 67 48 84 93 88 10 31 15 12 49 56 51 44 88 82 31 49 17 25 97 77 2 4 47 65 61 50 17 91 87 59 52 3 9 2 34 61 20 70 46 29 24 13 35 84 90 18 41 68 10 17 7 10 71 34 10 77 61 60 68 43 24 81 32 90 26 10 25 72 10 73 86 72 62 36 55 4 8 50 91 22 72 10 10 44 56 51 13 46 46 89 80 1 34 43 19 27 89 80 81 52 66 42 31 12 60 11 27 22 23 90 30 31 31 98 39 73 95 56 82 92 66 0 77 26 52 53 85 25 26 43 64 10 24 55 85 79 90 95 97 76 11 8 6 38 61 51 78 56 82 91 67 83 55 29 40
96 98 54 21 27 4 97 46 28 50 89 31 72 70 48 51 2 86 60 80 54 36 64 68 29 26 8 49 23 53 2 90 39 45 89 4 23 38 66 37 85 87 93 91 74 10 83 8 95 77 81 99 32 26 81 81 100 47 65 19 31 21 24 61 2 76 71 41 30 74 94 9 40 34 25 100 72 7 46 53 45 62 52 29 86 100 13 80 44 9 89 29 63 91 61 53 99 81 78 29 89 58 15 89 69 47 25 2 24 61 70 86 0 67 47 94 43 97 93 99 24 3 51 82 85 41 25 38 94 10 28 40 4 94 20 3 27 63 25 99 88 75 74 17 69 66 10 75 8 11 10 80 33 48 53 4 68 50 56 7 51 40 37 61 6 6 67 10 40 35 62 52 37 97 24 23 8 18 93 46 68 36 36 79 99 17 63 13 47 56 40 85 29 99 95 4 86 96 28 66
32 48 60 66 40 47 74 5 29 42 98 91 82 61 60 64 38 52 27 15 25 4 35 97 28 90 63 42 20 17 59 83 37 36 4 28 92 22 36 71 3 5 83 98 43 74 10 2 52 28 54 84 16 92 28 90 11 31 82 85 60 100 55 90 47 12 91 31 35 85 11 57 99 60 76 68 98 93 33 57 6 0 23 59 97 19 70 69 12 14 90 87 59 52 87 4 30 3 90 90 62 75 29 81 35 21 30 28 67 34 67 91 68 17 49 49 3 93 77 6 33 39 52 93 37 19 84 25 66 78 47 15 52 52 3 48 16 88 63 41 1 90 82 38 18 76 97 23 66 30 9 56 12 56 95 12 70 81 58 56 84 9 46 61 23 31 84 11 34 19 32 76 80 49 94 30 78 5 68 0 42 89 93 72 53 88 53 67 47 66 96 66 20 93 65 98 58 50 82 59
64 62 42 25 17 86 75 30 98 96 66 70 58 82 74 43 70 90 13 60 79 13 51 69 15 98 12 31 57 83 63 84 26 49 59 84 54 12 27 81 16 12 47 92 71 42 17 11 36 77 35 88 83 0 44 66 73 53 52 6 76 10 15 62 43 44 72 55 37 74 75 30 89 27 79 30 30 38 75 64 85 49 64 73 81 73 8 86 33 67 91 1 69 73 65 50 34 9 23 50 79 30 34 57 33 19 41 18 22 88 61 48 79 74 21 78 69 55 84 39 11 25 29 65 87 34 67 99 25 98 70 89 18 39 81 81 8 8 71 83 96 44 94 86 53 52 47 82 19 85 7 20 9 59 86 20 6 16 79 60 82 35 80 8 100 39 87 57 60 60 62 72 19 50 23 42 100 97 58 27 13 45 52 58 5 10 29 38 97 8 19 60 56 94 11 11 45 58 14 86
10 59 93 11 71 71 51 66 68 55 84 87 30 91 41 21 16 40 25 64 70 35 18 72 35 94 81 15 22 55 13 72 82 0 62 69 43 55 86 51 87 51 91 52 42 50 50 57 70 17 5 99 30 3 81 12 9 10 23 11 91 39 89 3 68 42 1 12 1 78 6 83 79 50 83 26 43 44 8 74 65 85 60 2 55 99 31 64 10 79 78 56 38 93 20 33 53 23 66 29 4 64 30 51 90 48 79 12 91 80 46 8 71 87 28 7 99 9 2 20 24 59 50 44 96 32 39 74 51 12 79 45 100 32 50 99 0 97 82 6 79 52 21 69 9 62 89 31 19 92 25 89 88 3 91 9 21 95 33 14 59 18 64 82 77 45 18 67 56 20 91 38 90 89 35 56 19 44 30 30 76 39 78 64 92 91 97 8 65 41 97 45 4 21 81 20 55 25 87 22
14 40 88 84 87 71 28 66 1 87 37 44 78 12 28 66 54 14 34 1 80 96 90 98 30 15 95 20 51 3 17 20 51 63 41 79 62 29 86 40 100 87 65 86 82 8 21 55 42 100 36 74 5 98 32 15 64 48 14 84 46 27 67 62 14 31 94 20 77 30 76 36 70 33 93 38 64 32 46 91 61 94 75 39 70 20 5 50 79 9 3 52 81 22 48 12 89 26 22 12 83 24 91 18 99 55 63 73 4 0 92 7 93 71 39 60 13 72 78 33 75 35 43 97 97 51 55 97 31 19 96 57 69 65 98 66 40 6 2 12 10 72 1 68 93 44 84 96 23 59 2 80 34 43 65 90 87 37 99 29 79 53 86 5 4 42 83 14 70 55 2 70 37 65 95 98 12 100 42 24 85 59 62 53 80 85 9 30 78 17 55 49 95 100 57 69 45 55 10 58
1 87 52 39 13 83 23 65 3 46 65 99 95 0 89 21 48 62 51 89 22 76 43 39 84 31 26 58 41 28 15 37 67 36 87 33 28 56 98 46 24 8 66 69 63 64 26 85 23 63 50 97 66 61 63 91 76 63 62 20 57 10 95 98 85 89 37 36 21 47 96 19 87 24 68 42 59 44 49 73 34 90 54 83 64 74 37 50 52 18 49 100 88 82 7 75 68 53 14 43 100 15 85 41 27 36 59 9 68 91 58 65 36 96 5 28 71 65 25 54 52 87 44 29 2 77 63 4 69 13 45 21 23 89 82 16 95 18 63 100 23 16 34 6 28 28 27 70 2 82 23 40 27 78 37 74 90 34 98 95 38 26 21 5 38 65 93 30 63 32 6 60 78 3 65 73 38 82 76 39 21 54 45 73 28 66 68 61 46 74 68 30 47 39 72 10 95 65 51 74
88 48 56 65 49 69 74 55 56 84 85 80 56 64 43 100 15 46 46 49 82 77 53 24 84 79 76 23 40 20 54 77 17 1 0 43 19 45 78 72 30 78 94 31 4 9 62 8 24 6 28 80 23 92 64 22 34 51 19 66 23 57 49 5 43 39 65 68 70 79 4 8 18 28 20 2 51 23 17 77 79 97 10 65 64 20 32 91 57 13 70 23 76 48 4 42 81 32 67 69 47 50 54 93 0 65 10 29 4 21 74 26 41 14 100 99 50 26 6 72 56 9 60 72 100 38 37 40 81 86 71 36 13 22 4 67 99 85 0 22 42 33 3 77 34 0 40 52 95 78 29 80 0 94 30 34 91 63 59 92 47 54 86 45 63 21 41 58 32 33 57 52 44 78 87 71 75 80 95 56 95 96 28 95 96 68 41 72 3 97 97 45 24 63 20 89 70 97 9 61
17 22 57 82 84 52 76 16 37 32 60 39 96 80 85 8 58 26 92 18 49 34 34 3 57 13 26 83 62 48 59 39 70 28 48 37 28 43 55 55 76 87 4 40 6 30 28 53 33 73 1 72 45 40 25 67 34 91 89 14 22 97 18 43 82 75 35 79 38 63 4 49 53 78 44 88 69 10 9 73 79 50 46 83 91 98 7 34 70 46 12 5 4 6 75 83 5 72 80 16 50 13 32 12 65 35 16 93 53 87 14 4 75 99 35 23 99 41 44 6 91 9 24 13 96 18 93 27 83 13 45 68 7 23 0 11 76 15 61 24 94 72 30 14 49 92 2 76 72 44 14 48 56 32 55 72 81 0 31 44 10 70 22 94 96 47 70 84 30 30 33 55 2 67 66 69 53 56 26 51 72 39 92 48 97 93 4 35 19 70 31 16 55 17 32 37 25 43 55 81
56 94 21 87 62 49 54 70 33 13 54 79 67 80 19 35 98 5 44 26 74 42 69 86 36 49 47 31 48 62 52 20 74 31 93 10 79 3 25 26 36 41 72 14 90 47 11 21 89 73 78 1 0 89 89 97 43 92 80 35 78 73 39 50 54 45 21 58 99 69 31 78 41 44 3 10 6 84 40 79 42 12 57 86 54 0 29 86 59 95 78 47 29 85 58 69 48 75 79 60 91 30 97 95 12 21 45 81 75 100 57 29 12 5 76 45 19 13 18 72 77 24 90 66 46 33 97 45 42 82 25 84 43 77 89 74 12 69 2 22 35 96 88 75 34 28 27 6 6 33 23 17 75 92 58 51 65 21 73 16 89 58 28 85 82 65 14 13 21 15 9 34 32 61 10 14 11 72 83 18 80 47 86 19 65 43 45 90 7 55 38 5 24 10 54 39 89 58 99 37
14 9 35 98 62 12 78 63 49 99 69 50 73 45 35 46 37 97 31 4 54 29 76 19 67 38 50 33 93 40 98 18 93 47 81 22 50 88 58 35 92 22 31 49 57 34 65 7 60 24 90 71 52 10 39 62 42 13 44 61 98 47 67 2 25 21 35 92 1 7 16 34 66 9 65 63 41 25 10 31 37 70 70 72 34 71 84 88 93 23 6 90 95 87 3 47 74 67 56 45 19 26 100 93 24 7 8 8 78 85 18 53 85 56 15 89 70 38 67 37 86 56 61 80 0 2 74 4 58 66 74 74 55 2 85 88 90 30 60 1 11 51 64 21 46 21 56 88 16 0 58 45 57 21 12 80 74 22 66 19 78 93 86 42 64 5 72 68 59 33 96 98 92 61 28 24 60 90 24 22 94 73 66 73 41 87 90 51 62 49 56 91 59 11 85 72 5 36 12 43
7 34 15 43 81 85 100 20 60 69 93 43 7 85 7 13 19 87 53 12 10 29 44 30 100 75 59 56 94 11 26 55 49 28 63 5 12 48 26 67 43 33 24 84 54 3 82 64 33 30 48 79 96 96 97 22 10 34 0 76 38 45 28 94 79 78 16 2 83 68 57 28 15 22 16 68 50 35 13 49 66 42 68 7 23 10 81 19 82 82 84 98 33 40 59 28 94 32 29 75 73 23 56 40 81 70 81 8 20 83 97 68 13 84 74 60 43 7 47 92 22 15 6 98 51 76 63 36 74 42 56 27 2 59 96 90 11 4 12 57 79 94 79 36 69 96 62 55 27 56 44 72 8 31 94 8 75 98 90 60 78 31 53 28 22 75 53 56 87 82 45 16 84 35 62 96 1 57 17 38 94 85 86 64 82 21 2 73 73 78 50 44 24 48 74 56 50 9 3 65
25 25 98 42 11 11 51 32 30 78 58 58 93 37 81 42 49 36 44 26 84 76 38 66 27 10 59 19 17 43 87 31 8 83 17 33 27 57 35 17 87 75 88 38 14 10 96 58 98 36 8 2 34 76 88 42 60 87 17 52 96 17 21 36 40 96 45 96 85 79 58 20 89 14 96 60 18 36 12 50 73 48 17 44 3 91 40 87 49 58 21 83 13 33 3 79 70 24 56 91 13 94 72 16 20 10 81 66 14 12 78 67 22 3 4 90 94 53 27 24 86 23 71 76 49 47 68 97 7 95 4 17 8 45 92 83 92 10 44 94 52 55 41 11 39 67 53 30 75 55 23 41 83 25 48 34 0 59 50 38 89 56 35 28 72 2 78 81 11 43 1 11 17 13 66 81 49 68 4 56 81 5 20 38 16 96 0 74 55 65 7 39 45 23 89 84 100 39 11 13
17 20 10 16 95 81 5 5 85 63 15 85 39 18 32 52 83 73 13 87 42 10 72 40 73 91 5 68 83 94 64 26 11 36 82 15 59 32 36 34 51 62 71 75 3 94 6 11 98 91 84 54 48 41 100 90 40 20 4 49 65 82 9 34 51 3 8 93 96 45 34 15 25 97 13 87 37 15 70 52 33 38 60 78 95 97 9 36 62 95 58 72 0 69 84 74 91 65 3 87 77 9 19 20 82 97 30 34 76 67 61 68 29 24 83 69 32 3 1 9 37 29 45 16 65 47 50 95 18 36 63 30 40 99 46 27 78 12 38 100 52 78 25 96 50 62 0 46 96 64 46 69 38 49 99 72 11 91 41 64 62 0 79 42 12 37 77 37 76 91 56 88 7 84 7 94 11 9 44 33 68 18 33 94 76 68 28 37 82 95 68 87 77 82 93 86 22 96 41 15
12 43 63 88 63 86 44 95 58 52 87 19 47 32 71 65 86 82 39 98 12 95 48 100 79 30 57 78 9 37 30 41 77 80 82 98 30 40 14 59 9 63 50 57 35 86 81 17 5 97 26 77 31 31 16 71 87 53 14 35 26 88 70 83 18 43 85 12 59 70 12 22 94 92 64 10 41 30 91 75 78 90 88 45 58 34 48 0 89 43 3 5 95 80 14 64 77 67 22 90 29 70 94 36 20 87 61 34 45 82 17 100 99 1 34 7 9 34 50 56 81 92 19 56 53 31 8 73 84 18 66 16 30 54 1 25 72 55 99 62 31 76 38 24 44 25 45 14 54 63 63 74 77 13 86 16 69 76 20 73 19 58 19 10 97 82 29 41 86 44 1 71 13 72 64 66 69 3 52 27 35 6 75 57 46 88 10 52 84 25 60 23 48 24 18 32 58 55 81 99
42 3 50 48 19 10 3 22 92 81 98 74 82 50 6 6 2 29 3 60 40 19 43 60 96 24 55 30 32 3 61 67 45 43 3 96 63 54 21 26 12 90 18 10 3 17 89 62 41 6 82 100 40 70 94 81 69 36 4 66 82 45 64 68 26 22 23 41 75 80 87 15 6 35 85 30 35 80 16 96 31 92 25 13 98 46 41 38 30 83 32 75 10 13 93 53 85 74 51 87 53 29 61 74 1 94 81 73 52 18 63 31 85 38 79 45 53 11 57 65 16 26 96 90 75 95 24 37 19 19 90 80 19 60 11 7 93 78 38 90 87 66 22 6 60 71 66 92 78 32 57 33 44 38 25 85 15 90 53 95 22 86 90 89 12 30 74 51 68 29 34 21 79 90 19 44 79 67 92 3 42 34 0 56 34 60 55 93 89 49 14 33 34 66 62 49 60 76 46 39
85 77 39 86 90 96 85 73 73 92 61 59 74 24 99 8 40 7 62 58 41 19 88 76 0 91 30 92 73 51 64 89 74 27 93 75 13 50 59 98 63 87 40 68 19 26 57 51 99 45 20 11 14 41 37 42 48 76 12 81 38 88 15 10 93 35 21 36 46 0 28 37 6 18 91 92 19 78 40 15 100 14 13 15 66 77 2 18 24 8 64 58 72 81 6 37 65 22 93 2 58 1 79 4 49 19 61 19 54 78 16 53 38 12 60 28 69 4 37 38 69 76 72 18 38 92 92 4 97 60 18 63 68 66 56 95 80 11 96 81 19 18 33 43 74 61 9 7 73 22 56 25 21 86 81 19 8 55 11 71 52 71 93 79 5 77 53 96 29 63 42 58 21 53 49 70 8 16 45 24 81 81 42 99 44 56 82 65 14 40 88 14 75 26 0 37 94 17 74 6
52 83 69 80 74 19 53 75 6 93 21 53 71 47 66 43 97 51 29 21 79 30 36 29 47 91 3 77 10 33 73 97 97 83 20 44 60 19 53 26 49 28 45 49 7 38 72 75 23 57 55 70 56 18 81 68 18 30 78 25 43 41 90 18 25 36 89 24 67 58 52 23 18 66 22 51 91 41 63 57 74 56 54 32 44 96 73 93 72 33 49 54 51 6 44 96 59 37 44 51 31 53 85 75 20 57 8 60 18 45 3 56 20 8 21 35 35 42 23 24 88 17 29 83 4 31 64 73 8 69 45 18 0 23 34 69 50 94 79 5 38 73 28 20 40 96 12 35 78 6 56 36 74 51 53 34 44 34 68 73 83 93 78 15 89 58 28 5 55 1 15 46 95 73 48 77 2 1 66 97 1 32 4 26 24 38 51 1 6 32 6 3 15 73 55 3 3 16 7 35
95 80 41 84 91 75 93 19 70 47 13 89 96 90 66 39 99 51 12 25 24 53 25 97 48 99 23 70 91 97 26 48 34 4 67 18 2 43 45 88 60 37 58 27 88 78 13 0 24 50 97 1 99 12 55 66 43 2 95 69 12 97 30 2 73 56 36 27 72 92 18 5 17 97 52 56 73 83 71 26 40 65 42 12 84 28 38 53 45 21 64 66 60 61 70 31 44 96 14 3 1 21 15 87 40 60 44 25 56 14 45 98 4 32 71 66 54 59 71 40 80 17 10 55 63 52 79 79 81 76 39 99 57 74 70 14 54 74 10 35 84 65 75 8 48 7 18 46 68 80 48 73 83 79 86 80 9 45 28 10 46 95 95 16 87 78 2 73 28 90 47 63 56 90 43 38 62 0 76 82 23 9 97 87 9 26 47 30 31 1 94 0 50 42 50 37 76 52 48 25
52 89 86 52 97 5 20 92 67 65 37 17 57 61 72 0 22 53 88 29 49 79 9 29 80 31 25 7 45 21 29 25 17 8 8 43 79 57 90 22 84 25 71 60 50 71 38 74 96 2 100 11 30 44 11 80 80 83 94 16 92 74 45 48 58 64 90 90 7 90 50 93 32 11 44 66 81 70 62 11 70 2 87 3 78 64 33 38 45 74 56 71 5 67 3 57 44 24 13 31 15 89 27 6 74 3 20 51 90 34 28 73 91 46 38 12 0 54 16 13 94 9 2 16 87 72 5 86 52 92 76 35 88 12 10 17 53 63 79 51 57 14 81 19 78 74 65 44 98 70 99 62 15 4 58 62 39 91 0 2 82 17 26 51 52 71 84 9 71 64 77 60 56 17 57 72 54 23 12 72 48 10 36 90 33 78 65 9 60 40 3 39 99 57 27 26 35 59 3 20
53 65 36 43 91 70 36 81 61 56 4 55 44 65 23 38 69 24 16 76 29 91 43 65 82 41 84 59 28 81 30 13 69 99 28 65 37 41 28 68 37 28 19 67 84 20 28 19 98 94 14 27 61 27 16 11 53 76 36 27 11 6 79 43 94 10 94 84 25 11 56 46 28 74 96 100 14 53 68 94 91 15 5 90 67 38 39 6 46 70 66 91 95 55 53 79 80 97 54 48 33 43 74 85 48 18 12 17 89 88 88 15 71 57 10 67 35 90 88 11 71 8 96 40 33 79 69 52 15 19 3 19 35 36 92 70 18 58 50 72 59 83 24 30 46 83 50 16 25 37 60 15 40 99 53 36 33 88 36 42 31 68 31 56 64 37 34 66 30 33 39 29 90 50 51 73 6 71 90 47 98 73 84 29 94 11 80 43 69 56 60 95 16 25 98 91 13 84 46 37
84 27 61 10 98 38 25 63 48 9 51 36 13 40 76 77 14 67 77 76 42 4 81 95 60 29 71 45 34 98 27 58 56 66 4 66 35 68 20 17 0 85 19 44 63 84 26 60 93 83 34 27 38 7 36 50 85 94 53 83 24 97 67 57 4 46 58 41 48 97 37 65 90 20 100 12 62 17 12 63 94 52 9 40 8 74 40 87 27 60 47 22 59 30 76 0 46 91 32 71 95 40 0 84 96 8 90 31 21 36 11 13 6 33 35 21 64 96 16 28 3 17 98 93 63 42 65 23 89 65 84 80 76 37 66 20 15 82 2 7 94 48 26 12 76 22 8 31 63 18 67 12 84 95 45 95 4 38 66 75 25 85 48 99 75 94 9 38 92 82 68 51 34 36 46 52 11 81 47 89 17 85 47 59 27 5 51 19 70 95 21 24 16 54 5 77 68 20 54 45
17 98 55 30 44 96 68 83 89 82 6 20 72 21 33 4 38 89 95 40 90 52 14 46 43 18 94 57 55 60 55 26 54 48 59 92 42 23 13 50 57 28 6 75 71 16 49 12 45 20 17 68 23 50 88 35 57 84 56 46 89 69 78 62 42 27 4 79 41 36 37 91 92 62 54 41 48 32 98 72 75 47 15 12 69 100 24 18 54 69 28 56 62 49 86 96 28 40 4 92 30 76 56 29 3 64 30 100 68 80 25 18 19 20 30 65 62 97 10 14 79 58 38 20 88 27 86 68 82 34 44 8 44 93 34 76 86 66 76 94 60 83 75 61 82 41 13 0 16 62 90 15 86 93 99 45 59 73 92 73 26 86 82 47 17 30 35 63 89 69 68 23 34 35 58 49 44 90 35 0 87 64 4 12 49 47 4 73 99 36 96 44 36 52 60 3 97 7 56 47
54 32 94 95 24 4 100 59 18 89 10 79 21 15 54 48 5 63 84 55 80 5 31 3 22 52 82 65 34 40 7 31 47 42 24 2 88 39 55 30 80 53 97 93 75 1 99 78 31 4 26 50 35 58 64 38 25 17 72 47 23 79 33 65 56 88 7 45 16 85 95 30 44 37 8 81 38 47 62 23 70 51 5 14 93 72 39 39 93 42 26 24 20 44 52 30 27 93 55 86 80 65 76 86 13 14 39 88 92 50 74 83 5 9 3 2 57 22 25 54 77 58 40 93 71 99 39 13 2 15 43 100 17 74 63 30 10 36 43 50 85 15 6 18 43 84 1 50 23 8 46 15 80 73 38 52 30 39 27 75 84 2 39 64 31 30 3 24 73 24 50 36 64 60 42 82 4 78 34 44 25 63 39 93 11 68 95 87 62 24 80 5 39 7 80 46 54 43 84 49
33 73 74 81 21 37 59 39 34 99 50 82 16 4 33 40 39 100 51 80 27 27 65 77 8 64 29 84 21 43 24 52 93 19 98 78 27 36 76 86 48 100 11 21 64 85 83 76 45 66 80 28 81 25 96 49 13 2 37 8 67 60 24 91 15 48 4 17 67 36 98 48 44 44 39 2 69 55 42 73 2 0 14 31 5 65 2 62 47 32 90 43 40 29 94 18 7 4 65 73 97 34 5 42 70 26 10 31 90 18 64 83 6 55 100 2 35 18 36 79 98 84 22 39 50 48 26 28 85 70 27 77 7 45 35 19 23 44 89 11 25 21 40 2 25 96 84 87 57 100 7 73 93 87 44 86 99 35 71 34 62 41 97 53 72 85 26 7 82 100 24 87 24 54 41 74 68 18 91 95 48 63 35 47 44 99 75 6 30 18 64 50 27 21 68 11 84 65 16 81
92 10 51 73 98 40 43 84 22 63 33 40 49 87 72 50 19 10 95 68 58 71 30 71 12 24 15 69 49 80 39 68 100 74 39 6 15 71 35 95 83 52 11 52 51 60 95 23 90 98 78 25 85 11 64 74 43 20 37 6 64 34 80 75 89 64 50 65 73 6 3 96 33 17 86 37 83 54 69 10 37 87 70 58 54 29 50 96 10 63 82 8 26 40 25 48 56 85 0 46 38 16 0 19 42 28 99 23 85 79 92 36 23 23 2 98 59 93 33 95 59 96 66 66 6 41 75 99 50 97 63 54 67 49 73 63 60 6 23 9 30 72 97 59 87 55 44 10 20 24 79 47 11 0 40 79 90 41 27 35 23 77 3 28 1 15 0 34 17 76 60 53 13 33 39 98 10 0 32 68 57 5 62 2 6 12 93 28 85 42 35 12 17 84 11 51 59 42 85 4
76 5 40 77 29 46 70 64 25 38 98 95 4 76 88 92 100 87 19 66 6 99 36 49 67 83 95 76 8 74 77 35 59 47 32 48 41 51 94 18 12 40 47 24 38 16 27 28 86 14 24 75 2 75 81 7 89 26 57 100 5 80 21 55 13 16 36 3 75 42 37 54 49 30 35 78 16 98 97 49 57 26 66 27 4 39 77 9 99 95 15 56 47 16 83 71 33 9 44 83 70 54 81 90 52 87 91 81 58 66 23 71 63 78 97 57 42 3 16 43 34 81 29 74 41 25 97 0 46 45 70 62 51 52 30 82 80 17 38 1 72 17 21 100 77 81 73 46 22 46 29 27 57 82 59 74 65 31 76 40 46 81 42 97 80 56 28 42 22 17 0 39 61 16 27 25 33 38 9 53 33 83 1 4 94 57 60 57 20 14 49 85 43 60 13 61 48 83 99 100
81 93 17 8 93 95 99 91 73 41 31 58 34 11 82 43 68 22 78 100 14 6 68 64 34 22 0 33 15 88 55 98 54 9 39 70 5 30 57 23 4 27 90 75 66 45 19 10 37 4 49 52 61 98 83 40 27 49 21 86 31 41 94 16 72 84 35 86 87 88 22 61 29 62 48 18 10 52 48 87 66 6 84 33 20 93 58 50 17 75 49 8 89 26 78 13 68 45 72 52 34 9 35 84 67 1 86 76 75 41 91 44 93 44 30 89 70 71 62 98 81 46 52 76 51 56 68 47 13 44 29 25 2 68 45 95 47 12 18 98 88 85 14 63 37 3 20 68 13 82 77 45 87 72 74 91 73 11 97 79 45 22 27 6 4 15 56 4 39 40 54 6 8 39 30 95 41 38 44 82 60 96 22 98 63 82 12 25 89 43 89 9 90 4 3 85 20 18 74 66
67 27 14 31 31 87 34 6 18 78 44 35 79 70 36 98 100 44 85 29 49 49 9 31 82 57 9 11 61 35 52 9 34 4 71 76 74 2 76 10 91 45 93 64 72 47 60 77 18 15 84 64 47 60 69 25 20 91 53 22 81 84 98 32 100 13 2 51 88 74 49 14 72 57 25 57 94 36 54 79 29 75 60 34 35 14 26 30 10 6 57 58 82 77 33 28 81 95 18 41 78 22 87 44 23 3 26 43 26 37 62 20 31 98 22 11 12 13 32 30 80 5 71 70 1 59 75 54 64 44 38 19 55 100 5 48 77 84 59 89 21 33 86 81 75 86 71 1 37 55 11 82 51 3 74 62 23 37 14 62 61 100 2 44 84 13 58 39 38 30 97 9 76 61 100 22 7 82 90 43 10 77 19 53 33 89 91 57 13 45 83 92 89 39 67 36 35 61 71 53
6 63 93 56 17 81 90 77 91 45 36 71 66 50 10 92 90 79 91 56 74 68 96 10 32 60 46 16 70 4 42 25 64 46 43 88 72 42 82 66 43 97 23 45 70 96 83 94 10 62 72 100 73 14 52 75 10 34 72 97 67 50 56 91 16 23 37 54 84 49 31 66 12 0 6 2 60 58 18 59 24 62 15 90 93 86 17 94 17 65 93 42 64 21 10 76 7 14 94 77 13 55 43 47 50 4 23 34 29 59 10 92 30 27 17 91 78 65 49 76 34 82 81 69 89 96 59 46 18 63 40 12 3 55 68 47 31 1 40 44 80 70 6 97 82 12 57 10 82 86 81 11 17 75 18 60 38 72 53 23 78 45 99 7 96 81 32 10 70 19 8 72 5 61 15 7 28 22 24 75 29 0 85 59 17 84 57 53 33 11 75 20 65 96 44 46 69 2 69 44
15 82 20 74 66 67 39 84 90 22 31 26 58 84 34 98 81 56 71 90 29 31 6 69 71 49 81 98 58 88 0 19 17 70 87 81 17 49 27 66 97 29 53 42 65 20 48 85 93 95 19 73 52 66 87 93 60 23 52 64 94 13 43 60 75 94 39 62 10 36 62 74 29 91 32 41 34 56 45 28 24 39 44 9 52 46 80 32 6 51 92 29 78 73 64 86 94 34 70 99 76 10 81 86 48 90 65 54 29 93 46 98 54 77 40 92 40 66 20 34 31 30 63 28 69 100 45 31 72 80 64 85 23 53 34 94 16 3 80 82 66 32 83 1 64 58 78 42 14 50 89 39 39 8 51 1 48 14 59 44 0 12 88 18 84 17 45 17 81 26 24 61 30 9 93 19 87 38 10 61 1 41 1 93 6 48 2 54 84 40 29 49 86 14 70 98 60 10 63 39
77 94 61 49 16 96 75 80 8 65 21 14 24 53 71 1 84 82 70 82 44 43 98 52 72 54 18 33 70 37 79 71 32 36 51 75 37 45 25 13 65 70 93 77 41 15 62 66 84 83 34 64 35 35 30 20 85 4 99 75 59 98 19 39 36 25 30 70 87 27 19 92 92 47 10 97 67 21 11 76 43 21 30 59 46 4 9 66 84 68 10 97 24 19 69 9 42 84 65 28 58 37 83 89 36 59 60 27 33 38 90 36 18 53 6 97 44 74 25 19 27 95 72 2 86 20 92 43 35 98 52 31 63 54 34 53 64 82 53 47 30 22 63 48 96 29 8 50 8 88 5 48 58 26 24 54 35 93 1 8 16 77 39 0 48 53 20 88 30 8 97 22 64 18 22 16 75 51 93 92 12 87 3 64 78 77 48 81 83 44 83 47 40 66 55 36 44 45 55 2
74 20 23 91 93 80 2 47 100 62 62 84 59 13 45 68 1 38 50 14 49 24 78 60 60 12 65 65 52 89 91 31 18 40 82 45 20 27 18 15 21 70 16 8 75 61 43 86 50 49 24 12 73 95 87 46 43 86 55 43 20 93 17 52 45 39 7 4 1 16 90 70 69 67 26 21 27 79 36 71 66 77 27 80 38 51 51 0 72 29 9 43 70 35 88 8 88 74 12 89 83 65 98 66 44 76 26 72 55 78 58 78 54 92 84 4 58 58 92 74 18 35 24 13 19 90 59 68 93 39 30 48 25 45 78 30 32 82 42 48 36 80 46 32 0 39 37 20 68 69 83 3 100 39 61 7 88 96 39 94 56 99 77 53 72 80 48 19 71 6 34 32 12 30 50 25 57 25 27 37 64 29 35 8 26 70 36 5 3 99 63 23 58 95 56 90 64 75 90 44
54 12 68 54 16 39 4 89 37 72 87 32 32 46 43 8 71 84 65 64 34 40 62 72 29 43 66 45 95 59 37 28 15 50 24 98 83 12 64 10 94 47 83 14 1 75 63 79 22 73 62 0 50 37 84 84 2 70 57 81 7 23 56 71 78 12 44 2 41 71 97 51 12 76 60 94 17 81 39 28 20 34 4 40 6 14 16 68 29 1 74 30 98 48 73 66 53 69 54 24 30 40 73 59 36 35 67 76 19 99 58 55 74 71 49 31 79 75 64 27 95 9 92 57 87 61 61 83 12 33 19 100 59 10 72 91 11 76 49 31 64 96 46 10 85 90 19 66 90 2 43 43 68 80 39 37 8 72 7 88 86 28 37 73 45 23 35 55 29 72 78 92 61 41 84 23 74 21 45 42 29 95 44 30 91 79 83 17 62 54 16 31 68 75 14 100 30 98 82 12
34 15 80 59 80 34 38 83 29 69 3 34 40 76 22 80 65 94 50 26 71 46 96 54 66 82 98 4 65 92 92 39 61 20 52 24 6 89 66 20 95 83 27 97 27 40 23 79 15 57 95 18 11 92 22 40 70 31 31 85 85 1 87 18 17 76 66 0 70 91 53 88 66 7 93 26 51 29 8 18 62 62 86 46 20 96 54 74 72 80 16 4 97 26 57 85 61 32 52 62 65 43 64 36 31 98 61 41 36 21 32 28 68 61 66 55 7 48 96 6 79 65 23 6 40 7 5 80 90 84 66 32 48 83 10 53 35 80 87 17 87 3 22 64 45 34 25 45 85 0 17 56 22 32 2 40 68 76 57 79 31 85 53 100 8 20 83 37 88 29 79 18 91 58 61 84 57 37 3 22 73 55 58 53 14 41 29 1 96 32 28 44 76 0 49 60 34 3 95 13
72 66 94 18 96 10 7 86 51 46 74 53 68 29 40 67 27 55 90 100 10 24 32 100 13 30 51 4 31 12 92 22 90 98 98 52 69 26 12 72 93 15 83 97 87 86 37 71 53 35 13 62 76 62 58 59 56 80 53 92 5 94 73 44 32 80 4 65 54 94 85 31 51 77 28 90 80 39 45 85 72 65 42 72 78 18 88 5 57 24 25 21 64 82 80 5 94 17 82 35 25 100 90 2 60 69 23 41 23 90 22 16 11 62 58 91 38 14 76 67 81 81 52 99 26 97 31 96 39 90 91 78 0 53 59 54 80 88 6 77 2 31 81 61 84 54 49 24 91 100 80 60 7 100 98 77 82 99 3 88 59 85 49 43 45 74 42 58 14 26 2 87 90 38 68 7 54 69 29 66 69 35 12 76 47 28 89 61 24 13 41 60 44 14 88 90 6 38 10 18
64 2 11 49 100 92 20 53 24 89 50 51 45 30 8 95 51 61 60 60 86 54 43 61 16 60 100 49 81 21 6 55 0 0 45 16 8 4 69 87 27 21 38 83 14 90 37 8 55 14 65 64 32 8 92 17 41 49 90 0 40 27 13 64 55 71 46 9 37 37 60 15 21 38 53 51 23 77 29 26 96 35 44 88 93 77 37 85 86 58 27 96 49 57 93 86 29 32 62 99 8 51 2 33 40 83 96 86 29 98 39 47 0 9 4 41 74 51 74 15 97 83 96 72 30 38 63 60 63 18 97 49 78 7 21 60 4 11 14 70 31 73 44 13 72 14 17 88 9 92 50 56 59 100 24 80 81 72 11 88 69 51 57 38 39 42 82 62 32 31 6 12 11 65 65 25 27 1 80 89 3 19 28 6 86 0 34 73 43 24 67 15 90 8 17 69 95 46 17 10
33 96 98 9 99 68 28 80 23 75 38 20 84 77 58 31 98 30 89 87 1 90 1 97 40 62 97 15 71 74 51 52 67 88 83 23 94 48 19 94 66 56 92 50 39 13 86 56 45 53 27 22 40 45 20 65 12 37 18 46 100 30 20 60 70 99 35 70 7 48 86 83 72 63 19 68 5 54 4 57 77 52 87 20 69 18 84 35 66 54 67 38 5 8 35 42 78 100 4 19 41 62 25 46 85 74 22 24 45 24 31 95 4 96 20 19 48 83 68 27 77 71 83 75 88 70 44 14 45 1 80 38 49 40 54 44 40 30 2 89 27 86 23 31 84 93 24 98 81 6 45 99 87 8 37 100 0 49 62 5 93 55 52 64 17 82 39 13 94 80 52 86 66 93 30 69 26 45 0 95 39 58 52 62 17 86 79 96 88 28 62 44 89 0 89 19 18 29 12 45
86 48 94 69 39 13 46 70 70 11 4 32 23 50 12 95 23 38 0 96 53 42 88 32 35 45 36 5 16 15 48 97 4 11 8 95 69 92 60 28 97 40 76 18 6 74 43 87 70 64 94 23 50 89 31 23 82 34 16 82 95 45 2 70 7 40 8 18 34 10 80 77 12 60 77 67 47 38 95 98 32 96 69 89 93 32 47 37 56 63 13 70 78 13 83 100 52 10 28 65 10 70 10 22 8 93 40 71 99 1 46 60 16 98 0 85 33 32 14 65 44 9 6 9 61 26 75 7 94 94 10 37 11 9 19 55 80 100 16 80 57 70 11 89 42 86 80 32 49 98 90 10 64 100 17 78 64 72 39 54 0 25 8 55 50 97 35 73 35 81 49 89 0 18 46 95 85 5 100 96 44 39 82 25 91 94 65 55 36 24 50 17 93 28 38 9 50 81 59 3
13 55 81 8 17 17 66 77 44 9 19 49 44 66 20 38 76 17 43 18 75 80 94 59 35 17 50 5 48 8 29 84 68 3 18 58 96 64 83 92 2 94 55 48 61 20 100 11 96 78 100 1 43 49 89 40 50 26 45 32 64 57 8 10 86 67 86 49 28 49 42 81 14 15 87 32 17 64 43 0 9 75 13 22 0 82 87 82 55 62 85 50 33 4 65 83 46 47 98 63 2 53 83 36 99 16 88 99 84 78 58 78 49 48 51 25 18 41 87 71 73 54 51 39 9 49 62 75 66 42 73 30 81 31 74 79 92 82 19 90 1 12 21 4 98 78 43 52 78 99 52 25 85 18 65 17 80 15 76 45 20 40 65 40 15 46 2 30 40 7 34 79 86 35 22 42 86 75 63 9 35 69 10 35 23 34 61 90 2 86 67 82 50 35 19 87 13 97 13 46
17 1 65 84 96 20 19 58 13 22 88 23 24 11 95 69 26 69 31 9 12 81 63 30 88 46 25 41 97 40 96 60 20 11 40 8 68 66 69 35 87 9 1 87 22 21 90 94 44 95 56 3 79 0 16 15 16 88 91 65 84 13 61 24 67 52 77 34 26 89 34 2 73 15 4 46 6 34 53 14 73 87 53 55 97 58 90 98 47 4 22 79 70 11 72 17 77 40 92 47 35 65 52 91 72 26 22 13 24 50 79 97 62 4 84 17 85 19 85 72 87 15 76 2 89 68 40 21 17 70 13 44 46 45 48 44 94 55 80 1 64 67 9 63 95 25 83 35 63 29 35 53 59 80 64 98 48 20 16 36 83 50 85 98 84 41 69 10 12 92 58 39 56 8 83 38 80 53 58 67 92 2 68 17 62 63 0 100 7 90 87 74 57 47 97 57 9 23 19 98
39 80 9 17 99 46 24 75 31 29 83 61 48 74 12 17 47 25 11 78 80 49 32 99 90 61 23 44 45 100 15 80 36 99 11 43 80 30 91 46 42 29 95 2 15 9 28 11 0 17 18 91 34 80 79 93 96 58 85 15 47 5 37 15 60 6 52 72 38 65 19 85 51 32 25 31 47 88 29 3 51 78 62 55 11 24 94 6 85 34 52 13 31 81 94 52 38 73 93 18 7 86 42 47 8 98 58 74 85 4 11 73 21 30 6 89 15 31 71 89 45 24 1 1 38 33 34 92 21 41 75 85 44 31 65 8 90 83 66 25 79 4 88 22 68 92 91 91 51 9 44 83 31 84 65 47 47 90 63 16 93 7 71 32 71 91 95 24 28 37 15 40 1 68 79 70 46 70 10 37 0 60 92 23 73 43 87 85 42 70 16 14 16 52 46 59 86 74 84 77
95 0 92 94 86 28 3 38 12 14 60 86 68 92 22 66 15 43 22 20 38 84 23 98 60 10 40 59 87 13 52 54 91 0 12 33 4 55 92 56 17 38 96 95 99 52 100 70 24 86 38 38 43 24 63 93 63 15 39 55 66 37 32 55 60 14 44 84 50 79 89 1 36 17 19 50 97 67 85 29 22 9 36 54 77 93 92 24 65 81 82 84 64 72 37 39 38 89 61 50 83 69 43 41 43 46 51 19 70 79 42 98 53 44 67 65 60 18 7 6 31 91 89 2 65 83 25 25 98 55 77 60 67 12 19 92 36 31 40 70 32 82 76 36 99 76 71 58 19 28 78 41 10 70 85 75 98 97 45 80 76 53 49 50 43 81 37 39 20 62 50 66 83 39 51 40 92 24 47 86 13 74 94 92 26 96 6 1 61 65 86 14 4 96 40 15 46 97 79 74
2 37 58 61 99 32 96 73 100 37 55 41 47 47 51 43 0 71 35 86 71 42 52 1 76 74 46 22 57 93 41 0 66 76 25 60 37 70 51 80 95 46 52 47 9 61 50 87 79 88 46 67 5 0 39 33 20 40 33 3 17 40 6 100 13 90 39 46 27 4 29 32 54 86 98 89 56 85 52 92 39 96 84 62 7 88 53 0 72 99 69 38 99 39 72 41 36 49 32 62 4 84 92 57 61 54 86 48 25 3 40 50 77 88 85 55 22 72 52 62 31 70 4 57 78 32 79 6 50 12 82 43 30 99 9 82 38 3 61 70 97 79 42 14 33 73 72 15 44 24 44 17 50 74 53 8 1 15 64 53 47 97 94 6 6 51 18 70 45 38 12 38 79 28 99 3 38 84 48 71 12 67 71 37 77 53 48 1 64 3 19 38 24 4 39 15 32 63 61 1
69 77 40 43 97 85 70 73 57 81 93 90 82 14 16 55 25 73 64 14 35 55 12 75 35 14 18 65 57 10 83 92 71 7 89 98 12 87 89 40 89 68 2 6 65 44 89 56 2 40 61 92 8 82 62 38 39 37 76 43 100 20 42 61 55 50 29 1 72 21 17 49 57 61 24 66 54 46 70 7 3 18 5 52 0 36 72 61 82 66 36 59 89 62 0 89 46 19 83 20 7 24 2 86 73 84 52 61 43 78 32 54 47 21 27 99 35 54 28 50 93 81 9 80 79 45 47 55 64 90 83 57 92 41 13 43 33 12 49 88 9 41 68 22 88 50 8 21 46 50 59 35 35 48 54 39 38 6 34 68 82 56 67 67 96 31 92 29 91 64 2 49 83 52 56 28 4 41 25 29 75 6 83 33 46 64 43 37 14 98 65 51 44 98 72 30 2 46 23 2
85 46 1 48 69 31 86 81 48 37 73 65 90 63 32 61 80 4 88 85 59 46 6 93 3 45 24 36 98 72 84 82 5 28 62 42 20 10 15 85 65 61 6 44 33 14 80 59 43 25 12 95 72 36 70 100 29 68 75 17 13 91 65 10 49 83 59 67 63 80 93 24 71 51 26 7 57 100 79 86 5 82 11 77 43 25 71 84 97 90 16 4 79 76 96 29 53 69 31 26 75 78 49 9 11 48 46 24 58 35 14 82 68 81 19 9 27 16 21 51 11 6 87 94 63 83 76 40 42 24 46 92 73 86 54 12 28 41 55 64 45 34 44 15 43 94 49 78 48 87 42 41 48 24 13 72 5 70 16 20 76 56 80 96 42 93 75 55 87 35 67 80 52 49 16 8 26 65 78 33 40 65 84 85 10 33 1 43 36 79 69 23 48 37 84 97 50 73 35 1
76 100 48 21 48 67 90 82 10 62 42 81 97 59 60 13 88 84 84 15 2 72 7 58 94 45 25 79 58 31 43 88 29 68 28 11 100 100 68 13 22 38 91 2 79 52 45 3 13 7 56 89 36 98 21 90 60 7 50 65 62 60 18 51 65 35 66 33 31 56 40 96 43 68 64 57 24 2 90 64 87 66 91 15 35 56 46 16 69 68 25 30 1 53 3 60 29 7 51 45 56 73 67 58 65 36 86 76 16 59 8 15 70 51 93 51 37 62 51 92 44 26 4 45 71 34 44 91 90 2 53 84 85 43 34 65 22 61 88 18 71 69 81 89 1 57 81 46 44 41 22 98 41 72 24 24 67 55 12 38 52 68 47 68 29 32 14 29 12 27 78 41 67 37 29 45 96 73 74 64 87 2 3 1 58 57 70 36 16 100 87 45 12 36 5 15 97 64 30 13
63 47 13 72 38 21 99 95 81 88 95 53 12 9 0 90 6 21 5 78 57 88 77 36 34 93 63 31 15 14 78 3 31 47 15 68 60 37 99 91 64 89 62 13 15 27 0 83 3 23 42 32 81 60 20 95 51 59 25 66 15 79 18 53 23 26 44 35 77 19 39 27 87 12 21 26 51 50 81 5 63 42 96 42 13 86 93 46 21 20 0 58 79 17 30 44 95 36 44 90 48 68 23 17 47 85 47 13 26 56 5 57 5 63 77 31 90 19 77 19 77 20 47 89 82 67 70 92 64 84 51 94 62 57 73 14 42 39 91 41 74 26 100 19 81 81 49 21 11 42 70 30 17 100 25 37 68 24 52 75 51 72 17 91 100 72 79 21 2 49 30 77 5 4 65 95 10 81 31 39 45 75 5 18 73 72 50 10 78 56 9 72 41 77 84 22 85 23 25 20
5 73 7 54 81 14 5 10 76 60 20 36 2 80 91 41 36 37 92 81 84 45 31 28 23 12 58 17 79 10 60 65 29 2 17 88 13 100 75 52 76 79 5 66 58 94 19 94 96 23 52 85 7 28 77 42 33 79 65 73 2 69 76 84 44 12 81 76 11 42 20 99 82 55 52 31 51 30 48 9 6 94 88 64 49 27 21 3 2 59 52 99 62 4 25 2 71 52 89 78 37 9 63 100 89 93 78 35 13 76 69 16 100 84 76 7 63 33 67 53 75 31 41 37 90 80 23 59 50 11 19 10 76 94 39 21 63 37 29 31 4 77 75 71 97 12 55 78 64 61 5 96 92 71 94 48 31 39 99 33 10 41 38 25 76 20 67 9 18 59 46 81 14 41 35 46 46 13 81 83 69 10 24 13 75 52 5 94 88 37 79 57 26 83 6 75 81 58 61 17
94 46 88 67 57 11 69 0 13 99 96 75 40 89 85 2 93 48 64 27 21 49 76 96 100 25 73 64 73 85 52 88 19 44 96 56 90 64 42 69 60 68 98 69 88 96 99 45 13 22 76 64 89 12 80 13 64 54 82 9 29 88 10 84 45 8 40 71 73 2 28 80 22 2 23 14 58 100 69 19 27 96 69 11 75 11 50 21 13 75 0 72 32 18 85 71 54 49 23 74 0 76 15 88 99 63 59 77 91 19 2 91 27 19 73 34 62 24 13 47 78 11 7 32 85 26 10 50 80 8 75 32 88 79 81 14 72 87 100 78 75 24 13 98 35 29 49 37 21 34 5 24 5 54 65 7 87 68 87 26 76 85 78 46 89 78 30 1 57 37 61 15 65 29 79 70 41 28 16 44 22 60 15 23 10 57 15 33 73 21 28 69 74 98 16 56 44 76 34 72
13 82 3 44 64 49 28 40 23 70 27 3 23 53 32 82 58 95 23 91 74 29 4 10 60 45 5 28 8 77 9 19 77 10 85 31 41 5 49 65 7 27 1 0 59 30 78 90 37 67 16 70 52 17 45 99 84 61 38 79 60 64 94 56 27 62 100 10 23 65 27 34 13 64 88 65 49 33 90 74 75 29 4 60 14 75 46 94 17 64 67 2 18 80 84 21 21 23 64 72 53 40 6 2 30 50 96 23 21 38 1 38 79 31 29 99 71 6 87 15 58 69 98 69 48 29 18 20 78 96 3 45 58 69 59 73 32 26 22 97 23 0 97 21 44 26 36 62 42 39 82 92 55 83 38 64 63 65 5 58 52 76 60 44 26 16 36 14 26 91 92 95 42 62 30 20 41 58 15 41 23 76 91 0 36 68 14 57 22 45 91 17 35 26 20 73 23 56 88 98
26 9 5 30 32 3 42 27 8 72 12 13 13 35 29 54 28 71 5 46 90 61 95 91 8 22 67 58 84 2 44 25 24 56 78 80 36 45 1 86 9 6 71 38 31 6 32 78 4 45 92 71 15 100 79 24 13 12 47 64 26 34 34 15 37 18 47 84 72 32 15 67 42 99 14 25 30 20 94 70 35 49 32 27 97 75 53 56 97 91 64 41 9 10 94 37 55 98 78 30 39 63 40 69 19 9 47 55 49 76 39 64 88 14 69 3 90 84 76 90 97 42 48 55 51 27 29 91 60 23 63 35 89 55 94 51 69 64 93 10 59 35 43 54 81 16 95 10 63 91 86 39 42 31 10 8 19 87 31 71 99 18 12 56 32 90 11 65 23 38 38 14 53 16 41 43 35 63 9 61 61 11 23 56 78 97 9 20 60 19 33 69 81 70 44 92 42 12 25 16
79 64 5 54 8 91 25 77 8 86 5 50 18 95 80 36 29 19 34 60 66 47 0 25 48 50 78 31 1 89 17 3 92 51 75 82 36 84 21 99 100 1 46 26 17 35 43 9 76 83 94 64 45 35 82 22 27 6 76 92 18 22 11 76 75 52 39 76 27 1 1 10 20 69 59 66 14 36 30 40 33 99 66 20 5 43 83 83 76 24 68 83 95 48 13 68 4 85 5 83 0 88 2 40 48 91 57 38 85 96 0 26 67 74 86 31 50 8 0 34 60 24 74 53 24 38 73 14 45 34 39 31 50 57 45 25 89 69 27 79 87 87 14 41 7 63 75 39 6 26 6 20 41 68 19 69 92 81 52 54 70 75 67 5 4 81 78 18 22 74 29 73 62 46 64 81 59 2 53 22 2 83 57 49 52 98 23 85 20 73 32 13 8 40 67 21 38 79 56 25
39 18 90 34 74 96 39 78 63 90 57 18 5 99 81 89 3 91 95 97 28 64 45 90 16 79 82 97 58 54 33 66 24 65 95 87 43 8 88 59 0 19 33 58 35 62 64 67 45 7 2 75 35 61 13 32 23 44 52 71 90 27 56 90 25 2 5 63 34 0 42 4 36 5 75 23 6 75 2 92 13 25 84 47 55 10 22 82 83 98 9 6 56 56 77 74 96 20 29 80 30 28 51 8 59 59 81 18 12 1 26 91 63 40 72 24 19 20 24 52 84 57 91 7 56 5 35 29 34 82 46 45 99 5 70 61 21 15 53 71 11 75 6 12 41 5 6 17 11 96 1 97 59 65 11 92 69 5 62 30 20 73 78 69 71 1 53 62 9 27 74 76 74 22 93 92 7 46 55 92 48 82 17 60 49 17 30 54 6 39 88 83 13 75 65 72 96 61 23 71
33 73 6 8 61 43 80 98 51 75 86 78 34 52 5 84 39 64 16 36 23 53 99 92 71 19 70 45 25 14 97 55 4 58 2 100 17 79 19 8 25 23 12 1 62 68 52 67 24 73 96 13 71 19 33 82 53 66 48 36 44 0 59 26 100 45 72 45 22 9 74 8 59 5 53 33 87 79 95 29 79 3 43 31 11 20 0 13 49 68 72 49 80 62 44 17 95 54 100 82 21 46 22 85 5 24 85 64 17 42 8 47 40 64 37 25 68 5 42 93 60 80 68 90 98 40 86 80 54 76 81 29 76 18 71 46 48 46 23 85 8 33 7 82 1 25 28 73 35 64 97 94 39 73 62 93 67 35 60 31 36 84 76 2 98 81 69 37 23 46 76 60 90 77 56 23 40 50 70 99 14 21 44 41 1 91 35 74 92 59 43 36 72 22 62 16 31 7 55 84
34 26 3 5 66 96 95 69 48 46 18 95 67 89 67 0 34 39 88 25 96 16 51 64 79 14 32 12 19 74 37 95 91 62 50 21 96 24 9 61 77 82 80 40 35 23 15 49 49 17 16 48 84 34 27 71 14 95 87 51 82 59 98 37 41 69 92 7 90 9 20 30 33 42 13 53 81 63 37 48 72 52 10 3 67 45 69 48 5 3 43 95 77 94 22 43 30 31 82 35 86 64 87 13 0 52 94 100 26 64 33 58 62 86 77 65 67 56 40 52 97 99 93 17 97 16 41 49 29 97 88 45 83 20 75 87 41 34 65 82 7 50 28 31 27 85 79 26 45 17 5 81 65 25 20 49 19 100 96 17 63 83 20 60 54 97 56 24 58 95 100 51 91 63 20 66 24 60 6 64 60 37 84 4 87 11 72 21 67 71 76 82 16 5 65 10 61 85 43 76
23 62 95 0 12 36 78 58 91 1 18 2 7 19 74 17 6 31 28 3 37 61 52 5 95 49 10 74 23 9 81 80 49 63 46 33 92 75 28 97 32 0 12 13 98 98 5 32 44 12 63 55 0 6 73 59 64 9 69 21 44 79 28 82 54 39 35 42 90 20 82 79 17 87 13 24 37 82 51 21 14 29 81 51 54 89 65 19 98 69 59 16 84 89 68 42 45 32 86 6 72 10 14 61 27 3 13 39 32 13 50 53 84 66 93 64 62 80 26 45 79 79 58 91 14 49 79 46 61 50 78 26 3 90 69 50 91 17 65 90 20 73 78 6 54 76 84 22 25 42 39 93 21 82 96 99 97 70 31 78 95 4 70 9 55 51 98 81 89 16 50 79 29 37 91 4 25 77 96 82 34 91 83 46 63 59 30 95 58 42 9 79 29 58 30 50 3 52 62 50
9 62 40 49 68 0 9 61 4 69 9 30 75 18 46 94 58 0 93 82 23 68 9 74 3 31 37 13 98 31 84 65 17 72 13 24 14 97 94 77 3 93 83 49 60 2 19 33 9 62 78 54 97 89 44 59 82 49 80 26 10 18 65 7 80 80 54 68 21 38 57 84 6 69 53 23 21 32 81 6 47 80 31 80 48 91 95 30 11 25 62 23 39 21 46 11 80 46 57 63 2 80 18 87 47 89 44 67 40 67 47 85 31 61 78 86 19 95 10 97 92 98 77 28 3 90 59 98 59 16 60 59 100 60 81 47 19 68 96 4 25 43 20 69 59 78 59 1 61 61 23 38 88 77 6 80 15 34 0 97 62 92 29 100 69 51 10 94 16 99 88 58 89 24 6 87 65 61 22 87 27 86 1 50 93 42 6 22 26 93 50 87 46 22 46 99 11 4 3 5
20 87 34 78 100 74 77 4 56 38 10 93 93 74 57 21 18 6 56 100 84 84 85 62 46 19 81 94 73 82 90 39 37 92 7 87 43 38 59 84 68 0 80 21 26 44 99 35 62 39 56 17 66 46 1 4 40 76 3 85 8 8 27 10 88 4 34 12 7 83 5 13 32 42 20 40 37 8 46 78 35 60 69 40 20 55 52 2 89 23 32 35 74 12 78 98 88 27 2 73 25 5 47 40 7 20 26 78 35 35 20 97 20 23 55 41 32 66 55 87 97 5 7 52 47 17 50 94 94 40 94 95 7 54 34 23 37 93 51 5 81 20 61 94 75 38 17 49 50 69 48 77 68 47 22 72 40 20 51 27 66 43 67 97 15 46 93 45 63 15 56 100 63 72 51 80 91 25 2 82 96 62 84 77 60 78 52 85 87 65 63 83 10 13 68 25 15 69 14 34
87 42 10 45 52 76 47 33 93 40 20 16 99 83 3 99 76 33 25 90 77 42 65 14 48 11 99 83 71 30 94 37 92 64 1 42 23 73 83 1 48 24 53 91 92 17 17 88 20 77 35 71 74 80 75 57 11 96 96 55 7 35 41 64 35 12 21 65 43 11 73 9 30 73 9 5 28 43 8 87 37 25 71 3 53 78 86 13 5 39 39 6 42 16 6 89 57 9 54 22 42 41 86 81 47 44 44 2 59 0 94 35 0 77 41 21 96 59 96 44 71 8 44 21 96 45 95 2 12 6 21 39 14 96 30 99 74 40 70 42 9 27 24 67 33 21 14 43 55 31 77 91 41 38 84 22 76 38 97 44 74 43 50 93 11 12 69 75 85 44 35 7 20 23 80 65 88 38 58 47 66 10 18 88 37 44 8 48 16 32 35 43 70 39 98 75 4 12 44 86
28 33 50 12 39 30 24 54 95 0 35 21 23 2 76 24 37 75 38 32 52 42 76 87 89 59 94 48 54 45 30 82 71 29 100 35 22 93 56 75 39 17 60 4 74 20 47 61 2 36 10 27 74 0 27 42 24 12 38 65 16 65 48 37 35 28 42 96 74 12 17 48 83 50 97 19 54 52 48 84 93 0 37 32 26 32 94 64 61 4 74 34 96 74 15 85 56 55 86 26 32 65 4 65 23 40 37 43 28 23 63 32 52 15 47 62 0 9 2 4 43 37 41 27 77 98 39 12 25 81 89 23 98 98 14 42 95 20 16 7 30 87 39 48 67 38 46 42 46 29 73 43 49 86 26 43 16 19 21 13 25 78 10 72 20 34 82 62 94 82 97 60 98 16 42 40 2 37 100 88 12 76 0 25 59 13 73 49 77 43 24 94 64 14 28 94 16 42 84 70
100 64 78 27 4 70 42 13 12 99 19 7 14 6 27 54 88 78 10 54 10 74 84 87 33 30 85 81 90 50 36 89 47 23 5 0 33 75 22 71 44 14 98 21 96 87 45 94 24 35 74 99 63 17 21 12 60 21 79 8 67 52 77 11 20 44 95 58 72 62 40 94 67 79 8 82 38 86 55 3 68 73 2 70 47 79 59 47 79 87 63 26 11 39 51 53 63 54 6 28 40 13 76 10 98 42 99 58 26 67 70 93 7 93 49 67 48 8 44 93 56 11 5 89 1 97 91 3 7 4 70 50 12 70 54 93 25 85 32 49 89 22 89 9 46 15 92 57 75 1 19 80 22 13 36 50 18 23 6 37 62 12 100 38 24 36 16 17 38 41 73 31 32 27 7 96 47 13 40 9 72 11 53 99 26 0 30 54 8 70 100 52 6 9 67 79 0 78 66 1
80 24 91 87 20 58 89 11 8 9 51 95 53 79 79 45 53 8 97 22 82 1 70 55 100 43 27 63 99 99 43 60 6 68 27 89 81 59 99 99 51 23 5 63 55 81 86 22 98 40 97 3 38 32 72 61 53 30 7 3 100 18 93 48 5 19 37 61 56 67 16 93 4 87 33 84 32 76 11 22 38 12 16 35 2 65 27 9 72 67 25 85 47 42 60 94 74 45 60 50 19 14 72 57 13 45 37 100 41 17 76 18 34 31 30 37 51 31 1 78 23 11 72 40 82 17 74 34 43 35 56 2 47 31 17 71 16 79 3 29 52 94 85 87 55 43 49 39 12 80 76 53 4 31 22 53 38 40 89 20 3 0 64 85 89 41 49 95 90 66 63 25 25 7 15 0 84 69 69 16 40 57 1 49 33 78 24 86 58 63 64 36 10 60 79 5 33 28 14 44
40 50 48 78 43 93 49 53 86 56 22 49 6 57 12 40 17 36 34 42 89 77 89 95 10 55 93 32 78 87 65 33 79 72 77 47 48 42 4 55 38 91 37 21 75 51 23 44 5 22 3 15 23 17 67 85 91 97 65 34 18 61 41 64 95 69 81 20 0 57 81 3 34 59 44 10 54 99 78 18 84 55 72 31 40 41 96 73 18 45 71 22 78 24 63 21 82 61 87 49 23 80 87 66 30 39 98 46 35 89 55 33 8 38 42 79 32 24 32 45 26 60 79 91 74 83 86 40 68 89 26 30 12 64 24 17 65 25 17 95 82 64 44 66 12 26 71 28 90 30 68 25 100 55 16 54 74 29 64 11 44 90 56 10 49 80 52 0 35 13 60 28 30 28 28 75 95 24 25 56 6 47 25 50 88 58 31 54 81 45 27 74 94 30 82 41 52 93 91 51
29 45 79 32 54 47 70 33 89 25 32 17 20 20 60 3 53 29 82 30 97 76 70 92 25 29 27 45 53 72 58 13 63 48 6 17 5 98 90 67 97 46 4 60 57 3 67 56 74 0 56 82 21 53 47 42 7 5 64 80 9 50 54 79 22 17 66 16 9 73 18 8 74 94 4 20 5 90 94 27 54 75 57 18 46 78 93 100 25 77 79 11 71 95 15 99 49 53 95 75 55 46 53 17 26 48 84 72 74 24 68 73 7 89 49 27 50 36 84 100 29 39 50 2 3 68 45 86 32 8 56 59 10 76 67 35 35 70 34 73 14 54 9 45 84 6 82 100 72 24 21 36 16 25 99 34 52 85 51 94 20 15 16 32 90 53 58 84 44 77 85 12 48 65 32 28 63 47 44 17 90 63 27 100 32 27 89 54 21 46 77 63 3 9 21 93 68 25 89 30
18 72 49 76 95 25 37 80 5 35 9 30 71 77 63 41 81 57 45 70 91 56 68 26 16 69 78 65 40 42 1 95 0 48 94 4 14 7 28 1 52 57 48 66 79 53 58 52 27 95 21 45 57 76 78 48 95 14 80 100 7 60 37 41 39 76 96 69 7 7 91 35 77 17 43 47 42 29 75 28 68 100 55 2 48 27 24 8 80 43 76 41 49 34 18 18 21 49 0 1 92 48 19 45 68 93 55 15 82 87 44 89 18 30 52 11 13 23 47 90 21 80 30 47 90 28 50 28 100 56 41 30 82 3 20 27 33 10 72 0 93 55 51 20 59 92 94 71 46 34 32 60 74 59 26 12 66 9 97 24 75 73 24 66 43 45 25 43 73 77 41 96 41 6 39 78 71 48 48 59 9 49 48 85 36 9 74 39 15 33 26 65 35 68 74 84 9 14 62 22
95 94 9 85 57 6 67 65 1 68 76 18 92 69 3 93 81 46 67 15 13 76 71 20 25 51 32 66 49 99 59 56 81 35 52 38 64 32 50 60 68 77 18 26 17 20 27 37 64 35 38 9 92 43 26 48 100 29 33 85 86 44 71 56 65 46 19 76 94 42 50 21 7 50 33 77 12 83 41 27 44 28 39 26 30 0 17 79 76 80 65 94 36 99 98 23 93 32 93 98 36 63 35 91 90 52 100 63 29 85 73 11 96 93 31 85 58 91 55 30 77 62 35 73 6 66 99 0 6 44 12 53 14 6 81 73 90 91 73 2 68 40 13 49 71 31 84 3 62 98 43 73 77 40 12 59 66 81 72 88 85 11 32 47 25 30 77 82 81 26 44 94 84 63 43 72 65 54 84 39 39 64 40 0 10 75 59 45 81 56 28 6 99 15 97 60 49 52 46 44
38 60 96 72 28 19 79 0 99 53 82 51 4 6 98 7 54 54 24 62 9 52 25 84 15 51 27 5 25 84 42 80 40 8 91 62 78 39 73 8 63 16 60 25 58 50 77 29 13 78 4 54 82 19 41 81 86 42 97 40 13 60 15 50 14 52 62 7 60 94 93 100 63 37 20 86 49 91 7 40 54 48 42 59 60 75 27 4 85 97 74 63 80 62 45 16 19 62 81 84 90 77 9 33 87 21 50 94 83 100 4 100 88 3 10 61 60 85 22 42 27 59 6 83 42 20 74 76 20 14 36 8 41 93 85 41 67 32 91 52 35 97 97 17 25 84 5 68 52 49 17 85 78 72 73 60 19 4 48 95 11 9 71 21 68 52 97 69 36 44 80 20 42 88 60 95 62 73 0 32 21 71 21 15 96 39 95 93 21 65 98 35 46 71 81 94 84 51 51 7
3 31 22 69 95 52 15 29 46 90 9 51 52 15 16 65 71 88 32 53 31 64 24 28 67 86 79 69 34 14 10 87 18 88 72 39 72 36 98 78 70 4 71 40 51 62 51 63 13 72 13 71 68 21 81 7 44 86 24 19 27 74 32 60 33 96 70 64 44 10 0 65 22 47 2 16 95 49 66 59 27 30 40 70 92 22 45 14 46 8 60 13 51 31 99 39 34 86 22 93 9 90 11 37 5 45 13 91 21 35 89 50 91 61 92 21 10 85 13 48 17 28 27 26 86 39 32 72 22 9 1 42 61 42 3 63 66 38 24 47 42 56 5 51 27 87 81 1 75 72 21 62 41 61 28 7 40 13 90 77 0 48 44 50 57 40 99 10 30 61 32 33 69 38 7 54 97 24 4 94 35 34 11 9 37 43 90 73 88 79 83 93 50 91 93 97 49 17 27 99
58 31 30 39 7 64 72 95 68 33 43 23 7 81 89 50 20 1 94 0 4 78 68 74 56 57 68 79 17 18 94 32 66 80 85 55 11 44 26 21 46 26 87 0 67 94 87 89 69 71 86 87 15 30 45 41 46 96 66 2 57 43 1 73 80 91 44 83 2 69 15 28 45 41 81 29 55 78 75 71 95 4 18 10 65 76 93 81 59 90 81 28 69 67 75 46 54 22 70 47 65 8 49 8 96 33 61 99 86 96 92 57 52 60 53 40 79 30 56 38 42 24 85 10 87 36 17 27 98 64 64 98 50 73 37 100 10 79 89 56 34 21 4 59 90 1 99 57 74 78 47 86 25 61 87 84 18 81 60 96 26 52 17 58 75 62 34 100 28 96 49 5 12 54 8 83 30 31 67 82 31 100 9 11 2 50 47 78 37 31 44 11 22 53 40 31 83 29 90 63
8 8 62 88 4 53 14 3 74 44 88 59 58 87 82 39 59 96 54 28 95 82 97 65 62 3 55 53 63 44 71 57 54 78 40 66 96 10 54 76 50 26 53 63 73 56 72 84 43 45 61 88 41 90 60 5 66 11 7 24 100 75 2 59 2 33 56 31 81 10 44 70 10 14 86 92 34 39 99 31 9 53 88 7 19 81 28 24 48 50 95 92 76 97 63 43 37 78 29 17 7 91 66 52 84 81 3 34 62 31 59 52 78 46 80 92 69 50 76 88 6 80 77 87 25 23 99 17 12 26 12 44 80 97 90 17 95 54 25 56 61 36 82 2 32 84 81 28 2 95 68 92 6 83 13 6 79 96 96 58 67 74 72 75 12 29 19 64 94 5 49 19 100 87 42 68 56 31 41 55 71 89 48 25 83 49 74 94 88 9 12 100 68 93 33 54 0 59 52 8
96 15 77 7 100 71 95 94 0 88 19 10 91 38 66 91 95 69 67 16 91 44 11 15 35 4 97 58 47 38 61 89 36 33 37 60 49 68 98 59 78 72 66 97 86 91 24 38 40 41 45 47 77 36 44 46 56 21 37 26 70 73 50 68 37 87 3 91 57 52 42 44 51 59 56 59 65 26 86 6 68 47 46 61 78 3 55 25 9 13 6 62 25 18 98 89 28 39 53 34 48 68 70 62 79 16 46 46 39 89 75 48 73 33 54 40 72 0 49 17 53 11 74 38 4 12 47 16 56 85 17 92 88 91 95 66 100 31 65 82 64 57 11 14 81 15 9 59 43 2 31 67 68 83 47 51 87 64 25 59 5 97 0 67 52 50 93 44 52 56 93 55 27 70 57 85 67 13 74 31 22 63 4 4 4 80 80 48 8 25 63 67 24 99 37 94 33 69 93 74
8 55 90 95 96 14 59 88 99 22 33 30 25 73 90 56 60 23 81 82 28 58 58 33 63 42 85 53 96 93 37 49 7 82 24 47 1 84 30 37 85 68 94 45 45 59 66 12 24 37 100 90 62 48 56 40 71 92 60 63 91 31 10 27 81 93 35 35 3 24 24 56 27 81 16 82 21 40 54 20 90 68 4 46 86 44 52 47 41 2 1 40 59 58 9 63 27 30 52 54 78 46 61 25 49 33 100 66 57 25 8 34 33 32 61 17 27 10 32 75 74 7 34 62 10 95 62 46 50 62 81 62 8 68 14 41 74 39 80 68 15 31 65 10 61 49 99 7 17 48 57 99 79 91 60 27 24 8 42 34 44 51 0 73 9 32 50 23 53 56 11 72 94 6 72 83 9 11 18 76 3 4 28 28 96 70 44 31 30 35 25 60 92 2 43 87 22 6 27 75
42 45 54 48 3 84 87 0 82 67 87 90 18 19 5 10 4 7 78 26 69 90 46 66 2 73 24 73 12 79 67 71 13 85 56 32 59 65 59 44 68 77 29 98 47 73 87 7 28 32 25 51 19 55 79 31 77 31 96 93 8 35 51 76 89 62 82 68 55 73 87 99 33 58 44 41 63 82 91 22 87 91 14 89 39 43 54 46 3 61 67 99 54 87 50 15 47 88 87 79 75 16 62 46 30 81 69 29 89 39 1 82 53 45 64 1 47 39 41 1 40 98 36 55 69 81 7 77 0 77 74 39 54 77 69 88 17 7 40 94 41 69 44 64 95 68 19 28 2 65 36 62 71 30 59 38 37 10 7 41 7 54 81 47 37 10 31 86 20 3 27 30 39 27 26 59 3 15 74 58 1 47 49 4 18 38 10 99 87 81 60 47 92 46 60 68 76 38 34 3
40 86 15 96 48 44 4 63 36 10 0 79 43 13 79 80 15 66 24 55 49 56 97 94 59 66 8 65 90 17 96 23 78 6 41 43 30 80 80 65 89 51 58 77 88 43 50 77 8 64 43 59 67 42 93 29 98 31 30 18 97 33 17 19 2 8 19 89 24 15 76 78 31 24 26 85 19 98 68 10 30 80 84 65 8 52 16 82 35 4 29 9 31 22 44 38 50 73 29 99 74 72 14 71 44 31 21 34 97 81 17 24 1 88 15 79 50 0 17 30 92 3 61 22 20 3 57 7 9 83 90 89 21 83 74 85 90 77 41 74 28 7 72 96 1 85 80 15 71 3 45 30 77 58 53 19 38 77 47 70 56 81 13 47 54 31 96 61 30 5 63 2 33 24 57 11 93 70 1 83 50 90 13 27 91 63 0 76 63 58 33 74 52 21 98 44 49 82 30 97
88 28 41 66 67 91 32 52 3 6 19 20 36 37 9 72 4 25 73 9 79 19 86 46 53 28 42 22 83 91 59 81 48 72 19 16 89 11 46 21 31 30 40 45 58 48 83 18 61 30 73 17 3 84 61 89 73 6 21 36 62 39 38 85 82 65 81 10 95 48 99 87 17 57 88 2 74 36 61 66 46 1 1 73 61 56 63 70 30 52 9 39 84 61 49 44 54 96 72 91 60 66 40 81 48 32 59 93 53 84 17 86 53 100 2 59 56 85 74 98 55 28 32 99 16 60 4 26 22 74 37 87 14 56 35 8 29 84 39 12 30 81 86 87 89 63 96 70 51 37 11 67 24 35 65 79 78 5 22 72 89 48 13 77 96 0 58 91 23 14 64 85 85 11 57 43 3 68 94 48 20 84 30 51 24 58 5 82 79 1 7 27 28 46 98 10 40 16 87 55
20 27 79 43 4 4 48 69 41 76 85 43 98 86 40 4 6 72 34 26 11 12 25 53 65 6 49 82 90 3 83 34 100 22 100 20 78 38 20 64 20 16 81 67 21 64 69 56 98 85 31 88 92 1 78 24 85 70 88 52 80 75 70 30 54 4 5 33 15 44 42 74 25 0 24 46 92 91 99 65 97 4 38 24 42 33 13 5 58 75 38 2 83 93 73 82 90 10 57 70 56 35 88 85 87 44 39 51 5 91 59 16 70 32 16 41 0 58 79 94 79 35 87 33 13 84 10 5 5 85 34 7 45 58 32 72 5 69 68 58 4 68 63 34 40 17 28 75 25 38 95 47 99 41 66 21 90 100 66 97 75 29 96 5 66 20 91 27 47 26 34 42 78 84 34 13 3 66 82 55 21 26 92 52 15 25 58 69 41 13 80 46 69 12 58 13 9 34 12 90
80 63 35 72 8 43 57 39 43 50 85 100 19 93 81 22 39 13 98 31 29 6 56 19 59 99 35 0 51 74 93 26 12 78 64 66 17 59 55 82 26 72 11 5 1 74 5 97 30 66 39 18 80 37 8 58 88 40 33 10 1 59 38 15 24 80 89 0 13 81 1 31 55 96 28 39 86 38 87 74 83 34 61 72 14 23 38 84 96 0 76 83 58 100 61 65 71 80 4 13 63 34 3 71 36 76 78 64 40 59 48 76 16 90 64 24 32 98 85 71 63 81 30 64 84 22 92 97 65 67 77 1 78 59 42 54 98 13 33 26 30 4 9 57 99 63 51 70 100 27 42 71 49 39 90 25 41 22 18 23 65 68 45 6 69 54 24 12 43 14 47 64 66 7 62 19 31 42 12 54 47 41 10 31 41 75 94 86 72 74 82 49 56 44 17 52 1 50 26 100
43 26 59 70 17 4 4 2 3 72 64 65 6 35 37 57 2 22 76 13 98 82 43 81 61 84 83 81 76 21 87 72 49 30 12 60 52 71 77 93 97 87 19 28 41 99 67 66 75 57 29 15 82 12 56 19 12 22 92 57 36 14 100 47 41 63 74 44 66 5 27 12 9 39 34 43 79 10 57 64 82 5 70 87 44 49 20 11 91 82 60 15 26 88 57 75 67 93 81 82 31 83 90 1 53 8 53 21 74 37 64 24 61 64 67 13 92 15 60 86 49 14 22 58 6 88 72 30 76 51 86 29 57 27 42 44 61 73 55 36 24 98 86 4 4 74 96 71 4 83 94 52 16 36 46 87 29 96 34 78 83 85 47 2 26 50 40 63 90 77 13 42 70 72 54 99 97 73 61 94 68 3 9 44 50 8 15 55 23 29 70 61 96 54 86 48 79 50 83 25
58 29 72 80 2 59 100 44 96 56 59 62 33 73 81 6 61 63 95 65 96 72 1 57 65 0 1 63 69 26 8 2 88 57 28 48 28 60 14 11 48 40 40 16 73 20 20 73 6 8 37 2 56 82 16 75 61 62 41 93 37 43 37 82 73 58 24 92 81 85 38 94 68 66 8 86 87 80 48 5 16 67 44 81 23 41 78 80 2 36 7 62 35 17 48 89 87 16 73 44 78 5 82 32 57 64 65 40 36 82 29 5 38 63 4 77 79 56 41 59 67 44 7 74 90 91 79 61 97 91 42 11 29 27 77 15 73 57 47 88 74 71 45 74 62 47 30 63 57 97 50 34 82 87 4 32 55 7 46 1 85 22 78 66 27 55 57 29 8 7 99 38 28 65 6 5 42 96 21 12 72 34 78 79 66 91 28 91 30 15 90 53 11 74 98 14 41 36 14 32
98 47 46 91 37 52 46 51 87 31 10 73 12 27 73 63 8 91 14 10 84 30 74 30 75 80 38 45 13 21 84 2 93 67 46 80 75 36 40 91 66 78 10 28 57 55 56 27 92 95 90 54 55 55 51 25 57 20 15 96 99 73 89 15 23 37 8 9 60 77 2 78 4 70 1 65 51 32 52 90 97 51 64 75 70 2 88 86 55 35 29 54 11 21 41 40 94 49 82 51 64 17 77 67 59 38 32 42 5 80 64 72 94 51 83 9 10 21 5 68 61 63 89 84 82 34 39 53 57 54 14 42 98 36 53 42 8 84 35 2 68 16 1 49 14 25 86 32 37 99 42 3 100 34 9 15 91 58 81 34 36 98 86 82 22 86 36 59 81 30 5 50 66 84 81 61 20 24 39 61 57 12 9 90 68 4 5 80 59 5 10 16 30 65 12 40 94 77 34 56
36 25 33 88 19 55 71 64 23 89 55 17 30 10 66 80 59 79 15 40 53 88 51 64 62 17 61 93 74 91 23 99 16 1 74 17 78 9 1 49 42 32 6 23 63 78 8 15 60 1 79 83 20 20 6 68 37 86 13 57 88 76 29 46 12 32 85 31 50 15 0 31 14 78 23 1 77 7 18 28 22 90 87 39 49 38 87 29 85 62 77 25 26 19 44 86 52 66 98 18 72 64 51 4 17 13 18 0 85 67 71 57 36 37 13 19 79 57 27 20 98 83 36 1 58 100 8 17 27 85 52 31 21 96 64 93 76 14 0 30 3 45 17 72 44 68 42 63 94 19 73 38 16 30 68 36 44 1 39 2 8 51 42 98 40 56 59 93 79 61 35 63 100 38 66 76 87 45 16 20 97 3 52 55 70 27 2 34 67 42 34 43 35 12 63 78 98 77 24 37
14 49 25 48 89 39 77 24 42 3 5 45 84 87 90 67 11 93 42 2 75 6 65 92 27 44 33 66 16 9 48 93 1 56 2 97 97 39 1 55 88 5 82 52 46 71 81 65 73 84 71 79 60 81 85 95 83 42 36 34 33 67 57 3 45 54 14 47 76 60 72 61 55 2 7 48 3 6 62 16 85 50 17 63 30 29 68 59 2 83 92 7 69 64 52 17 72 42 91 48 59 9 51 66 69 15 68 90 36 45 80 49 16 76 5 65 41 27 13 69 71 31 30 97 25 12 49 32 3 67 13 48 57 9 61 25 51 17 45 10 68 39 93 74 38 71 11 76 16 4 0 12 53 36 9 44 28 43 100 73 32 99 10 73 65 3 62 43 55 67 4 20 73 92 71 39 33 90 16 50 50 12 14 44 8 53 85 44 70 12 45 9 4 69 32 7 52 16 98 36
4 29 91 20 31 3 38 20 71 84 81 60 56 89 76 95 10 1 99 85 22 56 79 50 62 29 77 71 31 22 73 76 48 20 4 71 59 42 22 48 35 68 73 95 66 16 95 20 95 60 84 98 26 9 46 55 21 31 91 46 32 27 70 33 96 13 89 64 87 91 90 38 69 15 34 55 85 65 12 75 64 17 3 32 5 87 68 43 76 76 43 28 54 42 89 45 8 12 36 90 14 90 56 66 32 53 57 79 8 74 88 98 66 30 55 79 69 35 66 94 22 42 19 14 23 36 43 16 16 7 37 46 49 39 75 79 53 72 83 95 22 74 1 56 67 64 51 37 29 75 3 84 74 59 11 47 70 33 93 19 79 72 58 5 45 76 83 35 1 9 72 52 55 32 89 81 18 78 36 82 31 41 85 94 92 39 86 1 3 9 4 40 82 36 69 78 6 44 4 79
42 66 80 91 32 34 95 12 81 59 23 52 53 91 69 32 7 59 48 24 76 54 87 40 17 64 59 66 48 23 85 14 25 80 15 47 98 49 11 20 47 64 16 28 52 42 49 63 23 23 77 1 31 41 50 9 2 18 45 23 30 12 10 68 24 47 7 88 100 30 74 48 66 38 7 52 8 50 72 76 14 10 5 73 91 95 60 63 24 63 0 63 13 49 99 39 31 50 26 18 67 12 78 25 87 48 71 12 25 77 84 74 87 10 5 47 33 24 44 96 32 62 88 12 3 70 26 42 13 18 48 12 34 23 42 46 56 25 19 74 5 73 12 56 37 57 94 5 54 62 60 64 6 49 66 7 1 43 7 75 9 38 32 27 0 15 7 99 12 53 71 99 70 39 72 78 100 76 87 34 1 39 45 49 37 84 13 1 0 19 86 55 2 29 11 82 55 9 15 32
60 61 11 15 16 79 11 35 89 34 47 39 34 87 26 98 86 60 30 32 24 15 65 60 66 77 89 12 57 78 97 0 81 19 24 17 58 20 20 51 33 68 28 99 6 52 80 53 12 67 89 85 30 79 85 41 43 53 62 46 29 14 53 99 88 22 4 28 92 87 51 52 78 52 38 73 0 97 66 99 94 41 68 14 66 21 95 48 61 57 25 36 40 60 51 86 27 50 1 99 66 38 31 47 12 18 99 12 15 13 30 6 28 91 47 90 41 32 45 36 80 45 89 70 17 81 5 10 81 89 88 34 46 23 11 66 78 52 5 12 18 61 71 46 60 20 85 10 70 99 76 1 92 3 31 41 85 43 15 28 86 88 24 13 99 67 50 71 14 47 2 4 4 77 74 98 97 92 68 16 1 39 18 19 36 52 44 72 89 37 58 29 27 0 68 87 19 79 49 57
64 100 54 85 29 57 63 99 53 43 13 98 20 22 21 26 66 22 45 73 28 79 67 7 42 13 74 54 5 67 99 96 88 1 75 92 45 40 23 15 2 82 14 96 81 26 30 40 34 73 38 88 96 63 0 67 68 25 93 69 59 58 88 88 38 12 12 18 4 11 84 36 99 37 17 50 95 62 68 68 50 78 29 52 35 42 38 73 74 51 70 5 38 67 47 69 80 88 12 34 55 97 76 77 12 20 87 89 62 19 46 54 55 12 96 74 98 62 24 18 81 66 41 91 65 72 43 18 80 63 7 65 27 75 50 93 9 13 24 45 97 46 83 1 10 27 73 56 49 4 86 88 48 90 17 30 8 70 15 89 6 2 31 9 53 84 32 39 37 31 55 70 34 51 76 71 84 41 13 34 23 37 80 100 37 23 96 37 13 28 88 98 5 90 19 39 72 35 77 11
49 25 15 53 26 46 22 82 57 79 72 20 90 79 86 14 75 65 25 72 46 62 2 72 92 70 44 26 99 31 59 64 23 46 8 80 55 12 15 76 80 47 83 26 57 19 50 91 0 15 88 11 24 45 84 28 55 54 2 63 57 30 53 50 47 47 78 65 41 65 16 76 26 48 33 31 20 55 58 42 99 92 70 53 64 27 78 61 16 20 23 21 79 92 56 98 58 29 20 61 75 59 60 97 18 42 35 74 8 0 43 38 53 50 92 41 100 17 63 65 56 65 17 81 58 3 67 95 78 2 53 17 99 62 40 75 82 44 73 43 6 74 21 47 64 83 32 3 96 98 22 12 26 88 82 22 68 63 3 37 23 91 86 11 76 68 61 70 84 98 75 82 7 53 32 31 68 55 94 79 18 91 14 93 79 78 77 57 17 42 79 35 30 8 72 46 88 10 92 97
51 93 0 75 50 54 85 15 5 27 42 10 81 38 26 30 87 83 71 82 18 51 45 32 97 85 47 62 95 68 96 30 15 75 29 86 46 81 72 100 94 96 17 27 65 8 49 5 78 49 86 84 91 44 82 8 57 70 15 99 11 56 92 64 52 31 23 3 96 19 70 25 50 55 59 27 9 56 60 100 71 4 4 57 96 61 33 79 85 80 74 69 65 68 57 32 11 46 45 94 26 63 97 83 94 17 79 2 57 78 20 91 91 50 89 33 14 48 94 57 2 10 92 34 53 19 14 48 64 93 82 5 37 41 98 93 63 24 25 81 86 52 31 65 1 93 76 98 4 90 46 62 6 28 87 97 10 76 77 95 27 82 85 48 88 100 56 49 82 61 52 79 29 13 4 50 78 43 60 55 32 10 99 17 1 44 63 15 86 27 77 36 62 25 9 14 71 46 85 48
44 10 61 68 41 76 56 79 81 34 27 5 80 99 92 82 64 53 30 94 62 36 4 53 62 26 89 74 18 21 75 41 37 43 34 50 87 31 36 88 74 88 88 76 81 61 63 24 58 56 44 12 90 59 35 66 79 26 18 18 39 33 17 46 36 57 35 85 78 35 55 93 21 62 13 52 14 51 60 11 54 43 90 46 30 77 88 6 59 11 95 67 85 43 98 54 27 50 8 21 23 10 48 80 63 82 64 39 6 8 27 65 25 3 94 82 42 17 34 91 54 98 3 51 92 94 26 46 42 37 94 14 61 75 77 93 78 100 14 57 49 78 97 32 70 48 14 93 17 26 33 49 6 41 65 31 44 13 15 0 49 37 51 22 36 91 95 91 20 7 3 65 48 11 8 64 18 12 10 65 86 48 23 46 33 84 47 58 53 15 4 50 53 25 93 56 24 13 98 98
74 21 4 51 100 53 13 50 37 56 51 4 53 37 64 82 98 22 39 16 33 80 50 82 27 10 55 19 62 48 72 51 87 24 15 83 58 42 33 38 67 19 25 20 56 41 53 64 85 22 31 24 75 69 4 99 66 30 65 60 28 92 91 76 94 95 82 3 76 51 9 98 52 81 3 49 10 72 83 52 55 22 43 62 52 18 0 18 24 30 11 77 56 84 21 22 54 45 30 29 21 78 94 67 91 60 15 74 69 9 54 50 15 74 100 96 95 95 96 88 0 87 97 35 35 68 11 51 81 48 90 61 27 72 18 34 30 48 56 34 82 78 88 2 85 20 10 100 56 42 77 82 87 16 78 97 21 32 55 96 83 60 11 15 95 55 65 1 93 13 5 96 63 98 87 74 12 65 37 57 45 78 55 39 58 71 27 93 19 87 94 75 79 37 41 35 30 14 71 15
62 45 47 51 91 2 79 56 12 13 21 88 87 47 82 72 65 17 18 61 43 11 66 67 21 3 90 46 39 94 88 67 69 47 48 51 63 8 93 86 98 68 95 66 46 87 97 65 31 45 3 84 18 24 19 9 66 25 22 41 42 80 92 0 50 16 49 74 74 97 16 1 100 45 29 50 39 5 96 100 85 43 56 30 17 1 46 78 40 91 60 68 49 55 88 94 59 16 88 43 41 7 67 64 28 80 93 56 48 64 64 49 74 53 11 82 43 61 88 40 39 80 19 57 51 30 84 7 59 62 39 36 1 17 28 68 57 52 68 89 1 69 45 64 80 17 79 53 87 85 96 15 40 16 94 93 7 64 14 0 51 47 39 40 9 65 38 49 20 95 17 23 12 33 7 38 24 30 97 23 80 84 17 65 62 56 59 20 73 79 81 16 60 21 53 97 20 56 31 56
47 58 95 34 79 55 56 57 92 67 69 35 49 27 23 100 40 54 25 81 94 62 22 43 2 7 61 44 78 2 45 87 38 17 52 74 8 39 78 10 30 78 35 35 67 97 78 49 100 58 24 5 12 16 36 37 87 94 92 71 76 3 10 28 16 69 12 13 78 44 42 57 56 44 11 11 66 42 24 32 29 55 87 76 97 26 29 100 21 84 0 16 14 76 36 87 95 18 33 28 100 92 31 63 36 28 31 68 72 32 19 61 13 58 2 83 89 91 90 99 11 81 13 26 73 1 5 53 45 1 47 3 13 82 31 14 14 18 42 21 52 9 17 10 33 92 99 90 35 1 63 65 80 29 92 100 8 89 66 72 87 29 6 4 17 96 20 35 91 61 100 2 92 5 28 64 23 32 76 51 59 65 76 92 4 14 44 39 51 26 11 0 55 43 78 95 94 61 14 18
3 82 26 29 61 67 57 82 47 24 43 8 35 52 7 16 80 59 34 35 21 99 87 14 55 53 71 65 26 66 2 11 10 3 23 84 100 56 24 0 86 77 4 78 48 41 11 5 98 69 23 6 69 10 17 15 60 69 51 33 69 67 88 20 69 26 15 30 26 40 18 99 20 100 73 3 23 96 31 3 5 38 61 91 5 80 73 51 40 38 71 5 20 15 35 95 4 38 59 95 40 63 31 86 40 99 44 27 39 6 11 27 18 56 88 34 97 65 98 26 35 33 82 7 90 41 47 81 99 81 79 78 21 4 65 16 13 51 32 58 48 11 49 0 14 54 62 21 63 68 23 61 86 17 36 8 11 2 3 22 38 4 90 66 92 61 21 68 3 38 91 75 49 23 69 8 53 5 92 47 41 83 92 79 71 30 29 50 31 80 1 23 24 56 76 55 14 48 17 44
16 74 94 17 52 20 28 58 43 19 95 96 54 26 21 82 29 30 49 50 0 15 51 56 97 19 77 30 4 11 29 15 51 6 91 16 0 34 82 83 97 15 17 77 94 34 34 68 7 58 88 38 54 72 68 5 54 64 51 0 37 25 65 16 46 6 87 64 36 69 64 45 67 52 75 18 26 37 47 100 15 60 4 93 75 78 54 84 49 23 71 32 16 60 15 10 44 95 47 97 55 27 61 98 60 6 80 55 98 99 32 6 20 51 67 25 70 56 71 31 79 7 6 54 37 36 55 25 37 76 87 44 42 26 42 17 50 12 36 55 98 71 89 14 97 67 67 52 14 14 30 89 6 3 84 27 98 70 19 97 84 16 83 20 38 43 90 26 92 95 53 9 31 18 10 8 13 25 16 18 95 29 90 47 60 10 78 63 5 91 0 74 7 26 8 58 25 2 95 58
95 75 66 41 68 89 17 87 61 30 71 7 1 47 16 35 96 26 4 47 46 38 4 90 60 26 20 44 49 92 100 44 51 26 1 37 8 10 32 100 32 28 9 99 33 67 71 31 19 28 30 39 53 52 52 26 33 74 99 76 92 100 100 5 62 78 4 94 38 35 65 69 12 38 13 86 6 20 11 100 36 8 62 49 51 94 11 75 62 26 50 55 100 1 45 26 67 29 42 44 32 30 84 32 70 58 3 97 7 56 22 36 73 46 82 42 84 91 71 3 1 55 42 65 75 35 82 99 74 16 65 41 74 91 78 16 13 76 72 78 34 93 79 90 18 73 13 89 43 7 21 81 92 99 48 21 81 99 78 82 30 47 21 57 15 12 57 39 20 100 11 39 16 71 83 83 57 33 12 37 20 62 61 49 77 95 21 15 38 16 66 37 83 80 31 37 4 67 1 3
66 34 6 5 51 90 54 36 36 100 3 31 86 1 65 57 35 1 33 5 96 57 68 72 90 16 20 42 0 71 18 63 40 73 2 45 41 85 36 94 96 25 72 83 84 62 70 63 12 16 12 49 48 10 82 88 44 84 67 45 72 73 56 39 77 58 6 93 4 93 90 40 84 50 84 49 34 28 72 62 25 16 98 92 8 26 10 75 33 90 1 69 66 59 65 93 42 30 0 88 51 90 21 39 40 94 98 26 3 38 57 2 67 43 3 83 72 48 53 83 86 100 75 99 74 66 13 98 2 71 78 8 62 5 5 20 13 60 82 1 52 18 15 55 61 4 7 87 52 6 27 87 24 5 50 41 82 37 40 11 88 86 48 64 40 64 19 37 76 33 52 20 4 7 57 84 29 5 6 19 86 6 35 6 95 53 38 44 39 4 91 54 17 47 4 78 93 39 39 100
81 51 3 19 45 70 81 90 26 55 77 0 17 16 27 64 21 53 19 47 83 32 32 32 36 99 65 12 75 46 68 99 25 55 28 91 67 83 49 36 91 34 70 31 56 44 89 70 85 17 87 96 100 24 4 63 86 37 59 72 18 77 91 91 19 1 22 9 96 59 70 68 55 87 38 20 7 94 87 82 43 49 0 27 49 28 55 72 99 76 0 32 0 78 27 10 48 5 38 59 48 56 6 50 76 80 72 43 98 98 38 10 53 68 77 28 35 73 67 73 33 36 30 47 79 32 61 66 33 42 22 88 31 28 11 22 86 61 47 8 27 74 93 70 42 94 27 1 85 20 71 52 50 0 38 81 17 58 39 47 96 22 80 58 52 40 72 14 74 42 51 13 51 59 100 96 56 30 45 90 71 62 10 82 9 62 35 5 66 30 8 88 53 52 68 53 79 47 23 100
70 53 27 49 16 96 18 95 4 87 9 36 76 86 100 57 45 75 43 75 56 37 43 14 87 41 14 21 25 37 24 42 33 19 1 95 30 56 32 94 96 66 61 0 48 98 46 16 82 88 74 38 83 21 92 53 89 36 12 81 43 31 54 27 67 78 3 50 38 32 87 69 70 22 69 33 23 69 28 10 90 47 51 64 24 35 85 58 81 14 26 7 56 99 21 6 29 8 64 76 11 28 71 76 78 30 84 80 3 77 11 71 86 38 62 67 32 24 46 58 40 21 55 75 1 78 5 57 38 100 79 85 70 55 6 34 26 75 34 88 41 55 61 30 64 91 76 86 95 38 8 40 98 88 53 76 40 67 85 41 6 67 56 80 87 9 78 44 58 53 80 93 63 32 14 81 0 99 15 79 58 18 30 86 62 84 40 34 49 98 5 20 99 0 29 29 59 4 41 19
35 10 15 50 56 22 43 88 23 32 19 38 27 58 76 44 77 25 97 91 72 36 7 12 89 90 13 8 31 37 84 69 3 29 19 96 2 83 7 40 80 61 66 71 72 99 30 49 40 88 73 19 12 17 29 79 66 9 7 0 96 68 35 48 63 58 41 42 85 20 47 27 71 35 45 90 72 94 62 48 92 32 87 74 21 73 50 24 48 79 56 100 56 18 48 2 43 43 22 5 64 75 34 26 86 49 26 27 82 95 11 79 9 89 9 47 13 87 14 56 56 28 95 67 6 26 50 84 55 31 69 72 67 72 21 31 26 52 25 2 76 77 43 9 97 84 63 89 68 73 36 93 83 25 97 32 22 36 76 61 6 94 69 35 77 16 75 92 96 71 73 84 87 59 33 64 34 31 78 82 4 37 24 64 84 10 36 81 73 13 27 83 81 43 19 56 0 52 88 87
27 56 55 97 91 43 57 48 82 66 66 52 37 74 3 10 8 32 44 62 48 54 58 74 21 85 27 75 25 100 46 73 55 32 59 51 49 3 83 10 44 57 45 85 52 86 89 7 64 44 29 66 11 92 24 13 57 22 45 96 69 98 3 38 68 86 36 9 28 10 52 57 39 56 7 90 85 36 47 60 78 48 42 32 95 95 17 21 44 13 39 29 98 55 39 45 76 93 50 97 76 26 97 98 53 95 23 38 55 58 8 29 53 35 10 65 39 91 100 11 84 100 57 17 43 17 86 46 13 77 41 95 70 52 88 43 88 92 88 87 83 29 50 95 1 99 70 15 10 37 80 65 16 57 70 60 78 52 92 51 7 27 85 18 61 67 16 77 76 67 35 92 57 66 86 16 100 1 40 88 34 20 81 68 62 46 20 71 28 94 34 84 94 61 82 87 98 95 79 96
97 62 14 24 47 68 3 48 5 20 8 10 56 74 69 17 84 8 82 48 29 28 72 57 0 60 4 16 42 66 61 64 81 93 19 76 30 12 83 95 97 67 90 31 31 64 24 57 42 87 87 2 44 25 44 42 70 77 2 83 31 32 32 96 12 66 86 52 100 100 50 77 25 87 81 67 100 7 50 63 30 89 27 6 31 99 50 46 19 98 83 68 62 54 38 36 3 66 2 73 100 81 53 42 55 72 81 10 100 89 73 81 19 42 91 70 14 29 48 37 31 53 42 18 58 55 42 95 10 97 96 12 77 31 28 59 1 15 92 7 41 75 56 53 64 67 23 34 44 51 90 18 93 4 55 31 10 87 60 9 18 48 72 48 94 67 73 55 4 49 13 39 46 44 71 84 46 82 19 97 18 46 81 81 48 71 32 52 28 88 45 99 70 13 50 51 100 84 18 41
42 64 47 35 34 1 85 12 58 28 27 80 83 10 28 40 85 98 32 6 50 44 42 81 32 35 10 50 69 39 48 60 41 67 7 92 40 35 73 58 18 35 82 31 17 73 21 33 41 69 35 89 50 10 25 88 28 26 95 85 48 82 7 55 5 11 28 93 74 12 11 55 53 66 85 80 67 82 75 73 26 63 5 10 49 87 71 73 52 74 1 80 52 52 78 83 26 30 20 35 13 80 29 65 28 17 10 86 48 97 80 24 98 53 2 19 84 81 74 31 29 53 63 28 59 30 29 42 93 99 93 45 43 95 51 2 56 68 56 62 24 61 99 35 97 17 24 4 34 58 67 95 80 18 88 70 2 9 50 18 36 28 93 96 1 23 62 7 58 74 31 75 100 14 68 40 38 15 100 36 17 58 26 91 63 89 46 71 70 48 50 5 29 89 57 37 1 50 88 41
5 14 99 58 95 63 9 75 30 98 5 72 86 12 91 78 41 42 31 79 19 61 2 78 83 74 70 97 93 34 26 48 16 87 93 42 84 21 85 3 98 42 40 5 69 80 33 39 54 71 99 35 16 29 3 2 38 36 41 32 6 71 50 39 12 92 100 43 92 69 14 41 85 18 35 15 8 9 70 67 79 37 65 95 34 95 57 20 59 57 94 58 40 48 68 57 81 19 81 91 17 10 30 52 16 87 79 41 30 24 19 100 68 70 18 51 65 10 43 35 70 19 84 67 38 40 20 65 64 56 6 3 56 45 76 1 24 91 64 15 24 30 10 94 12 45 44 21 92 34 82 24 6 70 90 83 62 93 18 29 94 59 15 96 1 46 67 20 17 95 25 8 92 91 76 12 68 65 9 37 27 49 85 99 66 84 53 67 16 59 21 20 91 40 0 46 99 69 45 10
31 20 28 17 9 66 65 81 23 96 53 42 32 46 31 28 24 70 26 31 72 16 36 97 5 33 47 18 33 33 51 48 76 45 51 64 79 78 96 61 100 26 48 44 45 18 49 54 28 2 3 99 96 3 39 88 33 30 56 14 16 7 59 27 17 100 33 60 32 80 11 23 1 96 30 86 94 47 22 92 15 86 1 32 66 54 89 35 52 20 23 39 23 56 69 74 18 93 39 47 30 51 23 63 51 44 84 34 1 62 23 33 67 86 86 78 63 64 45 4 69 71 0 54 52 31 42 17 80 0 24 60 14 71 98 95 9 87 9 66 20 65 62 24 10 63 97 22 68 60 98 27 16 55 44 15 8 81 66 59 92 84 43 36 81 11 72 42 13 91 53 97 23 35 31 60 70 1 9 42 71 39 21 38 85 58 100 34 66 34 9 58 46 52 34 93 82 92 22 12
34 28 84 18 70 30 0 57 95 10 53 83 23 20 56 34 99 7 84 6 66 65 31 96 19 53 89 20 96 98 17 5 56 44 49 49 53 56 72 58 9 2 95 3 22 42 49 76 69 91 27 79 78 84 74 21 48 5 37 25 67 55 26 43 42 85 100 70 81 0 90 32 92 85 12 5 58 41 67 20 36 32 21 98 94 27 96 68 85 26 10 17 34 90 88 57 60 73 48 30 30 83 27 50 81 58 27 36 5 80 82 99 91 3 13 85 32 48 22 34 29 10 42 23 42 46 71 26 42 8 54 88 31 7 89 7 26 60 57 58 100 78 90 87 17 6 97 50 23 63 56 19 79 25 17 33 5 80 43 39 94 47 77 29 58 79 93 74 20 52 51 6 76 67 19 55 50 0 31 57 67 6 83 31 80 37 39 21 92 79 44 61 37 45 22 60 12 13 22 5
37 67 94 96 36 18 43 16 56 89 98 36 48 44 91 11 93 84 91 55 84 94 75 0 39 41 51 22 75 27 51 69 94 85 4 60 55 79 61 27 60 19 51 41 20 58 69 52 22 10 32 35 88 76 38 13 91 34 47 23 50 93 47 71 67 69 90 88 66 14 54 84 91 74 25 97 36 78 38 58 41 88 65 98 16 41 52 31 36 96 41 72 68 79 58 75 84 91 96 60 80 54 44 43 75 67 47 80 93 68 100 90 19 38 44 88 90 45 14 73 37 96 5 1 21 5 29 96 21 52 30 61 99 48 47 64 30 10 29 70 64 70 31 18 100 76 12 53 3 83 23 78 40 61 51 85 10 96 38 9 30 63 0 4 80 8 40 88 78 55 64 86 49 21 77 74 4 82 11 87 99 59 63 4 46 1 27 74 63 67 82 83 89 0 61 79 44 83 48 95
53 46 15 66 29 14 58 65 76 1 25 75 9 61 35 30 55 44 74 68 83 69 61 48 42 87 29 21 24 25 51 58 14 76 85 83 26 5 98 12 56 27 99 41 61 49 81 53 41 94 75 78 28 14 42 39 8 55 28 28 82 81 24 22 71 33 8 88 72 36 100 71 11 83 98 19 78 40 64 48 70 1 34 98 22 17 37 72 90 81 41 26 26 12 75 36 11 37 13 15 53 81 67 84 49 31 62 3 47 56 33 1 52 27 44 46 78 19 81 68 22 69 14 29 8 62 4 85 2 44 66 21 81 1 45 12 56 72 29 62 75 41 61 96 96 47 36 44 88 17 32 53 30 62 21 37 82 39 40 32 5 73 19 7 95 95 26 63 62 26 13 0 47 47 8 42 40 6 23 14 3 49 11 93 48 90 30 45 44 95 44 31 17 32 31 12 73 5 26 43
29 73 66 50 64 79 39 98 34 77 3 14 98 24 70 6 42 26 23 11 32 42 79 15 41 79 89 79 11 0 96 4 0 53 25 20 24 74 44 49 57 11 98 45 10 84 44 93 64 90 41 24 79 84 75 1 89 64 60 83 36 43 3 48 7 49 39 41 56 64 43 58 74 48 14 96 15 87 7 73 61 72 66 27 82 67 16 99 40 52 6 51 10 11 88 26 20 20 37 99 91 45 62 28 6 99 96 5 57 68 13 19 75 8 98 98 52 7 11 47 62 78 73 8 55 70 22 49 95 61 90 10 24 95 5 91 0 45 6 47 62 17 12 98 68 42 56 18 90 21 65 3 72 67 64 30 57 53 99 60 2 95 38 0 13 67 19 81 70 59 5 92 73 23 51 70 53 46 17 35 23 100 70 49 23 91 10 10 92 66 46 58 83 63 61 24 90 55 73 62
63 32 48 49 86 79 26 7 60 20 86 2 66 1 88 38 51 98 16 83 54 29 86 50 28 39 57 89 7 47 76 64 16 78 60 33 11 98 97 43 38 82 60 76 97 61 24 74 25 99 79 2 2 42 24 70 19 34 57 52 23 68 39 51 39 79 91 63 83 15 92 93 4 0 43 74 16 15 67 95 71 27 30 84 60 37 28 32 74 28 65 5 54 51 93 57 64 71 86 94 55 67 88 55 0 36 84 61 1 6 35 52 71 60 59 61 56 66 97 35 27 83 0 24 83 45 39 85 84 40 91 1 64 94 49 11 76 96 97 99 22 37 34 19 26 60 25 83 15 60 92 56 14 71 37 33 37 51 57 75 74 65 16 58 11 77 34 97 99 55 46 35 26 68 93 28 96 61 99 54 11 6 79 4 64 34 91 45 13 79 79 78 53 1 42 1 45 48 68 6
9 96 92 73 32 65 91 82 76 55 30 36 23 85 83 24 88 49 59 65 60 39 42 27 85 33 52 26 32 24 77 14 27 70 6 57 85 97 14 53 91 8 14 54 22 12 52 99 56 94 41 6 26 39 32 82 54 37 96 7 67 16 76 59 66 47 64 68 37 83 98 4 13 51 44 23 31 8 51 65 98 47 100 32 72 0 33 68 33 46 15 63 26 84 58 89 58 52 37 69 82 21 20 93 95 18 92 22 44 100 35 85 12 61 80 64 53 23 70 87 74 41 53 80 87 83 75 5 97 81 9 7 7 47 74 44 42 63 26 97 22 83 34 3 74 77 82 69 38 80 43 21 84 18 65 89 7 45 14 76 98 54 95 68 49 83 32 73 85 20 16 60 2 2 48 48 98 4 22 49 13 82 67 11 74 52 60 76 37 71 81 58 33 60 21 78 39 68 80 31
96 71 78 6 75 19 90 4 70 77 0 39 96 33 41 30 89 52 74 52 46 96 52 69 11 11 64 54 75 10 27 75 93 69 1 90 33 99 83 1 51 56 1 60 31 71 56 20 27 33 19 51 24 77 98 96 18 85 75 80 6 47 68 36 8 73 73 37 65 93 56 88 48 29 3 1 30 3 78 7 100 56 46 26 77 43 86 76 58 99 29 88 29 13 60 37 31 11 8 79 18 23 46 32 16 2 78 22 18 13 63 14 73 76 41 38 15 43 4 33 23 73 26 9 29 44 37 21 41 74 27 53 78 15 97 47 39 35 76 81 8 85 3 8 88 8 28 34 58 44 11 45 77 56 51 42 55 54 5 95 80 34 10 9 15 11 39 88 2 93 33 1 28 20 73 30 30 32 64 31 30 69 5 10 21 72 52 37 95 58 12 86 76 63 67 12 100 65 88 43
73 14 82 74 75 76 88 43 63 51 6 78 80 32 76 74 98 95 71 55 28 11 99 3 92 86 98 7 99 48 90 96 61 69 35 63 72 5 53 82 30 86 88 81 58 24 29 65 88 84 98 90 95 90 73 8 80 31 43 88 98 92 42 2 85 77 30 24 48 28 26 15 81 0 8 29 77 72 83 82 13 24 30 75 0 53 55 3 76 48 16 18 10 39 84 10 93 41 64 12 38 8 73 84 22 71 6 14 98 81 63 29 80 45 23 58 50 51 4 75 15 68 92 33 91 59 14 94 88 57 16 70 30 15 16 99 8 44 59 25 73 26 61 54 82 48 10 48 92 51 82 10 3 22 83 13 43 72 40 54 6 54 33 45 66 82 100 23 35 38 78 87 6 3 79 13 88 69 28 75 6 71 28 64 67 10 63 40 68 11 6 88 9 78 62 20 80 14 39 44
18 27 20 29 94 83 73 54 52 21 81 72 25 98 69 17 97 79 8 71 13 80 46 63 27 5 0 1 21 13 72 49 99 94 27 2 3 90 14 65 82 19 86 100 75 9 60 98 61 46 55 92 13 75 78 9 52 19 61 20 17 88 73 96 28 80 73 78 87 18 88 62 59 49 75 94 48 32 41 13 45 88 56 58 97 51 1 28 60 52 62 47 10 66 65 57 84 32 8 40 61 65 54 26 94 11 82 16 78 47 18 10 62 8 32 47 90 64 41 43 66 8 43 81 72 47 47 11 6 76 42 78 57 31 25 37 12 72 15 64 92 92 35 93 50 20 86 100 55 9 73 67 42 9 67 4 1 91 26 42 19 21 92 30 60 58 100 85 7 10 34 3 22 85 47 23 23 24 3 13 2 50 9 71 1 42 81 22 36 50 56 33 12 50 11 71 9 88 83 20
34 68 32 80 27 26 75 95 4 96 94 51 8 3 7 76 21 40 23 37 18 37 11 69 26 97 73 74 87 18 12 66 24 94 100 10 44 30 98 21 98 23 92 40 51 78 59 40 4 2 88 87 41 8 23 87 81 46 3 12 95 99 95 88 75 11 81 31 63 20 65 36 47 15 13 19 53 67 92 11 41 61 80 88 62 63 10 18 31 60 80 100 35 59 16 82 1 93 67 67 72 11 16 2 76 12 0 64 36 40 86 82 50 31 96 55 45 93 99 71 19 78 41 14 16 16 82 9 70 29 6 95 97 88 61 84 44 93 3 65 15 16 87 15 96 53 81 31 45 2 9 41 94 38 69 42 8 91 18 74 64 31 14 10 70 65 69 69 29 43 4 29 19 94 82 69 74 34 71 11 67 93 74 78 76 39 90 37 67 23 56 43 31 62 74 72 86 19 8 52
31 53 81 41 18 22 60 80 79 73 77 9 48 69 66 2 35 17 50 21 58 99 46 36 65 38 23 22 92 15 38 24 56 92 49 26 1 62 22 8 31 33 48 27 92 98 82 33 97 99 47 82 90 10 95 52 80 34 46 0 35 96 30 82 57 77 15 34 59 80 17 2 73 75 75 91 68 16 60 63 9 60 85 69 8 51 55 65 69 81 47 5 48 66 33 11 94 44 62 78 61 81 83 88 37 11 96 34 75 86 25 2 96 75 75 29 46 32 63 87 19 82 54 62 33 40 66 91 42 79 89 55 92 74 83 64 61 73 2 96 57 10 89 35 81 93 96 43 69 25 53 13 62 44 98 90 31 53 68 12 3 30 98 49 94 63 42 30 41 31 60 50 27 95 43 38 84 56 43 98 29 47 98 77 50 11 57 1 7 50 50 53 71 43 64 72 94 49 11 50
32 44 2 23 57 20 2 80 49 100 5 17 54 89 100 93 33 42 93 7 17 97 20 6 54 92 100 18 40 91 89 18 98 76 28 81 42 49 33 84 92 6 53 36 57 48 48 16 78 23 13 77 38 47 86 30 57 53 12 41 96 52 0 80 43 65 16 50 0 74 30 28 98 40 20 65 79 81 20 85 6 47 47 96 75 90 88 99 12 55 42 82 83 24 30 59 56 32 8 97 73 28 7 36 98 90 89 35 37 65 68 67 57 0 81 41 3 33 30 86 9 22 20 34 47 57 81 67 60 79 57 0 59 0 47 48 6 36 15 56 26 7 23 29 95 69 90 5 9 0 78 3 99 12 52 40 53 12 26 26 41 31 38 18 93 69 32 99 64 75 26 45 62 75 75 25 87 92 22 29 46 0 99 20 1 51 40 64 97 12 46 67 99 35 87 97 15 52 23 76
37 11 78 84 43 89 77 60 58 89 67 63 50 81 69 20 13 20 11 0 53 21 54 22 55 35 31 70 59 48 74 49 39 91 66 14 0 77 39 55 75 61 5 99 11 39 16 35 27 35 59 12 99 68 48 0 22 12 35 38 20 12 25 63 15 75 20 63 82 62 10 62 71 75 84 7 97 21 68 92 35 35 13 72 57 15 43 30 69 60 70 76 41 69 18 42 74 89 49 100 59 28 91 85 54 65 27 69 62 97 46 43 99 75 57 25 49 52 2 92 65 67 54 85 40 69 8 68 23 23 63 96 12 88 57 100 17 57 15 74 49 64 17 25 82 94 13 10 28 39 85 81 14 31 10 95 44 90 23 61 18 37 84 97 34 86 4 39 40 71 15 29 19 33 61 97 80 62 87 43 29 32 63 2 49 75 49 75 26 25 97 96 56 31 90 12 27 20 31 28
23 71 15 79 20 98 57 76 42 74 3 31 61 87 72 74 27 38 3 76 74 24 12 87 10 25 81 97 51 22 23 40 94 30 42 21 53 28 6 32 88 94 51 89 91 57 93 78 51 78 80 15 92 33 51 3 15 16 71 46 78 60 69 34 5 30 89 53 76 93 8 71 11 74 59 68 80 66 69 54 31 25 62 29 26 35 28 12 88 81 69 1 32 86 96 73 75 34 83 53 80 44 87 83 84 3 13 45 25 79 51 40 37 90 74 99 21 7 49 54 6 45 86 24 30 9 83 2 78 88 54 36 34 59 29 100 68 45 89 9 0 93 35 77 51 44 56 0 5 38 60 67 21 100 95 87 62 32 60 29 48 63 35 55 3 23 7 11 15 26 55 54 54 76 50 47 52 96 1 94 81 68 95 36 58 24 12 2 27 1 18 72 65 100 60 7 5 10 64 78
32 75 91 77 33 74 57 47 79 94 53 74 2 30 3 6 48 60 13 25 5 50 30 8 67 5 23 100 49 89 85 46 36 71 20 5 0 7 49 92 84 31 75 89 15 15 95 2 87 19 89 5 81 84 75 74 40 15 7 61 75 70 98 68 52 91 6 2 11 14 15 35 10 86 27 83 29 53 100 13 51 58 72 3 55 57 87 21 70 15 8 42 9 31 87 48 5 94 97 96 50 84 33 30 95 82 65 70 13 35 80 38 31 94 8 29 9 56 33 12 55 5 17 70 76 36 96 59 99 4 100 3 77 75 13 90 22 20 13 11 56 82 34 49 35 9 8 92 80 60 50 95 2 71 73 49 95 60 85 20 81 81 23 53 77 93 5 37 62 36 94 5 39 81 14 100 3 35 65 24 7 77 51 3 86 0 67 29 85 92 48 79 81 78 90 62 8 93 87 56
50 56 36 0 15 81 64 23 40 26 30 70 42 62 11 19 33 46 8 85 96 93 65 1 22 12 3 46 13 41 12 62 18 22 81 58 97 68 72 16 57 16 84 33 55 11 79 76 59 91 21 88 63 50 42 9 67 12 90 28 28 57 98 34 24 94 36 98 70 28 21 34 69 94 35 31 77 68 38 41 33 10 6 86 5 82 15 44 80 1 84 17 32 78 69 4 85 43 83 13 82 94 18 63 17 32 91 18 97 82 57 68 56 21 21 95 80 98 68 8 69 21 38 83 97 44 12 47 80 62 67 72 34 5 55 80 85 65 58 42 16 70 89 15 56 19 55 7 61 77 20 96 14 73 23 81 51 19 42 62 7 62 45 26 23 86 84 97 4 84 93 97 43 51 2 43 39 79 68 6 19 26 73 85 45 99 93 95 5 55 2 90 30 79 40 4 34 20 52 65
46 31 57 10 83 63 82 51 96 7 12 98 81 77 81 17 41 43 38 27 24 8 67 46 22 22 94 88 71 36 24 37 92 1 54 6 7 21 58 93 96 94 95 35 77 0 5 9 41 48 7 81 54 37 27 83 26 11 9 70 48 4 80 0 76 76 61 33 27 17 18 69 88 29 21 65 62 57 46 22 75 86 81 95 37 88 33 89 16 51 91 66 2 40 53 87 89 11 34 30 65 25 74 3 85 64 68 82 52 78 69 99 98 56 64 70 42 45 31 57 61 40 21 77 46 84 25 22 39 93 41 64 48 56 8 93 4 18 49 55 73 81 27 50 5 87 34 100 29 17 14 24 75 10 37 41 65 87 86 95 97 77 65 78 16 84 23 76 42 82 74 56 68 89 38 3 66 77 56 4 98 4 55 79 18 31 0 72 36 62 25 12 45 93 64 10 45 21 48 44
13 6 7 91 89 35 84 93 71 98 91 72 52 15 31 1 59 68 97 95 66 63 3 83 77 84 55 60 8 46 90 13 80 33 34 1 29 44 4 14 67 72 18 18 48 38 45 21 56 2 30 75 37 71 57 88 67 25 39 69 88 99 35 38 5 8 3 6 52 56 12 53 39 30 83 19 10 90 46 37 82 23 66 17 25 4 2 91 90 63 3 95 24 83 37 28 4 84 93 35 48 74 44 35 73 37 34 24 4 54 27 24 6 19 96 5 80 68 85 74 0 26 64 8 40 65 78 95 41 46 50 85 46 70 84 3 42 28 45 5 29 39 62 40 60 90 39 6 69 27 63 80 97 4 13 64 72 64 61 67 27 42 59 61 65 37 12 44 5 6 77 17 78 30 13 8 0 88 51 25 99 6 28 67 18 51 22 27 23 75 39 55 16 96 45 35 27 14 93 48
89 34 66 60 27 48 15 89 53 40 52 8 33 32 34 5 78 39 96 30 71 59 82 82 52 87 95 55 13 77 84 28 10 13 9 69 45 42 22 28 63 49 100 82 41 36 9 83 55 42 26 53 4 40 24 67 86 57 85 79 7 85 57 69 46 65 73 84 7 78 90 73 92 2 49 1 43 94 77 45 79 13 57 57 87 46 24 89 14 35 78 86 8 92 57 78 3 30 96 13 45 4 29 4 45 62 92 6 79 91 89 9 41 4 25 59 32 68 97 89 63 20 7 6 28 75 73 14 74 47 85 73 40 50 88 20 67 40 84 92 52 6 56 72 29 78 79 91 64 36 50 52 95 56 95 73 2 89 77 79 95 33 16 9 20 30 71 0 53 32 95 50 3 76 93 42 15 77 77 18 22 51 81 54 13 45 6 31 69 33 13 12 96 99 85 77 71 20 29 36
30 92 98 94 74 20 56 33 33 53 6 19 29 72 99 83 2 53 7 68 75 10 56 100 74 3 53 64 50 59 68 98 48 74 89 24 87 8 30 10 75 52 69 76 97 55 70 59 4 55 37 0 94 21 87 89 4 59 81 76 8 85 45 53 2 97 100 12 98 89 30 11 87 75 91 45 67 99 95 54 18 72 1 98 70 0 46 67 23 69 76 89 44 79 87 11 35 75 92 1 73 62 30 50 19 57 48 72 84 84 27 6 38 51 22 43 35 64 71 12 93 9 9 3 2 47 30 64 67 6 45 29 17 93 79 87 20 73 54 23 71 32 41 11 29 43 62 8 51 95 12 53 71 33 32 17 5 59 6 71 86 15 28 33 86 45 77 70 32 56 93 48 98 36 20 30 62 72 40 42 61 41 55 83 95 16 70 53 31 12 76 100 79 78 38 44 16 78 77 27
78 5 86 24 26 35 94 27 38 40 45 47 20 84 7 26 99 97 60 25 17 69 70 54 8 86 6 52 42 14 17 64 75 86 79 89 31 9 28 66 8 97 12 77 75 94 5 64 18 56 45 84 29 56 20 23 16 76 45 65 36 34 51 72 73 58 50 22 23 22 81 27 48 42 93 3 41 75 100 86 74 98 36 42 55 44 67 80 26 44 70 0 17 93 30 31 20 69 4 31 97 33 59 97 81 66 78 28 68 83 61 6 44 91 52 72 43 97 32 36 92 32 15 6 48 73 12 78 37 89 43 0 51 69 41 13 4 27 40 98 19 68 55 18 54 58 16 72 38 43 86 57 17 18 86 39 35 98 19 58 18 9 34 48 69 17 58 35 2 90 81 82 2 16 32 63 71 60 54 89 0 36 14 22 64 17 71 42 34 25 99 97 32 3 52 36 15 44 58 39
6 100 39 10 42 44 55 74 18 56 40 81 39 26 21 41 9 79 94 57 98 94 36 6 19 67 45 4 5 19 100 71 33 44 84 31 10 21 82 76 0 8 23 37 91 38 71 82 85 25 6 69 1 84 61 85 27 77 29 65 8 20 12 3 24 70 20 17 83 3 45 84 17 85 57 70 64 25 59 41 78 87 48 56 98 32 44 4 39 44 47 29 47 39 80 14 1 55 17 85 92 18 11 55 70 15 56 30 43 84 81 49 46 67 74 57 28 10 53 0 40 8 18 37 33 97 46 86 42 45 36 52 72 67 37 84 71 2 53 90 52 71 61 69 87 34 80 56 71 1 47 31 97 85 54 42 97 90 43 67 49 22 26 65 18 94 64 32 70 49 32 16 91 90 20 3 2 57 12 72 9 22 50 8 44 78 34 58 43 16 86 31 88 44 61 1 24 79 1 78
9 95 64 69 82 69 61 48 81 1 23 14 73 86 57 85 7 86 99 38 98 47 59 65 32 8 33 51 78 80 91 76 52 43 10 55 57 55 25 62 95 24 64 71 42 10 94 62 92 47 35 55 37 3 84 23 69 85 88 11 79 61 17 57 50 16 8 39 30 17 60 70 27 85 60 22 58 86 27 39 70 63 3 29 41 33 36 82 13 35 51 58 19 12 56 3 26 74 25 0 23 32 54 67 19 94 8 41 4 81 39 4 65 22 82 48 73 53 16 48 29 37 72 43 53 0 29 69 28 27 67 55 2 1 80 44 80 20 55 58 65 4 18 35 61 37 82 12 21 38 3 38 13 88 76 19 16 40 16 16 10 89 40 93 39 55 24 27 92 6 1 75 74 66 76 27 72 53 48 68 23 2 5 13 95 50 40 63 98 7 86 54 40 83 29 32 28 44 66 87
90 90 95 14 80 72 1 98 58 73 95 30 8 64 24 96 10 12 27 59 99 51 50 95 22 24 25 47 21 83 68 69 94 1 86 77 29 2 25 17 26 40 97 82 80 51 37 4 20 49 17 90 13 58 22 3 69 51 19 0 71 58 23 96 54 59 52 49 63 58 35 10 17 23 90 26 30 84 81 83 65 41 91 66 40 25 39 7 80 6 37 68 89 32 31 27 39 18 82 55 83 0 44 21 72 36 6 92 54 33 42 58 96 90 87 33 19 37 78 60 13 8 96 79 40 19 25 16 87 67 94 16 47 66 78 23 48 41 71 31 63 11 91 33 24 32 19 76 4 30 89 89 23 95 47 57 62 80 24 63 53 77 76 30 61 16 25 4 99 48 28 42 14 73 80 90 27 83 31 25 19 20 72 23 70 20 5 92 1 75 67 97 60 10 19 81 47 53 29 98
31 45 43 74 60 75 17 67 69 76 22 75 16 65 74 72 34 19 21 20 69 63 98 9 99 69 78 18 38 27 96 72 36 59 14 74 56 87 93 34 8 10 50 65 76 92 54 98 9 87 69 6 87 98 26 87 36 10 21 60 86 39 33 78 55 98 65 59 94 100 92 43 70 32 81 25 51 23 91 24 66 10 100 20 85 76 13 83 18 88 93 91 1 75 69 94 78 62 65 81 17 35 61 35 23 36 97 12 84 37 42 42 23 73 51 1 15 16 26 33 0 78 88 89 5 33 19 70 26 3 65 21 16 22 96 24 5 62 44 42 81 27 50 27 32 98 73 42 81 17 88 32 7 14 18 77 63 19 19 29 4 95 90 99 87 29 63 1 31 100 50 25 22 75 70 97 34 68 97 1 59 5 38 55 2 88 79 23 22 7 71 54 28 82 1 18 87 24 54 60
85 27 84 8 9 67 91 24 11 5 14 5 61 40 49 20 31 46 50 97 64 57 8 31 63 7 65 29 40 46 30 48 58 97 9 23 51 55 58 67 70 1 49 63 11 44 8 31 0 92 90 89 61 65 82 15 25 24 15 51 79 50 30 83 98 66 15 16 100 71 53 49 71 89 87 51 45 81 66 65 38 42 20 69 41 87 67 2 40 51 45 30 46 17 30 6 74 47 20 7 10 24 48 78 11 94 52 86 75 91 18 66 46 33 67 34 85 11 71 29 93 75 43 96 98 21 0 7 35 99 5 38 61 98 58 90 64 39 86 23 71 46 13 93 64 83 98 90 48 15 19 62 47 0 38 31 18 48 35 91 35 36 62 12 13 52 55 65 10 37 79 22 34 72 32 21 57 94 6 51 17 72 64 51 62 41 86 57 63 88 97 17 15 56 67 17 91 93 91 16
30 58 17 41 36 97 74 36 25 66 23 2 98 82 74 28 76 35 37 26 3 42 69 27 74 96 91 90 37 2 64 92 57 37 33 27 84 43 39 27 44 52 23 84 24 15 39 76 93 8 27 63 15 31 63 84 19 54 32 85 26 64 41 0 16 14 3 98 88 0 24 94 56 36 10 71 61 46 1 98 45 91 56 18 36 34 20 77 94 24 59 92 94 83 9 60 91 35 11 60 44 73 21 86 51 29 45 58 19 68 48 93 71 60 39 58 17 1 95 31 67 90 56 72 62 62 44 70 82 3 13 96 48 55 28 40 83 40 77 26 16 80 72 50 16 34 41 37 46 83 75 36 65 41 55 82 11 54 88 63 11 2 32 86 44 89 51 29 29 72 47 61 88 97 68 97 18 45 27 44 81 19 55 45 98 81 45 55 25 76 13 79 60 3 1 93 2 4 13 42
74 87 82 15 49 71 83 0 11 82 34 82 26 57 15 6 86 73 15 27 92 7 22 29 4 68 11 24 7 13 6 77 89 36 33 70 48 1 53 26 31 20 17 11 92 69 41 28 5 83 15 60 45 36 60 76 52 90 81 14 35 0 39 25 68 14 13 95 59 60 54 63 4 14 29 78 31 21 26 54 28 97 79 51 31 97 47 5 26 51 25 70 0 10 43 51 30 0 21 19 93 38 24 63 48 16 49 82 24 67 20 23 71 90 86 46 55 86 97 17 59 35 10 40 68 35 69 37 58 9 64 80 64 77 76 12 88 29 45 100 20 84 98 19 43 54 70 31 81 35 52 64 16 75 43 25 62 24 80 34 23 86 51 47 55 21 4 26 17 55 25 94 74 47 98 17 1 17 86 25 54 83 33 30 49 74 28 19 22 91 61 41 8 66 8 89 88 39 93 54
91 92 5 15 90 27 82 6 89 77 54 93 69 13 33 83 85 0 66 84 90 47 47 27 34 65 45 8 39 68 93 7 33 66 6 60 97 1 27 34 38 26 11 38 78 66 55 67 76 33 94 62 78 69 35 25 66 77 11 66 6 62 86 19 70 16 84 2 62 74 24 29 60 21 2 3 2 14 64 41 7 33 30 34 54 58 16 92 56 87 3 22 82 24 25 15 4 84 80 7 84 59 11 49 75 20 87 9 8 31 89 97 47 88 17 11 36 75 3 2 43 72 78 53 12 37 17 60 89 88 41 35 70 62 53 34 45 47 27 31 22 72 98 59 69 63 0 6 70 16 26 54 52 29 50 72 85 83 88 78 2 3 21 27 88 25 40 11 100 59 66 73 82 52 6 62 57 65 15 53 23 58 44 5 67 6 36 80 84 30 87 54 5 50 45 46 92 63 60 1
40 72 56 54 0 7 41 66 43 22 58 2 93 7 99 91 52 62 94 86 74 28 34 26 2 94 66 82 33 47 21 72 59 15 90 21 25 96 79 18 0 84 96 27 47 38 71 61 87 82 80 90 76 33 39 85 97 100 62 61 64 84 72 4 58 88 1 4 28 97 23 30 31 53 19 59 58 91 92 87 87 37 93 53 71 35 56 10 37 89 71 82 84 93 69 18 52 26 95 51 24 99 40 20 30 77 89 51 31 95 30 31 72 26 73 100 61 60 21 68 33 47 58 26 45 29 21 21 18 16 60 22 43 8 27 93 8 84 71 15 57 59 97 40 41 89 31 4 11 7 48 28 72 76 22 96 97 65 15 91 97 81 70 31 55 53 93 21 87 25 9 38 95 37 81 100 4 74 94 22 96 28 47 70 99 32 33 15 67 88 16 41 59 15 9 100 10 18 33 100
52 38 57 85 13 0 1 57 39 32 41 89 17 64 71 4 31 68 0 83 37 35 82 1 9 55 49 64 27 30 14 95 82 79 56 59 0 2 72 31 95 8 61 15 2 36 61 97 43 1 55 36 9 32 56 27 8 70 63 84 18 39 84 3 80 81 39 44 8 9 90 33 2 72 98 0 71 79 73 71 8 6 50 57 25 90 61 52 14 51 97 37 25 6 12 48 62 92 56 77 5 12 94 60 30 73 44 56 21 80 71 20 86 42 66 28 70 7 46 10 70 15 18 73 95 0 64 66 76 99 12 20 0 88 3 38 38 24 83 84 3 57 77 58 56 76 80 30 65 35 34 21 37 80 92 14 99 40 36 31 88 75 75 31 77 58 77 71 74 62 92 68 45 13 86 62 68 31 0 100 22 41 78 7 43 42 89 87 41 58 52 68 84 49 11 19 41 33 71 9
93 66 16 35 15 37 75 51 0 0 81 12 21 25 32 17 46 10 29 67 67 9 8 83 28 61 40 52 5 97 19 49 39 10 44 19 90 42 22 21 80 81 82 8 32 54 8 76 82 99 74 25 53 34 74 73 92 64 95 47 55 50 1 38 74 78 80 61 65 79 27 22 2 74 70 78 78 92 68 5 10 77 15 25 42 4 57 56 28 31 63 95 35 42 13 83 59 51 73 66 27 88 81 2 55 63 97 29 85 83 6 90 39 99 84 72 83 98 51 89 45 45 83 81 99 93 61 98 100 62 98 87 42 34 82 83 61 9 86 14 100 43 41 60 17 86 9 3 30 6 60 18 90 74 80 73 60 21 69 33 54 57 78 20 18 93 88 64 85 27 78 38 42 58 53 4 86 56 54 41 22 32 74 74 15 42 59 44 4 48 30 96 27 38 88 85 8 95 40 29
50 65 94 48 65 46 40 66 15 47 84 98 58 69 37 95 44 31 98 37 100 99 0 67 41 77 62 40 77 64 53 48 71 20 8 85 12 56 92 51 14 62 59 11 70 56 61 22 43 98 100 99 12 88 32 53 33 86 95 32 29 48 99 90 83 18 24 36 34 58 16 20 25 20 13 99 31 20 5 35 14 28 100 5 90 21 13 48 97 77 83 82 90 85 20 82 21 11 87 25 36 87 11 62 12 22 27 15 27 69 22 31 11 26 9 74 76 92 42 79 77 49 12 13 24 98 93 71 57 4 73 84 66 16 31 30 51 64 67 54 47 58 55 27 27 79 18 16 46 77 11 67 35 64 90 95 84 49 60 65 69 65 92 21 21 91 56 15 59 95 67 83 54 29 81 86 66 39 29 37 84 80 76 11 86 73 7 45 27 39 91 71 54 76 96 78 37 1 44 1
77 68 18 48 30 54 45 51 61 61 68 87 46 30 13 91 68 63 50 81 40 49 71 75 53 35 95 4 8 12 12 36 75 72 32 55 31 24 47 51 44 85 67 91 83 51 29 0 51 17 2 37 49 89 28 6 95 31 77 84 88 13 75 68 0 55 65 84 3 20 80 49 8 100 83 98 27 81 58 16 23 5 5 29 21 40 94 68 36 10 53 47 23 82 68 36 82 66 68 18 69 22 31 52 14 100 52 67 62 43 93 28 19 92 95 15 59 47 60 55 36 12 28 76 29 35 10 92 19 34 62 24 67 90 35 57 35 6 77 63 36 25 45 22 29 97 23 55 2 11 1 96 98 17 73 90 50 68 90 57 20 84 88 39 14 11 85 65 41 7 40 80 35 30 37 50 26 16 65 68 78 10 95 11 95 79 75 2 88 76 24 57 17 47 86 11 83 24 2 59
49 29 96 99 62 62 10 94 100 16 74 1 55 25 4 95 91 70 49 30 40 83 93 40 95 18 74 6 24 3 31 85 83 100 4 4 30 41 37 69 64 78 77 5 89 5 26 93 22 2 64 29 20 37 48 17 79 100 39 50 28 1 43 72 56 34 74 5 81 67 20 26 98 2 3 83 52 24 16 23 30 100 13 42 3 92 55 45 39 0 31 100 65 76 43 74 40 10 93 38 67 17 86 65 70 54 68 6 41 88 66 16 17 56 83 65 98 56 85 20 73 32 82 47 58 62 49 0 73 8 24 9 72 63 14 82 95 54 69 91 27 1 86 85 78 13 98 25 77 29 92 75 31 0 29 12 47 78 52 61 95 81 15 95 54 69 0 20 30 27 60 80 1 33 27 69 16 45 88 32 8 33 61 69 4 42 17 85 81 82 53 36 97 100 30 13 52 18 89 26
19 86 97 32 45 33 40 13 22 59 82 63 5 57 0 0 54 55 53 90 2 83 23 97 77 62 8 100 89 84 62 17 31 44 79 99 73 38 74 85 89 90 12 1 86 50 19 100 1 95 59 92 86 76 87 3 22 96 32 58 8 80 56 36 96 32 39 94 20 6 99 85 0 33 42 92 45 54 15 95 0 34 6 50 14 92 89 53 0 40 49 28 34 21 24 51 89 15 60 36 17 47 19 5 42 98 31 18 8 53 26 99 49 33 1 28 3 3 48 55 53 24 80 36 60 23 90 14 84 34 35 50 28 79 55 34 99 45 15 5 73 59 96 7 63 81 69 23 92 43 66 2 88 49 69 97 1 43 99 13 50 79 36 13 12 16 26 54 31 84 98 41 23 37 87 62 76 61 94 16 16 31 71 23 53 11 31 46 84 76 18 50 81 48 13 11 52 15 5 47
78 21 57 57 46 63 20 85 89 60 94 44 67 25 44 54 29 98 74 20 40 45 16 7 37 72 94 57 84 53 4 40 81 70 85 85 83 73 11 2 12 48 97 8 92 58 17 88 33 11 79 98 45 1 1 33 49 95 90 36 40 93 43 11 0 17 4 12 50 78 82 62 64 44 17 84 22 8 84 9 98 12 13 1 23 74 22 44 66 19 86 20 12 99 85 76 76 37 22 76 11 61 48 20 69 94 99 24 69 18 19 26 11 1 29 38 62 32 74 90 72 80 16 34 34 39 86 75 80 91 58 61 95 12 86 4 88 59 80 80 35 35 74 4 24 98 11 20 99 40 19 42 86 89 22 66 52 72 87 71 49 11 72 82 32 76 98 2 44 41 72 82 73 25 9 5 14 5 89 78 25 74 68 79 13 0 13 24 23 72 62 11 55 80 1 95 30 69 92 29
53 56 12 52 99 11 50 1 5 78 62 41 17 8 86 61 74 74 65 45 23 34 92 81 9 78 25 98 25 43 64 50 14 18 87 5 59 23 46 1 10 89 26 98 88 93 35 86 99 67 93 11 18 33 43 100 100 53 33 86 79 27 65 12 46 57 59 28 60 79 82 100 79 98 20 23 48 26 1 8 60 87 56 21 42 93 13 38 51 28 86 18 81 27 20 99 95 68 3 86 8 35 70 57 14 66 16 96 65 77 60 76 77 29 94 66 69 62 67 43 7 51 71 70 6 20 90 44 4 81 14 60 84 19 90 1 96 6 33 14 62 97 45 25 1 83 85 37 3 19 36 42 29 20 78 50 4 35 20 84 70 7 14 7 99 69 59 1 69 65 99 3 7 39 85 79 83 60 37 54 56 17 73 20 20 61 38 54 4 8 99 9 15 82 17 82 68 45 57 87
64 41 90 7 66 13 79 6 8 47 31 23 16 89 89 71 62 26 92 11 63 57 88 27 28 82 11 28 77 34 98 86 76 38 93 35 90 5 68 42 61 84 55 96 84 29 4 63 16 60 37 69 38 76 43 84 61 9 58 1 92 42 15 49 67 83 62 7 58 51 44 85 4 70 65 88 49 52 10 56 65 18 26 58 34 46 100 41 7 85 88 68 33 24 44 64 7 83 89 49 40 34 4 83 40 66 20 49 22 97 32 71 14 26 66 7 46 5 7 76 34 53 1 52 17 35 49 40 58 54 58 3 33 75 3 53 85 45 70 1 77 21 3 81 34 4 29 69 83 75 100 11 37 11 75 78 83 1 48 55 10 73 34 70 19 36 27 3 28 50 94 20 85 97 54 96 3 22 39 96 57 35 92 27 79 83 75 22 54 35 31 86 52 5 98 25 2 68 7 54
100 7 88 30 37 35 0 24 26 17 5 57 54 19 48 11 68 35 83 55 23 57 99 20 16 16 33 86 63 4 18 31 80 19 66 47 49 50 37 73 15 88 23 55 6 7 41 13 76 39 44 47 94 93 10 91 93 95 27 71 2 28 2 45 21 45 73 76 37 7 88 4 25 81 86 46 5 20 3 93 25 95 4 4 38 12 89 84 90 51 92 11 52 66 12 5 28 5 46 90 50 96 46 17 47 7 0 35 6 36 21 14 66 28 86 24 19 15 76 70 39 33 88 93 5 13 68 67 46 62 41 96 38 71 100 96 11 7 50 59 56 0 62 61 59 96 83 64 13 55 19 13 49 48 19 61 80 17 79 47 63 52 64 33 22 73 62 90 44 42 93 37 16 77 76 99 77 53 4 35 14 33 45 35 65 37 19 1 29 1 67 19 46 100 47 77 69 49 66 10
13 95 38 69 2 26 36 14 98 33 14 68 79 96 56 35 10 54 99 34 71 93 8 32 13 11 15 37 97 32 54 40 68 81 72 82 17 43 72 35 79 22 14 28 68 73 51 19 4 15 42 88 68 68 32 26 54 28 39 16 16 54 89 51 22 79 74 22 47 4 47 84 79 64 91 11 16 83 24 77 79 97 59 82 13 60 61 67 33 26 99 83 92 58 7 64 2 79 64 22 20 63 98 75 68 35 53 25 68 55 39 26 67 9 83 11 45 40 27 65 66 78 2 44 35 47 91 32 64 24 94 49 82 27 96 66 31 65 26 35 77 35 15 97 98 16 19 18 65 18 87 11 27 8 61 58 36 98 66 99 72 44 98 67 80 90 94 7 73 75 57 98 28 41 46 46 18 21 23 3 58 34 37 55 98 47 35 14 77 65 77 91 4 98 91 38 36 11 82 15
63 84 22 30 33 26 36 36 6 35 48 64 80 90 47 96 70 42 74 53 95 58 49 90 68 83 33 26 43 8 91 27 88 87 69 86 26 41 11 78 26 39 53 20 16 68 13 95 74 49 48 27 7 4 2 92 64 22 59 52 76 29 66 18 31 35 26 10 94 5 65 43 55 36 78 4 66 7 78 77 76 52 41 10 96 86 85 25 10 53 71 66 61 88 83 14 67 50 76 5 72 77 18 62 90 41 40 51 71 71 96 75 77 12 82 54 69 8 55 98 3 98 36 9 76 3 36 60 95 73 46 60 66 72 33 33 58 84 26 36 43 22 17 88 65 62 37 70 22 57 97 26 0 94 21 80 92 74 84 24 17 59 98 15 44 12 57 31 62 14 41 43 33 8 46 23 16 80 71 72 89 20 50 39 64 76 12 76 57 100 94 18 9 20 54 34 64 15 86 92
30 73 26 85 69 98 0 64 69 42 41 50 73 70 37 99 73 54 46 71 73 21 8 16 22 93 67 59 47 82 85 51 91 40 61 71 42 47 62 11 71 50 36 79 77 20 48 45 77 4 50 2 9 30 13 14 12 28 41 48 96 98 44 73 32 50 87 18 3 8 56 43 51 59 99 74 7 1 97 43 80 41 50 8 42 95 50 12 52 29 25 40 60 97 22 10 25 84 55 26 54 67 13 73 57 48 99 22 21 64 62 14 80 24 41 90 12 15 36 67 59 58 44 64 37 96 35 66 41 52 39 39 23 10 1 92 13 87 64 88 32 79 53 35 36 64 28 51 70 94 45 60 61 25 87 84 2 18 67 44 8 41 97 43 21 9 83 30 48 86 11 65 86 61 48 78 2 7 50 2 4 33 92 4 16 69 90 59 44 35 62 97 48 16 15 36 25 5 85 34