23 58 13 7 63 4 77 75 88 39 74 45 26 38 70 8 77 17 27 62 8 73 100 79 52 69 55 72 73 54 53 59 5 39 33 78 5 54 43 45 18 23 18 66 68 10 50 65 45 31 18 27 78 96 82 58 31 1 27 8 99 13 5 21 30 99 69 61 35 47 47 75 76 90 5 96 56 4 26 25 75 93 39 17 42 91 92 30 37 72 5 36 45 66 25 41 45 82 22 72 48 98 77 76 82 84 69 39 38 95 77 64 69 56 28 17 92 41 34 34 80 18 78 52 89 4 49 53 66 92 84 93 48 18 5 60 36 1 93 42 52 27 75 2 59 47 74 98 3 14 95 8 81 71 56 56 32 56 1 50 0 11 18 46 47 55 96 8 11 79 37 21 12 28 60 83 90 36 85 93 39 48 35 37 78 78 2 41 32 7 69 7 88 76 76 32 85 94 64 65 91 40 29 37 73 98 5 71 79 66 59 54 14 48 38 7 8 38 61 78 36 45 86 59 8 88 18 10 32 32 60 32 79 26 54 49 57 21 18 11 11 34 46 4 84 80 47 13 0 61 77 31 14 73 59 11 25 16 62 25 39 70 21 98 40 47 52 53 93 58 14 91 45 32 54 71 66 7 75 57 41 56 49 5 45 69 13 22 94 32 54 24 99 100 24 17 11 22 52 74 42 26 13 59 93 96 92 60 51 19 46 6 69 93 54 12 88 70 15 86 5 8 85 79 39 51 19 47 61 50 41 81 53 20 51 83 12 93 93 46 48 40 15 16 67 48 15 38 35 55 37 81 24 3 99 8 32 23 15 72 61 91 44 75 96 10 97 34 56 45 35 36 78 81 93 82 44 56 3 6 86 75 84 45 53 66 61 41 65 49 28 9 65 58 96 55 37 74 66 42
31 8 38 32 56 4 51 39 37 76 75 22 58 50 86 2 97 59 72 30 43 32 83 64 54 83 78 70 78 2 76 61 20 26 21 91 56 81 84 59 3 97 53 33 6 66 53 45 83 71 88 54 27 68 48 31 81 44 23 12 83 39 72 92 18 54 73 44 69 14 80 83 35 80 7 48 29 29 29 58 15 48 93 21 82 57 64 52 28 38 63 71 87 21 67 76 51 94 71 63 10 17 83 34 58 38 8 76 45 87 68 42 49 20 66 65 97 82 19 95 27 89 41 19 24 59 13 6 94 15 62 85 12 77 37 49 11 37 43 66 47 74 49 79 69 71 5 18 2 88 31 14 22 27 61 29 84 22 24 26 50 71 13 81 71 98 62 78 42 49 15 59 17 31 81 37 77 52 52 41 84 18 87 82 12 80 94 34 55 12 42 63 34 96 87 92 47 31 63 65 16 68 38 43 65 51 36 17 5 33 33 66 52 41 25 28 11 58 29 86 27 55 47 29 37 63 28 22 58 22 62 82 87 59 10 59 85 17 63 46 50 66 59 45 59 75 76 92 71 16 16 77 26 37 26 59 97 58 60 48 79 69 51 59 10 73 48 99 75 79 98 63 46 51 63 53 1 59 55 8 59 16 45 2 66 80 10 6 56 50 90 42 69 30 3 89 15 77 40 3 24 51 79 66 14 11 77 43 48 97 63 6 67 23 69 11 73 31 28 40 92 53 7 6 51 30 93 13 19 5 43 26 96 85 66 55 10 93 12 27 83 78 54 67 100 84 72 32 14 79 79 35 79 16 43 44 45 35 15 70 47 64 16 21 20 3 63 97 65 37 46 43 74 51 7 30 51 34 67 33 60 75 3 39 95 86 11 68 6 94 50 100 13 20 27 32 82 35 29 0
10 3 92 52 56 60 48 14 97 48 14 87 44 60 18 77 80 15 84 8 21 17 30 31 70 96 48 45 74 94 27 1 68 38 81 75 33 67 93 96 63 14 82 86 24 78 45 89 32 19 26 77 13 31 73 97 79 73 92 76 94 28 59 6 14 49 23 98 78 29 46 53 1 26 13 51 80 91 50 18 5 35 67 81 39 38 85 29 49 99 93 60 34 4 64 97 81 39 38 80 0 18 85 11 67 61 30 76 17 93 51 76 12 46 74 7 23 26 27 79 64 33 39 52 25 72 16 32 25 30 70 80 94 50 36 1 65 98 64 63 89 10 25 24 30 50 4 6 91 14 15 91 51 91 81 96 57 26 2 98 18 42 72 91 87 58 55 65 42 1 32 74 94 14 43 84 80 9 47 80 58 66 20 91 10 87 15 100 35 99 8 93 73 31 82 92 7 31 89 23 46 48 35 5 92 11 93 70 16 46 23 1 1 96 36 48 97 82 92 65 78 83 3 97 46 67 9 54 13 70 27 49 3 73 95 48 17 79 46 35 26 65 19 24 15 90 12 22 71 18 61 82 8 60 36 21 76 72 89 12 77 94 16 33 62 22 63 28 2 69 73 97 18 57 100 45 7 78 5 0 97 83 10 58 44 34 8 60 69 93 82 57 94 22 3 5 90 58 10 19 25 49 24 85 63 73 58 84 35 35 4 35 98 86 78 3 87 13 61 97 23 7 37 60 25 100 82 17 38 40 38 44 24 16 69 35 55 32 10 31 49 32 58 6 94 93 94 43 34 68 97 18 48 47 6 92 43 78 71 41 82 66 39 28 58 17 95 60 16 63 94 15 13 71 70 4 69 6 84 14 63 28 72 72 5 98 20 56 30 78 59 74 47 86 34 36 99 60 90 87
57 85 30 42 65 88 24 93 62 78 10 11 64 67 45 40 86 63 47 46 76 31 97 31 51 28 83 41 42 59 94 96 28 66 7 31 55 14 29 51 92 98 42 77 86 33 27 65 91 94 31 0 2 84 73 61 100 43 15 41 7 23 5 97 33 97 79 61 45 80 18 94 41 28 13 77 60 59 58 32 90 98 79 7 68 65 50 9 30 92 85 84 54 90 30 43 73 51 82 79 63 45 59 85 38 85 11 64 41 7 12 6 3 2 97 21 89 10 93 96 27 34 15 74 54 89 68 30 3 7 18 58 28 86 89 20 65 86 95 75 14 56 6 61 14 76 68 80 0 44 99 66 4 50 73 74 24 52 87 6 18 4 95 73 58 64 50 8 66 90 74 21 16 72 98 36 40 39 70 33 10 9 36 12 42 84 65 47 7 59 76 40 3 65 66 58 22 56 71 38 66 64 57 68 58 20 75 44 82 18 16 97 19 32 46 29 66 99 83 12 36 28 9 16 41 71 61 0 6 91 5 13 57 3 59 20 96 28 21 12 39 40 31 38 50 92 69 22 40 50 21 19 44 8 92 22 9 24 72 10 40 55 24 56 47 89 51 40 57 68 36 32 6 69 67 73 40 65 15 54 80 65 44 3 88 83 75 77 40 79 67 80 76 18 3 66 95 51 39 96 38 18 37 64 74 54 80 50 6 86 52 53 33 30 34 32 37 89 61 55 63 96 44 42 85 47 71 98 50 69 54 3 1 12 18 95 94 71 35 61 26 72 96 80 37 75 9 94 48 88 85 58 40 62 67 35 97 50 29 38 74 98 66 68 90 9 1 81 72 79 30 68 24 21 36 9 95 1 59 41 69 6 68 9 93 84 34 62 63 45 37 67 32 6 74 80 5 13 83 41
92 23 59 73 38 22 97 23 24 68 10 47 74 63 62 72 64 18 48 96 4 30 79 78 72 87 64 12 2 23 67 34 18 94 68 79 72 97 7 93 74 41 9 30 3 9 11 9 99 41 58 4 89 67 86 67 25 78 59 67 87 45 14 91 33 79 51 76 3 45 27 74 46 85 23 18 0 26 35 78 6 92 31 10 46 40 52 19 20 77 26 40 86 16 36 57 71 12 12 27 72 75 52 67 61 76 4 39 20 99 51 40 6 99 17 77 63 49 82 4 21 67 35 15 33 81 54 59 59 20 8 0 10 92 55 44 60 34 62 48 95 50 54 74 90 28 68 57 51 56 72 69 95 80 15 95 56 16 71 11 18 40 76 70 18 52 79 87 42 19 53 32 64 91 5 100 20 36 13 84 23 3 22 86 60 78 76 49 40 8 38 28 94 51 51 3 77 20 11 45 27 3 97 78 27 75 85 51 67 64 25 10 87 93 91 75 19 21 2 61 11 39 6 33 91 36 32 27 76 9 28 10 18 19 9 33 83 75 71 56 15 2 13 27 93 69 81 86 87 51 61 69 100 91 6 32 80 88 14 29 5 24 52 16 88 44 84 78 77 20 49 25 86 3 72 59 54 30 89 42 34 20 19 95 99 24 78 22 44 59 69 3 76 86 45 32 47 3 36 25 77 82 32 9 65 83 97 16 49 22 80 77 50 63 98 69 44 10 20 41 4 57 14 13 85 47 3 38 31 54 0 44 16 78 6 60 50 72 43 8 11 94 26 57 68 28 83 87 62 74 19 77 42 52 85 83 29 41 90 23 15 79 83 32 58 1 16 37 82 58 100 32 90 41 46 71 56 0 57 72 56 72 58 21 33 12 32 87 26 11 96 95 64 5 100 0 92 8 15 31
58 94 98 38 52 99 77 94 25 97 80 30 41 16 70 31 59 39 97 85 69 2 47 48 56 24 90 47 2 29 82 96 20 24 81 45 3 40 79 33 80 97 0 46 81 10 100 52 9 57 4 85 47 71 23 35 5 76 8 95 51 67 72 12 48 27 45 63 43 49 86 75 5 81 66 70 11 75 3 20 92 43 10 99 56 40 30 53 1 72 95 24 19 87 97 55 80 27 4 58 4 87 59 84 75 35 75 75 3 9 86 69 100 70 55 95 1 89 70 9 11 91 45 95 21 93 8 66 82 23 11 40 4 81 27 37 79 40 50 57 98 76 33 1 52 100 58 87 78 43 92 70 91 73 39 90 51 70 20 7 8 22 47 9 10 63 21 26 21 57 46 70 55 77 50 72 22 15 34 23 56 47 17 25 60 7 14 52 21 87 30 38 52 47 68 85 73 28 91 72 20 13 22 6 0 63 57 17 20 41 81 65 96 6 53 28 89 34 10 68 10 100 51 96 80 91 71 74 84 21 59 2 79 90 64 14 4 51 48 93 36 68 27 40 16 8 48 10 39 61 80 29 11 37 36 34 12 75 41 35 29 14 69 88 72 83 36 69 22 46 34 89 40 58 26 19 52 17 83 90 20 57 75 100 73 59 83 45 62 40 64 93 84 78 16 75 56 88 29 54 93 32 64 28 61 64 100 56 68 91 23 23 85 83 36 92 21 1 52 39 49 3 79 10 82 63 61 25 3 29 55 81 83 56 42 25 2 19 14 71 46 37 69 86 16 84 65 96 70 48 7 1 98 13 26 22 91 13 30 47 47 36 77 70 9 92 67 25 94 62 18 52 44 87 44 13 46 98 41 31 45 77 65 87 64 75 17 92 24 1 92 52 74 28 83 16 1 86 8 78
82 43 0 19 96 46 42 27 44 26 100 20 57 50 77 81 36 92 10 97 8 41 65 38 76 49 82 81 22 77 54 20 99 1 46 46 72 12 51 83 18 68 70 33 18 79 10 61 28 67 25 30 35 14 30 13 98 19 40 63 42 6 25 19 92 60 71 66 22 35 97 69 63 45 97 42 13 20 48 63 92 94 55 43 9 8 23 68 74 30 61 63 81 52 76 85 66 52 46 2 32 81 80 47 66 16 35 77 27 56 11 7 46 21 5 0 87 93 24 16 48 21 47 3 37 96 72 68 2 77 69 60 66 28 54 50 98 62 82 98 50 39 42 53 14 51 42 80 92 58 80 1 29 51 78 79 77 17 42 40 80 12 31 44 49 23 65 46 12 15 20 67 35 97 16 48 81 31 54 88 21 62 88 77 5 24 4 21 96 54 39 72 20 47 81 55 5 35 95 68 72 69 41 40 26 58 18 28 40 92 28 76 8 19 28 84 73 10 41 64 55 70 87 33 74 100 82 93 49 18 23 13 40 22 44 55 37 70 0 23 90 82 49 40 96 94 48 31 21 97 89 68 46 23 9 34 89 90 95 27 84 82 12 61 81 15 94 45 1 85 36 93 76 39 55 80 84 16 41 54 56 8 63 62 48 14 78 49 80 69 68 49 80 3 50 18 64 26 36 18 38 37 97 57 48 78 50 18 69 65 44 36 98 96 54 13 65 61 41 61 36 65 22 47 81 15 48 9 9 20 40 64 93 5 48 55 39 93 92 21 65 32 68 34 41 5 92 33 24 4 84 62 15 47 87 61 11 11 45 58 99 26 17 41 79 93 19 51 80 49 60 17 44 85 12 87 23 20 15 70 75 36 47 52 20 21 8 64 72 30 69 67 65 68 64 2 27 30 11 84
99 3 26 64 35 88 11 97 86 89 54 57 46 47 5 14 3 21 22 84 10 44 39 1 78 75 63 9 55 98 36 37 1 99 38 26 66 97 2 6 60 82 7 82 32 58 71 22 67 42 17 98 23 65 73 94 91 44 12 3 70 49 93 54 51 100 85 24 39 89 13 65 93 70 36 17 99 39 61 81 16 7 64 71 37 35 17 85 72 2 55 90 18 59 2 95 44 100 40 58 20 18 10 79 57 25 84 18 70 85 98 42 78 17 78 16 0 14 88 98 50 71 87 85 100 75 19 46 33 40 37 71 62 71 21 35 88 14 87 88 11 6 85 94 59 69 20 6 28 43 2 63 64 82 98 15 29 33 59 49 47 82 97 23 94 84 86 82 67 58 8 15 16 24 18 23 38 3 94 14 29 12 32 0 76 6 78 11 8 40 95 25 53 16 80 66 40 74 29 3 45 71 81 6 79 69 76 9 7 26 43 20 16 38 40 88 77 13 82 22 73 88 49 68 13 17 73 46 32 31 1 0 23 85 81 66 40 21 61 79 42 38 29 0 64 41 16 33 36 47 39 65 22 67 53 79 56 53 44 39 34 51 27 6 23 78 61 1 81 16 43 89 58 36 53 55 99 79 48 50 58 16 10 10 16 86 40 87 33 80 47 40 6 44 16 15 0 80 43 71 50 4 15 97 72 83 49 61 39 71 42 58 53 85 99 7 41 3 27 73 18 18 77 84 51 68 4 29 6 93 88 6 44 1 58 32 48 27 56 43 28 83 21 62 51 41 6 12 12 50 47 39 45 46 46 45 31 85 82 87 66 93 47 14 76 91 7 3 46 74 36 69 41 15 34 68 8 50 88 85 22 45 99 40 14 29 79 59 98 96 49 51 57 80 84 44 53 73 43 23
38 30 94 33 35 16 11 45 33 96 18 85 19 7 8 15 48 59 100 84 76 63 75 24 59 6 44 53 20 21 93 99 67 33 100 47 51 66 80 99 41 96 100 86 65 22 85 16 1 58 34 84 28 79 27 10 47 77 7 37 11 100 65 13 68 73 81 35 0 9 35 27 97 58 57 67 93 55 17 9 51 54 44 53 85 0 52 27 52 66 74 95 30 99 87 41 36 76 70 33 33 88 60 56 87 18 92 75 83 35 4 60 67 38 8 92 60 11 26 26 32 7 32 78 59 77 79 50 1 68 30 96 67 96 8 98 79 25 62 49 57 57 86 76 14 17 88 31 96 23 72 57 59 46 68 40 72 72 53 3 72 13 54 96 71 13 60 94 94 75 11 6 35 98 12 32 98 14 30 59 75 17 77 61 82 9 70 20 93 27 77 32 49 89 8 78 37 44 88 13 80 23 29 56 80 4 89 36 29 53 65 14 32 57 40 43 95 36 36 71 70 34 56 68 91 80 87 73 24 2 82 27 57 60 54 88 33 49 73 46 22 12 17 85 98 80 18 63 15 7 1 1 59 89 75 93 36 57 40 23 40 37 69 88 78 58 94 14 65 60 8 30 51 59 41 100 94 54 78 87 90 22 2 21 66 12 77 89 94 76 88 38 23 80 86 37 83 96 46 63 14 27 33 74 2 52 12 89 21 11 28 5 2 25 67 32 98 18 17 23 24 71 94 54 91 41 41 71 39 34 79 83 8 47 39 52 28 18 7 11 31 16 2 50 2 44 90 24 68 4 53 42 97 66 93 90 6 2 14 28 53 42 7 19 97 60 35 92 100 33 34 32 50 1 32 46 57 46 19 13 69 55 100 50 20 91 45 48 30 5 51 75 44 8 16 58 57 62 11 46
21 3 8 61 96 88 31 43 19 41 43 23 23 47 54 71 7 58 52 0 37 1 42 71 92 15 2 21 11 9 11 11 38 59 18 95 21 98 51 43 13 36 59 38 73 53 87 9 17 15 21 83 16 70 40 37 97 67 71 3 99 87 78 26 76 46 71 12 81 98 69 6 40 34 98 9 45 75 33 14 28 92 8 39 21 7 94 96 43 69 87 13 19 37 43 38 36 82 4 67 98 73 86 51 42 41 54 4 77 82 87 96 20 69 99 92 36 91 8 63 32 11 27 16 0 91 6 16 48 62 23 77 63 8 67 54 33 52 55 37 66 25 93 66 44 20 17 76 73 72 53 49 38 16 89 97 81 10 58 8 23 17 29 65 6 81 20 44 23 70 93 41 75 47 52 80 47 12 76 94 11 9 12 56 8 97 55 21 18 28 36 31 73 90 73 64 50 7 57 40 40 14 41 34 46 21 83 44 36 96 74 99 63 75 55 45 92 27 4 20 7 28 79 99 96 55 1 61 86 92 15 36 71 28 77 6 41 62 37 24 46 89 52 10 75 4 88 64 24 79 80 29 88 71 73 25 23 100 62 49 60 10 11 48 20 72 37 25 54 63 99 92 89 81 50 5 60 52 55 72 55 31 8 67 86 41 92 41 41 52 10 24 65 1 8 99 5 58 42 65 35 34 96 81 13 92 92 46 13 30 4 86 6 58 69 21 44 72 11 48 66 21 23 83 41 6 65 74 8 39 46 55 28 41 23 45 65 41 42 26 14 90 39 63 58 24 84 83 1 25 56 34 2 5 90 47 32 20 73 14 63 73 20 96 42 60 55 38 7 98 90 39 36 28 84 53 11 61 44 53 63 93 75 12 58 93 0 77 55 64 74 93 85 85 24 64 69 25 24 91
16 85 67 80 11 72 68 15 0 6 93 76 75 9 22 70 43 7 70 98 78 35 86 44 93 38 27 80 10 52 36 49 14 7 74 98 36 87 8 90 48 33 67 3 59 88 93 32 42 22 4 41 26 18 1 45 19 85 51 46 30 8 12 10 71 77 48 98 13 18 51 99 82 83 63 74 64 67 80 22 30 13 49 41 66 63 8 56 32 76 31 84 66 49 14 38 87 39 6 81 3 81 71 55 15 77 34 77 55 6 77 89 74 78 85 80 2 13 26 54 47 44 32 49 40 43 16 34 53 86 44 39 79 25 85 77 100 41 19 78 79 50 50 60 37 87 50 31 22 80 37 64 17 85 17 86 56 0 54 29 65 93 24 10 49 38 74 84 48 96 59 92 85 91 39 49 9 6 90 7 60 28 9 56 58 29 1 18 2 61 88 82 95 88 95 25 22 95 68 26 51 24 3 45 56 73 44 19 25 62 25 42 60 39 30 59 82 30 59 14 83 69 3 39 61 20 78 50 35 82 12 39 31 86 25 13 75 92 60 20 23 73 65 52 3 100 95 60 96 62 84 41 35 27 33 77 82 15 67 34 13 94 6 75 87 16 22 93 2 37 9 60 22 26 10 50 45 3 47 9 86 91 57 81 75 82 92 10 59 82 75 100 23 81 26 40 68 90 20 2 39 83 89 4 4 72 31 17 60 61 99 37 5 23 34 73 11 64 64 85 92 95 87 12 58 7 25 36 76 48 57 81 15 49 7 1 88 5 21 84 99 6 54 65 28 25 61 11 91 79 100 81 51 68 26 90 74 57 50 80 78 4 14 83 20 51 1 96 12 69 4 64 28 87 10 39 7 85 4 74 86 79 91 82 95 45 38 36 20 55 43 28 16 85 77 26 57 18 15 99
80 52 72 93 84 73 85 90 17 62 73 85 13 89 75 56 17 52 80 76 24 94 45 48 97 57 41 45 93 55 31 7 7 30 3 82 27 31 78 38 81 5 5 85 66 87 86 53 10 27 13 62 3 96 10 19 91 57 13 68 99 75 18 19 51 62 78 100 2 50 92 85 75 5 15 79 47 90 48 51 70 25 87 19 55 2 100 98 27 16 87 74 91 7 45 83 72 28 90 26 62 32 90 39 84 33 72 15 44 43 76 48 79 67 87 77 69 55 37 7 98 46 41 26 58 5 32 95 73 20 51 2 87 53 83 13 19 56 20 86 51 68 11 74 76 64 30 3 62 70 44 27 77 3 99 78 36 30 89 77 94 61 27 25 58 18 12 25 2 26 2 44 79 24 52 28 9 40 86 7 88 35 47 21 78 96 55 53 86 69 70 34 72 45 82 87 57 90 63 87 17 80 27 31 50 34 93 43 83 45 73 36 32 66 6 99 83 35 22 76 66 33 48 41 61 67 5 28 66 52 89 85 77 74 97 19 45 55 97 77 44 47 5 5 54 86 34 1 65 50 88 27 4 80 17 68 67 64 29 41 36 90 71 53 28 67 25 88 29 90 53 36 58 43 42 55 70 37 10 15 44 29 98 13 15 70 65 78 94 97 3 55 20 44 81 0 39 55 31 30 79 41 75 4 21 90 81 90 8 92 38 47 48 100 33 48 74 80 62 38 35 88 55 57 92 72 59 60 8 0 21 71 75 95 54 64 72 14 88 43 56 67 74 52 5 18 20 5 76 27 37 78 89 13 63 49 98 51 50 38 94 45 54 36 85 62 3 47 56 67 15 47 42 63 16 90 18 29 55 13 24 25 0 93 98 29 52 40 57 35 24 39 45 66 30 96 11 40 12 72
10 63 39 39 78 66 54 33 32 91 81 11 100 67 8 25 18 86 55 55 88 72 57 90 87 25 78 49 37 9 99 88 3 54 70 31 7 82 86 80 50 3 28 18 90 26 5 25 93 42 54 63 19 77 36 34 34 98 68 2 67 54 76 63 50 74 93 0 12 7 12 14 82 49 39 67 16 46 91 46 55 22 75 29 55 50 36 30 58 100 56 24 79 53 27 36 93 21 17 21 2 63 83 63 14 16 95 22 29 53 31 58 23 20 42 49 99 73 83 81 48 81 19 77 79 83 31 8 31 3 100 12 53 75 94 68 100 56 14 47 3 11 4 93 72 77 75 67 5 43 93 61 35 62 50 79 78 71 28 85 75 80 2 42 66 100 76 9 56 71 29 68 58 59 54 44 28 91 23 97 49 46 69 59 90 73 4 54 74 50 21 49 52 57 57 41 50 78 15 94 46 43 36 43 56 38 25 93 38 91 20 39 83 83 34 8 95 71 86 4 71 52 51 72 51 88 90 13 80 70 6 45 30 72 51 17 50 16 40 35 83 89 28 15 58 48 70 87 78 72 41 90 40 33 47 73 43 87 92 21 27 48 18 67 47 34 89 40 89 57 31 96 13 13 72 80 20 65 6 30 38 42 74 81 36 30 98 78 74 43 94 0 75 76 7 37 94 67 89 62 73 86 63 52 7 6 61 55 86 84 71 69 21 63 62 38 47 87 51 41 49 35 25 33 37 49 43 10 64 29 30 94 78 23 69 87 89 79 38 98 63 1 75 92 30 4 50 41 35 43 89 12 60 56 38 71 15 96 83 71 90 2 75 60 54 37 81 32 14 15 79 33 47 12 76 74 24 38 95 45 47 76 17 58 71 19 78 65 77 71 33 92 49 6 40 15 15 43 24 54
61 18 39 8 13 84 6 44 71 73 95 50 15 19 52 86 52 51 30 91 27 42 92 87 68 89 79 17 51 74 45 7 31 77 88 83 64 22 59 15 59 19 100 5 91 34 67 7 80 26 14 57 1 29 97 10 40 44 84 34 45 26 39 10 74 1 24 81 53 26 92 74 20 6 70 40 86 20 16 97 30 91 37 34 3 80 80 12 83 100 34 67 95 88 24 49 61 21 54 81 51 30 37 39 76 57 99 15 20 20 89 32 12 57 98 36 68 95 13 34 51 97 92 37 3 40 14 7 60 36 93 2 12 66 29 14 58 11 72 16 9 15 59 35 31 82 78 43 59 51 10 33 65 64 6 10 9 65 17 95 65 77 2 77 7 63 15 75 67 1 82 37 15 91 86 35 40 35 97 32 74 69 2 36 87 3 89 68 65 13 81 56 46 51 63 71 82 22 87 92 41 44 54 77 59 81 48 25 68 44 27 93 59 44 7 8 94 95 93 31 90 30 68 59 62 73 73 23 47 21 1 18 18 94 68 55 86 68 0 89 7 46 53 60 25 28 40 13 81 81 36 17 19 47 92 55 97 99 70 67 88 52 74 77 49 0 35 80 10 71 62 75 59 6 51 97 8 30 20 10 21 26 37 48 27 40 98 87 57 79 74 11 33 5 21 94 89 70 34 63 13 65 99 53 36 51 17 42 30 93 34 47 69 15 77 78 73 21 68 63 38 68 100 23 47 21 61 68 71 59 35 52 62 75 49 11 52 63 78 88 22 98 28 89 77 95 81 81 27 11 33 30 33 50 13 80 54 68 63 15 44 76 23 86 46 54 9 46 10 71 93 94 10 82 37 92 17 69 56 33 34 40 71 67 52 21 43 11 21 97 58 84 44 76 20 38 92 19 33 22
2 11 83 56 61 65 51 52 73 72 91 68 38 82 8 34 96 13 52 28 32 5 61 46 97 43 2 41 77 40 56 63 26 73 51 99 84 35 57 18 32 74 62 61 7 96 7 1 36 81 95 86 11 5 42 44 0 36 73 15 61 33 27 74 45 66 86 9 83 64 37 90 72 64 95 7 71 26 25 27 54 93 98 46 11 45 14 84 87 48 91 29 76 23 10 80 30 94 99 70 13 39 29 7 60 40 45 34 41 77 91 42 78 19 77 7 4 51 29 35 70 79 44 7 6 68 27 48 97 20 87 41 61 28 39 22 71 54 89 36 68 12 62 63 80 48 92 54 15 95 96 46 80 44 87 99 3 35 7 80 75 55 47 55 53 48 56 32 11 1 9 97 73 57 84 42 86 70 25 48 39 1 79 25 72 23 54 30 47 45 12 6 83 96 28 27 30 92 10 32 51 50 73 76 85 2 25 1 39 71 18 21 17 29 1 9 81 68 74 35 68 74 23 38 39 83 25 94 1 95 92 57 34 14 22 3 34 35 7 90 58 89 23 87 84 97 55 92 28 23 6 93 1 1 18 76 97 40 99 56 0 74 68 32 0 67 9 71 98 48 18 44 70 85 83 12 36 48 0 21 56 97 41 46 58 49 62 58 36 44 23 16 96 36 70 87 84 83 5 74 74 28 27 85 66 31 66 75 98 75 75 54 17 36 64 19 55 85 67 38 58 27 67 30 13 27 94 9 0 64 100 22 50 33 43 49 16 94 67 70 63 69 74 59 50 52 26 58 49 3 76 39 41 22 6 48 84 81 46 19 97 2 50 24 75 11 17 55 93 98 89 36 100 17 23 31 100 66 26 82 64 87 35 16 42 97 8 90 64 43 17 50 41 100 71 93 6 75 76 65
94 90 58 53 71 77 88 13 6 12 27 42 16 31 40 71 28 87 42 70 13 79 34 28 73 64 36 24 95 97 74 31 84 50 82 4 79 52 95 13 52 81 92 75 93 81 47 70 24 34 61 58 45 98 77 3 28 49 56 62 23 38 86 39 2 15 72 74 82 14 10 38 50 94 98 71 38 40 17 10 32 40 58 55 7 29 89 56 5 58 14 69 62 100 15 20 31 58 45 35 0 70 28 34 17 99 77 75 32 53 2 64 19 3 62 3 57 0 39 86 1 5 34 56 43 87 8 69 4 15 18 20 14 40 56 20 44 19 12 29 77 48 29 69 4 93 72 7 0 46 65 91 41 14 41 40 84 37 68 72 69 85 64 93 81 37 69 58 15 30 66 45 42 43 79 100 76 51 29 54 43 46 11 22 6 53 81 8 50 64 42 12 3 93 52 44 68 97 28 66 83 40 28 93 92 62 64 54 87 99 54 73 5 34 15 13 65 8 71 49 9 63 13 43 69 62 6 100 90 92 8 32 83 57 24 22 70 90 23 79 62 70 99 21 97 82 7 73 30 74 2 89 22 40 67 76 44 8 26 71 78 7 57 47 76 15 72 91 54 54 47 8 66 90 46 40 40 62 84 92 67 14 68 95 13 32 38 39 21 91 47 72 40 50 32 98 56 61 19 27 41 36 8 35 82 49 54 44 77 5 62 69 35 41 88 3 32 50 55 84 81 16 16 80 0 7 47 67 29 50 29 36 43 89 82 51 17 90 87 5 22 43 21 16 43 26 2 59 97 74 62 77 70 19 60 9 26 16 4 21 27 76 25 34 20 69 44 25 21 52 94 92 92 27 8 96 66 78 99 54 11 34 94 42 56 6 32 58 29 32 12 1 86 96 47 5 76 30 71 1
40 61 71 98 67 82 78 74 44 44 99 27 77 79 0 29 11 52 46 33 96 63 6 14 99 63 93 73 84 74 60 88 66 84 86 71 90 15 72 25 32 16 98 0 25 93 51 78 56 94 88 40 34 5 33 9 67 20 19 44 91 24 58 91 55 50 93 88 9 9 36 27 93 48 91 63 7 27 68 65 71 15 51 63 58 37 5 19 0 70 90 71 8 22 27 74 93 67 62 62 99 70 11 88 20 21 6 76 87 57 45 21 84 87 15 53 56 5 59 35 21 11 51 56 58 77 12 29 41 2 96 49 1 89 18 49 74 43 49 41 46 71 87 76 97 61 16 42 52 0 23 58 28 2 41 24 44 53 71 36 11 33 38 39 4 70 70 72 76 29 98 9 83 67 16 61 94 39 79 74 50 32 59 91 95 51 74 15 1 76 77 86 52 26 99 7 35 46 53 75 60 21 100 80 43 80 27 16 57 46 74 8 2 30 77 77 54 51 37 24 62 17 18 14 22 16 6 63 18 36 4 54 80 40 27 69 8 59 66 56 18 69 52 76 37 30 72 43 66 80 98 62 38 28 84 24 53 21 5 1 27 80 75 32 29 53 44 57 61 63 100 59 95 93 32 81 23 46 27 99 41 77 61 13 34 100 71 69 45 2 49 21 26 73 82 44 14 21 62 16 72 58 25 48 29 34 53 47 67 94 23 97 72 53 28 32 2 87 13 68 48 74 89 29 84 96 75 23 11 19 91 49 87 32 92 25 21 71 28 64 36 78 98 49 53 95 38 36 95 94 81 12 62 16 7 58 53 33 51 48 36 4 92 73 46 3 52 82 24 97 46 75 77 73 60 7 92 6 36 25 35 51 73 30 34 83 20 45 33 44 48 58 74 42 13 17 26 99 47 46
91 94 71 44 20 60 37 54 74 78 9 56 81 36 10 99 87 38 72 92 18 83 13 89 95 76 3 72 56 31 45 67 63 81 2 28 25 59 71 15 77 90 46 88 5 32 80 1 27 63 50 4 2 67 71 61 72 72 8 58 35 76 56 8 74 11 64 6 57 32 82 84 71 90 92 73 4 2 38 88 56 93 64 48 40 22 20 79 18 81 0 14 2 86 53 53 7 68 38 22 17 8 0 86 16 40 29 59 36 3 84 55 53 78 38 51 31 76 63 28 94 97 91 89 14 70 4 0 7 69 98 26 30 42 37 35 58 95 91 22 54 58 24 48 87 38 66 43 68 37 39 59 72 4 43 19 76 78 57 81 48 100 54 77 16 45 18 23 48 58 27 82 10 0 22 69 20 49 15 16 77 36 60 69 35 10 87 78 72 41 88 92 66 85 52 38 21 92 9 76 8 36 33 32 6 3 49 95 30 99 88 81 97 84 64 50 78 9 11 59 85 37 21 90 87 12 49 38 40 7 93 39 85 81 74 16 25 55 37 19 28 10 45 83 7 63 93 22 76 41 66 83 66 53 63 16 56 81 80 57 23 70 3 57 50 64 20 72 48 53 36 76 30 80 15 13 15 63 71 70 41 20 48 51 83 26 0 53 61 80 30 95 2 97 15 59 83 4 36 27 1 62 58 88 15 59 73 55 61 91 30 59 47 30 82 67 30 90 67 35 29 46 99 82 85 40 15 9 63 34 1 91 94 79 95 94 26 18 98 38 33 41 4 50 30 37 33 56 59 73 60 29 23 55 37 10 52 74 93 66 48 58 34 18 9 91 34 66 15 87 40 59 60 91 51 26 92 6 25 72 60 22 88 69 91 25 32 54 40 41 74 2 96 30 94 12 83 47 70 97
22 27 89 65 53 43 39 17 70 45 69 22 38 19 86 3 51 85 97 62 14 78 47 62 90 7 82 2 4 22 6 59 26 81 33 65 18 21 30 13 81 66 44 96 74 16 73 20 34 31 42 71 18 64 75 73 50 0 61 6 30 60 51 13 11 59 90 87 54 96 77 75 4 78 48 36 9 95 23 2 14 27 81 65 99 74 38 47 68 17 80 61 5 68 62 77 6 13 25 95 55 62 26 46 49 10 56 58 84 21 3 69 39 96 68 7 86 89 18 2 33 5 46 8 60 28 29 21 59 35 79 25 49 46 3 58 45 31 8 97 55 93 71 56 46 1 27 80 28 37 31 32 88 8 58 45 13 70 41 20 82 26 15 20 6 68 43 98 1 0 78 72 13 50 17 38 83 64 25 97 13 11 93 55 29 45 35 53 39 98 74 0 4 22 28 94 57 11 19 69 37 22 68 18 56 35 87 24 64 92 34 58 100 47 87 98 25 13 22 93 12 63 87 72 47 82 53 4 94 33 46 76 37 88 85 23 10 91 4 68 47 80 58 2 79 50 35 7 1 93 8 64 81 67 6 31 16 26 47 0 25 30 53 99 38 100 92 61 63 70 91 92 48 91 53 77 85 23 28 91 85 89 6 21 11 18 63 100 1 21 74 41 99 82 25 23 48 88 72 76 94 98 43 12 5 35 31 8 31 5 67 56 76 80 96 71 22 56 44 66 44 49 27 29 96 70 51 4 9 19 68 19 87 22 3 16 55 58 81 55 68 45 14 22 1 64 67 57 43 52 34 71 9 54 10 44 74 60 70 21 27 11 60 53 11 79 92 17 80 3 10 57 55 87 100 34 68 63 35 1 39 80 62 71 37 34 81 86 54 54 9 95 96 15 42 56 26 18 30 46
30 37 17 6 86 55 38 46 93 16 10 27 69 72 35 81 63 83 74 51 11 78 72 64 34 59 42 27 21 65 40 22 20 31 62 73 22 12 24 76 57 42 31 46 97 60 84 42 40 33 88 55 14 46 6 18 7 33 2 1 32 15 67 92 38 13 1 71 91 44 92 70 11 2 5 26 46 67 32 14 57 40 63 23 49 74 23 64 100 19 24 34 82 55 17 12 99 72 23 89 10 37 52 87 94 46 2 69 84 62 74 34 76 7 6 52 10 26 42 6 90 33 99 62 34 90 95 100 19 34 17 17 48 26 8 7 92 54 71 69 77 63 37 89 15 94 79 7 28 14 21 100 90 14 87 43 20 3 25 41 98 8 23 87 20 42 65 83 90 35 67 57 48 98 99 32 26 92 23 91 25 19 62 2 94 68 0 54 21 72 71 12 60 66 24 69 63 28 17 66 19 56 17 33 3 71 65 11 23 4 41 33 96 16 36 40 71 3 41 89 79 27 43 12 33 18 73 34 71 66 52 65 84 65 92 0 65 75 4 89 52 19 40 63 53 5 72 18 68 89 20 58 99 42 54 34 87 1 5 58 100 33 25 37 37 77 83 30 41 68 47 70 70 22 21 24 48 40 37 94 68 42 91 73 54 74 41 17 69 3 61 27 84 9 21 89 66 67 6 56 43 97 73 32 81 77 49 82 50 99 88 52 15 92 59 100 8 62 95 32 0 84 28 55 51 24 82 54 86 44 91 2 29 77 11 14 12 49 88 46 13 89 60 49 28 64 22 54 0 6 72 48 47 71 11 33 4 38 81 10 62 51 73 21 77 48 95 45 72 100 86 28 43 95 53 45 73 31 99 22 45 22 100 11 81 100 48 96 70 5 49 10 57 41 0 100 41 40 35 37
57 61 28 56 28 86 82 94 17 48 3 78 89 97 79 77 17 29 70 26 4 30 78 61 34 53 31 74 20 10 38 81 77 13 33 85 90 97 35 11 91 75 28 1 32 38 44 87 76 69 20 17 83 59 16 94 53 0 93 88 42 53 67 26 79 81 16 27 26 28 7 59 82 93 32 40 64 62 26 27 24 69 98 65 58 6 84 77 80 96 2 85 40 29 50 77 11 87 39 47 95 76 61 58 33 20 87 16 22 30 82 21 7 65 72 35 24 88 32 37 41 64 79 42 83 96 32 51 67 74 58 59 100 38 82 3 99 76 92 25 28 49 5 86 22 2 8 30 2 14 57 100 23 45 11 80 18 57 56 10 59 7 82 70 50 20 31 67 68 56 89 49 75 93 84 1 56 100 6 100 73 100 100 62 88 59 15 73 9 90 45 86 90 31 27 42 75 66 3 27 92 60 16 58 100 94 57 18 59 4 10 41 78 15 54 57 55 18 4 86 24 54 59 41 43 90 75 80 34 72 11 23 32 1 92 74 63 92 89 44 61 51 75 7 30 17 86 94 97 53 94 34 24 64 93 63 82 21 9 84 71 6 62 15 28 73 69 66 84 79 59 25 24 41 47 66 68 32 15 36 69 22 46 87 69 34 14 94 68 12 69 7 26 96 67 48 30 41 48 79 79 24 99 52 17 4 77 85 92 46 87 11 65 88 66 4 93 87 8 45 94 39 17 90 68 49 28 56 49 45 37 99 60 20 45 68 86 30 44 45 46 62 8 66 48 19 42 74 51 12 73 24 74 5 9 16 14 88 63 45 34 46 43 24 22 77 28 21 68 70 57 68 87 85 71 0 73 38 88 2 12 75 17 49 28 38 35 53 33 25 53 15 73 100 95 90 26 70 26 1
43 92 41 87 100 13 61 9 14 23 32 23 4 26 50 83 24 27 10 49 19 68 52 49 24 19 34 41 89 91 54 64 22 79 45 4 34 85 5 10 19 44 49 65 20 46 19 41 34 12 34 53 65 10 65 94 17 9 86 55 51 39 37 100 95 1 34 91 72 76 36 27 31 19 63 34 16 16 66 69 55 82 42 37 45 29 63 98 93 26 44 31 43 41 47 17 86 70 8 14 46 0 99 83 49 71 14 0 92 69 60 56 96 46 49 40 39 65 48 80 38 41 43 22 72 48 73 0 78 81 52 39 45 33 63 36 14 20 32 28 77 79 5 49 94 43 12 96 35 18 38 98 66 5 13 83 5 94 78 92 82 64 31 36 3 51 72 90 62 52 33 74 17 36 5 49 66 33 48 84 37 27 17 86 69 41 66 54 94 98 7 60 43 73 28 13 16 41 32 76 11 23 95 71 32 60 87 11 39 62 47 36 61 81 70 61 23 76 11 25 57 57 37 52 70 25 93 51 2 33 91 94 29 14 56 14 85 80 18 69 64 14 5 81 79 25 39 73 97 40 26 52 62 62 63 39 4 57 86 85 8 55 91 10 87 61 38 35 41 47 91 75 8 81 100 32 48 84 70 33 100 48 98 19 54 39 98 77 76 16 40 78 62 30 43 29 53 97 6 37 75 90 24 24 78 59 68 5 22 9 19 68 73 39 29 41 42 96 79 19 96 22 77 95 45 54 19 50 67 42 86 25 87 28 72 20 68 54 52 3 1 92 99 26 77 4 64 32 41 60 77 55 30 27 87 77 19 47 33 64 75 92 26 93 22 46 42 58 82 39 13 88 44 16 12 36 35 73 43 6 51 64 68 95 60 21 79 42 84 66 59 95 4 1 57 34 95 50 48 27
6 2 1 70 65 56 82 62 99 54 62 32 83 86 69 75 72 6 12 69 15 3 36 7 55 81 70 67 46 52 45 8 42 96 44 48 69 73 16 4 44 27 62 30 75 26 78 94 95 0 57 99 100 0 56 36 100 82 71 65 46 74 74 1 95 57 11 82 52 4 4 49 48 76 23 89 93 49 51 27 72 59 80 9 78 48 68 70 7 11 17 44 95 56 1 5 23 71 85 84 40 6 58 90 40 77 93 80 83 85 41 27 83 48 72 5 44 51 25 90 95 14 16 61 40 48 78 49 70 8 86 4 96 14 36 0 60 84 10 64 15 7 74 26 81 30 7 99 8 80 83 22 60 70 44 90 22 78 7 39 44 90 41 97 22 93 39 84 27 57 39 91 70 15 3 88 2 1 7 20 4 91 7 33 47 8 40 63 80 73 9 14 52 55 92 21 86 7 74 8 73 84 17 20 54 22 60 30 23 17 35 59 8 59 7 8 58 12 77 31 26 52 43 20 2 29 32 95 35 62 23 50 10 4 80 71 29 51 19 11 37 68 85 33 15 47 83 84 45 30 88 1 87 42 46 13 86 73 28 30 0 68 22 24 52 28 20 88 33 40 63 100 32 26 20 57 79 79 8 47 66 85 15 44 36 11 58 19 79 84 69 96 4 51 31 21 4 89 49 81 48 68 67 23 24 35 71 78 8 80 8 61 86 72 2 73 79 0 63 40 82 31 35 13 40 10 75 39 24 7 58 66 77 56 80 23 13 86 30 21 69 18 62 77 20 32 86 27 71 3 71 67 38 14 72 44 38 81 70 90 4 39 30 93 42 51 33 81 63 45 25 21 59 22 80 100 13 66 41 95 98 32 80 21 17 26 68 46 74 10 22 57 21 57 71 84 99 32 9 7
18 7 79 4 75 18 53 80 62 100 7 100 90 55 60 87 43 35 77 89 37 27 9 5 58 71 95 16 70 75 11 37 64 11 33 41 86 14 75 53 73 99 7 91 40 30 38 95 76 19 41 69 33 46 75 8 34 50 17 13 95 94 86 64 27 21 69 3 68 8 48 25 73 91 95 98 95 36 19 48 40 70 51 17 77 81 75 13 85 9 25 9 95 96 68 7 83 76 84 60 32 2 68 93 91 64 19 18 41 55 63 93 74 64 9 84 71 16 21 6 22 55 52 85 42 0 9 75 22 13 45 27 0 9 41 69 26 73 8 84 26 24 85 39 31 61 81 8 35 92 70 89 24 81 78 83 89 53 89 31 96 22 79 46 100 16 64 46 16 67 16 38 92 90 96 14 67 64 5 24 60 94 77 99 76 63 55 15 7 79 49 100 29 27 90 41 24 0 46 31 88 75 91 52 49 36 16 22 67 39 4 33 83 49 37 50 1 43 28 17 77 82 96 74 8 32 52 44 39 49 93 14 26 41 0 31 39 9 56 55 3 68 79 63 30 89 62 75 2 15 23 79 31 33 83 17 98 74 45 87 62 97 32 82 65 43 9 42 37 63 17 65 62 96 47 39 7 16 66 81 13 3 42 41 22 8 64 18 69 66 36 98 16 94 42 91 23 92 18 88 55 100 23 45 44 91 37 30 86 40 1 57 64 84 16 49 41 64 26 7 32 88 49 59 7 68 92 28 3 17 24 11 35 38 45 55 79 0 27 93 97 22 91 21 30 87 33 88 57 73 68 62 57 25 72 50 53 40 91 82 20 35 15 9 43 83 97 44 73 73 40 31 52 49 89 71 81 88 16 37 20 72 55 42 18 47 79 39 86 69 28 17 43 66 29 51 60 42 64 59
33 76 28 52 75 95 34 61 31 5 36 77 52 12 67 100 20 59 72 7 41 1 36 8 35 47 83 100 70 75 39 89 95 78 75 9 62 59 38 34 73 39 1 7 47 65 43 1 25 87 27 31 43 58 66 18 52 98 97 37 73 83 87 16 23 7 26 86 54 94 21 20 97 15 48 52 86 6 43 45 72 74 80 52 56 35 73 21 95 18 44 81 37 74 67 52 96 8 91 37 24 72 72 31 62 34 89 77 29 51 15 69 44 44 7 31 79 20 39 91 16 47 40 96 29 65 13 63 100 0 100 51 72 12 9 45 97 88 56 34 18 5 33 80 32 71 62 83 0 25 25 94 50 25 34 73 41 47 25 81 2 69 79 8 17 93 22 94 87 20 3 8 79 79 56 61 3 82 76 1 75 78 36 3 79 61 22 54 7 81 43 42 73 41 14 35 38 88 60 45 63 52 18 88 82 100 71 75 58 64 3 95 81 51 33 64 16 49 47 57 83 25 52 8 25 70 37 32 92 97 39 16 92 74 89 36 20 95 56 25 83 63 15 100 68 19 47 59 23 42 87 75 49 7 30 11 69 13 61 78 38 87 25 52 69 64 12 98 46 20 44 64 5 10 14 69 93 87 100 94 22 6 46 61 16 81 85 5 95 36 89 47 76 72 89 60 58 23 50 81 23 16 96 18 4 6 68 11 96 9 97 44 12 95 87 71 20 17 1 88 74 19 35 27 36 64 42 0 29 77 78 87 14 57 18 75 64 99 67 75 7 67 44 58 46 98 33 62 32 80 87 94 56 36 46 1 92 13 89 6 34 66 1 82 67 36 16 39 76 35 36 94 74 56 29 11 37 51 51 54 36 98 3 81 73 54 100 74 3 85 49 55 95 40 61 10 91 83 18 54
5 81 49 2 94 81 75 31 52 48 96 74 100 100 89 100 22 98 24 75 97 61 96 69 26 40 73 78 53 83 22 23 46 99 57 18 88 8 78 40 86 24 11 50 1 52 10 15 65 57 86 53 98 78 45 79 59 65 100 74 70 30 78 26 7 30 38 94 73 68 98 1 90 51 59 47 93 48 18 3 76 1 6 28 98 8 14 50 43 38 66 31 13 12 4 40 18 32 38 69 71 73 67 60 5 32 16 90 45 52 61 86 18 41 7 1 0 12 15 32 15 90 29 38 50 7 46 86 65 17 90 18 83 52 81 52 65 50 14 92 22 25 94 22 68 81 94 77 23 25 52 27 73 52 47 90 75 17 29 75 56 98 64 10 98 80 69 4 25 88 86 100 36 77 6 38 84 48 15 67 92 17 46 62 7 72 97 95 88 56 53 99 70 3 85 52 22 15 92 91 40 42 4 96 72 46 91 46 4 67 42 82 71 68 24 6 48 93 48 6 29 48 30 66 37 79 97 36 88 48 35 73 100 16 30 17 19 96 58 98 25 98 22 64 65 8 72 50 11 68 24 88 11 4 61 79 88 93 78 83 19 93 67 69 47 22 53 19 78 16 22 69 51 11 14 5 71 46 70 91 6 42 67 58 25 4 97 94 90 54 67 44 70 40 30 67 0 94 86 78 28 60 56 48 100 96 38 77 96 18 93 37 50 53 11 56 5 4 25 44 66 0 82 48 46 82 38 22 50 92 35 55 56 18 45 18 39 80 33 24 66 94 34 73 59 99 18 52 91 60 29 40 39 79 78 84 18 97 39 35 1 22 26 14 43 12 1 19 89 91 82 30 22 74 37 3 33 93 71 73 83 59 63 14 16 37 96 14 74 19 86 89 82 99 74 32 64 66 73 29
12 0 28 8 4 77 2 76 19 58 98 73 87 47 54 3 5 22 13 85 6 30 20 81 38 66 4 60 13 6 45 46 98 74 33 85 1 7 99 19 67 30 83 11 85 78 74 17 4 30 74 82 51 91 35 79 52 0 58 9 78 100 80 89 79 75 63 14 88 3 99 84 90 1 19 86 13 39 53 98 64 47 26 16 21 63 75 7 93 20 42 45 78 98 49 25 73 24 1 80 78 80 96 6 29 43 98 8 53 83 56 99 2 71 94 44 13 98 82 80 34 96 58 13 89 39 30 59 12 6 88 95 19 19 36 78 84 35 44 62 89 60 12 29 70 9 96 34 73 32 74 8 67 11 37 95 83 77 79 93 29 77 55 18 66 87 68 54 63 60 27 91 43 18 72 19 56 56 86 13 88 30 84 43 73 5 5 68 87 38 78 100 38 59 98 69 39 27 11 34 2 55 89 87 23 5 3 99 95 78 2 35 11 72 31 28 2 47 5 22 87 41 63 44 0 41 62 25 67 86 52 31 66 26 35 61 20 83 65 87 72 65 13 43 38 57 65 36 7 72 51 17 99 26 52 21 3 26 38 58 94 5 42 27 41 50 53 4 60 32 47 85 74 51 79 64 75 84 9 46 43 13 4 66 63 77 56 36 65 19 94 50 33 95 80 4 55 40 38 66 26 61 63 66 98 43 61 77 32 21 4 70 76 67 3 83 60 33 1 43 16 44 25 27 1 89 15 16 96 9 20 19 42 19 24 38 20 29 64 44 60 80 62 74 55 9 56 5 5 33 18 31 95 10 95 67 70 59 95 82 96 91 4 2 16 49 46 57 58 20 91 10 96 7 3 37 9 60 89 92 51 72 6 76 48 4 13 7 19 83 18 93 5 71 31 75 16 49 95 38
36 9 35 48 56 31 55 52 18 30 85 53 4 61 60 96 30 95 27 34 58 86 42 2 93 80 85 90 30 57 82 71 66 99 57 37 64 28 93 52 95 29 21 35 28 49 80 60 23 81 58 53 83 20 22 68 9 51 2 57 33 66 29 31 62 83 50 22 90 98 87 21 33 97 25 5 44 80 29 77 99 16 7 18 42 96 80 27 95 98 78 4 59 77 17 41 38 24 90 93 22 33 81 52 12 82 40 82 87 43 88 0 53 66 19 93 84 94 60 0 86 64 47 83 64 81 86 14 39 77 76 43 54 31 78 21 64 89 74 32 58 92 62 6 11 78 61 92 14 37 6 89 3 59 48 64 29 82 23 80 43 1 39 42 81 74 28 44 59 16 60 8 30 86 17 5 49 65 28 5 38 51 87 19 85 52 91 0 84 40 75 87 71 69 42 92 29 56 29 47 29 35 2 20 81 97 28 34 18 15 20 25 27 75 75 68 66 10 34 13 40 87 29 8 2 0 26 59 82 5 2 28 64 43 59 89 54 23 44 4 81 40 78 79 37 86 16 27 33 61 94 88 92 91 99 63 57 20 36 97 93 82 17 1 39 70 51 44 67 98 42 61 74 31 3 1 24 80 49 57 45 87 56 21 73 69 46 54 63 99 97 92 84 80 36 42 39 49 36 25 80 26 67 12 2 100 78 67 30 70 40 85 95 57 60 7 64 88 9 32 77 80 67 37 90 98 80 5 65 4 37 95 14 34 39 22 94 64 22 93 96 73 9 21 34 100 55 46 91 3 26 93 45 12 10 74 70 87 82 93 61 25 57 46 67 11 24 9 47 3 84 93 81 83 97 48 85 58 64 16 69 24 21 18 42 76 33 4 11 7 77 86 59 57 3 1 42 96 35 83
72 91 45 39 84 18 20 39 7 97 4 51 0 19 0 15 17 27 20 91 72 7 94 88 53 4 67 27 19 77 69 21 20 64 78 30 48 63 3 89 86 66 26 15 33 49 12 24 7 2 12 71 59 80 66 6 20 43 89 7 19 78 96 88 20 87 78 25 96 90 20 51 65 12 96 5 96 13 30 10 38 4 88 35 58 100 100 7 3 25 97 57 39 45 68 40 67 70 48 59 46 54 90 10 64 41 11 48 100 97 85 20 86 94 72 25 94 48 11 51 42 10 29 3 9 98 87 9 11 6 97 61 22 18 32 55 65 51 89 57 67 16 91 64 4 62 78 80 43 32 12 68 12 67 10 76 36 51 81 88 96 40 51 100 65 61 34 17 98 87 94 72 33 12 98 62 10 78 68 30 69 42 7 65 34 36 4 96 66 12 3 98 96 77 15 30 63 1 81 76 92 62 70 15 52 73 68 98 68 85 83 19 3 33 99 31 87 62 10 37 65 16 92 71 5 29 98 30 1 21 39 42 21 48 29 52 11 86 14 60 99 7 45 46 30 77 13 51 7 22 48 65 96 78 32 83 97 14 79 35 53 5 45 21 98 98 29 82 28 74 48 32 76 65 85 83 87 100 64 64 87 64 32 20 55 35 0 16 83 71 97 31 83 80 100 55 38 89 76 85 47 26 19 5 9 79 46 100 62 74 27 91 55 20 32 8 5 62 83 73 76 33 60 57 78 8 83 24 57 23 22 6 79 33 31 98 20 5 34 40 60 96 99 1 6 64 70 39 94 100 0 88 95 99 75 59 34 0 77 39 100 97 74 31 73 94 93 63 0 21 70 90 42 76 23 10 88 63 77 94 9 49 71 53 40 52 17 31 77 55 6 14 100 71 3 83 82 17 7 50
82 45 59 45 47 96 84 77 61 93 25 30 82 39 27 73 14 93 99 80 16 39 63 11 18 55 34 37 85 70 43 7 91 66 88 100 92 75 12 82 20 30 44 31 8 73 58 79 96 61 86 45 58 36 71 72 28 5 31 54 29 47 20 60 81 92 40 47 69 73 96 22 2 64 14 52 48 99 74 47 74 11 67 55 26 26 64 55 44 26 70 42 75 77 96 66 41 58 47 62 71 12 56 10 5 89 71 8 99 17 76 87 84 41 88 63 53 4 19 31 90 9 6 41 91 76 2 62 63 50 51 76 66 83 12 49 15 5 44 52 29 51 73 80 95 85 8 22 70 44 79 25 57 30 56 40 5 33 55 30 84 63 20 72 68 93 75 93 72 58 72 94 99 20 92 51 1 12 56 25 50 6 74 31 75 17 8 78 2 91 19 67 63 91 93 23 89 19 41 76 56 58 61 41 25 95 59 86 21 54 28 76 25 82 56 27 24 87 46 45 89 86 25 100 82 85 3 27 49 47 82 23 87 45 97 73 68 56 3 35 45 2 79 13 19 52 26 0 35 46 22 80 13 99 99 8 31 8 60 43 91 97 77 5 84 70 63 62 78 96 4 19 81 44 8 41 86 81 16 1 63 49 94 62 8 13 65 70 47 76 17 42 61 19 71 55 63 52 8 52 31 25 48 1 11 80 80 81 98 57 42 59 11 77 43 67 42 67 77 3 12 6 73 6 66 16 71 81 2 29 28 16 82 43 1 83 13 55 93 98 88 88 20 86 98 79 72 60 62 57 70 61 59 79 98 87 50 80 52 66 58 23 71 76 74 12 92 40 89 92 60 29 4 45 86 32 46 80 85 95 83 88 59 67 18 65 75 28 94 7 4 33 28 27 84 77 44 63 61 59
77 6 92 76 18 20 63 83 30 70 93 96 10 92 4 53 74 50 78 34 36 61 76 39 100 81 41 23 85 30 61 27 84 86 15 56 24 17 91 56 40 56 62 12 69 23 46 41 20 17 43 13 41 99 51 12 81 39 24 52 1 38 81 41 8 97 35 43 56 24 43 29 30 18 0 95 97 38 95 72 97 9 57 98 79 55 10 43 38 61 7 70 31 7 15 97 12 93 30 37 69 63 56 31 53 99 63 83 85 2 30 70 33 72 54 4 41 45 2 66 34 41 73 37 3 64 79 19 25 67 45 84 6 50 59 42 45 30 32 68 69 82 3 28 34 10 25 3 55 21 60 39 61 17 31 95 85 5 25 26 11 70 46 37 21 7 41 82 40 37 50 19 16 58 72 63 3 76 1 72 33 55 37 43 52 33 67 91 96 3 73 8 12 20 51 73 53 81 63 92 65 60 82 51 19 67 37 10 28 22 48 47 10 1 9 75 36 23 10 22 79 45 44 71 44 75 15 36 65 16 92 16 9 18 64 7 72 11 41 87 35 27 11 43 4 22 93 43 62 21 65 4 22 82 58 80 84 19 76 86 83 8 94 92 90 97 5 63 96 60 4 79 56 30 17 50 38 88 83 10 7 50 44 13 17 23 0 68 36 0 87 4 91 3 54 31 74 85 58 39 27 0 21 59 39 78 56 63 24 0 86 98 48 91 56 23 8 26 6 47 48 34 98 94 47 9 50 12 10 20 84 84 42 99 65 17 100 28 73 11 30 94 50 4 58 56 9 56 40 100 42 64 74 65 33 33 53 2 85 3 66 97 16 8 34 72 68 55 98 35 23 46 31 21 3 96 74 19 78 85 18 44 87 35 72 37 74 59 76 83 88 83 74 5 33 35 54 78 11 52
85 27 71 9 18 27 65 49 81 63 28 47 48 11 99 75 14 80 61 55 40 53 22 31 58 67 94 68 59 94 98 87 52 86 27 45 99 42 0 44 32 19 63 51 41 51 25 49 18 31 3 85 58 46 28 17 81 29 55 96 26 8 5 12 38 19 5 70 11 75 25 50 37 100 13 83 59 83 20 6 72 49 96 11 46 93 12 61 77 83 33 44 99 35 51 12 69 62 2 94 99 56 13 37 14 14 88 13 63 94 3 68 51 17 37 35 16 77 59 62 99 54 44 3 31 21 56 24 71 31 22 96 86 82 54 69 39 26 36 20 65 18 13 42 64 87 94 41 50 100 1 99 1 67 69 65 24 16 13 79 29 64 10 44 68 47 100 38 55 15 81 26 39 53 93 83 94 73 79 0 71 86 83 22 9 23 17 36 59 86 71 12 64 42 61 91 74 15 94 46 8 24 24 96 68 6 75 33 89 22 80 20 72 80 17 79 95 61 62 77 92 48 99 94 88 87 1 88 12 29 93 55 3 6 15 28 58 81 75 13 53 77 85 32 28 63 63 99 97 91 92 47 100 60 50 20 35 29 28 30 94 74 68 19 84 51 69 32 62 26 79 57 84 87 6 51 16 59 62 85 33 20 93 61 8 41 76 94 86 66 69 46 31 17 83 63 35 29 39 4 42 26 56 93 87 60 30 55 53 58 98 30 81 100 5 82 49 31 93 46 18 21 99 39 42 20 66 56 70 18 98 13 39 49 64 41 51 88 13 49 58 35 29 11 95 33 57 33 62 51 7 35 54 90 71 70 47 75 80 73 71 88 98 41 57 18 55 42 62 63 99 58 27 28 22 39 13 76 6 78 12 6 84 90 85 44 4 24 100 97 45 22 45 25 14 92 57 29 48 89
32 69 2 4 45 76 97 52 65 10 47 41 62 77 66 81 96 25 15 97 33 28 20 61 45 80 52 19 88 41 28 15 2 5 9 2 85 1 65 89 43 17 10 93 48 64 96 6 71 99 55 53 97 31 28 54 41 57 14 47 97 33 46 31 61 49 91 59 75 14 62 35 97 10 19 23 36 83 100 36 54 98 57 7 76 55 20 89 59 22 67 81 90 14 38 38 34 96 23 76 48 45 33 52 97 44 38 85 39 76 43 95 44 85 17 43 25 79 90 41 53 97 5 5 22 28 99 68 4 57 71 77 99 5 8 89 46 29 55 20 100 39 32 80 36 39 1 22 67 70 35 93 68 11 96 82 66 64 96 14 2 50 24 16 54 75 0 44 97 14 99 83 55 52 71 15 57 77 28 75 93 13 61 12 48 39 49 99 55 52 77 1 33 73 26 96 95 19 46 24 35 24 70 68 32 49 86 59 80 91 98 83 29 54 74 92 36 35 39 63 81 89 79 30 62 78 81 76 76 51 51 21 45 5 99 23 35 7 42 47 37 88 77 59 30 27 63 28 87 36 62 51 99 29 70 16 73 24 15 91 69 7 9 81 65 48 43 66 79 62 18 24 77 82 82 24 88 77 29 57 4 30 25 78 15 51 51 52 41 7 72 27 93 88 37 17 42 98 48 85 35 48 0 48 63 39 10 82 88 17 41 60 34 55 2 1 100 35 5 97 81 53 64 53 38 48 24 82 18 89 87 92 18 25 65 18 35 78 72 78 53 52 13 72 40 47 52 55 53 80 52 52 50 55 18 21 65 22 70 49 26 7 54 1 93 67 34 0 14 67 27 43 29 39 3 19 15 43 40 93 6 87 66 65 69 23 86 74 10 10 99 52 3 34 72 81 70 59 48 85
15 65 18 94 70 48 21 63 72 7 38 78 47 14 60 22 51 18 77 98 57 28 13 18 44 30 50 35 82 15 21 25 68 59 77 80 13 86 77 54 42 59 98 10 66 75 56 79 90 42 78 53 52 88 49 83 28 86 27 66 99 51 82 84 60 2 31 69 59 80 10 50 100 16 84 55 84 4 18 20 82 39 42 2 49 35 24 58 79 51 40 88 92 2 63 47 4 31 28 18 89 55 27 92 38 28 52 99 96 85 70 31 53 63 64 76 45 10 65 25 72 43 37 59 91 63 46 64 7 92 62 72 5 2 11 64 54 18 44 6 78 41 25 96 66 100 15 5 16 100 90 34 74 34 35 75 21 67 42 34 74 74 20 24 44 1 39 20 38 93 78 78 49 72 8 62 80 37 72 57 7 59 5 21 4 51 72 16 86 30 9 31 53 95 86 71 11 55 10 26 88 13 22 12 74 56 82 14 21 88 81 51 45 8 11 58 7 68 17 1 67 27 88 59 60 57 82 26 65 36 40 84 95 89 76 40 79 75 51 22 89 54 87 5 5 68 37 87 53 99 59 90 97 26 24 7 5 69 51 9 40 5 89 77 68 26 39 92 26 89 35 74 72 80 92 65 49 91 60 56 0 21 14 86 3 73 58 100 54 32 87 14 9 43 0 46 74 97 28 24 88 90 16 40 98 81 98 71 39 45 9 25 80 90 37 39 80 58 37 55 47 57 65 66 6 39 89 59 41 39 79 71 67 22 18 12 11 31 29 73 33 62 12 20 23 76 13 91 60 62 37 55 35 80 54 97 9 84 20 89 68 83 33 74 29 40 35 24 53 86 35 49 67 68 73 52 7 38 64 36 76 95 74 96 36 17 36 36 43 100 18 93 16 36 45 5 34 8 22 15
71 88 3 25 84 96 65 15 91 26 4 37 35 35 30 32 13 1 73 86 96 11 54 85 76 86 45 23 75 14 68 71 40 73 45 52 32 96 66 15 77 67 3 78 47 4 94 92 55 76 78 2 89 16 13 29 70 90 47 49 78 44 5 95 42 94 49 0 18 97 75 4 51 96 99 22 8 80 25 5 61 79 11 19 90 9 66 33 64 57 46 52 73 55 79 20 61 85 75 35 63 41 78 21 69 100 28 43 56 11 78 29 96 3 27 61 5 33 60 82 62 90 71 2 78 26 72 28 40 14 96 54 98 53 90 4 88 25 65 26 58 100 86 71 17 83 80 46 5 15 13 67 56 94 91 7 79 59 82 89 33 40 73 17 65 12 12 82 75 14 72 49 38 73 15 53 87 10 62 10 86 48 100 34 57 31 88 41 11 30 54 19 66 54 66 5 80 54 29 74 45 66 43 24 71 88 37 91 67 30 80 85 23 55 67 10 21 78 54 87 15 41 57 54 65 85 29 14 15 11 68 83 92 1 41 7 61 97 6 98 25 75 41 41 33 9 93 85 1 34 96 76 62 98 70 80 1 42 65 70 25 86 21 64 29 0 60 11 98 21 78 46 43 43 40 42 21 80 27 23 72 20 36 41 52 95 18 97 89 12 31 81 23 60 95 14 67 0 68 13 59 70 39 52 25 34 5 62 5 40 66 72 45 8 18 79 44 33 23 31 76 72 57 67 45 32 33 51 98 32 17 11 59 77 77 29 47 87 13 60 51 10 68 70 35 23 24 20 56 61 89 56 75 56 93 95 100 19 24 13 8 71 71 80 88 55 25 45 90 69 88 93 55 61 28 82 98 32 43 75 38 3 23 12 54 24 40 96 30 43 59 57 65 19 26 64 75 58 51 27
1 76 1 31 35 46 80 19 25 95 32 37 89 0 68 32 91 10 21 28 89 15 26 69 31 35 11 59 50 86 10 10 56 69 100 69 14 87 84 15 84 39 64 71 31 83 92 16 41 99 68 70 57 65 67 75 25 36 77 72 54 56 52 66 79 100 25 43 56 27 77 80 81 59 64 59 73 65 79 37 39 97 68 53 42 36 26 20 69 12 98 99 11 2 80 82 62 60 40 46 79 29 25 69 32 14 22 55 38 71 58 91 7 98 72 81 23 31 28 50 92 33 90 26 87 70 20 94 25 26 71 28 41 13 14 51 30 25 58 81 52 79 69 61 40 0 7 5 63 12 9 98 19 13 3 63 97 81 41 15 60 23 4 75 94 8 26 92 57 97 6 87 77 74 2 74 79 87 9 41 59 49 19 85 13 10 93 93 10 10 80 13 75 31 25 8 72 36 10 2 33 20 11 56 95 99 67 16 100 90 79 72 50 66 74 53 33 33 39 60 35 15 18 51 63 47 16 25 20 24 12 25 43 12 11 50 17 11 61 13 28 80 1 40 86 35 20 32 87 79 9 57 68 97 42 93 22 38 12 88 94 77 84 75 87 26 48 91 4 11 44 64 67 81 45 76 44 63 12 48 32 71 70 85 54 15 11 61 25 60 47 30 46 40 49 8 100 73 21 0 1 86 4 2 13 82 62 11 63 29 38 70 86 11 54 18 94 52 5 48 81 8 40 53 56 69 66 74 19 88 100 65 13 46 40 60 93 75 92 84 18 17 58 55 25 5 13 52 38 50 92 51 74 5 38 91 29 93 8 61 70 78 36 31 22 36 72 27 100 61 43 93 89 4 52 8 22 10 46 97 54 22 90 67 0 88 28 9 62 81 43 35 39 45 47 5 78 26 40 26
48 91 72 100 14 53 19 54 100 74 68 77 20 22 37 29 80 63 4 62 46 42 70 45 50 66 33 26 84 97 82 69 99 56 100 95 4 68 34 92 8 90 90 49 94 72 36 46 10 20 81 53 62 95 81 58 39 78 81 50 28 3 99 2 21 12 72 99 62 52 53 17 6 90 52 39 63 16 15 3 18 50 53 33 29 9 72 97 85 36 97 11 56 82 46 24 12 6 43 58 16 68 78 75 78 69 78 68 23 7 79 81 55 45 29 28 18 66 15 85 31 22 9 58 77 12 50 95 65 21 78 61 14 18 49 1 46 82 47 52 26 29 19 50 71 95 90 9 17 37 28 25 18 22 81 64 96 20 45 20 74 25 0 41 89 67 100 27 58 14 55 79 90 63 55 32 99 99 57 30 9 71 31 95 75 31 1 55 62 81 14 31 94 9 53 9 30 12 79 78 84 88 32 5 5 46 87 67 88 87 90 66 93 29 42 33 21 20 0 57 47 97 1 29 23 72 20 95 81 79 6 76 58 28 6 98 48 19 83 88 65 72 40 23 48 88 80 66 31 31 98 13 59 14 83 47 68 86 58 50 77 32 51 12 30 53 99 71 95 5 39 90 79 61 10 35 17 12 2 10 81 7 86 41 34 38 21 69 87 42 99 88 76 23 81 38 56 35 19 93 42 20 92 78 80 10 100 21 26 78 81 24 21 47 36 77 60 46 100 97 52 60 24 93 57 50 60 87 84 64 1 20 79 1 57 12 91 100 83 28 57 32 83 74 94 76 53 37 79 0 37 22 28 34 41 30 17 92 70 97 3 47 71 89 34 86 11 79 45 7 79 64 33 68 29 42 62 86 32 9 34 71 77 90 3 47 64 12 71 43 87 61 52 95 61 51 51 20 26 59
81 70 95 5 44 97 72 58 38 23 14 73 86 96 26 4 81 72 1 92 46 74 32 55 82 69 48 16 0 48 70 11 48 52 39 41 75 32 85 8 17 51 54 90 15 13 26 41 86 96 83 88 54 10 56 48 54 37 6 15 87 69 22 10 2 30 52 12 62 40 80 27 28 70 31 51 37 10 15 59 51 32 13 99 40 94 62 5 10 96 9 46 31 98 79 58 77 37 59 48 29 44 26 0 24 84 25 69 27 98 46 50 66 16 54 60 10 3 88 62 47 77 31 42 62 12 98 57 8 10 51 35 40 100 99 76 58 37 0 16 88 7 66 70 45 47 7 94 25 1 75 25 53 60 52 90 21 47 75 63 7 22 85 57 91 91 98 5 72 57 80 57 0 58 17 68 90 18 42 30 61 50 10 50 41 96 4 36 48 2 89 31 9 42 15 67 37 62 34 80 30 76 51 36 2 38 52 9 81 36 12 14 2 49 0 82 4 61 69 86 33 95 38 60 39 66 89 95 61 22 74 23 27 82 17 100 11 0 91 24 71 50 60 89 17 8 91 11 7 34 54 54 19 26 38 95 91 41 26 64 20 59 93 10 16 20 67 85 58 26 99 60 57 63 92 14 86 75 21 8 93 82 5 20 49 56 29 85 78 39 5 62 55 72 68 58 66 81 87 48 4 78 75 26 40 29 65 22 17 57 56 92 67 27 24 33 94 35 12 90 56 88 32 15 75 77 76 56 36 53 71 88 72 73 31 45 93 52 6 57 42 12 24 3 42 77 28 73 51 10 2 44 49 100 35 12 42 35 62 47 70 98 57 73 93 96 3 57 0 30 63 49 74 69 33 55 29 63 17 65 93 60 27 97 72 13 37 59 78 33 22 16 20 95 1 34 71 57 68 42
43 30 17 80 54 57 71 36 89 15 67 61 55 50 33 11 86 35 1 85 24 70 98 26 81 73 59 70 50 79 27 76 37 17 56 66 4 94 8 65 13 13 43 61 38 53 79 66 90 3 100 87 92 71 1 79 14 60 65 21 84 22 99 28 35 18 43 1 41 32 74 85 88 80 53 63 2 29 11 5 8 90 0 84 15 95 9 95 40 44 2 0 50 88 15 63 36 89 80 15 38 43 35 35 36 21 50 34 86 60 21 88 60 56 12 94 92 44 76 11 8 56 13 74 69 70 32 56 27 42 72 62 11 64 79 33 33 36 74 2 59 42 73 51 64 53 26 99 12 39 57 53 100 3 21 30 91 25 38 87 4 36 94 46 60 91 57 25 20 100 79 25 53 12 88 32 10 18 24 22 40 40 74 69 24 90 51 34 23 44 26 17 98 100 66 4 56 46 55 57 86 66 10 94 77 16 20 93 94 29 84 8 41 90 52 73 51 28 100 70 28 8 27 23 53 94 32 47 71 99 28 29 33 82 25 55 45 81 52 45 44 1 70 91 97 1 94 76 33 79 33 64 94 0 62 2 42 49 73 77 8 5 13 35 85 87 99 96 48 26 66 35 65 69 34 57 54 19 69 11 65 56 34 81 15 79 41 54 78 71 71 85 69 5 23 71 46 55 12 52 47 74 66 24 83 27 17 61 66 30 90 78 96 55 63 50 2 81 2 13 38 70 43 47 20 86 28 30 41 17 2 57 84 58 49 65 44 46 37 21 87 15 14 10 70 79 38 83 7 69 82 84 12 27 36 75 61 97 48 78 47 73 1 1 44 54 86 12 50 19 88 74 17 74 40 70 43 6 13 67 14 56 54 21 44 77 57 43 2 49 19 23 38 33 42 88 89 54 79 100
92 13 6 59 95 8 52 82 19 34 33 7 9 26 18 100 67 71 41 39 72 3 47 71 87 66 2 95 85 89 1 93 3 9 95 95 60 66 90 10 8 2 9 47 67 81 98 16 32 51 86 13 75 39 58 6 89 61 75 25 80 40 12 96 31 10 32 12 37 51 18 13 83 5 31 10 85 81 96 88 45 46 3 86 91 98 59 19 69 92 5 8 72 82 8 27 96 65 23 18 46 92 86 18 68 54 72 76 33 6 3 79 69 99 47 6 6 22 88 2 77 91 69 8 23 60 66 7 76 35 21 24 42 27 45 19 73 47 13 87 40 32 55 46 17 19 53 7 65 9 54 52 45 8 85 51 78 33 37 31 3 19 36 33 99 70 61 41 21 54 83 30 16 95 80 47 17 15 46 32 86 99 34 75 27 38 3 82 45 41 44 83 41 73 56 35 23 6 6 61 0 14 14 42 9 78 1 7 41 12 73 17 56 48 11 89 46 13 35 58 31 22 66 62 13 4 71 72 54 72 55 45 47 61 4 24 55 88 22 83 38 69 7 51 40 4 22 33 38 97 100 5 48 18 58 83 53 82 30 86 47 6 55 9 63 40 30 99 93 94 100 10 3 77 96 90 4 23 26 24 90 13 46 73 42 89 27 60 25 18 40 57 15 64 69 93 35 48 32 37 26 78 85 39 19 35 89 67 94 96 93 47 18 77 5 36 82 33 42 92 6 38 38 57 39 95 11 43 2 21 48 17 58 66 6 71 97 5 47 29 2 91 56 98 11 92 85 46 50 9 12 24 67 61 0 55 50 97 99 4 90 14 77 78 30 27 75 79 76 19 88 77 25 89 23 32 9 79 97 60 66 28 95 95 58 52 69 28 77 39 17 25 75 87 77 65 18 92 44 32
30 17 87 10 87 32 61 88 36 63 78 64 75 75 50 75 12 7 56 32 51 25 9 9 29 99 58 37 76 72 25 85 46 60 27 55 54 73 31 79 33 96 23 98 88 97 97 19 54 21 55 51 94 36 2 7 30 14 37 85 33 55 44 86 37 14 68 65 54 45 24 100 4 26 77 45 87 17 40 10 37 33 85 40 59 6 34 55 36 21 47 4 33 3 25 44 76 74 38 41 86 60 75 99 29 71 32 12 70 33 91 55 6 20 60 95 90 19 77 19 68 77 58 66 3 3 34 58 35 18 24 18 2 24 13 87 12 62 76 64 79 24 14 43 56 66 10 12 82 99 44 27 10 54 8 53 10 8 59 41 67 17 86 28 74 3 22 27 83 90 3 86 22 18 31 44 87 48 65 1 86 91 58 96 38 24 0 52 61 34 91 5 23 69 0 2 23 29 61 16 44 49 56 3 61 30 32 74 54 28 58 65 15 13 89 30 51 18 17 36 6 33 13 79 52 54 80 76 86 43 64 14 9 64 94 49 47 67 40 29 11 44 2 78 39 42 19 39 51 65 81 90 59 91 51 73 36 16 7 28 48 70 34 44 3 82 15 27 7 46 46 35 62 50 33 73 54 78 76 74 38 8 82 80 20 50 63 40 35 0 59 48 71 34 84 40 30 6 45 57 83 31 88 12 63 4 35 57 23 91 12 67 50 21 51 15 36 42 44 8 19 0 94 100 17 0 20 3 38 84 74 40 43 61 19 100 59 74 1 44 84 100 62 92 28 75 76 75 30 83 18 77 11 12 15 16 31 64 77 57 33 93 88 44 81 19 49 64 46 29 49 62 75 67 49 23 48 9 38 11 24 93 42 84 44 6 21 72 29 61 45 13 74 13 8 89 71 9 57 61
5 37 19 72 24 76 74 90 70 29 53 91 57 32 65 51 7 12 70 64 1 47 6 1 86 53 28 54 83 5 16 36 73 49 3 69 20 65 41 33 59 28 60 2 16 27 85 9 51 21 87 62 41 30 14 35 98 28 29 34 82 76 81 95 40 39 62 44 79 98 50 83 51 77 6 99 4 99 10 64 49 78 84 8 57 14 59 19 32 39 100 43 43 83 94 68 87 74 33 10 44 99 38 95 59 51 78 42 14 12 74 24 94 32 71 15 18 22 43 25 72 83 7 88 79 50 21 66 16 48 62 21 2 53 17 52 2 59 37 63 54 9 53 65 59 94 61 69 65 45 93 15 6 44 70 61 23 8 54 78 0 36 73 6 78 1 44 13 41 3 11 94 61 10 61 76 38 57 60 17 17 17 69 3 33 47 10 93 82 79 0 86 8 26 59 80 88 23 0 19 54 55 18 99 31 25 85 14 82 81 97 17 16 46 99 89 62 71 14 10 59 61 47 31 60 20 71 55 17 0 96 55 94 84 62 48 69 42 12 71 29 25 74 48 13 12 71 3 18 54 2 73 77 60 20 97 19 46 9 1 11 75 25 65 41 38 66 61 72 5 80 48 39 91 57 75 59 41 26 9 10 85 16 7 97 26 47 17 46 9 84 80 54 44 89 41 4 65 80 58 47 34 52 19 75 19 70 64 3 93 63 95 30 58 21 98 50 32 17 0 52 38 49 37 38 97 75 83 52 6 100 83 46 33 21 45 91 98 15 27 5 75 48 24 88 78 76 88 78 49 100 6 53 2 23 0 37 28 99 62 25 36 69 46 18 73 56 36 12 52 99 94 2 69 30 47 46 3 77 39 44 91 35 80 67 87 30 69 46 44 5 6 88 73 99 2 90 69 2 78
52 96 87 0 42 48 100 26 13 19 51 33 73 23 1 5 81 16 3 83 36 19 100 68 86 39 26 8 15 63 68 15 29 96 37 45 86 69 3 59 23 17 29 56 66 40 34 70 76 40 5 63 85 2 82 36 48 8 6 40 19 18 74 76 17 76 87 91 71 11 50 78 85 54 74 11 66 99 77 93 79 49 2 97 54 59 3 5 18 80 19 63 61 84 34 48 80 9 3 45 12 87 21 88 42 21 5 67 80 85 88 22 27 73 74 9 65 24 57 100 71 99 59 79 81 79 12 17 45 24 6 1 9 83 22 39 95 32 10 77 84 3 20 75 71 51 70 7 38 14 20 17 0 89 44 81 60 4 22 68 25 10 97 17 11 78 21 7 82 93 80 70 23 3 2 0 10 59 88 52 54 53 6 28 6 69 34 72 42 4 91 79 63 10 80 50 18 23 44 4 19 4 22 64 48 3 99 70 31 23 54 80 2 1 26 67 22 81 73 37 74 81 27 21 71 50 0 3 33 63 43 44 65 85 100 3 24 59 36 0 64 98 88 96 16 50 96 71 60 16 3 16 43 53 98 60 93 86 33 36 59 79 71 93 25 19 15 10 20 68 35 34 73 83 34 44 12 1 49 38 29 3 49 4 31 14 80 90 97 7 26 78 40 18 49 12 62 12 90 38 98 54 3 19 11 62 32 37 52 33 61 74 37 11 64 79 89 33 55 97 90 54 75 40 98 12 97 57 67 89 87 34 27 54 2 85 32 60 24 50 52 43 58 30 86 76 51 53 72 85 66 6 56 76 23 39 31 85 29 39 49 87 47 24 51 57 95 67 11 58 10 97 49 34 1 8 17 50 32 5 2 19 31 70 58 82 93 14 25 1 68 72 80 77 68 74 59 70 14 54
91 100 55 7 81 85 37 53 34 6 59 32 60 23 15 97 87 84 60 10 25 6 36 59 97 11 79 32 82 18 30 27 18 1 65 30 87 97 99 30 69 16 59 2 68 27 59 1 92 53 34 34 58 53 29 5 25 14 2 48 8 16 99 69 82 26 71 32 61 19 85 61 12 82 50 27 68 7 5 84 18 6 90 100 88 33 69 78 37 15 10 1 84 48 38 53 16 4 44 76 34 34 70 68 93 32 94 61 83 61 4 6 27 6 23 81 73 50 17 98 11 36 6 1 84 90 72 68 63 54 69 100 18 40 2 93 72 34 55 26 82 90 81 66 20 1 74 64 29 82 47 65 45 66 100 27 34 46 14 49 43 55 30 99 31 38 82 51 1 81 66 32 47 14 78 77 6 33 78 25 94 12 34 60 91 59 20 88 51 52 12 12 65 99 27 63 57 78 58 68 79 69 93 55 34 97 12 2 9 67 89 41 34 32 34 9 74 15 69 83 63 88 31 70 31 80 98 37 69 37 18 24 10 60 15 62 27 49 47 72 79 1 84 12 85 12 8 87 60 82 54 31 48 27 46 77 78 94 79 47 96 12 42 5 86 69 35 89 56 61 12 98 60 21 0 86 87 76 68 45 87 69 27 1 13 51 18 50 51 75 57 70 97 63 63 9 68 40 58 91 11 6 47 13 9 27 32 48 73 69 58 46 56 78 66 56 9 81 88 58 13 88 65 73 37 7 97 37 6 26 57 90 11 89 90 22 37 79 80 43 29 75 88 29 40 72 58 3 9 38 95 75 44 44 64 17 41 65 54 15 53 50 11 12 95 77 70 76 2 60 47 95 87 11 45 90 10 79 10 83 85 58 91 61 6 44 87 32 19 11 68 55 19 35 20 95 8 30 10 42
69 37 1 28 47 40 1 38 76 23 52 37 48 19 77 68 46 79 10 41 86 9 16 12 66 36 51 94 90 94 23 40 6 27 33 52 71 79 89 95 72 79 13 11 2 46 12 31 91 66 58 34 63 13 42 31 90 20 80 21 70 39 85 46 93 23 48 22 71 18 48 9 4 10 57 65 48 46 38 66 2 23 41 53 97 61 2 37 1 1 35 7 1 99 63 85 13 90 39 83 5 79 56 11 5 82 83 52 37 23 50 10 75 28 74 93 20 10 97 6 10 93 20 82 25 59 37 74 73 60 99 36 30 52 23 84 35 86 40 59 71 9 73 40 77 85 95 74 28 75 41 57 31 36 39 44 99 80 91 37 54 9 35 43 25 63 89 33 50 72 67 71 69 54 67 42 45 44 86 3 28 10 14 6 6 81 28 32 76 9 36 28 66 29 40 70 26 15 21 22 19 21 64 42 78 34 7 62 90 4 74 9 69 20 28 39 18 20 77 0 52 1 70 59 9 92 54 37 50 20 82 33 55 18 67 64 41 4 2 32 59 61 13 79 59 87 6 25 28 83 50 91 56 69 86 53 91 4 19 6 91 6 80 6 2 77 50 23 18 26 38 41 51 61 79 1 56 68 12 79 91 6 88 70 3 72 83 22 13 77 47 69 45 11 12 41 29 66 74 59 39 100 32 73 77 93 52 29 53 90 21 72 46 46 10 1 45 48 24 27 95 21 32 81 74 56 69 100 13 43 67 29 3 84 65 51 95 82 42 38 99 68 56 47 44 39 67 16 44 29 82 96 76 67 65 31 18 19 37 37 69 84 39 6 60 78 22 47 37 93 78 88 76 42 59 33 84 45 55 42 74 34 82 65 38 13 17 3 7 29 91 35 94 26 54 47 55 61 70 45
74 24 88 38 38 24 42 40 86 68 10 21 85 46 63 24 99 46 2 64 9 11 37 10 82 91 77 10 29 9 71 90 94 44 32 30 46 82 74 79 0 10 84 100 90 85 21 21 7 11 64 47 18 84 48 19 57 49 94 48 36 57 16 54 65 28 62 82 22 5 74 100 91 71 75 56 53 60 66 36 100 55 72 99 94 30 71 46 83 99 27 85 17 68 67 76 8 89 39 30 41 49 83 49 18 32 88 78 20 7 6 51 39 89 13 61 44 12 13 11 15 19 75 28 90 12 85 56 88 83 99 99 93 76 22 96 83 73 60 68 81 2 57 4 45 54 95 44 85 2 79 97 42 60 63 10 86 35 88 33 66 39 58 42 97 23 42 60 59 50 40 52 47 52 79 88 53 43 19 32 14 43 47 39 9 50 49 62 46 28 3 53 28 21 15 76 60 51 47 29 96 1 91 65 35 54 94 76 82 58 87 70 96 45 75 34 17 100 64 9 98 5 47 80 98 35 88 6 81 14 10 91 37 0 52 61 28 43 50 28 69 75 85 96 64 84 75 20 61 19 58 44 36 84 32 59 85 13 46 20 71 59 8 50 26 65 71 81 13 24 92 81 84 95 73 35 48 26 19 22 76 9 82 100 41 78 79 52 8 81 25 65 23 100 13 7 73 7 19 26 92 56 31 61 31 80 37 38 5 36 68 62 31 33 5 22 78 28 20 19 63 52 81 50 58 19 40 17 74 16 85 63 41 4 27 78 86 57 82 45 65 70 52 29 69 39 62 47 91 90 41 56 96 61 84 49 69 73 0 7 37 35 13 45 26 61 44 70 32 26 100 15 0 5 96 56 16 67 90 41 82 72 44 62 7 100 17 95 77 24 9 68 91 39 32 28 5 37 92 9
90 49 62 84 30 31 62 69 48 1 25 51 55 28 60 91 50 67 30 43 85 88 92 10 53 29 9 86 89 89 78 80 32 96 48 32 28 41 29 6 56 84 66 81 54 51 67 93 82 55 8 13 30 49 77 41 13 41 11 78 74 79 59 70 67 91 58 40 65 15 33 49 83 49 32 26 52 57 54 83 68 24 98 91 43 45 25 96 96 11 88 73 94 7 3 54 68 43 41 24 47 42 79 10 31 32 44 31 52 68 78 18 77 38 54 99 1 22 30 53 2 43 37 97 37 35 36 67 29 94 94 61 3 64 36 79 90 15 44 48 58 38 57 7 11 1 64 17 95 20 27 26 76 34 43 64 69 90 8 81 60 85 96 42 14 46 61 97 24 16 90 56 73 74 0 20 33 22 79 87 33 98 19 79 88 12 49 32 31 52 57 68 16 36 55 24 74 10 73 95 3 89 7 0 69 96 35 64 76 52 65 85 73 26 0 15 6 43 4 34 71 98 9 33 86 0 98 56 69 41 24 49 40 72 69 12 58 3 83 73 2 62 53 4 47 48 68 1 67 67 80 73 96 80 22 10 91 28 80 94 83 39 73 61 88 5 65 65 28 43 46 48 2 85 48 9 85 31 22 78 39 26 82 65 95 94 97 74 16 43 81 12 9 41 42 86 47 79 14 39 100 5 50 38 83 68 98 41 63 31 91 13 74 45 58 66 42 43 34 78 33 44 99 38 90 55 19 22 27 75 58 52 86 83 85 92 20 41 72 35 10 28 85 26 14 54 83 72 48 30 52 60 21 43 65 88 53 55 54 97 21 33 40 76 31 4 15 24 92 95 48 90 78 62 33 96 86 50 59 43 45 47 9 55 25 94 59 55 6 57 52 4 52 8 34 30 69 66 82 93
50 55 77 41 80 82 86 88 25 22 40 97 1 82 76 73 66 82 56 46 34 48 81 58 86 86 15 26 37 75 16 62 9 66 77 65 20 34 41 29 83 16 26 96 85 38 67 21 91 70 76 34 96 82 41 71 98 64 84 19 90 65 32 29 22 64 82 10 74 66 6 8 58 81 86 46 30 66 33 99 34 31 64 54 43 80 44 13 28 63 58 22 84 12 5 20 71 49 54 4 79 93 63 37 68 38 49 68 64 96 83 83 53 36 29 18 34 46 44 78 48 53 5 53 34 68 78 52 99 2 69 71 19 27 31 28 0 28 40 78 91 79 11 49 6 98 42 100 33 47 87 0 96 25 27 36 70 76 51 57 72 87 38 87 79 4 30 16 48 5 74 99 17 94 84 95 34 25 71 22 35 38 100 37 97 60 9 82 7 95 79 73 80 21 85 82 71 73 45 70 39 42 68 78 45 24 10 36 79 85 2 70 87 60 29 93 64 76 57 76 94 48 92 26 56 8 68 82 54 70 75 3 70 24 37 43 83 37 80 29 6 97 9 79 52 66 30 42 53 84 84 78 32 81 45 8 70 7 79 54 79 72 28 48 87 8 78 61 65 14 29 49 96 36 10 48 26 71 32 27 82 99 38 73 92 84 30 14 6 84 23 36 78 63 11 10 27 91 24 88 93 13 96 99 1 77 36 16 68 44 77 12 18 47 66 3 47 41 30 51 43 8 41 99 30 17 7 54 78 28 54 92 35 85 78 90 39 61 18 5 81 41 8 80 56 13 53 89 17 64 30 11 33 19 38 86 48 5 92 45 78 25 60 50 68 95 10 24 88 31 2 5 28 51 90 26 54 99 11 27 73 36 9 77 61 98 82 91 96 53 68 79 7 92 71 92 97 66 32 54
78 57 8 86 30 50 96 1 14 28 72 42 48 14 86 86 85 83 41 3 60 12 5 51 27 90 29 51 46 62 10 57 86 95 41 52 36 95 35 10 37 10 43 63 35 97 7 87 89 0 37 95 95 48 76 96 9 42 51 52 29 50 35 22 26 39 91 91 99 30 3 24 72 32 64 20 17 93 5 58 14 10 77 38 31 6 44 98 81 67 97 80 40 7 94 60 43 71 33 14 33 24 35 6 72 46 49 39 16 33 44 99 52 19 85 13 36 37 7 25 50 74 83 90 47 34 79 4 43 8 82 6 84 4 23 17 16 47 49 43 59 7 1 49 91 74 49 67 18 98 14 30 81 36 99 99 7 84 89 77 95 97 84 79 84 40 19 35 91 68 47 43 83 45 41 31 4 94 34 86 25 46 21 3 15 16 82 34 36 5 85 68 66 46 94 48 65 38 30 57 28 6 11 37 98 27 41 11 27 52 56 25 76 63 43 60 42 14 65 92 78 62 1 5 38 36 14 83 87 71 10 65 45 28 96 36 89 100 51 17 51 93 78 90 82 24 99 83 57 27 68 88 33 5 29 20 97 78 65 28 4 96 0 18 60 22 66 51 60 82 78 74 71 33 7 35 46 95 4 82 53 56 46 33 73 89 28 71 0 99 39 60 77 41 19 42 20 19 91 96 73 25 49 31 59 66 80 56 49 99 29 4 38 96 19 50 14 18 39 23 29 57 46 0 7 23 61 46 53 85 17 95 54 98 93 2 32 51 47 59 59 17 65 4 48 31 64 13 94 68 55 54 52 46 50 24 90 31 68 76 94 10 76 69 74 67 6 15 92 6 5 73 47 65 54 95 22 38 9 57 44 51 96 4 3 22 0 47 5 79 73 71 29 70 56 1 22 33 18 23
72 91 8 3 55 40 32 45 90 5 44 68 58 80 65 65 47 9 1 18 64 31 87 66 75 11 31 81 84 64 62 38 25 78 31 17 90 69 45 34 23 97 64 1 80 40 21 56 65 81 46 68 35 30 68 97 54 86 35 49 41 16 77 11 14 85 100 64 68 98 80 29 29 4 14 62 24 43 48 8 96 66 96 12 99 64 56 100 64 13 77 84 75 81 35 67 89 88 54 13 24 53 89 11 60 6 22 18 75 52 10 7 47 54 61 63 88 8 81 33 13 1 9 30 37 6 96 65 8 87 12 50 74 46 100 32 81 33 97 8 56 19 85 1 33 99 85 98 54 23 43 84 24 83 1 87 4 77 91 31 58 12 76 88 94 80 13 43 83 78 64 23 24 72 60 19 72 91 75 42 63 82 22 23 15 23 74 59 76 16 96 3 62 73 78 14 47 19 56 95 45 6 54 39 67 7 33 71 0 94 50 91 22 70 69 72 93 87 20 74 17 65 99 86 55 4 7 62 93 58 99 43 1 50 3 46 64 51 63 62 49 90 91 61 10 77 31 10 54 2 73 50 42 69 67 9 84 9 99 88 42 0 70 97 94 68 47 33 18 39 52 57 26 71 39 51 76 0 22 30 9 66 67 8 5 3 33 23 49 15 99 72 92 81 34 85 36 91 74 82 32 45 12 59 3 61 52 40 5 81 49 72 1 16 23 70 26 30 2 95 100 68 93 97 84 0 57 70 47 86 18 98 90 19 45 77 3 83 6 71 55 83 80 92 67 33 36 40 24 96 13 83 15 16 58 67 15 73 35 55 83 100 11 39 97 55 5 69 27 45 10 91 19 12 83 98 72 68 95 11 80 88 95 82 59 87 26 61 36 66 8 37 63 70 78 50 88 4 55 75
96 93 87 69 40 64 21 43 92 86 44 12 28 35 24 96 64 81 42 97 88 48 9 67 2 21 61 43 70 75 79 50 20 3 5 40 69 2 81 95 80 8 98 51 44 4 75 57 50 59 44 78 32 36 93 48 55 19 31 75 55 46 8 0 86 74 18 51 63 95 56 56 7 88 7 85 55 89 73 89 28 59 71 51 16 29 60 8 3 64 10 79 53 23 48 15 10 59 93 96 16 13 77 30 97 97 87 65 94 18 74 100 10 65 76 62 0 84 18 66 87 39 59 70 80 34 96 50 20 6 21 69 9 21 89 47 99 90 84 74 15 19 1 55 32 68 16 54 28 87 28 63 18 36 54 19 19 45 87 97 8 36 83 36 100 9 18 49 88 17 29 10 8 74 38 31 15 46 91 44 43 72 58 99 58 2 91 67 23 71 100 38 26 67 11 58 92 27 78 83 19 79 58 100 16 19 50 47 7 82 48 0 54 39 40 8 27 95 74 47 23 66 94 49 83 46 51 80 57 7 55 39 28 5 22 84 28 87 51 69 92 46 41 20 51 45 6 90 68 33 73 93 68 34 95 40 4 88 99 0 99 84 75 99 24 53 77 61 13 48 64 11 18 81 37 20 11 50 30 73 60 4 77 13 5 89 94 48 53 38 55 96 96 81 5 94 1 67 99 73 83 56 71 72 60 97 97 40 5 87 1 51 69 34 32 7 21 52 26 83 76 4 59 89 85 7 58 69 22 56 29 75 88 70 63 81 32 16 48 3 88 68 68 28 54 47 86 57 84 95 9 77 86 91 61 29 18 42 7 79 93 54 94 71 43 63 80 30 85 39 44 84 26 51 61 67 57 8 89 90 95 25 55 36 66 90 88 97 36 84 35 91 74 22 11 93 6 8 41 49
83 15 59 6 50 11 93 35 60 74 36 10 27 5 28 62 7 74 12 72 83 7 65 82 47 82 23 27 31 90 0 8 65 15 84 50 28 97 66 84 91 28 14 55 18 1 52 69 40 72 23 79 94 93 0 34 57 37 62 14 55 11 89 66 20 11 67 77 0 1 28 61 46 86 99 65 20 37 52 79 13 24 81 20 78 92 37 40 33 45 75 29 67 6 78 39 32 61 24 86 37 40 93 37 41 42 78 70 95 14 34 85 27 85 55 53 40 41 77 53 3 68 45 97 44 93 69 3 21 65 14 29 60 29 58 58 58 57 71 67 7 86 36 91 2 88 78 17 5 50 63 22 41 49 23 6 50 32 94 82 37 31 99 67 69 56 61 73 75 0 98 100 25 70 91 67 86 24 16 44 68 47 29 9 27 4 3 47 35 66 85 15 94 86 84 42 17 91 31 57 12 64 76 37 87 13 82 6 73 22 65 89 80 26 69 44 28 25 43 92 52 44 31 90 88 8 12 10 20 47 38 47 47 9 91 7 23 81 73 66 37 29 29 73 41 92 26 64 47 88 72 56 20 29 70 79 33 91 92 83 75 40 60 42 23 92 66 2 90 76 68 29 92 33 29 43 52 87 15 33 14 34 44 62 36 11 19 12 2 45 44 86 50 67 93 60 93 99 53 87 52 35 13 81 38 98 9 75 64 20 84 57 22 0 48 52 78 50 54 85 87 74 69 32 11 20 18 63 59 88 9 6 91 98 9 87 24 24 52 61 43 35 90 42 98 46 39 30 61 7 69 98 80 76 26 95 81 50 98 94 66 60 41 81 39 48 75 67 15 72 33 52 39 0 15 21 94 98 46 48 53 90 16 51 1 82 2 35 75 40 29 40 0 87 83 11 59 10 6 87
63 75 55 94 15 82 33 68 91 91 82 31 44 67 68 21 41 86 67 100 21 40 19 55 71 38 4 66 32 33 97 75 48 46 40 34 78 53 50 94 5 39 28 7 26 28 97 67 80 52 56 20 77 100 100 22 68 29 91 89 13 45 65 52 87 36 34 12 44 96 65 57 82 49 42 44 1 68 64 79 56 60 95 11 12 78 64 79 7 38 30 37 98 31 95 0 97 70 82 74 63 50 15 87 98 85 81 22 83 89 61 38 18 83 55 92 19 49 42 12 53 44 3 76 32 39 57 38 5 62 46 73 36 40 66 8 93 70 62 23 4 89 78 68 0 80 67 93 100 90 18 72 19 5 87 32 93 36 72 55 47 72 37 2 24 3 87 15 48 87 72 84 79 35 92 32 3 42 21 40 4 92 47 42 84 16 38 0 41 9 7 54 98 13 99 75 85 38 49 67 18 19 38 0 58 61 63 16 46 68 26 72 96 40 38 98 9 23 81 51 42 81 67 40 22 89 10 62 42 22 59 97 78 24 98 18 18 2 17 74 28 17 51 54 1 41 76 78 61 45 100 94 5 52 24 86 45 74 70 92 29 57 86 46 86 2 81 4 89 7 42 35 14 14 29 44 28 89 10 5 97 56 30 90 72 76 17 81 90 42 13 36 93 69 7 75 100 72 43 71 91 55 71 75 97 71 47 18 17 61 9 15 20 86 42 77 38 23 51 22 34 36 83 62 35 2 24 10 88 2 72 21 12 15 50 36 94 67 81 90 92 83 67 22 76 12 99 16 10 50 95 47 83 15 9 45 74 39 57 23 86 75 86 58 69 63 100 39 55 85 96 4 91 83 75 30 77 68 80 56 50 96 76 27 95 88 82 79 65 32 81 16 10 31 43 76 99 47 42 49
78 27 4 67 65 64 21 7 5 40 79 78 37 49 33 58 14 96 85 1 35 29 88 93 14 8 13 12 0 45 45 13 84 11 10 34 68 93 19 99 50 71 31 70 52 31 99 35 17 83 78 1 22 54 60 77 20 30 3 86 14 48 20 81 18 8 1 82 94 64 10 56 70 28 72 78 17 52 64 67 83 26 46 74 7 7 28 80 11 17 83 7 8 53 0 74 1 85 82 86 48 47 21 53 64 64 52 1 64 65 64 16 48 13 70 60 24 81 85 9 99 8 12 9 33 83 3 21 35 46 1 52 74 24 44 16 58 5 17 23 88 21 72 66 5 79 31 12 16 14 11 27 50 60 93 27 89 96 83 72 29 47 19 13 53 83 38 5 53 88 82 24 92 38 36 1 29 5 71 83 38 0 58 96 35 64 44 64 71 35 83 79 2 31 19 90 75 51 14 53 83 80 52 82 33 79 60 52 77 20 23 22 0 47 55 36 45 13 13 39 65 66 21 53 61 91 20 55 84 1 40 74 51 37 30 15 86 77 0 48 96 49 23 76 80 47 94 96 22 51 100 49 7 22 56 91 27 8 0 63 74 20 29 80 58 13 54 88 31 62 4 94 36 75 90 2 10 62 35 56 37 17 85 76 28 54 37 81 36 6 72 100 39 83 17 99 5 11 88 97 1 3 7 66 67 80 67 2 16 13 57 56 22 26 87 74 53 70 96 53 20 75 81 4 70 24 35 29 46 60 98 58 39 42 49 76 26 79 96 24 44 86 19 96 8 57 72 52 59 41 98 21 19 25 85 65 63 40 98 19 11 24 2 13 61 38 75 60 29 89 85 32 11 18 80 10 16 66 4 14 68 2 47 99 12 50 9 17 13 7 40 13 65 82 14 76 82 86 40 13
76 6 58 51 96 0 48 25 5 85 77 5 81 22 76 52 84 30 68 15 7 46 0 37 47 24 90 79 97 23 61 44 87 71 75 68 34 90 69 92 96 53 88 6 5 98 82 48 54 43 93 2 76 57 51 30 65 67 32 5 23 6 98 25 61 3 59 72 77 42 30 37 93 0 42 47 11 31 34 22 56 3 47 19 55 25 68 49 10 42 60 98 72 34 38 78 68 70 33 48 15 41 58 8 67 64 23 90 10 12 43 28 91 1 22 9 55 86 48 58 45 79 96 1 96 79 42 49 53 4 95 67 92 28 18 77 31 7 3 1 14 40 25 38 70 59 89 55 100 29 43 52 37 76 44 69 33 58 20 34 88 21 70 64 59 17 3 62 51 77 64 76 7 15 17 71 73 45 8 15 52 7 25 73 62 50 35 27 37 28 27 75 30 96 94 68 59 93 50 10 60 31 100 71 82 44 62 11 25 44 98 67 37 22 26 82 51 24 65 96 47 60 65 30 55 65 88 9 39 14 91 74 5 7 77 100 71 18 99 0 57 69 54 54 44 54 67 22 46 59 19 17 100 9 31 93 16 7 85 74 52 19 12 88 2 46 22 52 71 9 86 3 80 2 69 47 71 13 8 81 57 49 48 46 15 66 24 100 26 93 43 50 98 61 50 61 40 81 73 48 92 77 25 73 6 0 52 49 80 23 72 12 51 44 7 40 99 21 99 48 12 70 72 22 26 18 12 98 7 100 56 97 84 16 94 78 1 47 53 3 94 85 71 32 95 1 46 30 97 34 70 64 88 82 45 68 15 15 90 76 10 85 38 35 25 94 88 76 51 81 24 87 45 88 0 46 79 65 42 59 99 18 56 62 63 54 27 15 63 87 24 45 25 58 28 41 55 72 6 40
100 16 23 59 66 17 11 88 42 27 13 34 20 47 78 6 92 3 74 97 19 46 79 36 37 66 8 89 56 13 61 25 99 6 25 79 56 1 99 70 88 8 98 59 41 92 51 85 38 14 35 17 39 8 53 38 25 78 4 7 96 71 29 31 81 45 86 99 74 81 23 96 6 39 57 68 58 100 26 12 47 42 67 61 22 38 68 63 57 76 87 92 29 67 65 90 11 87 41 98 45 46 76 45 98 42 24 3 56 98 5 41 95 59 93 57 66 64 51 79 73 11 48 34 63 69 86 29 38 60 93 86 100 96 41 33 41 87 78 30 17 35 94 68 95 0 75 47 2 34 98 5 55 29 0 99 3 94 13 35 33 65 42 30 66 13 12 46 30 62 83 58 75 34 2 50 7 17 14 68 12 22 33 70 37 56 6 64 17 15 29 33 17 8 33 12 53 33 97 86 51 30 46 58 99 28 3 1 39 58 60 99 38 24 87 21 52 41 29 14 41 41 76 96 32 20 23 42 72 59 61 79 100 85 74 71 64 46 93 87 29 35 78 25 43 18 43 99 29 14 41 45 99 35 1 69 34 4 29 15 1 50 63 96 48 51 41 94 35 83 59 52 64 13 26 16 92 26 33 57 68 80 18 6 2 29 44 40 71 75 75 50 93 21 7 73 82 30 79 57 47 35 71 82 69 100 28 1 4 27 35 7 73 88 71 62 15 99 77 9 75 48 92 90 100 58 2 48 95 12 8 3 14 77 47 96 29 33 30 3 3 78 75 72 85 100 25 87 33 23 82 64 84 51 50 16 56 70 74 51 1 29 67 5 88 71 19 58 1 19 2 45 32 94 82 95 80 70 54 29 51 83 7 27 86 25 20 26 26 88 52 51 51 21 93 76 96 28 56 50
68 50 87 98 28 71 29 89 71 52 89 35 81 48 46 94 69 90 41 23 63 97 15 74 30 16 66 25 85 25 41 15 83 15 52 18 100 9 27 86 91 13 91 76 57 16 36 40 100 7 47 42 15 66 13 79 54 3 55 42 83 97 54 21 99 44 23 5 0 41 58 75 18 78 26 15 34 25 17 7 13 30 34 57 94 47 36 50 36 92 5 59 72 79 68 6 17 68 45 71 29 70 14 85 46 30 14 18 55 66 50 72 26 50 26 44 51 76 43 21 91 53 11 43 26 83 95 8 61 48 51 67 45 15 44 99 90 76 23 20 78 63 40 45 21 64 49 75 91 60 97 4 22 54 33 20 88 62 38 5 2 55 56 0 42 31 78 76 85 89 74 91 77 45 23 94 10 78 24 2 18 24 19 2 28 99 72 29 94 89 39 33 30 32 55 94 43 33 41 21 63 9 78 96 87 92 4 8 68 11 81 69 27 46 90 90 38 58 87 79 84 36 9 11 98 29 4 99 12 96 72 52 79 26 88 88 88 89 41 61 73 93 65 2 22 89 84 7 76 54 14 28 66 2 35 48 77 6 3 84 28 63 66 58 14 82 7 47 7 10 31 89 26 89 32 24 38 3 59 0 78 58 31 49 13 38 63 40 21 33 70 43 9 63 54 52 52 43 83 32 42 31 41 33 47 46 34 87 34 57 40 18 89 74 76 25 86 82 1 6 38 23 34 73 97 100 56 45 59 28 23 29 63 10 25 80 76 19 48 30 19 82 38 18 58 15 72 7 10 92 30 50 10 7 2 53 98 31 16 40 71 63 51 45 84 1 17 36 71 13 91 36 69 66 60 29 80 28 56 50 20 34 26 95 91 74 50 8 99 4 37 19 73 94 14 19 52 64 35 82
37 81 82 27 95 53 95 82 19 31 77 79 57 67 56 66 80 3 32 55 46 29 29 88 17 5 25 41 72 65 36 75 97 20 58 29 74 75 19 25 64 37 81 44 100 24 95 60 42 83 2 74 61 67 53 42 79 58 67 12 90 50 88 22 34 30 72 16 27 6 26 9 55 53 97 33 59 23 55 38 35 98 23 29 41 46 8 6 43 65 46 83 58 10 14 49 58 99 28 24 22 13 87 99 53 40 89 94 85 100 56 22 14 51 49 82 72 75 25 48 43 51 61 31 84 99 38 54 99 10 71 50 44 31 86 58 82 43 46 22 73 74 29 13 45 58 98 73 18 94 13 16 27 95 8 32 7 21 25 53 50 91 68 56 15 14 32 19 75 79 71 86 51 42 10 17 27 66 51 35 38 87 7 18 87 58 91 16 82 61 88 73 66 4 80 19 28 96 60 71 54 100 95 80 60 41 45 50 10 45 71 0 100 93 36 27 46 14 28 5 95 40 68 89 19 10 53 58 0 74 64 17 50 54 27 4 29 79 14 84 65 82 36 52 34 95 22 44 87 3 58 13 2 4 97 67 44 9 96 65 100 63 50 63 29 89 72 42 76 24 1 31 92 57 50 9 38 76 64 44 13 33 48 12 39 28 56 77 23 6 38 33 57 24 64 44 24 89 12 2 37 59 26 38 49 98 77 58 47 0 98 2 41 78 5 30 4 22 75 16 3 5 68 23 3 40 51 81 34 98 0 3 14 22 65 45 78 0 94 34 4 12 68 28 65 49 67 12 26 1 12 66 86 97 21 43 48 45 13 29 6 92 88 63 70 76 52 38 22 73 83 77 65 66 31 55 8 73 57 10 91 41 90 45 26 8 0 13 91 13 24 53 37 40 24 41 78 16 38 38
42 22 6 18 75 23 20 1 94 98 53 35 68 0 88 50 49 22 100 74 82 15 47 15 29 100 33 54 2 53 93 96 15 70 60 50 12 11 69 38 87 83 93 66 53 47 88 6 21 65 40 42 13 4 19 52 98 39 80 9 96 94 92 78 34 90 95 90 85 76 63 45 83 13 36 24 7 10 9 50 70 80 17 44 42 75 15 12 22 10 31 15 66 36 94 77 43 87 9 0 25 36 86 62 80 25 70 10 65 77 71 69 65 83 84 2 81 9 49 7 61 30 99 100 95 47 72 83 96 20 60 87 77 53 83 92 99 4 43 84 98 68 52 51 73 51 17 63 59 30 12 28 5 53 89 19 38 98 87 25 87 19 25 99 79 56 92 31 47 96 25 62 79 30 54 73 28 59 71 7 7 3 53 14 23 52 61 19 96 15 84 11 44 22 68 3 11 35 94 26 27 3 20 53 43 20 54 59 52 56 61 72 27 96 47 26 61 13 3 98 35 88 70 44 88 12 9 51 6 8 3 94 50 87 44 74 38 96 13 94 47 14 79 86 58 29 57 88 74 0 55 69 1 27 37 73 31 0 100 21 46 5 39 54 32 48 47 48 28 86 53 10 25 76 77 88 52 12 37 27 20 95 72 88 38 88 21 56 76 79 45 59 8 22 95 6 51 24 44 6 93 62 1 98 21 49 80 7 89 16 66 15 78 88 17 35 23 64 45 81 69 38 66 6 95 73 43 9 37 87 67 59 18 63 47 98 22 0 56 89 89 88 23 39 57 56 71 61 44 17 70 79 44 34 15 27 9 9 82 50 99 35 25 46 69 1 27 86 81 34 41 100 46 10 29 28 4 97 62 54 60 67 9 15 36 56 94 16 37 1 77 7 41 29 86 24 67 96 2 12
41 3 65 56 47 65 63 90 49 10 29 78 4 27 78 19 29 39 55 15 18 32 54 39 59 87 46 36 81 69 96 17 56 35 25 90 5 52 36 84 85 78 40 84 18 50 41 46 57 42 29 58 59 64 13 66 26 66 1 41 31 35 43 32 32 79 68 49 3 78 18 86 6 9 54 69 7 91 5 62 7 15 61 41 38 1 60 65 56 54 96 43 12 74 81 60 61 18 97 46 1 69 87 80 8 22 5 63 93 18 96 56 68 19 0 29 94 89 14 1 87 51 30 49 92 53 38 2 76 58 68 49 67 5 48 51 84 59 98 35 55 100 19 91 36 25 27 37 39 49 26 45 3 10 85 33 96 61 75 72 83 0 71 18 16 81 33 51 46 48 7 13 80 8 96 36 35 58 92 58 73 2 65 66 27 66 57 57 70 28 79 59 77 86 63 71 31 84 85 76 59 74 95 34 16 7 36 22 57 2 18 100 31 6 20 41 99 19 6 95 59 79 44 78 59 100 37 99 43 27 69 63 44 59 18 65 58 84 89 11 10 25 16 15 8 83 20 55 96 73 21 100 8 50 76 57 56 31 28 72 49 31 43 1 62 27 18 38 5 92 39 82 86 14 44 59 13 76 74 97 74 90 43 3 53 25 15 99 74 81 98 36 86 3 97 22 18 10 54 13 85 74 3 44 98 65 36 48 78 97 40 83 64 9 90 39 42 2 8 69 37 43 7 60 34 89 21 66 77 12 28 60 30 64 53 72 46 47 99 56 37 43 5 32 3 86 66 31 7 56 92 10 94 24 8 19 36 63 63 100 10 67 27 69 14 75 56 64 49 54 8 86 28 55 71 35 36 68 57 0 97 76 99 13 17 93 63 95 27 99 19 86 94 4 94 20 58 20 72 69
69 88 38 82 58 48 24 31 49 64 82 91 94 56 10 24 44 18 58 65 40 39 83 7 5 34 4 63 1 61 59 82 30 47 59 27 44 26 94 87 93 12 24 79 93 48 7 42 4 63 79 47 94 0 79 23 80 15 95 6 21 12 34 4 0 49 100 25 89 30 30 68 59 46 27 6 64 89 10 5 77 92 14 34 63 13 45 31 42 51 75 75 36 26 72 95 29 42 38 77 38 25 100 15 75 20 14 13 70 54 54 100 22 47 25 90 38 37 28 93 58 22 17 62 71 68 8 36 90 9 89 42 35 0 6 34 49 37 25 29 96 40 61 35 29 93 57 73 70 97 44 67 12 73 47 29 9 90 46 75 14 54 76 16 97 43 74 10 86 70 74 89 55 37 22 59 77 43 89 92 45 67 3 57 12 71 76 33 92 85 54 63 21 35 30 100 30 24 53 35 86 87 67 14 19 73 53 77 85 30 90 22 65 29 84 10 36 41 65 95 59 25 50 40 72 76 23 1 18 25 59 82 33 96 43 19 45 92 86 49 74 16 95 88 15 13 23 43 78 0 42 27 33 52 71 41 31 45 53 14 84 75 38 79 68 10 69 96 77 79 85 83 99 17 59 20 75 63 65 96 90 22 60 97 9 80 25 0 36 38 86 31 84 11 99 5 1 87 94 1 70 41 99 30 71 77 93 65 51 77 16 4 94 50 35 11 72 67 26 56 3 29 29 5 17 11 67 75 31 46 59 95 27 84 82 7 53 43 28 39 25 76 30 45 29 41 64 10 87 89 13 77 12 96 65 31 11 43 40 51 53 70 44 91 76 90 62 70 90 82 0 11 26 28 74 8 18 82 18 54 86 99 23 54 50 80 11 80 29 17 31 72 54 99 64 53 76 18 1 14
69 15 33 94 47 83 30 47 47 88 68 93 10 56 84 51 42 35 56 10 45 17 85 3 74 23 29 96 69 61 36 44 47 42 5 3 24 54 90 88 85 37 80 60 62 34 75 42 11 64 24 57 86 96 19 98 48 32 45 91 0 82 3 62 3 72 93 9 13 63 1 81 64 41 100 49 90 100 29 40 40 59 37 62 53 93 35 18 89 10 75 57 53 74 16 49 69 41 27 90 88 32 52 66 88 90 76 78 18 78 44 18 25 64 40 53 38 1 59 39 63 94 2 53 69 97 49 0 7 68 90 90 36 2 1 32 56 36 68 61 37 78 89 24 34 48 21 17 44 47 6 56 67 11 99 68 94 28 78 67 42 71 88 25 72 1 52 5 71 26 58 37 85 43 12 31 83 70 45 100 76 87 84 8 25 26 34 100 85 50 19 75 54 0 42 28 81 46 97 37 48 58 39 12 16 62 43 90 36 33 96 27 24 69 86 11 16 24 82 13 3 53 85 47 51 70 61 69 55 13 79 59 18 0 100 67 71 21 43 39 95 95 98 88 57 54 89 27 19 75 39 74 40 86 43 27 36 81 0 77 4 6 0 53 54 32 55 5 32 14 58 3 79 93 78 90 72 11 70 100 63 35 50 60 54 50 6 48 3 87 72 16 84 22 87 76 82 89 84 79 81 44 12 5 0 56 45 72 34 66 27 17 62 70 20 85 36 38 96 98 74 87 77 72 49 94 34 35 22 18 18 26 72 89 29 80 66 9 63 48 99 86 31 13 59 53 73 76 10 29 70 12 37 43 47 18 33 8 7 97 18 77 67 81 59 62 89 96 76 15 73 85 48 53 6 60 66 12 8 28 1 32 40 37 97 24 12 20 32 68 38 56 30 60 46 83 29 12 6 20
58 43 94 68 91 98 55 84 81 1 99 88 0 53 2 78 16 50 95 62 97 3 74 99 10 95 44 86 60 63 96 10 61 4 49 89 8 70 26 10 82 82 94 77 23 6 74 26 65 56 86 43 18 69 87 89 69 77 71 3 31 56 40 7 75 93 37 49 23 51 11 98 88 49 65 92 36 92 78 7 19 30 52 66 82 34 86 64 9 36 31 97 93 27 81 32 4 1 74 23 80 37 12 3 35 10 56 77 6 37 17 55 24 5 84 94 45 10 29 10 92 40 98 91 32 21 10 25 84 92 87 1 77 71 66 53 50 23 37 41 68 23 27 23 52 88 88 68 1 76 28 100 89 23 77 45 83 22 54 5 18 45 10 95 46 69 13 73 67 66 14 42 87 76 84 61 32 32 29 32 93 7 35 49 91 100 60 35 48 74 27 72 39 11 98 22 63 49 87 37 4 64 86 38 3 93 66 79 6 11 3 60 60 60 88 27 90 44 89 34 68 79 30 82 13 31 14 46 100 44 0 98 35 33 30 11 44 55 69 22 5 18 6 3 66 60 34 9 10 57 41 38 75 43 73 87 68 17 17 91 49 22 51 27 38 22 47 33 61 60 63 2 36 89 40 77 84 82 53 86 55 85 47 39 90 87 54 20 76 13 85 92 49 72 19 10 29 36 34 57 13 86 97 17 55 66 31 41 95 92 18 43 94 19 97 53 74 27 53 89 38 59 86 81 59 84 86 95 34 64 99 25 23 2 51 28 80 75 95 2 66 64 83 3 0 1 92 68 6 43 19 24 90 63 84 75 49 95 65 17 84 21 85 11 74 42 20 58 96 24 55 83 94 40 46 69 16 49 24 41 9 64 3 50 28 97 80 75 80 43 16 96 18 100 96 15 65 43 17 12
9 47 40 50 91 96 47 84 59 30 68 57 7 14 45 98 41 91 53 35 24 16 81 70 92 70 68 66 89 47 26 66 5 18 94 13 49 37 3 65 26 54 34 74 52 98 31 18 38 73 83 54 89 14 93 93 39 21 36 13 52 46 83 73 42 60 19 75 73 23 69 73 95 64 16 11 29 42 56 18 94 23 35 87 20 16 68 25 39 58 58 88 78 41 83 1 55 45 74 88 92 55 69 82 47 98 76 14 9 90 89 25 77 6 63 1 42 30 56 4 99 6 72 10 6 19 45 26 26 76 57 77 21 35 40 67 30 66 65 27 29 69 68 78 65 16 51 19 84 36 51 7 27 11 40 37 84 3 79 21 64 63 98 40 33 36 97 5 66 20 35 33 15 37 61 25 3 40 19 79 15 46 52 81 78 77 49 45 6 33 96 13 48 79 25 3 9 78 7 69 2 12 78 1 4 52 87 28 99 45 13 11 34 0 12 65 76 67 83 85 86 13 99 41 64 52 15 72 92 100 70 53 67 100 19 25 43 85 94 2 74 7 28 58 5 31 2 44 6 35 5 35 100 77 54 66 44 21 68 73 86 44 96 86 79 89 8 72 30 22 62 66 41 80 43 4 35 5 57 88 23 96 15 38 96 43 93 3 27 9 90 56 55 31 2 27 42 17 24 36 50 98 18 79 44 13 10 34 4 29 78 80 94 59 71 83 15 56 99 48 46 72 40 80 73 32 29 18 5 19 67 36 89 52 83 67 76 75 19 38 64 48 16 36 15 70 16 58 96 93 10 69 28 63 24 69 13 92 24 39 90 66 71 6 35 9 39 98 4 84 57 47 53 50 59 56 55 94 46 59 61 68 84 74 30 18 17 85 54 40 27 37 76 94 80 55 93 91 92 34
50 44 18 51 46 88 56 4 19 67 82 0 31 45 53 52 25 16 58 37 28 26 22 63 75 32 7 40 22 51 49 16 33 74 21 44 26 50 66 97 45 54 93 78 25 68 5 57 89 4 98 24 87 11 13 78 72 86 75 87 4 36 22 90 50 35 53 18 28 85 66 19 3 9 24 57 75 33 81 26 41 17 74 97 61 84 82 10 14 18 64 8 9 71 20 51 19 93 92 8 86 4 11 25 71 21 86 33 51 35 64 93 12 47 79 49 38 33 23 85 22 92 64 64 86 82 8 46 80 98 25 27 24 25 48 76 46 3 46 19 77 50 79 94 6 99 93 77 55 9 32 3 70 91 23 46 76 50 37 8 66 76 8 1 52 33 20 40 47 84 38 20 14 42 17 14 35 42 95 57 87 21 30 70 17 34 0 28 53 18 33 59 7 29 37 12 37 85 57 39 56 12 39 54 52 11 40 38 55 92 86 18 98 23 91 33 30 20 56 38 68 0 56 25 94 67 15 64 35 35 89 33 78 85 76 57 35 44 0 12 15 41 34 95 69 98 96 10 82 29 80 45 61 12 81 5 61 35 18 4 5 17 22 78 44 82 81 48 81 81 75 39 4 26 11 53 75 23 93 77 76 55 29 4 91 28 59 93 42 94 35 82 36 77 69 81 3 35 30 51 50 3 93 98 9 76 88 47 31 5 25 7 46 64 52 6 1 88 45 11 36 63 65 67 70 56 47 22 43 47 93 91 69 42 0 50 57 21 90 57 13 0 21 82 92 61 45 5 43 89 72 50 53 63 92 75 5 47 51 84 18 99 62 10 75 52 88 73 53 21 34 58 88 32 26 42 23 45 14 98 2 64 19 1 44 64 34 73 8 7 13 47 94 66 14 51 83 28 7 54
49 80 22 73 20 19 64 64 88 43 52 62 59 29 39 3 79 79 31 73 45 69 60 95 31 5 64 62 96 6 57 12 53 58 56 96 14 74 57 99 30 93 51 75 29 55 68 68 66 50 64 91 75 84 14 57 4 52 29 74 88 60 32 100 12 99 60 59 17 5 88 89 11 31 25 92 44 40 44 89 46 34 33 61 13 33 95 16 73 74 45 15 58 28 25 49 47 17 27 9 94 63 16 14 74 10 14 68 56 80 47 15 2 80 88 1 78 7 67 79 87 7 47 22 53 56 22 55 72 49 96 22 32 9 77 35 55 17 67 95 12 75 53 22 89 98 15 67 82 97 39 71 46 53 86 75 23 15 19 76 79 90 68 95 51 80 95 71 11 91 97 23 77 95 27 93 79 6 100 65 42 73 82 2 8 45 96 90 65 77 7 19 53 34 41 47 4 88 1 12 71 76 48 61 37 98 77 100 34 73 40 88 31 12 68 55 14 55 85 86 2 5 3 1 35 68 30 13 18 57 12 31 30 46 86 77 58 99 39 51 59 15 100 52 29 56 97 41 89 27 68 73 82 80 99 45 14 100 9 27 79 46 96 63 45 33 14 62 38 54 89 63 26 7 1 85 10 10 76 68 33 61 63 48 38 69 52 22 52 84 97 1 87 100 72 8 28 100 23 52 99 11 80 90 75 45 83 8 32 91 71 23 11 73 47 15 77 38 45 30 73 78 58 70 27 48 99 88 46 64 79 80 24 55 89 11 64 79 88 82 99 41 80 4 28 12 18 2 97 4 18 52 45 27 42 87 83 50 95 73 52 31 48 14 7 8 76 57 6 5 54 59 68 70 6 66 28 92 35 88 94 92 92 62 92 74 27 9 24 89 86 38 65 38 61 87 11 17 34 31
5 77 34 78 46 42 50 23 70 36 47 35 94 39 89 75 7 2 9 66 19 58 83 55 5 79 74 35 23 47 42 10 66 19 33 0 31 23 69 54 28 81 77 76 99 54 57 67 94 47 54 16 78 50 60 1 58 18 54 42 97 55 94 49 72 100 52 48 35 41 54 85 55 88 47 30 13 50 33 80 99 66 24 19 8 76 65 52 18 19 86 18 51 51 0 43 14 69 25 55 7 74 48 92 58 57 73 84 10 50 41 87 26 0 93 100 46 76 22 76 18 49 26 43 90 33 78 54 78 37 20 44 83 82 94 64 24 11 81 59 84 98 54 83 27 95 80 41 15 38 38 6 14 2 63 75 64 12 19 89 97 19 57 71 48 66 58 50 37 46 5 82 25 50 95 75 84 8 14 81 29 43 76 38 29 4 30 67 62 16 40 15 95 75 67 55 55 23 91 31 0 69 89 16 38 52 33 41 8 24 55 20 46 30 32 49 9 84 31 75 52 95 6 86 0 31 51 55 1 75 79 63 56 14 64 9 72 41 27 98 59 15 57 77 64 99 58 25 81 58 28 38 54 67 17 65 82 47 58 99 78 38 32 79 77 53 15 16 56 37 64 11 49 29 94 57 50 83 9 9 3 54 44 83 65 38 35 57 71 20 4 95 46 71 32 70 12 71 38 52 35 81 92 79 69 13 14 10 34 61 80 2 3 30 19 34 35 100 2 9 4 76 5 38 44 17 93 75 59 27 86 79 60 10 46 62 83 18 32 28 99 58 100 56 8 12 39 81 44 37 50 15 26 29 77 37 83 96 80 62 97 25 89 13 22 39 42 86 72 23 44 88 17 91 34 18 34 100 28 29 91 42 67 47 21 98 53 56 86 26 45 72 4 50 30 43 88 50 86 99
67 56 9 56 55 85 78 9 14 88 54 99 4 82 88 71 61 56 86 93 8 18 44 39 26 59 0 82 11 42 46 60 66 58 11 64 2 12 38 2 66 40 60 33 8 30 64 20 63 92 44 45 12 95 60 90 46 64 84 78 83 27 14 14 68 97 41 90 41 36 94 96 15 46 84 66 94 64 14 100 0 5 43 30 37 30 70 10 88 91 15 66 29 63 94 31 18 91 57 20 42 17 83 69 17 89 86 98 16 37 33 45 71 18 76 68 62 18 86 77 40 48 56 51 4 26 12 26 92 29 54 84 30 61 9 15 32 31 77 6 35 93 67 46 2 68 53 99 90 82 47 9 21 74 30 95 64 35 11 72 41 19 37 27 51 21 36 6 69 72 93 87 87 93 10 37 6 15 43 81 47 58 78 8 8 39 93 39 36 93 35 86 49 16 41 53 61 77 8 81 37 86 95 79 57 85 18 40 88 87 7 97 62 48 42 69 79 7 16 5 18 27 81 100 49 69 46 51 77 82 86 97 84 86 91 61 26 47 0 6 27 31 47 83 38 36 92 48 30 2 80 19 46 37 18 33 6 64 31 84 24 47 64 98 92 14 5 77 10 85 51 93 74 63 17 35 0 89 35 22 89 76 75 93 43 54 16 41 71 94 69 99 37 66 99 12 30 38 31 65 95 35 36 10 95 93 58 73 24 64 2 44 28 36 25 43 78 22 39 96 21 10 18 50 80 61 2 36 55 72 76 47 28 15 86 2 25 67 70 19 88 68 37 72 24 2 97 94 3 77 21 35 56 24 29 23 4 96 32 22 63 69 26 75 100 97 18 49 64 23 53 54 24 30 63 4 84 47 14 30 71 57 90 32 57 57 16 31 79 37 6 13 26 91 10 14 38 32 46 64
25 90 23 78 92 99 95 93 61 45 27 31 27 38 27 38 86 27 76 76 50 24 27 37 60 21 7 83 8 46 52 70 63 79 40 1 74 82 48 44 90 22 63 15 99 72 65 73 27 27 10 15 88 12 75 97 72 71 72 9 54 15 38 24 18 92 68 83 15 89 94 29 86 7 43 30 4 30 99 60 13 82 62 57 93 1 47 12 15 45 28 23 97 92 97 38 0 81 2 93 66 9 61 56 36 46 11 17 45 75 57 84 52 11 0 98 95 69 53 80 6 67 71 36 42 60 52 2 5 35 77 91 11 38 56 68 41 11 44 51 17 29 91 94 60 66 57 99 46 21 77 23 34 45 50 52 12 21 61 11 44 94 33 51 29 29 91 7 45 1 93 56 16 93 89 5 12 52 75 18 19 10 33 61 33 66 63 19 55 38 59 14 11 61 86 67 35 89 99 70 97 6 47 53 33 61 83 16 98 46 32 17 16 25 75 89 50 59 57 96 52 67 36 52 0 36 69 56 5 16 44 41 51 54 98 33 95 2 64 90 28 61 46 32 2 8 26 58 50 37 25 65 46 7 57 18 40 77 13 23 80 11 78 97 99 21 79 59 89 73 88 18 13 38 30 29 17 53 72 60 48 9 98 7 1 2 90 4 48 27 50 58 5 43 2 30 90 86 61 42 70 18 27 26 34 66 47 56 30 49 45 84 41 28 85 89 77 14 34 22 73 68 55 80 99 70 36 84 40 66 66 33 93 69 96 45 11 35 43 20 39 67 26 1 99 9 28 18 50 59 2 71 18 94 76 4 87 25 39 73 37 100 10 59 58 50 56 52 73 76 47 70 87 72 36 46 4 69 56 92 87 58 86 75 20 76 22 50 19 56 23 11 54 35 13 28 65 25 66 56
3 26 95 41 43 30 9 36 4 96 5 48 42 22 9 35 61 81 81 81 79 62 28 34 69 30 79 18 24 94 72 91 20 23 93 36 97 16 37 65 95 60 82 67 97 90 18 34 84 65 7 94 37 78 41 53 51 54 43 79 90 27 5 48 76 31 80 35 18 62 21 29 74 68 50 80 29 41 1 41 54 79 42 27 69 33 41 59 12 55 23 87 65 99 37 98 88 88 31 84 51 66 73 71 47 76 11 66 95 75 53 19 8 25 0 25 65 26 42 2 75 1 19 50 79 44 22 6 11 38 12 17 84 10 87 33 66 68 51 90 61 20 49 85 61 51 71 5 13 84 21 42 37 42 35 82 43 25 89 29 4 59 85 26 1 72 18 85 42 96 89 60 23 6 56 76 99 57 82 92 75 66 82 83 4 18 93 58 82 66 60 57 61 52 26 88 49 55 21 99 21 72 47 71 96 51 9 17 89 0 78 21 44 43 53 55 96 65 42 53 70 32 79 85 86 25 73 2 15 16 7 39 16 9 81 73 78 31 85 44 47 40 28 39 89 94 84 44 54 80 86 57 63 100 7 62 88 80 70 33 64 19 28 8 55 27 5 89 98 85 37 48 71 10 80 7 84 26 39 10 29 1 31 76 53 65 55 89 99 28 52 71 60 0 76 26 8 26 36 26 12 16 10 80 10 86 20 61 19 85 56 33 0 39 79 60 74 93 91 19 100 72 87 25 92 78 24 85 13 81 42 22 52 100 87 47 93 96 20 41 87 34 71 75 13 11 19 100 38 70 7 58 0 93 32 95 9 24 25 38 1 86 96 58 44 30 55 9 76 79 10 25 59 31 90 79 84 43 77 7 82 17 0 97 81 11 6 47 37 5 48 60 97 2 46 49 65 44 5 82
93 73 68 61 50 76 45 58 82 97 16 19 6 18 95 48 80 47 7 83 58 45 93 63 25 98 3 35 33 68 6 18 34 90 44 56 5 24 61 47 74 91 20 53 98 22 75 70 17 48 49 22 50 72 15 16 74 81 59 77 49 98 36 90 76 37 97 1 83 2 10 83 100 84 100 58 19 10 71 57 49 61 31 65 72 42 28 32 67 74 28 59 62 58 48 47 96 8 53 46 73 27 36 88 79 59 81 50 99 68 23 62 75 80 52 0 24 61 56 38 96 31 96 80 7 55 54 70 41 7 30 44 76 30 14 60 45 99 40 48 7 27 99 46 36 36 1 6 64 27 57 36 53 25 74 14 42 78 53 96 87 45 64 45 96 99 83 29 10 30 99 91 31 34 85 11 30 82 42 10 56 99 46 43 94 18 73 29 63 68 2 24 73 68 26 45 7 52 42 68 13 84 62 85 10 92 9 51 39 7 44 55 19 55 47 4 1 68 71 11 95 60 42 91 100 99 47 7 4 13 86 30 60 64 48 95 63 61 64 16 3 75 12 64 98 52 9 31 27 62 21 60 72 56 7 94 19 39 79 18 87 39 44 1 88 68 49 59 74 2 34 22 97 25 92 38 56 92 11 76 2 6 52 72 88 50 91 66 48 93 48 11 52 52 6 8 86 39 82 16 55 13 71 37 98 68 51 3 56 47 81 55 25 1 66 98 60 43 17 25 15 14 45 89 14 82 26 22 35 6 40 26 33 38 7 46 46 42 23 50 59 78 77 4 32 94 13 66 23 36 22 88 97 77 17 77 25 68 49 31 14 33 1 38 78 26 36 5 98 85 48 9 26 75 54 40 87 72 46 71 0 96 55 41 16 81 13 49 19 50 35 67 44 65 0 41 75 45 33 61
11 79 76 27 64 25 12 67 91 32 38 19 80 93 62 23 56 92 67 95 94 14 80 75 100 36 99 6 70 87 42 16 51 78 11 46 0 84 44 19 64 71 88 4 73 41 52 53 72 78 25 17 95 92 87 94 18 60 81 73 40 72 47 55 68 43 26 3 36 14 2 74 64 17 30 34 59 18 59 33 16 55 43 85 7 59 4 74 91 18 26 34 83 61 100 11 13 93 26 41 59 4 2 97 20 54 92 59 86 14 42 18 0 69 72 1 68 77 67 29 93 44 59 26 88 85 40 48 5 29 91 35 54 69 44 94 91 28 66 67 96 54 61 41 17 53 12 65 66 80 22 53 61 83 7 89 52 58 11 13 6 26 97 70 50 71 75 28 56 9 5 58 69 43 37 25 1 77 72 53 53 36 42 69 94 94 31 3 89 38 51 21 99 10 58 57 76 12 98 50 14 30 28 99 8 6 8 72 22 23 84 21 82 43 71 54 51 45 19 53 32 18 93 2 7 7 15 50 87 23 33 44 42 44 49 28 19 21 48 13 71 25 83 1 29 56 63 36 25 50 87 88 4 70 83 15 24 53 15 17 20 95 42 1 74 19 36 6 32 32 79 71 7 99 7 57 6 17 60 12 17 70 19 95 70 87 100 44 58 32 13 74 94 17 9 12 13 95 36 77 36 74 32 8 99 34 68 29 13 73 91 36 48 21 13 85 48 5 15 18 3 42 34 96 35 71 0 35 41 8 18 97 7 56 95 35 22 75 10 6 40 34 5 52 93 49 89 26 69 17 32 44 65 16 33 50 91 37 61 23 80 13 3 58 29 30 4 47 35 48 47 2 34 44 31 25 38 22 95 88 13 4 17 31 19 21 9 16 48 69 7 48 39 3 18 14 39 64 93 42
1 87 24 54 62 59 45 73 46 71 71 29 64 60 77 96 88 42 57 40 74 60 73 55 52 50 45 24 68 25 17 61 26 80 62 16 1 74 80 86 75 76 20 74 73 71 65 63 39 95 17 14 91 8 77 1 5 79 100 68 65 50 1 100 58 58 64 30 4 3 30 85 32 46 21 9 63 45 92 91 18 18 69 58 96 38 12 100 17 24 12 78 46 20 6 60 40 82 58 95 55 40 25 46 66 42 75 97 66 96 24 98 84 47 55 31 7 23 9 29 92 86 4 41 73 15 33 72 56 27 68 8 66 52 73 50 44 34 44 52 77 5 98 32 16 59 19 65 72 85 99 61 9 48 23 50 75 30 31 53 13 23 89 56 51 25 49 65 30 12 57 20 63 50 86 100 96 85 31 90 13 85 44 94 64 16 93 70 52 70 4 16 54 80 33 69 38 35 52 53 38 95 89 71 2 26 18 49 69 81 13 66 37 100 1 25 69 67 43 59 79 3 8 91 41 32 70 71 73 66 85 2 56 24 56 21 94 78 28 45 99 86 94 82 75 13 69 56 71 54 83 22 5 94 81 11 75 95 20 28 35 76 85 3 51 26 94 51 94 98 71 99 41 47 42 11 31 53 2 12 24 82 66 44 1 51 14 31 8 49 62 51 19 77 38 21 0 58 59 10 24 87 81 65 17 76 55 55 76 68 28 10 95 22 51 45 54 21 18 18 41 90 51 96 11 83 44 33 63 6 37 68 12 74 31 58 42 36 71 6 78 76 32 44 77 91 71 48 10 11 29 15 27 96 80 2 85 85 93 17 41 80 70 18 71 32 93 17 32 78 83 80 29 28 0 35 45 37 57 82 84 12 58 52 10 26 83 35 60 65 18 19 16 80 80 75 43 77 68 54
95 72 45 61 18 13 33 54 76 23 73 56 59 46 60 63 50 93 2 73 8 70 15 21 7 54 72 50 75 79 89 70 28 95 25 12 98 89 44 97 87 47 24 83 36 0 6 100 64 89 100 26 10 96 70 9 43 37 4 82 98 42 61 80 74 100 51 42 97 83 0 37 15 12 60 75 76 76 62 41 46 100 58 6 77 29 40 15 66 62 28 73 62 28 6 100 57 72 7 27 47 88 20 99 15 88 18 13 28 15 55 90 77 38 72 21 99 7 23 38 58 28 29 87 9 69 54 5 60 84 37 19 30 18 93 34 13 37 65 9 17 45 59 34 95 10 95 39 84 3 43 92 53 48 98 81 10 88 25 83 100 52 39 48 48 78 48 87 9 95 64 22 6 5 95 35 52 99 27 71 7 56 57 2 53 11 94 7 56 34 21 0 8 100 81 46 55 40 44 95 74 9 65 92 95 54 76 81 72 36 44 3 48 70 31 30 21 39 33 79 50 93 7 6 94 53 62 25 33 77 15 47 15 22 78 44 81 50 3 10 9 29 13 66 12 16 78 67 7 90 31 19 40 91 43 72 27 30 67 13 33 44 100 35 62 46 11 26 40 0 45 96 77 74 8 61 54 39 78 39 79 17 2 92 81 25 50 53 4 92 98 96 43 12 87 80 71 38 47 27 51 48 34 99 72 30 88 5 34 85 19 68 24 8 19 5 80 84 94 22 85 95 51 17 0 58 91 31 81 9 95 72 28 11 41 92 3 25 99 86 39 74 24 52 85 85 10 40 84 16 94 21 42 60 10 73 20 82 3 64 87 13 77 97 29 36 80 38 91 59 1 68 20 38 34 67 58 27 16 58 47 9 62 51 56 10 8 61 33 58 94 46 2 73 67 12 70 90 36 68
9 4 50 18 60 60 1 74 48 25 30 50 52 69 40 29 65 54 93 80 12 26 38 72 37 85 55 77 87 95 72 42 10 12 73 71 16 5 12 85 26 45 86 22 78 46 23 34 82 25 92 17 91 11 45 6 67 75 29 46 99 13 19 79 61 97 48 39 58 9 31 73 26 44 28 72 33 69 88 96 13 56 13 23 84 50 42 79 70 75 98 26 32 92 60 88 74 1 92 97 24 44 49 41 94 85 2 89 9 1 90 69 68 92 87 65 34 76 29 90 24 39 11 100 92 21 46 68 43 17 82 8 40 11 83 10 75 50 53 57 76 4 4 72 79 5 76 97 24 17 13 34 66 7 74 71 44 12 66 64 34 36 59 53 36 4 31 65 73 65 1 25 36 71 47 79 35 26 8 88 2 78 27 77 9 32 21 33 63 23 76 92 27 35 82 50 82 20 98 90 90 82 78 86 66 47 49 67 38 98 64 67 77 11 32 4 4 14 64 85 78 28 63 90 5 60 34 59 65 61 4 90 34 57 20 79 38 69 77 99 49 81 20 12 33 89 26 38 46 14 7 36 64 86 69 44 6 73 32 98 21 88 57 16 97 86 53 35 50 80 62 91 45 27 77 2 77 44 76 14 8 38 44 72 47 77 16 57 82 5 16 83 25 36 17 38 41 91 34 97 38 16 4 47 91 57 67 82 88 23 74 78 82 46 59 29 72 39 78 90 73 65 52 33 12 32 63 37 8 35 31 20 66 50 81 41 27 62 48 26 35 94 35 25 74 47 54 80 78 8 49 96 28 54 29 40 45 26 85 40 98 47 67 34 95 28 47 56 74 70 61 31 32 9 44 57 35 26 56 43 85 41 67 96 28 7 84 39 33 96 79 68 69 70 75 47 95 65 8 27
22 3 66 34 20 64 64 73 18 95 25 46 48 40 17 13 32 25 63 59 82 20 43 14 90 87 96 20 9 77 20 48 85 18 37 28 64 65 87 89 68 85 26 68 60 22 48 99 100 64 4 99 74 47 98 61 74 0 29 41 26 21 51 23 2 90 32 46 67 44 25 41 35 58 18 53 23 89 47 44 70 45 26 20 2 97 4 48 97 0 51 64 57 86 60 81 98 35 50 13 11 73 26 43 61 31 41 56 33 56 82 32 58 46 43 81 59 28 74 82 83 4 40 15 59 47 26 62 83 65 50 95 51 49 97 98 49 65 11 52 21 24 27 63 66 35 39 27 74 18 28 70 75 42 1 15 99 88 63 95 65 47 94 94 13 62 11 27 64 79 74 53 19 91 51 49 8 59 63 93 4 80 57 3 62 79 87 46 82 64 56 4 25 78 86 14 3 45 3 80 63 75 72 75 49 79 82 93 93 7 93 45 33 74 74 13 96 35 86 43 9 21 65 42 28 35 15 82 45 87 90 17 43 62 93 88 59 6 91 88 76 84 45 37 25 56 90 27 57 91 56 3 38 48 19 69 80 30 25 75 28 6 17 83 8 1 27 55 41 37 47 72 22 48 2 69 31 64 85 10 21 97 70 15 37 11 12 73 15 67 48 72 29 60 44 94 78 9 61 13 32 17 86 17 89 69 5 84 98 2 49 33 24 50 5 83 69 81 3 77 28 65 11 22 35 47 4 70 77 42 95 2 36 64 4 94 83 41 59 2 82 58 78 43 0 93 8 55 1 85 7 6 11 50 14 77 2 21 1 21 64 99 59 83 19 49 92 86 76 52 29 33 68 40 94 84 57 77 60 48 6 58 8 14 18 73 69 93 38 31 94 35 5 60 0 69 94 35 86 21
96 85 70 10 19 37 15 98 52 87 39 42 90 92 48 42 44 0 14 13 25 40 51 73 100 48 10 14 52 35 65 23 31 45 28 59 58 95 10 43 57 28 34 54 36 71 75 40 88 67 43 8 85 69 98 88 71 20 16 85 45 86 36 85 30 87 29 92 62 2 15 20 5 69 77 22 66 36 78 76 85 54 58 36 87 60 5 62 12 64 79 26 94 14 3 57 26 18 54 29 74 73 6 30 11 16 58 10 80 35 21 35 35 85 12 42 36 1 12 100 96 35 36 50 16 87 32 2 99 14 47 68 74 81 43 92 25 29 71 36 7 40 72 59 93 97 10 71 51 78 20 33 35 64 51 24 7 17 13 40 30 58 2 12 72 9 78 54 56 9 100 37 17 89 34 38 15 38 84 81 100 60 24 85 86 75 80 2 63 91 70 74 40 46 20 30 97 33 17 12 89 98 15 100 88 33 90 0 8 59 15 72 92 0 74 19 68 35 59 70 72 52 97 19 6 16 16 22 12 14 22 76 24 18 82 82 55 44 90 66 49 40 64 54 95 47 21 54 60 16 7 6 44 20 95 9 25 32 23 21 11 96 0 4 59 2 6 93 86 11 51 85 35 73 21 25 100 80 5 31 54 65 96 0 79 93 49 92 33 35 98 52 18 91 51 53 39 80 54 8 12 38 28 93 59 65 79 44 25 71 10 55 64 2 87 0 93 76 60 27 95 31 79 26 93 83 67 45 16 16 91 16 19 17 98 61 99 40 42 25 33 58 80 77 45 62 20 69 47 84 3 58 86 52 8 86 91 63 54 43 7 4 44 61 55 21 84 43 57 31 63 16 1 29 84 81 21 39 69 82 89 48 53 21 72 50 64 0 94 95 61 88 32 88 56 24 44 31 16 62
62 73 93 81 86 64 30 52 29 68 19 67 30 34 31 62 37 48 42 49 12 3 47 76 33 4 34 5 85 76 89 27 40 50 44 44 86 61 12 96 43 63 15 39 13 1 98 11 58 28 24 46 73 5 84 4 60 89 69 69 1 0 60 100 82 62 99 28 41 80 74 16 82 25 14 54 86 97 52 36 38 32 7 14 26 88 21 80 17 19 99 29 37 25 75 8 45 3 65 95 16 41 67 35 83 66 86 84 61 34 58 68 16 75 94 83 90 70 14 33 76 16 12 79 58 88 50 12 40 30 73 63 75 99 1 75 6 76 97 54 36 86 34 91 81 91 6 46 87 73 24 78 66 20 25 82 45 40 48 94 74 88 35 5 27 44 87 58 12 19 32 3 52 66 90 99 15 35 5 97 3 100 93 10 64 98 30 5 64 9 50 90 3 21 46 6 25 1 27 5 66 54 90 5 46 26 31 64 6 76 78 59 100 22 80 80 35 51 39 0 26 54 46 92 18 27 70 14 96 15 96 1 4 21 28 83 62 53 90 29 8 85 73 66 28 27 79 18 25 55 75 17 35 19 67 79 92 76 17 77 0 83 48 56 82 14 50 75 41 18 43 3 55 43 53 71 43 51 74 9 29 48 51 59 84 12 35 48 25 92 52 39 78 90 46 91 68 67 44 19 84 5 84 48 18 56 25 81 60 99 2 89 22 22 93 86 29 35 52 44 14 94 0 5 40 20 1 44 5 74 2 68 39 78 30 99 90 87 66 39 18 79 42 26 62 3 51 39 1 0 5 27 25 60 75 71 53 40 11 2 45 77 15 49 17 73 59 86 52 31 81 73 4 51 57 85 22 20 77 15 93 4 71 50 78 53 88 86 72 85 7 81 57 92 75 89 4 95 16 19
78 50 89 66 56 82 46 69 15 17 65 22 19 29 55 69 78 87 33 82 61 33 0 35 40 16 79 26 49 9 34 25 25 67 41 17 77 43 46 18 51 93 89 17 44 55 40 56 35 22 97 67 50 20 66 42 78 57 74 54 73 27 65 30 98 47 1 82 6 81 63 21 24 73 46 92 24 62 85 92 26 19 2 94 16 100 93 58 8 46 2 81 77 77 99 65 27 77 17 86 14 56 73 79 79 38 97 97 41 35 29 95 67 64 45 85 75 28 26 87 86 30 46 8 16 15 55 76 47 70 49 4 75 30 0 25 71 23 29 55 96 64 9 45 82 65 74 78 86 3 68 29 36 38 54 27 40 37 27 60 49 18 78 69 78 31 13 43 93 69 30 79 19 81 84 88 14 83 21 70 25 53 54 39 64 96 47 70 63 51 1 19 89 84 41 24 41 26 80 77 23 51 57 11 88 2 89 14 33 72 28 30 16 38 60 1 67 68 13 44 83 85 8 83 77 21 46 89 83 35 91 9 21 58 30 35 18 30 83 63 64 40 55 93 65 92 54 37 54 41 17 78 85 99 68 11 31 64 6 97 88 77 92 67 92 85 79 36 66 7 85 6 84 0 40 4 24 96 59 20 50 47 80 40 45 46 12 62 68 6 13 97 81 55 84 15 20 64 89 66 56 87 71 5 58 26 90 83 44 27 48 42 44 21 27 75 79 70 50 68 14 40 60 0 6 89 38 19 92 87 42 90 65 29 32 50 95 55 93 49 59 6 78 60 73 36 6 89 4 100 35 79 69 6 18 70 36 75 89 30 57 100 80 76 17 39 4 81 46 74 72 81 64 82 9 12 45 34 10 62 15 26 95 27 40 72 16 12 85 75 67 48 77 64 26 70 69 5 63 15
59 9 44 5 93 16 27 34 63 57 81 82 59 82 93 87 33 81 73 39 67 93 73 78 82 63 7 57 85 54 15 19 24 11 10 25 71 19 69 10 40 72 61 54 57 46 54 79 48 36 8 0 40 71 40 83 16 2 29 77 36 24 1 84 47 40 16 52 49 100 39 59 5 35 91 6 80 67 45 59 66 42 76 66 14 7 6 13 52 93 4 81 73 86 60 20 38 48 20 83 91 7 27 48 35 30 47 67 84 24 12 100 75 10 30 40 66 77 98 100 82 25 1 87 38 47 34 27 4 89 77 55 42 15 42 34 33 43 42 68 61 39 3 95 14 48 84 48 87 86 13 57 44 69 94 57 42 28 10 81 17 56 40 81 53 64 43 97 22 65 59 27 75 30 71 9 77 53 97 60 94 39 1 79 81 16 9 73 22 29 38 39 87 86 12 43 15 75 21 18 31 84 81 76 46 25 49 81 2 18 15 71 86 25 73 1 97 89 13 8 84 54 55 43 85 51 47 22 9 85 9 15 15 52 78 8 72 59 68 10 89 88 43 3 88 82 13 33 25 50 39 42 100 78 4 19 52 7 38 40 16 10 32 33 78 24 8 81 48 11 50 51 52 98 9 26 65 54 69 50 2 0 60 18 3 41 30 2 88 25 71 95 60 36 79 1 36 20 75 61 22 80 71 32 82 95 13 69 98 49 97 75 43 51 39 72 15 87 39 54 38 11 83 91 17 89 67 29 46 0 99 51 38 95 78 99 72 98 61 29 47 33 54 69 61 87 25 37 59 15 49 17 91 0 11 72 0 48 96 83 98 29 44 56 51 24 3 83 60 48 65 60 74 16 87 84 54 73 42 20 100 92 10 86 26 69 8 97 73 4 23 93 18 15 67 91 45 56 46 7
48 2 31 84 18 5 26 84 57 26 47 22 10 7 4 96 94 43 12 25 87 56 7 79 4 93 18 55 38 15 29 31 98 58 86 46 92 69 3 0 74 23 4 98 49 99 27 75 38 59 21 31 62 41 99 58 12 54 50 63 0 33 29 60 19 30 30 81 71 98 2 16 35 28 13 98 59 46 31 79 23 94 83 72 7 21 81 9 81 35 90 67 79 68 57 4 40 64 37 74 10 86 14 39 87 33 50 89 92 54 18 55 90 51 51 78 31 95 44 89 66 67 97 12 25 75 23 65 4 100 73 12 67 66 57 41 25 36 69 98 50 88 90 74 20 54 71 64 3 51 68 85 91 34 1 96 15 3 98 51 94 51 3 29 28 55 93 36 40 28 40 100 25 2 5 70 69 18 65 12 84 16 44 22 99 90 72 8 56 69 40 58 41 32 31 36 11 23 75 88 52 62 40 43 65 9 45 73 66 33 93 17 65 30 86 43 10 14 41 39 73 7 54 65 15 88 81 21 15 39 91 10 8 64 73 82 57 44 37 81 95 48 92 1 100 63 60 78 61 3 38 34 46 62 93 93 70 80 76 63 41 46 10 93 14 88 98 41 80 5 14 75 8 96 57 0 20 58 12 61 16 94 82 30 71 42 35 78 74 96 3 10 57 5 74 87 15 34 90 3 41 38 77 56 28 78 26 56 40 54 44 87 41 73 19 60 92 54 7 79 26 71 39 85 9 72 50 16 53 54 87 23 100 54 43 29 50 22 58 46 41 27 87 77 26 57 52 46 28 13 97 96 37 43 29 37 48 59 52 91 97 13 85 19 63 81 59 90 25 58 75 37 79 87 39 76 17 71 91 4 45 93 47 77 96 43 87 58 52 12 14 63 4 86 7 47 1 10 68 6
41 15 70 28 8 38 31 83 54 9 15 3 13 77 81 92 32 13 48 19 42 80 76 30 81 82 14 53 60 5 30 14 71 51 81 75 89 88 81 37 64 29 71 35 70 97 87 64 98 0 97 31 52 54 1 51 17 94 45 80 48 45 20 15 59 9 3 11 59 82 93 77 76 51 75 96 73 28 25 58 60 45 25 30 48 99 17 38 19 28 25 60 0 64 95 69 85 94 41 11 45 19 90 98 54 36 62 77 33 30 78 3 93 45 14 0 14 34 37 93 98 25 12 50 3 2 97 83 6 56 77 66 98 100 35 91 84 32 54 55 3 3 5 9 32 14 24 91 23 2 23 99 72 61 60 28 97 94 62 50 4 86 42 93 80 100 60 82 16 55 41 76 15 51 82 33 91 5 25 0 85 83 91 8 16 49 86 81 84 28 45 79 64 56 19 52 96 2 53 42 76 36 63 46 55 55 61 39 41 25 15 64 62 50 18 76 82 18 10 14 50 15 96 36 63 25 64 11 26 51 33 17 62 29 43 81 72 21 31 48 10 12 92 52 13 37 64 92 5 70 50 74 48 54 17 31 5 14 43 20 40 54 32 18 30 43 28 38 60 26 11 9 64 85 13 92 8 11 13 52 63 78 70 11 40 47 2 35 44 74 19 80 84 73 11 96 69 59 7 54 65 70 56 30 32 72 44 42 83 60 66 6 82 29 76 59 63 26 83 68 40 60 2 27 10 50 84 56 24 64 5 90 92 71 58 95 17 94 92 33 9 96 93 99 11 74 14 7 26 79 5 40 21 4 76 60 92 71 13 89 19 36 30 81 38 57 88 23 66 3 50 34 28 8 82 67 16 55 82 84 65 10 62 4 17 39 60 22 85 97 59 80 29 39 56 13 40 46 23 11
94 70 95 59 2 74 85 65 89 29 84 67 79 45 80 76 29 85 15 65 45 40 28 60 32 85 0 81 100 52 84 94 88 76 23 80 93 90 14 63 50 86 96 26 17 73 70 2 36 53 36 82 59 86 81 30 90 85 46 80 93 34 59 89 25 69 27 34 61 99 89 29 30 35 46 7 56 100 9 10 84 100 94 34 97 14 88 45 39 88 58 61 48 43 57 11 25 52 28 5 89 31 32 49 78 97 70 46 26 72 65 29 41 80 98 55 10 42 44 68 74 65 73 53 10 72 87 71 33 37 10 63 35 11 22 19 52 3 76 0 92 37 96 89 40 66 68 20 58 54 88 65 50 70 19 32 92 26 87 5 46 4 78 9 83 43 52 4 2 88 2 42 97 57 41 22 78 24 8 59 22 38 58 23 78 17 38 24 8 89 55 79 20 58 6 5 38 74 53 82 48 72 6 56 98 48 12 6 61 52 79 82 93 79 55 82 89 97 24 45 9 62 41 78 68 0 9 66 95 79 11 74 11 5 75 65 70 17 4 54 96 49 77 59 84 51 85 81 58 10 42 44 52 81 94 10 81 56 25 29 78 91 24 85 21 82 99 89 45 48 68 98 61 7 78 39 79 31 83 58 1 98 33 61 32 55 76 10 48 55 66 19 18 1 77 0 17 100 84 90 19 30 76 55 19 2 97 49 44 6 27 87 16 2 4 53 55 91 64 79 20 98 49 2 55 92 86 54 51 94 99 13 33 88 28 7 37 53 33 66 67 67 18 48 96 34 63 27 95 39 37 35 6 75 74 75 69 85 58 48 58 74 92 95 24 69 12 20 65 73 47 18 22 94 29 70 75 58 90 19 49 63 21 45 80 85 56 58 15 48 29 94 80 66 43 44 72 13 52 2
7 27 28 97 63 98 87 62 52 64 37 96 82 95 100 58 57 9 36 36 93 51 38 52 4 37 71 22 70 79 58 60 87 79 31 35 36 22 5 94 7 19 33 85 16 15 15 32 11 19 78 1 41 60 11 8 10 14 13 95 62 74 63 21 81 35 45 47 75 51 8 13 13 28 51 83 84 10 81 75 44 26 66 70 35 88 13 88 86 44 16 62 13 97 65 79 40 65 41 52 46 37 93 44 39 61 1 4 18 29 70 41 40 26 49 40 4 3 0 21 44 90 42 86 17 45 65 76 56 57 2 90 74 80 30 42 99 44 81 78 62 15 7 23 54 93 45 75 93 34 26 65 26 50 68 32 18 4 63 3 32 19 98 8 8 81 45 4 95 40 3 41 15 42 85 4 30 18 47 100 74 87 97 16 56 13 46 75 67 94 19 22 22 77 46 89 33 45 20 13 95 74 72 59 82 16 75 82 35 33 78 72 100 40 22 24 25 49 80 20 63 41 23 22 89 64 24 80 23 79 37 72 50 37 2 14 13 8 51 8 39 11 89 0 25 70 47 14 57 30 41 37 82 31 31 52 21 41 64 13 15 23 2 52 69 38 86 27 38 99 28 94 72 32 43 63 19 30 45 82 19 56 74 79 92 100 29 23 94 2 48 94 17 4 81 5 66 60 77 25 16 51 90 30 100 24 16 96 64 68 6 61 97 53 42 60 10 28 24 16 47 17 64 94 98 20 95 14 32 15 33 11 92 34 100 32 49 82 27 70 79 51 41 80 57 8 70 52 9 95 67 55 1 97 42 7 70 34 35 44 84 95 79 86 84 56 28 4 0 84 18 94 78 89 52 59 79 16 27 52 53 81 65 94 43 69 59 59 27 40 74 2 1 50 63 64 64 46 77 88
56 48 92 82 1 37 93 16 1 51 19 37 97 25 19 46 82 26 71 99 38 35 51 25 0 64 13 13 22 99 60 20 41 27 75 2 77 32 49 82 47 5 44 59 59 87 4 34 81 45 62 67 54 40 14 82 7 69 62 29 26 55 35 62 83 58 39 94 28 74 52 92 2 0 29 35 2 36 44 72 24 93 40 41 25 59 54 91 4 24 91 45 82 13 11 20 92 100 20 80 100 80 44 31 23 50 72 75 62 1 99 19 13 83 35 76 80 48 19 63 56 77 40 66 61 99 36 45 12 2 63 18 61 76 75 11 11 81 19 18 56 36 49 20 58 72 44 95 21 94 19 59 20 37 1 58 64 82 12 79 33 26 59 79 25 65 33 56 44 1 27 48 63 11 66 44 43 96 95 23 12 2 7 24 5 36 76 80 98 51 37 68 97 26 42 60 23 74 64 50 92 40 64 39 2 29 69 64 93 40 81 23 55 89 33 3 16 10 81 22 45 39 72 94 82 100 93 87 5 84 71 73 97 49 4 30 11 9 81 94 15 72 8 90 62 23 70 77 26 58 30 26 78 51 47 23 79 3 29 14 72 12 14 65 66 80 92 9 100 32 19 77 37 91 24 96 82 18 28 60 20 12 39 7 23 58 21 80 82 22 36 11 99 40 59 24 14 11 77 99 71 73 2 78 62 20 91 12 12 62 51 34 14 61 20 49 51 8 31 19 22 46 7 90 67 59 84 35 13 72 59 40 31 59 52 21 39 36 15 58 87 90 40 42 64 11 2 88 59 24 98 90 41 92 85 43 93 91 53 33 70 33 58 64 26 58 74 62 46 11 89 95 38 91 87 70 99 58 23 46 45 60 68 72 71 94 97 91 17 97 53 89 76 90 1 70 15 57 84 60
85 16 37 55 75 17 37 94 62 86 63 35 26 94 13 87 65 10 93 19 72 68 0 87 80 75 65 68 37 89 80 25 97 83 56 54 66 25 69 72 83 34 44 49 71 7 54 67 16 43 86 57 0 16 96 80 27 14 8 100 19 6 46 36 3 18 37 70 30 90 5 49 82 44 54 79 96 59 69 78 74 3 84 82 50 68 86 59 13 21 14 0 45 27 49 74 85 16 94 36 79 86 12 8 1 80 16 59 0 4 16 90 93 45 48 36 11 91 85 63 0 86 36 48 51 36 30 36 37 48 39 31 83 11 25 86 37 51 47 99 72 20 65 63 60 19 27 50 32 12 93 19 76 65 56 53 83 29 99 55 23 60 24 29 15 61 24 84 10 87 87 100 3 13 17 58 100 74 8 71 17 91 96 28 57 17 5 1 14 29 84 75 46 83 29 63 99 72 19 95 19 71 22 6 34 1 38 80 31 11 13 13 52 68 83 34 44 56 4 48 58 57 67 35 82 11 76 78 14 23 67 94 81 27 80 9 21 54 17 88 46 78 9 21 48 33 66 41 65 70 69 34 34 14 58 86 54 87 77 25 88 78 19 70 6 4 68 46 67 59 13 59 83 87 2 16 98 88 33 7 23 59 21 68 63 50 79 82 58 42 88 37 58 79 61 82 4 46 60 50 21 25 1 97 0 78 14 84 43 55 63 39 21 69 54 16 40 68 22 22 58 67 71 57 16 34 1 7 15 78 78 91 61 83 76 46 23 17 94 35 6 66 62 89 22 66 99 13 5 24 95 63 18 11 6 67 3 73 21 45 24 29 67 91 6 73 36 94 28 83 47 66 8 89 7 97 81 71 77 76 50 90 95 31 2 45 16 79 38 1 54 14 83 90 57 33 21 90 82 35
60 81 42 33 70 75 39 83 12 51 76 85 72 29 90 83 11 55 69 8 27 39 17 27 49 79 1 82 74 72 74 28 36 92 71 32 53 3 7 6 14 10 54 28 97 2 67 82 73 6 24 9 58 69 5 38 55 62 76 50 5 61 61 1 68 37 25 47 76 83 87 36 99 2 62 1 99 85 28 37 63 42 25 9 60 50 71 4 63 24 60 25 12 91 32 88 78 31 44 3 67 3 61 47 19 53 13 23 85 54 71 88 67 50 49 81 64 28 60 4 48 95 70 21 64 60 81 1 10 36 76 75 20 54 27 68 19 60 64 21 66 19 38 45 0 82 86 59 17 24 29 57 45 48 73 89 79 83 64 55 48 22 56 51 36 5 54 54 42 43 34 39 98 77 27 29 62 19 77 53 5 46 41 35 40 84 54 87 92 91 89 45 0 58 27 71 15 11 82 73 6 96 14 29 40 91 75 2 81 4 23 48 42 5 41 86 12 34 60 19 12 65 72 89 85 15 39 60 48 6 31 34 53 74 83 33 50 73 56 27 85 86 23 99 51 94 50 13 28 77 49 8 71 25 29 92 7 23 46 4 80 32 4 16 40 14 43 33 88 84 41 22 79 30 15 77 8 96 75 26 21 85 30 97 49 61 64 99 38 64 4 88 32 13 38 86 89 14 57 98 32 57 48 77 2 3 27 33 99 32 19 71 33 90 89 27 93 100 45 45 58 62 30 20 98 64 9 76 4 3 87 76 65 20 47 71 13 64 39 90 7 75 35 48 44 52 10 61 100 56 75 27 89 62 41 41 6 3 68 78 54 70 26 69 75 64 14 30 87 52 85 59 0 47 89 25 54 25 84 69 50 33 39 17 83 62 40 48 1 41 32 5 53 98 38 36 54 26 77 86
22 91 65 63 95 97 82 58 99 51 7 85 6 32 92 49 81 89 20 95 73 65 9 49 84 66 11 83 98 91 97 82 0 74 27 77 13 87 61 67 31 93 74 57 34 78 35 55 88 91 10 6 22 99 79 82 52 66 85 51 39 45 43 38 71 41 65 37 60 75 43 0 13 66 88 15 58 45 37 96 83 16 89 93 67 86 91 19 48 34 90 33 37 17 44 34 2 41 59 22 1 91 83 70 97 3 1 13 60 3 21 47 79 93 86 10 7 84 42 50 57 52 45 78 47 68 96 99 7 3 18 77 27 26 33 33 60 33 94 26 100 4 96 45 87 35 19 72 87 23 33 48 26 51 72 13 4 95 87 26 37 60 77 90 45 17 7 85 36 45 53 30 36 66 34 68 65 82 51 77 91 92 90 38 43 17 0 16 99 52 56 19 45 46 94 95 38 42 69 12 13 85 62 35 1 86 89 65 89 14 39 74 36 39 55 26 36 32 26 71 52 32 77 23 64 84 51 71 38 69 5 16 29 94 69 18 96 32 49 89 69 50 38 100 85 67 50 80 51 27 90 73 75 74 52 4 29 48 43 67 20 70 51 74 66 62 97 9 59 19 11 59 2 55 32 68 9 84 40 11 46 67 70 89 45 19 29 16 53 61 51 95 71 14 37 31 53 51 74 32 43 32 66 13 66 70 31 85 85 17 90 2 89 94 22 6 8 39 41 96 51 22 75 14 77 23 94 2 6 35 18 63 55 3 95 9 10 48 82 47 87 70 67 82 97 59 24 90 57 2 88 97 10 33 0 90 41 3 27 99 78 65 69 66 72 22 4 17 62 22 8 31 25 52 79 24 18 60 53 64 35 47 90 6 28 79 81 25 71 53 17 9 40 92 68 32 7 89 19 86
47 97 32 74 81 8 26 6 98 36 12 53 87 90 8 60 24 61 34 80 17 82 94 87 86 75 26 2 30 39 53 28 57 19 20 37 34 37 28 23 3 72 2 75 74 13 37 41 21 21 100 10 52 25 79 49 14 63 77 78 86 76 28 95 26 13 1 35 21 41 87 40 31 73 99 23 83 91 8 92 23 18 62 40 60 69 69 29 3 66 99 2 65 23 82 91 68 24 51 64 100 1 8 1 3 17 81 84 54 88 11 58 34 53 22 55 21 3 3 50 25 74 33 22 59 55 32 82 84 14 60 0 98 23 19 77 48 98 31 24 32 91 43 28 34 12 48 44 68 80 78 41 63 59 23 0 44 67 85 34 76 43 10 47 46 96 19 82 99 39 76 31 96 75 38 58 65 89 40 70 12 23 78 18 100 25 24 44 4 52 46 47 79 64 58 1 68 27 66 41 62 22 52 23 24 18 6 86 89 26 99 24 86 72 22 46 58 70 39 67 23 58 80 34 66 39 37 52 86 2 31 17 74 27 47 62 0 4 43 67 58 11 17 10 65 90 43 70 7 12 32 84 24 77 82 78 39 32 4 45 9 50 51 77 62 40 98 14 20 91 3 49 82 5 22 65 18 74 40 88 34 5 68 73 78 52 94 43 49 46 21 21 77 21 86 30 53 90 22 53 29 36 39 56 42 14 24 29 30 87 71 98 9 4 27 44 2 74 67 20 71 4 94 99 61 74 40 46 10 65 21 22 43 26 92 89 91 24 82 61 56 20 6 60 80 5 58 16 79 41 50 18 38 59 28 71 33 28 38 47 1 43 8 91 28 63 22 46 80 57 97 4 62 46 4 4 18 36 67 41 32 28 57 7 94 77 69 86 73 58 26 72 68 46 69 47 44 69 61 53
70 38 88 58 4 2 3 65 16 39 26 71 41 72 100 50 70 30 71 44 32 51 94 15 15 0 2 11 27 36 85 77 74 63 75 13 73 27 18 48 3 57 33 82 84 82 14 60 54 15 90 21 78 72 68 29 5 2 58 85 45 86 12 33 30 97 37 90 53 70 59 55 57 64 0 26 0 31 29 63 86 4 60 17 72 92 70 31 91 43 52 69 58 39 81 5 11 84 92 2 2 77 75 80 24 2 39 16 57 18 76 78 92 73 65 47 76 40 3 15 71 38 37 88 47 14 68 97 86 3 96 64 8 75 3 42 37 79 13 52 22 68 35 30 90 3 58 70 79 13 57 54 9 60 3 46 80 83 1 96 34 91 81 22 54 17 61 70 53 49 66 57 13 11 89 0 80 10 36 62 15 8 93 84 79 1 88 20 79 85 29 64 6 0 85 52 99 36 57 14 71 5 23 38 91 37 74 92 94 80 24 74 68 95 3 14 53 42 28 33 38 12 32 76 92 3 11 14 51 90 99 59 27 35 88 79 57 64 0 78 51 77 44 37 67 55 58 1 64 9 33 75 94 40 7 39 85 22 23 68 18 76 58 37 81 53 58 79 48 86 94 85 31 21 59 3 24 29 14 42 65 100 35 87 62 32 95 44 92 11 19 98 0 77 9 85 29 84 38 56 39 87 36 50 33 55 66 62 28 76 22 5 9 43 48 38 98 67 73 0 97 71 2 59 97 57 66 47 21 0 75 2 69 35 33 62 68 58 79 19 29 47 47 57 21 73 57 76 15 35 100 93 72 75 21 8 4 82 31 68 65 86 43 80 75 7 85 41 45 67 38 62 55 71 86 21 90 57 79 85 4 78 2 56 93 12 25 60 25 66 9 70 93 46 96 76 21 26 36 36
50 87 31 57 19 71 12 17 52 23 8 21 4 55 13 80 38 43 28 94 47 94 70 13 51 44 73 11 88 36 51 79 19 74 72 4 96 42 74 88 13 54 30 10 16 71 5 76 48 88 41 1 56 34 41 40 97 26 54 85 60 33 4 82 47 92 61 41 46 27 27 4 2 51 41 4 9 72 15 9 15 88 26 89 91 80 94 89 95 23 78 77 28 35 63 83 53 21 27 19 67 5 85 42 98 67 52 65 17 78 12 92 76 81 65 4 33 45 76 19 64 84 83 1 58 12 56 24 87 2 84 16 78 61 61 75 11 15 1 52 59 54 17 85 91 73 11 81 98 18 17 40 80 1 74 64 8 66 31 6 23 51 0 96 51 77 33 78 46 44 26 42 13 86 43 2 68 59 9 94 14 21 61 90 49 7 86 78 54 66 87 7 79 88 2 67 76 39 12 93 42 39 93 0 86 42 86 19 23 7 100 84 98 15 3 27 62 71 46 69 31 80 46 9 14 70 43 0 67 39 53 47 50 1 76 90 49 91 82 64 42 66 6 60 64 49 61 31 0 12 86 31 77 35 24 91 56 17 93 25 30 36 38 92 8 42 20 15 62 41 37 65 37 51 16 42 72 13 43 29 52 79 8 52 61 98 27 43 43 74 26 61 93 9 47 5 75 58 8 55 100 11 43 100 70 26 28 91 29 29 13 85 53 85 2 1 4 89 53 15 9 34 32 47 44 70 87 34 5 38 28 11 57 29 24 10 70 77 33 40 76 63 9 32 17 52 7 18 10 38 13 31 82 43 34 95 81 71 9 92 52 83 56 34 34 89 55 73 30 26 60 30 24 27 76 74 44 52 20 88 27 75 54 11 89 93 59 75 51 6 12 56 53 29 56 46 96 76 88 87
15 19 52 30 64 24 17 18 47 17 73 83 70 71 89 29 72 57 36 62 34 91 44 67 70 38 54 46 20 78 95 2 11 49 99 86 16 26 40 83 69 53 24 84 28 25 65 22 28 9 47 59 22 77 80 95 92 57 39 96 78 74 60 36 45 16 53 98 7 19 52 52 36 98 0 76 56 21 71 3 14 94 100 88 92 10 26 77 83 12 79 37 85 73 25 63 98 77 12 73 73 61 56 12 63 27 87 56 62 18 66 55 77 0 44 61 15 95 58 93 81 94 46 9 46 46 2 74 31 97 63 95 38 87 22 54 38 40 49 27 45 93 29 13 37 79 4 42 38 46 8 25 77 62 2 65 50 14 67 76 90 34 85 15 43 2 34 67 49 50 11 21 56 20 87 41 5 36 8 29 86 22 13 28 56 55 89 52 10 79 19 64 43 42 39 39 65 54 54 14 99 9 35 4 59 71 28 63 78 36 65 93 28 57 49 33 30 59 47 22 58 38 5 15 21 93 56 17 70 92 78 55 34 56 86 8 65 4 50 75 64 73 18 39 91 92 98 41 46 53 3 48 63 10 21 22 6 1 76 64 11 52 15 17 5 25 87 25 7 25 96 53 22 79 92 5 88 90 66 11 62 37 51 35 96 60 86 45 37 86 75 43 51 80 46 22 69 94 59 88 79 91 84 10 63 7 88 40 40 26 100 46 47 28 28 46 97 32 22 23 13 43 52 57 83 29 79 35 29 8 20 98 2 7 25 89 82 5 65 8 13 67 33 50 65 53 59 27 7 20 41 13 22 82 98 40 11 94 56 40 61 11 45 69 35 24 34 12 34 4 59 14 34 4 26 54 34 31 6 27 68 40 87 54 3 25 15 99 11 99 93 82 17 17 54 38 92 48 3 53
71 83 48 3 74 91 77 47 49 92 12 47 27 39 71 28 23 83 35 35 59 32 38 4 28 64 16 88 35 83 41 28 31 93 58 46 3 49 53 0 54 7 44 6 92 68 91 16 66 92 45 63 59 67 7 38 73 35 84 69 78 26 33 51 28 7 71 40 35 83 1 87 0 97 70 89 89 36 73 70 100 97 96 30 44 89 55 32 26 0 43 39 81 30 45 24 16 16 50 15 57 30 73 73 37 53 28 46 62 63 97 4 78 44 84 59 90 82 88 25 75 59 74 90 72 86 10 78 97 9 31 42 40 55 60 13 85 13 39 21 22 53 72 92 98 52 86 60 38 20 43 54 6 30 94 70 42 7 73 30 11 75 41 29 31 50 52 25 12 64 74 70 75 76 78 82 55 16 66 92 44 72 58 30 19 0 54 92 86 60 100 1 7 10 30 96 38 32 82 76 4 69 84 94 80 93 54 83 33 28 49 63 73 46 75 19 96 95 34 88 0 8 71 98 98 42 25 8 24 12 86 38 96 72 98 45 59 6 28 10 86 0 6 76 68 6 77 78 91 25 24 56 62 29 59 61 13 17 86 92 86 73 62 90 91 51 57 70 34 52 8 6 67 78 18 12 53 34 57 90 80 37 48 52 52 57 61 46 69 21 62 43 45 4 91 71 93 41 9 43 56 91 53 1 24 5 9 84 22 26 99 48 60 9 57 23 26 61 37 22 17 70 87 7 6 68 93 26 2 10 38 59 13 60 48 98 1 80 91 52 23 74 11 16 23 8 27 73 83 37 87 92 41 27 63 77 88 8 71 17 88 83 46 11 46 68 26 27 28 12 58 29 75 45 72 29 17 43 56 99 8 47 99 3 82 85 79 71 20 51 37 32 34 25 69 28 70 62 43 98
57 89 23 33 24 32 78 2 22 19 0 6 39 41 82 21 17 51 62 84 69 66 87 12 37 21 70 68 89 41 50 94 85 96 54 71 89 39 86 29 68 48 91 41 99 0 40 30 86 44 19 59 7 92 80 85 79 17 47 99 35 15 27 84 44 79 31 43 93 19 92 43 39 17 63 56 64 4 74 51 68 72 95 57 64 94 62 2 73 27 71 87 45 5 82 29 49 15 48 62 94 34 70 5 80 60 71 11 72 60 86 65 71 66 58 61 29 92 32 27 58 31 52 5 9 5 24 93 19 29 14 60 90 79 91 88 74 89 5 65 24 81 26 92 94 92 58 49 7 96 8 9 15 33 5 31 3 12 55 18 49 58 64 21 59 75 49 22 53 4 56 90 43 79 39 50 73 42 53 16 21 76 58 94 88 59 97 79 30 76 27 10 87 0 52 74 100 73 98 60 84 83 26 73 77 21 25 36 80 41 67 76 57 14 93 44 35 92 37 21 73 41 67 4 7 9 42 60 20 57 24 27 84 13 13 11 75 64 54 97 88 16 94 27 96 54 84 7 75 32 29 55 33 35 53 37 46 97 45 8 26 26 88 11 67 12 23 29 14 2 32 62 87 34 66 25 85 84 91 17 94 36 41 78 71 96 21 30 81 95 10 60 25 22 70 68 90 86 78 86 92 31 15 41 3 46 84 20 86 69 4 11 96 66 87 79 46 73 71 78 13 91 49 31 23 83 95 100 14 75 14 7 69 76 61 77 1 50 71 50 57 73 43 17 38 57 87 45 25 65 76 50 63 58 75 35 68 17 69 96 51 24 74 43 64 2 82 56 6 98 23 19 85 37 99 22 44 77 6 33 61 40 18 54 64 66 20 65 82 64 98 52 8 36 66 4 2 75 23 56
82 59 35 17 43 38 63 4 45 16 64 8 70 61 13 57 53 87 94 0 16 33 1 57 54 31 46 25 31 82 79 94 44 5 95 5 63 38 86 3 37 79 6 100 4 34 26 66 30 7 78 76 48 71 61 58 11 90 1 26 20 45 39 10 75 75 73 100 60 14 69 66 32 34 72 29 9 83 46 38 23 26 91 74 43 48 35 75 55 61 78 63 65 71 6 57 14 11 66 15 8 73 20 94 48 21 79 70 50 53 27 86 79 63 89 51 32 75 77 25 80 34 29 92 88 61 22 56 73 33 36 43 55 66 58 97 5 59 42 82 74 30 44 80 42 13 52 2 1 67 35 32 51 12 69 87 70 51 100 81 64 97 95 8 57 32 25 50 23 37 28 23 12 88 62 95 18 30 82 15 8 3 28 37 15 75 56 96 30 24 68 13 1 44 94 78 90 96 66 74 3 63 70 63 39 24 58 70 22 3 45 47 80 51 52 76 93 36 46 95 28 50 7 40 91 79 35 48 58 61 35 50 18 7 68 22 63 89 82 71 74 98 44 52 53 68 76 81 46 84 88 92 82 28 87 80 28 25 17 0 14 26 70 71 85 7 60 89 79 64 68 33 40 47 99 73 51 29 92 74 34 93 31 14 76 6 6 0 32 31 86 82 80 45 30 60 88 43 52 37 41 51 4 7 89 92 8 49 48 34 93 39 4 40 50 39 16 63 5 76 6 24 86 61 31 15 99 13 90 83 68 69 47 68 78 27 87 19 36 30 23 1 70 94 6 13 1 10 30 55 87 6 88 64 37 69 47 45 80 95 60 61 17 22 90 24 66 53 59 80 70 81 92 37 25 93 82 50 84 37 61 70 31 13 26 10 85 69 2 54 47 70 63 66 59 54 45 74 5 33
38 78 43 1 8 65 80 20 4 50 94 56 31 43 1 51 96 17 78 0 34 97 17 57 91 22 67 84 85 89 98 61 72 88 69 49 45 16 83 2 99 55 87 69 22 43 3 45 14 10 28 53 32 66 16 19 85 59 38 76 77 0 55 50 89 6 22 58 8 30 16 89 93 57 38 5 83 38 67 0 38 99 32 46 37 72 0 18 100 60 75 80 34 43 21 99 20 9 91 97 35 20 62 7 11 78 45 15 14 2 63 20 27 18 99 55 21 98 33 87 54 77 27 35 56 12 26 31 67 19 63 73 33 5 71 47 96 17 83 92 81 28 1 35 32 27 56 24 87 68 46 50 9 86 98 54 64 19 29 21 48 59 10 74 40 20 92 6 20 36 11 38 84 70 68 10 52 72 94 18 59 82 77 21 99 37 44 52 41 68 53 8 27 0 55 73 46 24 16 10 48 77 31 16 86 67 57 66 22 22 4 7 8 38 46 41 62 5 11 1 67 34 19 7 39 5 68 18 99 92 21 73 37 20 53 34 65 11 81 84 41 22 15 15 72 45 61 14 82 24 26 43 0 17 43 69 89 49 38 4 45 64 2 79 99 2 7 42 44 20 59 24 75 46 67 56 6 13 55 56 41 29 28 52 27 78 94 87 1 20 71 15 66 6 60 58 29 83 13 43 95 33 16 64 22 52 7 69 92 29 42 70 38 62 48 70 84 4 13 6 85 50 14 97 61 92 68 15 85 35 2 14 4 67 23 85 86 76 84 33 22 86 20 76 88 72 40 15 56 62 82 68 10 59 73 88 37 92 31 28 58 80 31 1 77 61 0 14 2 2 8 39 86 47 48 16 37 72 96 54 38 39 1 5 10 65 39 47 74 50 81 43 20 46 89 19 8 88 40 84
98 89 44 36 83 69 0 69 36 31 52 51 51 64 58 80 35 76 98 94 63 5 34 81 5 56 17 68 97 84 84 66 23 81 14 27 7 41 37 89 1 3 13 74 29 88 36 80 8 0 39 62 100 41 86 69 21 31 60 22 14 93 37 87 59 12 97 84 81 38 22 11 48 92 70 48 50 68 67 34 28 93 13 13 47 89 19 29 81 100 87 33 57 25 94 99 32 25 75 15 33 39 30 95 23 83 20 30 10 57 85 82 43 75 3 39 96 31 60 15 100 10 66 83 21 50 68 10 15 67 88 46 43 70 84 5 91 52 98 61 4 80 52 8 41 8 0 85 70 82 67 15 59 3 95 59 34 21 87 0 79 79 80 82 74 39 32 4 62 22 76 20 43 67 36 99 62 44 50 40 76 84 4 19 33 52 49 55 53 19 1 54 55 18 39 15 84 78 87 12 41 30 4 52 33 44 91 15 99 3 52 98 62 92 6 22 23 93 53 14 8 29 2 19 87 13 65 26 31 77 25 42 34 2 3 7 61 83 34 98 10 69 67 11 62 33 69 45 70 36 63 17 46 88 7 87 98 97 15 28 49 6 85 73 42 11 36 43 36 51 80 5 88 20 94 96 59 10 1 63 4 25 49 46 19 26 77 35 27 82 47 92 19 83 15 82 80 78 17 46 39 37 81 0 42 16 33 76 21 28 85 73 55 10 94 55 6 30 3 3 54 24 55 84 24 98 57 100 83 94 5 67 90 59 22 74 64 54 77 69 85 50 16 79 86 82 6 73 55 6 99 36 10 18 41 8 35 8 74 43 24 40 12 4 64 44 70 43 49 71 94 19 40 46 20 26 2 29 79 35 78 94 87 63 62 58 16 9 43 39 11 0 26 3 58 12 9 19 58 86
57 0 94 47 70 53 62 48 88 93 96 16 25 84 10 93 81 75 89 32 48 34 13 76 6 40 95 48 65 19 31 45 33 45 100 69 33 24 54 21 36 38 83 54 97 46 29 16 56 57 66 52 54 50 75 33 84 100 73 19 16 91 94 5 57 23 62 33 21 54 86 25 10 40 99 84 5 14 14 46 17 31 31 4 100 2 64 24 38 51 7 76 20 8 67 98 44 1 33 70 87 37 5 5 7 77 73 87 47 80 83 72 25 90 78 6 21 12 20 1 19 1 66 82 77 60 62 20 40 65 71 29 68 50 59 63 89 42 37 98 70 8 58 28 20 77 71 81 10 50 7 18 57 8 5 77 95 20 51 92 35 66 38 95 43 37 4 31 70 95 31 19 84 72 22 9 32 87 9 77 80 44 61 41 3 28 90 22 89 6 17 91 21 18 100 10 94 55 28 65 24 34 80 61 63 63 73 30 62 55 38 61 22 99 31 4 72 54 80 71 16 66 82 27 83 25 48 28 86 92 67 57 42 17 59 59 83 100 91 98 91 72 37 0 11 67 73 1 87 86 60 81 35 22 76 64 88 50 30 60 6 78 58 68 100 12 97 70 55 89 27 35 59 12 50 19 44 60 7 6 70 14 74 69 71 80 47 15 26 27 1 76 61 5 0 73 9 67 11 19 38 73 80 30 54 96 13 95 84 17 44 50 86 18 91 92 77 15 39 100 24 99 65 91 88 34 64 75 96 76 6 52 48 65 23 5 81 46 15 99 26 50 65 50 88 82 20 6 70 33 65 45 76 16 47 2 5 51 72 18 51 59 74 86 80 66 25 73 29 90 80 59 100 74 45 91 25 58 81 25 86 94 16 80 9 82 86 51 14 11 75 96 16 27 45 49 86 100 3 66
33 21 47 34 41 99 82 56 60 33 4 74 73 72 98 26 15 60 46 44 26 15 33 43 47 19 11 79 9 23 16 2 21 16 20 25 8 50 85 30 85 51 61 27 67 81 88 9 63 54 89 6 54 97 59 20 91 91 33 27 36 13 51 91 29 35 13 86 64 26 60 48 36 100 12 33 43 23 31 73 79 19 71 14 70 38 17 6 96 24 26 87 30 97 73 6 68 93 17 74 71 16 33 39 96 64 17 24 97 79 84 73 45 19 62 96 66 51 35 79 84 75 54 22 59 14 73 42 80 26 47 83 25 86 85 45 12 11 49 12 47 1 73 72 61 5 91 34 23 58 39 54 69 56 15 45 32 34 53 28 31 67 97 10 60 38 76 81 47 91 0 86 91 79 7 21 43 15 75 18 30 58 41 0 90 31 75 2 73 59 24 5 65 100 29 16 72 56 87 61 89 67 84 22 61 39 1 5 87 87 9 49 14 33 98 91 31 36 14 37 70 18 32 68 0 59 65 6 57 96 8 82 12 31 77 5 69 31 30 81 9 83 33 15 96 31 23 80 88 52 50 6 31 71 82 95 9 36 65 92 49 6 96 97 59 18 39 22 22 49 18 63 17 99 81 75 41 4 60 67 77 52 88 29 72 99 22 56 71 85 42 98 20 54 98 67 89 71 63 37 62 22 34 49 58 6 100 4 66 37 92 95 35 86 8 100 55 91 35 56 56 66 97 79 34 17 74 60 31 20 69 97 25 33 7 11 72 25 67 78 99 51 11 16 57 25 66 27 55 14 62 56 92 86 95 29 7 86 99 46 20 95 12 33 79 88 53 76 40 27 42 63 80 11 16 85 17 67 63 95 50 79 15 22 30 30 87 91 67 17 33 54 9 39 92 91 51 97 45 57
21 37 81 1 31 24 94 94 20 68 33 52 86 2 10 57 44 16 73 37 99 10 95 18 100 24 34 19 73 61 2 59 63 50 87 94 29 98 9 62 9 96 6 38 81 15 91 18 22 43 6 29 63 57 13 30 26 21 78 98 26 46 62 10 68 62 5 73 65 65 21 33 28 22 0 13 16 22 66 97 92 38 3 95 29 53 26 98 64 76 91 88 96 30 37 55 93 40 14 8 70 37 9 35 89 35 48 68 15 20 79 4 42 18 35 7 8 33 56 47 10 18 7 80 37 27 4 83 99 80 69 14 34 81 26 99 49 51 36 37 3 78 88 65 95 18 35 56 26 32 95 8 14 14 18 6 14 53 20 6 88 75 59 57 67 22 57 16 20 30 39 95 14 73 0 20 47 97 21 96 8 73 36 85 69 46 77 30 62 18 36 20 6 82 62 93 49 87 72 100 82 28 26 93 62 66 84 38 11 4 67 54 9 14 32 100 44 42 1 52 8 99 79 64 62 2 51 1 71 46 32 83 24 80 54 48 2 74 77 11 22 27 29 58 56 97 81 34 52 67 55 55 96 48 37 76 4 57 46 84 61 15 22 10 12 79 50 38 60 25 36 66 14 94 8 86 87 38 89 42 77 86 18 48 50 26 68 82 43 1 69 4 69 6 92 6 97 55 100 13 29 31 41 90 98 45 84 6 62 44 6 31 68 67 22 90 53 42 80 44 3 86 71 88 30 11 53 87 52 11 65 97 74 82 45 53 78 85 28 2 7 12 69 8 12 73 47 32 32 54 7 82 1 30 41 13 61 88 12 18 31 59 93 48 29 69 47 38 11 50 4 1 10 1 1 50 51 7 82 55 57 76 66 64 51 32 30 96 86 23 63 59 85 95 19 71 42 10 97 63
3 91 3 2 96 65 48 66 31 49 27 25 91 91 11 30 56 8 72 62 64 46 95 28 14 26 29 63 28 6 66 85 18 67 65 34 35 34 95 20 44 49 94 89 11 77 22 78 57 83 63 20 45 70 65 38 29 70 27 37 44 45 65 45 51 33 94 69 20 40 38 18 39 69 83 20 24 99 6 17 2 86 19 67 15 30 86 99 13 42 33 40 23 84 65 20 30 58 88 58 97 3 3 29 53 72 64 80 27 5 19 66 15 61 60 60 16 56 28 81 96 57 36 17 12 32 80 100 4 66 48 21 57 71 38 66 82 79 92 73 12 45 62 10 59 96 45 74 94 45 51 79 15 31 79 62 54 55 24 94 3 56 96 97 14 54 24 25 33 5 31 10 43 70 19 41 60 28 83 22 43 84 60 70 23 39 69 8 25 83 26 8 48 22 8 98 1 97 15 74 0 51 86 69 75 57 8 81 25 99 83 99 10 74 45 79 28 54 57 13 52 89 65 22 93 10 87 55 60 11 50 32 5 95 1 89 91 15 93 7 9 55 48 97 46 100 78 11 30 24 87 75 58 34 94 21 89 17 0 30 99 67 93 61 73 9 20 0 63 35 19 28 52 55 26 31 14 57 65 95 4 47 15 7 21 14 42 5 37 77 42 60 4 93 45 87 57 94 92 37 78 18 81 42 99 35 45 86 53 97 43 66 46 10 16 73 61 17 83 57 6 8 63 9 37 30 93 1 19 88 86 17 69 86 11 69 52 67 5 58 12 59 60 87 36 20 50 61 87 26 42 46 75 36 83 15 16 92 49 18 2 48 58 38 97 12 98 12 53 100 12 38 34 22 38 56 41 36 18 73 79 44 34 84 29 98 12 15 9 71 78 57 93 17 70 67 94 86 67 7
43 11 29 83 35 52 54 39 52 34 11 73 16 86 41 55 65 73 81 42 72 8 47 70 88 92 82 37 90 60 34 1 97 74 1 71 56 90 62 79 48 48 89 58 41 96 98 44 28 63 26 21 33 86 91 68 70 42 51 19 80 6 100 79 95 77 71 72 9 99 44 29 82 36 94 6 4 21 74 5 57 9 45 63 75 3 47 33 42 27 79 84 60 83 50 20 60 23 61 2 34 53 81 89 11 98 94 96 18 44 39 69 83 28 51 82 4 72 55 13 20 16 93 40 99 35 63 59 55 20 84 86 54 78 30 3 33 94 68 67 13 42 61 99 32 89 55 41 93 5 3 8 28 43 53 74 1 69 62 32 70 34 62 40 26 23 80 100 84 32 62 29 27 25 84 16 45 72 24 27 25 45 80 14 63 15 42 13 20 13 91 57 99 94 61 86 49 51 38 60 79 46 18 87 55 79 4 38 53 90 94 71 52 63 80 24 89 28 8 63 28 43 76 87 95 30 21 55 65 56 94 13 25 85 38 29 82 64 38 31 18 56 37 58 99 89 47 63 64 18 59 23 50 27 82 26 6 54 5 97 25 2 47 59 43 88 75 61 74 51 39 47 79 55 88 14 71 46 61 68 85 80 48 86 37 26 96 68 4 60 11 96 5 41 82 84 68 47 18 21 86 16 46 25 72 81 14 85 48 99 48 0 22 27 90 40 99 91 26 61 7 91 19 13 75 21 17 15 0 6 97 65 28 70 34 11 66 30 47 2 80 52 16 72 41 40 94 71 7 99 78 80 38 29 77 65 65 77 65 96 99 27 33 9 88 4 63 82 91 76 73 51 21 53 50 15 1 52 83 55 70 42 90 93 75 39 81 30 11 15 85 64 86 24 49 89 24 37 16 8
6 88 37 84 27 15 22 31 20 55 51 8 92 39 75 94 6 75 62 71 86 16 51 42 63 62 52 33 24 50 26 45 80 98 98 74 66 45 35 22 86 83 77 71 46 92 35 74 95 43 27 64 86 88 52 47 0 76 97 42 88 45 50 36 13 47 38 79 87 77 74 33 30 41 99 96 22 18 30 13 39 50 47 74 63 60 31 95 33 5 94 44 9 53 31 72 59 96 1 78 16 32 57 33 68 16 28 61 77 17 31 11 41 57 58 51 98 69 42 78 94 65 13 87 89 87 88 57 18 76 99 18 2 38 94 30 25 43 27 47 94 43 18 75 63 72 14 50 44 15 40 82 97 81 17 90 82 99 58 4 0 89 7 22 9 59 95 96 73 49 92 47 41 49 65 34 37 6 74 71 13 33 36 27 40 42 18 77 50 88 55 15 0 20 85 10 12 12 26 86 10 75 88 96 17 80 76 90 78 65 69 9 82 68 22 0 12 64 7 14 77 58 93 32 41 67 81 85 36 8 43 85 71 88 46 41 80 63 64 63 11 64 11 9 94 82 50 70 83 30 25 49 99 44 46 71 54 46 71 24 4 9 71 74 84 0 34 75 56 30 47 72 78 0 29 90 34 7 57 84 49 49 40 70 93 52 34 1 79 65 94 52 20 62 63 33 52 48 27 49 71 12 97 53 76 76 92 90 65 89 35 12 34 32 31 77 70 99 42 13 48 44 96 46 5 95 67 75 59 96 14 16 42 25 80 86 87 63 74 64 11 45 96 86 72 78 37 83 78 35 55 63 72 39 39 94 13 20 100 68 87 32 50 99 48 71 47 63 63 1 13 57 72 63 31 74 36 20 33 81 14 55 25 54 40 64 36 9 23 19 69 83 2 42 37 51 33 86 15 75
84 66 13 20 16 80 100 19 5 27 43 95 12 17 71 49 54 69 64 93 63 6 34 91 59 51 99 79 6 49 5 82 20 60 23 88 87 30 22 71 30 75 68 36 28 8 1 20 62 26 20 85 57 76 34 49 1 46 84 57 3 15 90 68 63 2 49 1 44 30 9 11 87 75 92 42 11 51 20 29 34 62 28 90 81 0 72 34 26 81 11 40 82 94 16 71 61 48 64 42 27 65 72 41 30 40 48 48 65 49 32 93 27 44 48 45 80 62 61 57 78 97 4 43 18 93 80 20 15 78 58 73 93 19 95 40 12 24 90 88 85 37 93 17 96 91 91 19 61 15 28 42 34 69 64 57 34 85 11 65 45 63 97 18 55 64 31 87 37 45 80 73 49 6 35 99 29 15 40 7 86 58 39 85 83 23 16 63 43 3 17 11 70 84 22 79 55 46 51 27 56 65 18 54 19 73 50 9 68 60 71 21 91 74 76 94 24 63 10 71 94 74 100 53 46 63 53 34 40 29 6 95 76 29 25 50 0 18 15 95 91 68 20 7 18 41 29 26 85 3 84 64 25 37 87 49 72 25 50 1 17 16 52 77 94 18 1 99 19 88 41 50 37 47 24 44 32 66 30 98 91 35 72 54 89 61 83 34 7 44 79 22 56 18 76 56 31 25 85 24 76 58 52 74 40 23 39 29 62 71 97 36 77 64 77 6 35 45 29 94 65 36 93 47 21 100 95 96 41 8 83 12 91 63 43 63 100 64 59 64 92 90 5 37 44 95 77 40 55 20 10 43 81 87 2 43 67 85 51 82 20 33 0 58 35 46 41 84 89 13 93 55 53 91 62 74 87 48 25 7 76 84 7 15 48 3 79 59 53 1 70 26 17 73 90 7 87 0 52 49
21 67 86 57 89 78 34 79 62 94 13 41 83 96 77 41 38 11 75 69 70 30 80 89 45 83 61 72 1 92 85 77 92 86 4 39 51 89 14 4 6 52 26 43 47 93 89 44 17 90 87 69 16 44 35 81 29 100 22 44 58 5 87 92 39 5 24 93 89 9 28 16 69 91 69 91 82 50 69 12 12 80 93 68 91 71 78 10 62 27 72 11 45 82 54 77 92 3 53 41 20 59 25 56 14 76 48 85 97 41 17 66 95 80 32 2 50 48 26 67 16 7 97 42 96 66 91 3 58 38 45 59 1 17 79 28 85 1 40 67 43 42 31 59 88 96 55 36 84 23 35 5 97 27 63 20 46 29 79 81 71 28 52 97 100 16 90 60 99 88 33 8 27 89 94 76 12 33 1 42 43 9 89 54 70 92 57 46 69 87 48 5 13 82 16 5 95 100 5 74 92 50 40 28 34 96 49 39 34 98 77 71 1 55 25 79 86 7 0 8 42 44 69 37 72 65 65 27 74 80 45 14 70 79 33 49 89 94 44 20 24 27 95 39 82 10 16 43 16 26 57 84 2 74 75 81 89 95 100 63 29 18 96 96 3 9 72 59 3 18 100 94 26 8 48 47 79 36 69 33 78 42 26 54 0 61 48 14 25 73 72 65 6 89 96 56 45 52 6 53 64 25 65 80 81 73 14 98 6 61 66 55 37 58 46 51 57 53 92 42 84 86 37 33 43 37 62 8 1 93 94 70 84 95 55 83 51 63 51 93 13 85 84 46 47 64 18 16 2 96 73 24 84 98 91 53 52 15 29 89 7 44 70 57 16 78 4 66 4 42 98 82 75 10 96 71 21 67 96 76 9 36 39 65 30 28 7 52 59 28 72 43 48 91 54 40 64 20 39 94
9 74 60 79 75 28 46 39 81 9 3 20 13 7 62 100 47 11 53 98 94 99 71 64 90 43 4 64 64 88 54 28 50 30 54 19 65 9 76 100 56 26 70 30 53 49 65 20 49 24 2 81 71 16 80 22 57 71 27 78 93 44 31 7 100 77 17 97 85 71 73 37 67 32 23 95 51 82 55 6 26 17 66 58 7 76 25 50 67 12 60 45 13 66 92 40 60 77 29 9 28 63 61 3 47 59 96 47 27 6 63 53 89 22 21 25 22 50 46 29 20 31 60 24 39 66 20 32 4 62 31 33 10 41 33 82 9 100 51 7 79 63 81 70 54 36 7 5 60 27 5 15 65 6 13 93 3 75 53 75 19 12 33 66 32 59 57 9 12 26 37 67 79 57 71 77 0 87 82 68 10 53 60 88 51 34 14 46 43 6 87 17 1 87 54 13 28 8 26 74 33 38 62 22 48 98 26 95 38 51 32 19 69 55 35 75 61 72 65 72 57 50 35 49 77 71 38 64 91 96 50 3 74 52 17 23 52 43 33 32 82 87 52 8 85 5 7 72 21 86 46 95 97 41 70 82 9 93 81 0 70 12 36 65 11 95 60 41 71 67 99 10 33 66 69 44 83 1 6 89 48 63 89 34 81 0 60 6 93 99 35 4 92 77 66 23 67 80 32 78 64 99 4 78 97 57 75 76 69 75 17 9 75 97 22 87 5 51 97 74 85 59 92 51 92 32 90 97 47 19 54 84 7 35 30 34 50 93 40 88 77 74 69 31 55 99 79 9 9 74 31 5 0 51 77 86 0 35 56 89 29 2 77 28 21 16 55 45 76 97 8 14 52 30 60 23 19 85 48 96 66 70 80 35 7 37 9 64 70 86 80 65 21 13 45 54 26 50 100 67
25 3 70 41 5 43 25 94 59 40 11 68 25 18 14 76 81 39 42 43 15 92 55 1 62 52 73 79 69 47 82 98 4 87 92 71 12 4 5 37 23 39 15 59 44 67 53 75 65 51 27 54 24 22 88 90 66 52 55 22 97 4 76 25 47 27 19 22 43 85 20 14 54 7 62 35 48 98 11 76 73 82 84 49 65 83 17 54 36 84 46 56 84 53 42 68 2 15 40 41 17 12 28 1 94 59 88 22 68 10 18 98 27 92 55 90 72 91 20 79 72 49 6 81 32 43 88 48 64 87 75 93 87 14 36 82 26 54 43 42 57 40 3 72 76 47 39 81 29 99 64 85 56 5 98 43 54 54 87 25 88 65 22 1 59 84 91 18 75 51 76 85 52 99 82 70 40 87 11 59 47 19 54 77 78 93 38 92 95 8 7 46 82 36 76 96 63 86 69 69 69 13 99 55 91 47 79 49 66 85 80 5 89 41 93 21 82 19 28 58 37 95 9 30 59 36 72 25 17 67 18 88 51 54 98 21 9 82 98 12 90 79 65 64 78 12 0 5 88 38 0 48 54 38 33 43 45 16 80 63 49 96 12 66 76 1 95 79 23 22 18 70 56 97 16 16 46 58 57 13 58 43 25 74 15 16 82 56 80 65 27 49 52 78 41 7 98 77 29 3 84 67 20 15 74 50 95 94 90 61 40 45 16 81 32 45 62 66 42 15 25 29 39 91 48 12 47 69 66 52 24 89 4 46 74 75 90 45 43 70 21 30 21 26 56 1 44 83 61 45 47 46 54 22 22 37 39 21 5 53 53 31 59 18 63 5 65 2 85 82 89 68 18 94 27 60 18 63 33 57 42 93 100 28 56 39 62 68 64 35 16 15 31 92 49 51 23 79 36 85
18 67 26 29 80 77 51 76 39 85 64 19 71 9 82 79 88 71 74 33 46 35 29 6 6 37 0 74 61 84 41 98 82 68 29 43 100 73 78 98 98 12 16 30 97 41 42 68 43 2 86 79 59 41 76 57 100 25 60 7 85 97 90 64 95 33 95 9 98 87 54 39 69 58 67 50 8 74 50 92 18 91 45 31 19 17 20 91 55 81 67 91 48 14 49 53 28 40 55 75 30 68 1 9 89 6 47 52 8 6 99 60 60 12 64 53 25 3 27 54 82 31 1 29 37 43 17 55 60 83 99 54 98 2 60 23 45 41 71 62 5 19 67 30 30 100 8 87 41 47 22 80 87 20 32 89 27 44 30 64 8 52 57 33 75 48 1 77 86 87 55 46 31 33 29 35 74 65 91 56 24 5 60 54 13 62 16 94 91 59 83 60 79 96 46 89 73 8 74 93 49 28 0 26 24 70 82 91 22 98 94 59 70 60 15 53 83 57 27 27 57 52 61 53 59 8 37 6 76 30 83 22 1 89 74 94 37 23 59 40 22 36 1 98 0 91 61 67 39 84 30 68 15 0 61 50 78 100 39 91 76 43 38 79 99 19 56 95 4 32 82 12 72 27 38 51 54 53 5 24 53 10 34 78 13 47 47 92 28 24 43 19 87 84 7 64 52 96 22 2 57 43 44 59 89 11 97 62 55 78 6 76 38 47 89 64 0 78 100 68 61 54 7 94 42 87 15 37 93 13 41 98 57 89 51 78 5 97 63 35 31 15 63 81 74 17 28 89 46 78 98 5 13 51 95 95 64 78 6 48 79 68 82 10 39 83 99 100 37 22 64 8 21 31 99 92 33 100 17 56 1 25 32 27 68 58 94 97 86 40 35 38 10 46 94 29 80 86 43 30
71 54 75 81 39 44 84 17 96 75 48 36 81 69 20 1 75 40 90 82 52 50 64 4 35 47 53 66 38 88 44 40 18 75 95 99 73 26 33 28 12 52 9 10 60 89 51 3 80 63 31 39 42 34 21 45 61 63 75 31 98 43 47 45 79 2 87 53 45 25 70 0 0 21 37 43 55 52 96 9 29 89 40 57 59 64 2 25 47 42 2 96 74 95 96 30 17 8 81 44 79 33 76 12 55 71 56 31 56 52 33 65 37 100 12 3 65 25 94 55 70 12 13 83 40 18 97 9 46 22 24 13 31 23 67 95 100 33 69 81 84 43 58 44 95 37 11 30 53 42 68 33 72 68 81 98 40 59 77 21 38 66 94 16 99 75 73 65 12 83 94 100 28 10 34 26 45 25 53 59 33 17 67 46 39 57 88 43 19 78 15 20 71 73 63 5 81 91 49 39 15 29 10 22 76 87 28 5 56 88 22 24 36 24 59 48 46 64 8 69 6 22 87 61 45 93 67 8 38 78 61 99 54 60 81 88 83 59 70 54 85 44 97 64 20 99 56 33 99 52 13 38 64 77 88 4 75 76 58 30 94 38 0 77 10 93 63 9 85 9 96 63 13 89 85 66 95 47 34 16 21 49 23 18 7 32 77 75 17 48 63 77 90 33 62 66 44 30 16 26 96 32 72 27 97 76 96 22 22 5 15 91 94 25 53 28 96 86 76 51 53 44 100 15 72 49 56 83 87 37 8 26 94 31 19 55 47 65 93 44 35 11 90 12 70 41 74 22 93 3 95 3 75 84 94 61 79 13 54 70 100 47 53 3 97 93 17 31 27 97 11 90 17 81 73 28 93 33 69 26 100 62 91 65 69 81 80 48 73 63 31 16 60 23 70 89 60 35 45 48
74 43 6 81 61 80 86 14 80 4 22 89 91 21 64 19 65 72 5 46 62 9 62 81 96 9 24 3 46 97 12 89 77 89 83 73 72 51 99 64 88 15 17 44 32 61 6 73 11 41 51 62 32 87 36 16 56 53 29 16 3 86 89 76 40 73 18 1 24 60 12 29 1 79 93 54 89 7 90 28 61 40 4 38 85 24 36 32 47 58 58 72 87 15 13 2 71 65 64 79 34 46 67 75 6 49 60 96 25 26 93 0 16 31 45 22 26 63 92 3 28 55 91 75 40 23 4 54 64 78 95 32 66 32 81 95 10 61 5 61 12 50 63 89 83 61 19 28 67 65 24 76 60 10 46 37 86 89 49 42 97 99 81 11 53 46 94 30 11 68 89 68 61 34 40 87 61 15 3 65 45 85 18 30 46 96 16 88 45 3 8 75 49 63 39 89 34 10 47 1 4 37 75 83 1 37 72 25 95 87 86 47 98 50 50 78 40 85 71 19 37 63 39 31 92 70 21 49 57 10 39 25 85 35 34 74 44 7 45 37 90 100 43 86 33 13 22 20 48 77 82 60 93 10 54 4 21 60 85 43 35 92 14 39 13 85 37 95 46 98 80 12 1 44 2 62 91 7 77 34 82 83 59 49 66 71 78 9 70 48 65 82 36 45 12 76 9 15 88 20 53 21 20 20 7 34 95 51 17 32 67 19 69 24 54 24 31 22 56 94 91 10 46 12 49 87 31 72 60 81 24 98 93 6 55 75 78 70 25 87 81 8 21 17 24 7 94 21 8 65 22 69 7 19 69 41 94 62 53 97 37 31 100 80 29 32 67 32 1 3 88 72 40 54 77 44 37 96 23 85 86 60 14 44 68 37 21 78 70 36 66 54 7 32 89 32 52 32 100 29
73 2 25 0 3 83 53 61 7 17 48 29 75 99 66 60 3 8 79 75 24 69 53 63 45 50 59 100 7 58 47 22 75 80 51 82 85 34 13 97 14 40 31 63 91 70 86 95 80 93 67 18 99 41 50 0 93 75 9 65 98 88 72 60 57 72 38 0 3 11 34 83 76 26 15 100 29 29 68 52 41 25 74 68 76 24 35 97 9 10 21 62 84 28 44 97 31 4 60 94 60 70 71 67 49 91 88 8 27 60 63 27 91 41 83 91 41 76 17 49 61 30 3 92 33 16 60 63 65 56 12 36 19 83 38 85 74 6 53 57 68 88 75 7 53 15 73 69 45 15 66 79 4 91 62 84 38 47 13 0 6 69 77 46 50 60 30 90 58 75 78 0 89 5 58 67 24 94 99 52 47 73 35 49 42 23 9 52 51 75 63 48 54 63 9 4 87 86 33 41 9 12 94 65 79 53 16 39 70 94 76 89 83 80 61 97 78 100 45 63 70 60 67 39 94 42 86 24 52 78 24 69 79 99 83 86 67 26 29 61 95 14 68 87 17 30 73 70 39 67 44 12 13 17 37 70 8 64 56 36 8 0 93 56 30 54 62 92 87 3 24 58 74 22 43 63 72 32 0 41 85 48 92 0 78 86 1 58 47 23 62 68 86 66 85 20 32 40 52 72 10 94 94 67 58 33 62 79 45 5 57 23 70 56 12 76 39 63 24 33 31 100 76 50 17 63 88 3 46 68 68 31 77 28 72 60 39 0 46 30 60 52 77 77 100 76 36 8 98 10 64 98 78 1 83 97 12 61 25 98 63 55 34 86 53 25 50 22 42 23 66 77 95 88 74 62 4 6 6 27 49 32 38 16 55 36 83 97 14 49 39 23 53 53 39 40 96 45 89 21
66 46 19 44 55 58 77 77 3 73 73 36 51 42 80 43 11 5 11 89 34 83 38 43 45 85 98 86 8 70 25 38 60 98 45 77 3 68 44 77 66 38 90 6 67 16 48 55 91 74 4 97 38 74 94 25 44 76 98 59 7 53 11 70 89 18 30 86 20 15 9 20 77 80 7 81 95 42 56 89 97 3 39 75 33 96 18 11 22 39 2 58 83 57 11 62 59 89 32 26 53 32 51 30 95 51 98 100 48 60 98 80 39 97 56 18 12 53 88 13 65 39 46 49 39 7 43 56 41 70 36 73 15 15 32 58 24 62 30 60 47 84 44 90 70 40 43 45 87 6 27 87 68 74 54 95 27 72 48 91 61 20 40 31 27 98 26 35 82 13 40 14 9 71 58 60 10 37 23 66 78 90 34 18 54 56 37 31 57 14 55 20 39 25 72 10 78 74 27 31 45 4 16 20 69 8 4 99 7 2 78 4 93 10 60 38 44 27 64 100 57 49 57 66 88 46 14 97 99 47 63 87 92 28 91 17 33 25 94 66 35 45 21 43 40 10 92 64 48 79 45 37 19 25 90 20 68 72 25 86 49 33 18 6 1 91 41 21 22 7 68 20 7 52 37 54 18 3 94 53 20 51 0 41 47 1 94 22 38 44 27 99 44 58 10 54 37 43 58 80 51 20 93 53 41 93 6 0 21 6 24 63 32 3 44 62 98 74 53 2 6 26 14 77 6 36 62 26 10 86 28 15 88 6 34 61 71 31 14 48 72 85 21 94 61 27 88 82 55 24 35 55 45 56 6 11 65 36 55 57 63 46 45 19 19 79 41 71 12 10 22 0 56 30 8 95 47 87 93 77 13 31 63 11 86 23 83 46 14 67 89 65 79 64 6 29 89 55 31 79
27 63 71 87 93 50 91 47 22 12 81 96 100 74 65 37 30 75 10 19 66 40 25 42 34 50 96 4 70 78 4 76 31 75 89 20 51 33 94 50 33 2 32 73 96 79 95 45 69 52 95 60 50 97 57 54 29 54 21 18 53 76 2 87 68 95 47 6 30 65 69 3 91 34 67 52 58 100 82 61 80 34 23 40 30 52 99 67 12 80 48 52 48 64 82 40 3 75 20 99 34 82 52 80 56 66 85 56 22 74 83 59 28 12 44 80 53 36 39 0 62 10 1 67 57 23 66 28 86 76 51 82 52 53 28 26 60 55 66 70 39 22 22 25 49 84 1 8 83 69 20 28 35 87 79 84 59 97 75 33 0 62 37 16 28 1 50 80 11 41 97 0 46 61 88 97 55 33 72 12 93 23 29 49 7 63 13 31 43 17 90 71 25 30 73 12 7 31 6 25 22 90 65 8 82 24 67 69 17 33 43 100 22 59 51 41 41 62 32 38 86 75 1 12 81 2 67 18 50 40 22 76 1 56 63 85 17 81 93 42 53 67 41 84 47 9 86 47 57 94 92 12 43 40 92 54 38 39 2 3 100 53 31 41 29 43 74 2 82 21 30 33 11 89 47 7 19 82 69 79 70 63 87 43 20 60 12 20 93 15 93 60 15 7 77 66 6 64 36 57 42 45 94 94 72 3 19 87 44 13 22 16 55 27 13 69 17 91 27 73 94 31 4 73 77 63 23 15 52 38 38 45 56 4 7 54 91 0 48 38 36 20 68 7 61 86 98 36 18 39 19 64 64 55 41 83 41 48 94 95 56 21 60 38 19 94 40 54 97 26 54 24 50 20 58 17 32 15 27 97 30 64 97 46 81 12 89 39 78 18 18 71 39 38 8 35 87 25 10 52
67 22 22 9 76 13 13 79 2 67 29 2 42 72 91 29 41 41 7 76 60 45 73 18 23 62 79 17 67 24 100 51 74 22 82 37 92 45 11 28 10 17 47 18 7 14 83 50 89 84 62 9 29 5 43 42 46 60 34 65 69 39 40 55 15 21 26 55 51 99 40 2 98 81 53 82 18 26 42 59 78 10 14 5 36 62 22 60 82 63 4 78 57 74 88 33 90 96 39 2 66 95 28 0 20 95 35 85 28 12 89 78 29 82 97 22 99 56 67 25 0 22 22 38 16 1 41 17 76 91 14 35 88 43 98 53 13 51 92 59 24 26 43 98 10 26 82 41 5 7 75 64 66 66 30 25 99 14 80 82 29 37 43 42 43 81 49 3 60 38 96 69 45 49 37 76 15 54 97 28 19 11 51 21 13 18 98 21 34 29 13 43 25 62 74 69 57 37 61 61 49 100 36 71 45 6 68 65 46 49 36 75 24 57 40 79 91 45 32 49 38 89 20 24 71 88 72 79 97 65 55 25 85 24 2 71 52 91 40 87 55 72 14 92 59 97 98 84 50 50 39 84 72 79 17 98 23 96 27 55 3 13 77 3 79 32 16 14 31 9 39 59 31 57 31 53 70 75 25 37 53 45 34 32 19 67 85 58 16 46 74 25 76 71 100 97 72 59 42 43 74 57 77 7 1 72 13 69 79 46 64 45 14 27 67 63 42 89 2 32 55 8 79 62 73 57 53 17 67 76 59 7 69 57 37 67 81 54 2 73 79 40 67 14 40 46 76 73 20 79 87 51 16 76 85 28 27 81 57 38 27 96 81 88 30 21 57 65 64 64 65 11 31 63 11 12 57 17 81 29 51 26 14 57 7 91 26 88 84 62 26 13 84 93 24 95 74 83 76 28
39 89 69 47 84 62 65 18 53 35 14 37 64 81 10 9 75 93 78 60 63 67 82 15 9 70 75 13 49 6 97 19 39 52 76 25 40 56 0 45 45 81 37 29 50 65 93 92 71 88 32 47 9 77 19 72 40 16 59 11 4 55 65 16 28 67 18 70 55 81 72 100 10 5 26 21 45 26 60 8 1 24 96 44 21 43 2 61 65 58 4 1 23 74 20 57 24 54 65 98 88 57 26 94 4 4 5 73 0 44 48 94 17 95 35 56 99 100 90 26 48 92 69 77 12 97 47 6 53 37 96 35 78 35 95 61 0 23 44 10 2 3 100 94 31 98 81 32 16 5 29 40 50 11 0 61 29 2 31 62 93 97 28 100 87 46 75 72 61 41 29 84 45 30 99 15 93 71 81 20 90 82 87 81 69 77 73 58 64 92 70 68 49 55 78 68 1 54 99 86 52 6 48 22 61 35 89 36 87 15 32 27 86 25 24 13 95 53 32 99 15 29 19 58 45 48 42 16 22 78 54 21 52 8 19 4 63 95 40 100 79 33 95 72 71 44 98 8 99 43 1 34 13 87 6 77 9 46 32 8 31 15 60 81 85 68 100 94 95 57 65 100 30 40 48 97 65 17 69 82 43 95 38 5 27 36 78 16 83 88 90 55 43 18 27 22 49 94 96 68 66 68 63 27 95 10 97 46 8 85 67 99 46 24 95 44 15 30 73 67 23 48 74 25 27 38 56 82 52 61 7 65 85 68 77 60 17 31 58 3 29 0 43 42 69 3 6 70 89 48 65 39 14 57 21 91 20 68 53 27 69 5 7 51 18 98 94 1 61 60 7 16 53 31 89 24 1 0 68 50 38 68 5 28 52 99 38 68 9 2 99 50 3 25 44 5 65 67 95 44
6 33 49 28 25 4 26 3 96 14 48 59 92 33 13 95 2 97 45 59 98 69 50 83 10 81 33 78 77 59 83 47 9 35 65 2 34 28 67 27 57 32 57 79 15 3 56 49 60 38 92 76 79 29 0 87 1 26 100 40 43 9 63 66 4 51 66 43 17 88 38 62 87 29 52 58 28 41 6 95 56 42 17 47 94 63 50 74 64 37 34 83 39 19 12 39 75 23 47 13 11 53 18 1 66 66 3 11 52 76 65 98 61 97 30 59 52 55 52 50 38 98 23 59 61 73 76 12 57 93 23 9 15 9 22 85 57 3 7 74 91 70 70 55 30 5 50 12 97 22 70 99 1 81 56 52 70 78 56 90 20 78 55 68 10 13 4 80 29 56 76 64 80 86 7 2 40 78 1 96 71 47 47 45 11 99 54 37 13 57 80 51 37 6 39 66 29 68 91 73 32 37 50 13 68 16 92 18 60 31 23 53 36 22 72 18 75 80 93 87 40 81 30 47 0 44 90 33 38 12 32 17 46 84 80 5 30 43 15 12 89 60 35 16 10 33 44 96 87 23 16 22 32 21 91 58 46 33 96 78 67 3 65 44 45 63 40 38 92 46 95 17 59 28 45 80 4 84 58 93 11 87 5 78 86 81 36 59 75 57 80 36 6 41 50 25 77 88 6 60 53 21 100 12 48 34 77 70 74 33 57 99 47 93 25 63 35 93 23 13 81 20 46 31 74 7 73 81 97 28 12 75 46 70 32 16 48 89 7 7 90 77 59 89 58 78 28 53 80 68 84 99 71 68 53 97 15 86 85 4 41 37 34 71 93 9 92 10 87 87 34 13 22 59 83 78 54 25 12 64 47 47 32 42 51 47 97 29 63 64 50 77 56 64 74 74 1 16 66 4
8 31 97 57 45 52 72 64 6 99 75 6 54 75 3 18 4 53 87 31 65 30 29 97 62 64 70 0 61 25 78 14 61 10 40 21 3 34 22 40 31 6 64 29 79 34 68 5 50 98 99 12 20 81 46 33 48 11 39 1 71 36 44 43 16 66 15 83 11 77 94 24 94 89 71 87 65 83 39 66 21 9 96 99 37 36 8 61 13 75 49 62 14 85 58 7 94 5 16 6 9 21 14 29 51 65 54 72 53 65 71 81 30 8 36 27 81 50 36 51 89 8 78 20 39 17 94 16 34 91 47 8 82 0 38 4 40 53 86 94 91 66 11 43 22 33 31 59 66 12 63 66 25 88 26 86 76 79 78 55 24 84 76 9 49 85 63 5 75 94 6 14 38 36 35 40 80 40 86 94 22 51 85 10 3 41 77 1 53 82 60 9 70 95 69 71 26 13 77 46 51 51 80 70 83 17 62 34 93 93 45 11 54 53 50 44 29 10 96 22 79 66 9 64 59 5 93 24 85 20 53 49 48 95 89 88 50 50 73 39 45 8 4 63 63 46 55 29 4 44 85 59 88 53 62 71 28 54 91 25 1 12 93 96 85 59 79 18 25 37 98 42 75 47 31 43 39 29 10 38 39 2 97 84 9 37 82 11 44 63 52 6 36 40 19 11 6 73 72 49 32 90 42 91 30 15 72 69 81 86 75 32 62 72 22 49 50 28 94 73 39 68 57 74 13 51 51 1 73 91 67 78 13 0 98 95 88 87 7 77 63 58 16 13 39 48 70 43 53 68 65 52 38 50 61 75 95 66 47 17 77 15 8 66 67 49 48 87 62 7 74 65 91 80 53 73 18 47 14 16 84 97 96 19 14 91 7 1 47 41 6 3 67 3 100 50 39 0 13 31
73 25 100 69 64 4 55 84 73 76 94 88 20 46 7 57 21 86 94 46 97 62 73 75 77 44 32 96 64 69 48 41 60 77 1 31 1 55 31 23 55 89 56 47 86 27 95 52 76 48 76 82 23 19 26 39 66 38 70 42 26 6 54 41 94 59 23 57 24 48 56 33 95 93 67 21 4 1 92 66 60 66 15 39 78 18 32 74 9 68 44 97 97 9 27 26 87 53 32 96 24 86 52 7 23 78 91 17 86 86 1 32 70 96 71 76 26 55 61 74 6 44 32 76 35 10 97 87 43 99 10 72 49 40 23 74 51 12 15 55 50 3 39 13 86 44 23 75 40 83 53 14 85 7 60 0 20 73 17 54 43 54 37 88 36 14 45 49 58 48 100 13 19 18 69 92 26 82 86 24 4 38 77 43 74 23 28 94 98 16 94 54 35 26 49 84 51 19 35 100 35 66 71 37 62 38 73 56 98 20 71 94 49 25 54 76 51 22 76 15 85 99 43 88 24 3 7 63 40 37 14 12 39 0 56 71 81 58 24 15 65 75 53 1 70 61 79 15 59 73 63 11 60 34 3 94 53 14 72 79 54 44 52 88 93 72 13 61 43 79 75 96 98 49 11 38 36 74 61 39 67 62 0 58 29 70 95 0 40 75 71 58 96 52 31 78 94 67 22 52 35 18 4 26 9 59 62 15 16 31 25 91 83 78 29 17 14 83 61 76 59 27 99 42 85 51 41 82 34 1 13 84 96 41 88 58 45 72 84 58 77 62 50 60 33 85 99 41 82 97 28 61 40 37 3 86 48 51 5 2 17 86 72 37 25 21 63 40 72 37 89 64 99 40 49 91 63 89 42 62 63 59 5 37 55 19 80 13 98 5 6 86 16 14 100 74 73 16 36 40
22 1 16 15 47 98 80 97 26 7 90 96 58 7 86 41 75 34 46 13 16 69 12 71 38 9 31 0 61 35 9 72 50 71 34 12 66 9 48 74 32 19 85 100 61 86 81 8 45 26 87 23 6 49 8 73 17 17 19 57 41 86 81 54 18 11 37 68 36 38 68 9 15 45 80 13 22 54 66 78 90 11 1 94 97 76 93 80 26 91 97 31 22 75 29 78 20 87 54 58 90 99 42 64 79 28 77 52 81 16 60 1 94 15 80 70 74 10 42 65 13 32 45 68 66 79 35 59 85 37 68 84 15 36 39 80 82 29 15 89 13 95 81 40 69 82 4 88 12 77 63 48 35 97 91 52 49 57 88 17 30 3 97 41 38 8 73 75 72 15 73 6 37 83 78 11 45 6 55 39 91 91 41 17 3 11 44 95 72 72 78 62 93 45 79 28 61 70 0 92 92 43 39 41 98 89 96 93 74 12 50 65 2 59 100 93 61 51 0 13 79 92 26 47 93 40 91 79 52 12 95 69 52 29 100 61 51 57 96 75 55 2 18 2 27 17 87 91 40 65 83 77 100 37 9 3 33 49 15 83 71 54 51 9 22 19 28 81 80 59 23 64 70 78 4 12 38 73 69 68 5 80 37 20 80 73 50 9 52 24 87 99 2 35 55 60 56 26 3 73 86 1 13 5 68 90 13 97 41 80 34 15 35 53 77 49 84 93 8 86 27 73 54 25 74 55 99 78 34 44 58 25 2 34 35 68 62 30 3 61 30 100 97 50 66 7 7 19 58 58 61 96 92 58 39 96 42 71 58 4 84 45 65 18 25 13 39 81 8 46 58 75 4 8 31 14 69 2 37 100 11 93 40 28 50 7 75 55 34 4 43 19 46 78 81 52 68 74 9 68
93 97 61 86 86 26 1 55 10 90 36 24 43 44 42 10 84 89 31 61 47 53 46 97 44 42 54 89 70 5 73 40 8 59 11 7 91 8 51 21 25 71 13 75 61 100 72 93 80 64 87 89 6 89 7 9 54 71 34 91 27 80 32 4 26 96 24 53 3 55 92 26 14 32 33 2 8 12 4 45 73 60 53 21 13 87 53 32 19 23 14 87 80 86 48 45 21 82 77 45 88 56 29 14 80 35 32 61 97 80 27 83 17 78 16 9 85 50 60 59 22 64 40 20 84 51 60 40 65 49 45 63 70 51 98 89 49 30 52 88 71 49 63 47 93 32 9 64 64 12 72 10 75 51 100 52 62 4 6 49 66 78 76 90 85 17 43 85 29 81 0 53 5 53 65 26 13 89 27 82 19 94 10 91 38 17 49 45 68 0 19 37 77 10 67 75 63 9 8 73 31 40 97 33 6 20 92 23 40 21 80 48 40 27 12 2 53 17 1 72 2 19 14 60 17 95 79 62 43 88 30 64 13 45 45 13 90 92 60 73 76 92 6 69 65 62 85 59 3 73 54 2 8 40 82 67 43 4 87 59 96 65 82 92 1 17 44 64 0 17 24 16 62 24 35 86 21 66 77 25 83 63 9 45 5 18 71 99 43 78 67 41 39 98 10 28 50 11 76 14 41 77 87 23 29 31 9 92 43 31 25 68 33 19 51 18 37 0 82 40 67 60 87 91 63 93 57 61 3 89 33 33 31 68 83 20 100 62 12 74 26 34 81 20 60 77 48 17 21 53 64 18 100 71 58 63 22 94 39 65 81 95 7 60 45 32 22 58 76 77 88 51 63 12 93 70 68 0 48 41 93 12 21 62 85 82 84 54 71 39 62 96 84 6 37 73 22 21 73 4
47 65 30 66 20 35 1 75 21 92 18 54 41 36 14 69 100 73 19 24 56 84 48 97 50 65 0 74 12 53 74 26 37 63 26 41 64 37 66 11 53 93 83 60 30 51 12 97 66 0 69 43 55 67 55 91 16 49 97 93 41 54 51 86 47 36 62 46 47 6 48 7 84 93 98 16 40 39 60 31 21 80 58 12 24 66 2 35 73 27 96 69 50 46 12 59 99 8 31 16 16 4 12 82 33 1 73 74 27 8 67 76 36 80 92 1 5 91 19 67 94 47 23 61 18 12 59 94 13 94 54 26 19 51 18 95 81 79 1 37 6 95 17 27 7 41 46 60 54 97 5 9 24 43 29 51 50 55 17 37 60 44 41 89 64 5 28 47 70 6 71 90 10 42 56 90 32 5 32 11 69 19 61 33 23 100 27 28 73 15 56 1 8 22 80 37 37 59 36 58 55 4 14 86 5 97 37 33 28 38 73 14 54 38 13 36 32 15 81 20 75 92 15 6 73 52 3 42 33 61 79 24 85 63 43 60 58 46 74 100 36 49 27 29 47 91 70 91 75 97 37 34 12 42 68 29 39 28 41 30 81 58 32 36 15 57 8 89 41 62 13 22 71 89 58 94 52 65 24 77 71 12 61 72 43 1 33 88 16 46 33 70 18 93 72 62 67 5 43 49 11 6 68 38 83 66 63 2 4 68 13 59 48 0 88 42 92 21 29 39 69 32 37 71 74 86 89 44 47 67 48 65 66 77 4 71 35 5 85 72 77 40 80 23 82 92 30 87 34 11 57 38 24 94 89 30 9 98 63 6 21 66 35 59 78 30 1 93 4 42 29 62 5 36 76 59 73 83 8 62 66 31 56 44 23 69 22 59 9 61 77 53 56 82 34 95 7 34 13 89
38 14 97 55 86 59 69 34 4 49 93 69 61 82 4 63 99 84 66 3 1 16 75 26 32 45 65 23 66 46 90 3 95 20 77 2 38 81 12 30 1 71 64 85 78 47 55 13 33 76 84 8 99 42 27 77 6 26 47 25 87 20 52 29 0 30 86 100 11 73 100 39 38 76 73 2 70 5 40 1 37 95 12 93 77 13 70 74 8 53 98 28 41 5 43 73 94 72 95 10 30 42 88 100 0 61 49 76 51 82 31 34 42 48 95 20 28 62 17 17 61 79 98 8 40 79 12 97 96 10 92 64 4 94 56 51 12 6 6 24 17 27 34 47 40 63 68 65 51 35 72 69 93 95 51 19 13 81 22 46 55 36 46 94 85 72 45 30 16 1 91 23 87 96 87 42 3 57 43 60 33 51 15 27 33 39 83 85 40 13 75 49 2 69 12 39 88 29 0 71 89 60 37 69 23 63 22 33 3 99 63 42 0 59 11 17 69 19 7 25 39 8 51 89 31 72 39 4 39 55 64 89 19 46 61 57 4 42 47 34 82 61 46 42 89 73 16 25 9 31 0 69 16 56 33 36 15 71 34 7 1 50 40 75 71 98 11 72 72 86 8 86 3 25 44 71 88 48 56 0 47 93 79 100 42 90 72 31 5 77 24 45 90 80 59 33 91 9 80 22 24 68 82 22 42 17 4 30 81 99 16 81 82 82 4 87 77 71 78 49 1 82 59 21 96 38 9 59 87 22 40 87 26 5 81 97 12 43 24 16 14 33 87 67 33 81 46 2 87 46 30 53 68 64 31 79 65 100 100 3 10 99 54 22 31 5 48 14 47 9 26 92 79 79 76 49 78 13 82 37 6 2 79 23 91 23 57 77 100 15 55 23 58 62 48 9 48 20 31 86
33 12 86 98 54 98 79 94 34 46 84 77 46 36 43 38 68 34 79 62 59 56 11 84 73 78 94 13 42 39 38 89 36 93 24 55 83 57 94 25 76 74 18 18 27 23 69 72 11 1 81 15 21 78 5 96 50 90 83 75 52 86 3 80 23 76 40 93 12 11 82 70 53 60 33 16 34 85 6 72 70 54 20 37 41 92 11 24 23 30 65 98 55 24 4 79 16 1 98 97 50 49 87 30 3 87 48 62 95 10 39 88 58 93 22 39 27 64 62 37 0 48 35 70 94 85 80 100 68 42 83 46 63 11 4 36 31 14 4 51 63 5 23 45 41 21 36 94 92 95 18 68 52 89 71 33 40 91 4 73 67 31 78 41 20 92 66 1 87 77 75 89 58 86 77 88 24 37 91 73 87 7 83 69 50 75 74 69 65 91 59 31 14 78 0 33 2 18 31 40 3 98 81 89 86 83 19 49 23 30 54 39 24 88 76 51 54 43 2 0 59 0 45 5 56 37 24 10 100 4 68 53 37 17 28 100 86 58 3 4 49 45 26 1 78 59 27 54 69 30 98 91 57 77 50 61 23 57 59 17 24 83 73 13 67 91 15 13 89 96 63 23 66 94 1 43 53 33 20 3 84 61 79 35 82 100 37 59 66 66 32 37 96 37 100 35 47 6 98 68 13 67 0 34 78 58 14 80 93 88 48 62 3 36 4 37 65 62 53 15 56 98 39 6 51 18 80 19 95 85 41 69 43 77 74 43 93 72 24 75 100 99 34 42 12 36 44 69 39 72 31 4 38 79 2 18 88 8 17 81 72 85 98 9 51 51 76 63 88 87 70 60 18 95 23 65 39 38 7 47 74 28 68 94 64 54 98 65 61 1 52 45 66 47 60 40 4 13 23 96
63 100 81 71 91 8 58 75 92 81 43 89 28 95 70 39 45 100 7 88 91 44 84 73 62 15 33 90 73 92 83 50 34 80 53 67 91 78 15 50 3 26 65 56 38 69 44 73 11 12 43 75 51 49 81 13 48 46 74 12 48 6 0 37 41 31 64 28 30 20 3 89 18 66 87 81 84 98 28 74 2 98 66 18 74 89 21 35 98 24 71 26 96 65 47 17 36 33 47 17 7 7 79 85 36 75 6 71 67 8 77 85 39 93 77 46 19 10 90 75 25 71 74 32 100 56 39 25 63 1 35 43 3 61 98 7 29 30 54 20 26 87 58 15 54 43 25 63 91 39 40 12 8 25 82 81 0 91 41 0 24 69 94 85 3 95 15 6 45 28 27 4 93 32 15 12 78 36 42 74 62 53 20 87 6 30 52 98 3 77 35 93 46 70 40 43 50 55 25 70 12 43 86 73 52 42 99 66 40 48 51 17 75 93 37 97 73 98 76 25 47 92 25 13 45 2 28 44 59 12 15 87 99 82 18 14 91 11 99 19 18 21 76 91 68 23 44 70 87 75 26 77 74 45 52 86 20 66 32 15 78 76 5 70 10 4 75 87 73 20 72 97 34 75 61 17 98 27 62 36 95 39 70 93 29 88 30 82 27 94 18 98 57 18 89 16 52 94 77 6 40 52 10 74 59 13 78 53 36 44 14 78 91 82 28 34 2 5 20 19 20 0 70 39 35 69 27 50 96 66 6 33 82 98 4 47 9 41 7 39 49 38 83 3 31 23 33 85 0 78 92 72 18 9 41 6 8 83 38 57 38 6 10 8 78 52 79 57 90 34 32 37 94 23 5 49 68 13 9 22 5 4 28 77 82 27 66 47 82 42 11 30 86 9 77 62 22 82 33 8
52 34 51 19 20 0 42 66 88 20 17 42 93 55 94 85 31 20 51 25 44 58 13 47 61 85 76 92 59 63 15 43 18 69 17 29 99 32 86 0 66 49 96 6 60 77 87 32 62 87 28 7 52 75 41 16 66 65 68 2 82 53 92 21 78 23 26 94 43 96 54 17 77 33 79 6 73 87 90 67 83 64 59 71 79 0 32 71 74 39 86 47 92 22 48 68 26 24 60 92 3 39 21 89 64 61 49 12 89 68 42 43 9 52 29 92 91 58 57 11 74 18 80 90 64 90 46 28 12 51 12 42 20 0 27 34 29 35 11 93 46 32 71 4 24 76 10 100 4 84 23 22 72 71 64 99 41 33 94 94 91 40 20 44 92 5 61 98 86 22 88 6 59 91 51 19 87 99 82 94 40 36 19 57 44 96 18 9 65 52 32 14 64 11 49 5 43 62 0 28 87 53 24 59 95 87 91 9 36 22 26 48 24 86 54 29 50 2 51 36 4 21 91 50 77 71 93 63 78 0 13 53 82 27 28 43 17 54 90 37 42 8 35 20 83 79 60 57 1 78 77 55 42 18 25 34 57 51 37 21 34 51 79 42 33 81 42 39 3 6 24 10 46 97 28 80 98 49 8 30 6 8 58 78 38 97 8 74 39 41 67 24 52 65 59 49 83 4 65 3 78 99 67 50 64 67 86 27 61 95 100 59 4 82 52 9 95 67 56 72 94 95 11 25 36 48 5 32 80 23 40 10 70 62 95 49 9 40 14 28 94 31 8 42 84 85 31 51 2 55 48 54 17 29 31 58 40 67 87 58 88 32 23 59 24 49 1 97 6 95 52 40 69 70 31 5 79 43 24 5 3 53 46 24 11 47 19 35 24 7 39 39 88 65 86 64 14 93 61 49
51 63 56 33 68 84 52 43 38 44 25 24 82 18 96 19 53 37 23 46 27 63 80 38 71 89 31 19 67 22 71 47 85 25 77 50 45 66 52 89 1 19 30 83 94 21 30 50 28 47 85 58 62 6 27 70 77 0 79 5 92 39 15 10 45 29 70 70 85 93 69 1 95 37 54 66 24 86 46 9 31 50 50 40 62 20 81 65 54 24 15 49 64 2 63 26 46 0 28 40 32 91 74 97 51 71 40 28 59 82 36 17 78 73 77 2 83 62 37 93 55 18 41 88 23 72 2 25 60 83 89 0 9 80 4 25 14 71 40 22 28 95 34 19 88 97 68 92 70 4 74 20 38 98 61 15 72 2 47 17 48 63 76 90 8 73 4 42 90 83 2 89 27 95 99 21 68 8 33 82 69 71 27 1 53 4 6 21 79 86 90 99 2 37 3 7 28 94 39 4 16 5 17 8 19 87 92 23 85 82 88 21 92 8 27 1 59 62 17 38 16 75 89 18 64 72 76 3 79 12 97 12 7 76 6 27 47 88 95 48 3 85 67 46 54 79 0 36 4 15 11 45 45 88 97 24 4 78 30 8 48 79 19 28 98 93 83 86 2 55 10 28 90 89 8 8 79 84 27 33 69 20 97 69 58 82 29 24 88 28 45 43 32 22 90 3 80 79 63 10 72 77 42 47 6 91 35 81 35 43 84 75 67 25 69 28 85 88 21 26 79 27 88 27 42 90 46 75 60 31 58 68 53 97 25 3 87 16 41 6 98 2 45 39 74 91 40 49 1 99 99 6 5 68 73 100 31 70 88 30 33 78 80 93 2 81 83 23 1 21 28 84 87 83 30 69 100 60 86 92 63 16 23 63 62 77 37 58 36 82 94 82 89 59 72 39 12 88 88 36
43 17 23 74 26 76 74 46 45 1 80 37 7 88 25 1 69 17 28 19 99 54 34 35 73 49 14 67 37 20 24 41 87 84 12 4 12 2 32 69 12 44 71 51 30 31 45 30 45 17 34 72 16 31 8 40 3 91 19 41 6 29 87 86 20 68 80 55 68 41 38 11 8 28 1 13 56 61 63 36 38 97 32 93 90 55 36 35 83 99 100 47 5 45 46 5 29 45 86 17 58 83 46 77 51 81 97 9 28 10 40 27 97 96 27 19 12 64 100 86 37 83 83 78 18 36 64 11 86 42 81 80 23 15 87 12 62 59 31 38 48 46 67 80 96 83 8 13 94 99 34 2 37 33 39 14 14 40 73 95 77 31 44 69 33 71 58 1 93 81 100 66 12 49 66 54 45 47 8 51 54 7 5 3 77 37 88 32 21 78 91 26 51 71 53 8 89 85 7 2 54 94 54 5 78 17 85 70 91 42 47 92 53 20 2 13 86 50 17 38 30 18 14 52 18 65 81 51 97 21 77 84 12 92 78 77 9 81 67 15 88 90 60 25 88 11 40 63 18 83 84 10 65 65 32 76 52 36 98 67 6 55 45 38 26 63 38 100 14 36 19 38 21 8 69 99 6 92 91 19 74 26 25 97 48 13 23 38 47 2 26 16 32 20 17 57 9 4 66 26 3 31 77 98 93 24 17 30 37 76 9 18 97 80 16 58 90 27 95 78 42 2 91 3 97 50 60 28 59 23 99 73 56 9 46 65 27 15 6 93 91 29 3 75 94 7 77 80 37 15 14 71 77 98 23 17 55 96 22 33 25 54 15 53 3 13 21 17 3 19 3 68 60 40 32 32 2 64 45 14 71 59 50 96 56 68 32 20 13 69 71 76 5 16 48 97 11 27 33 57
80 37 39 89 9 1 60 57 29 27 66 21 12 91 3 88 90 22 76 85 87 50 85 91 73 55 100 97 82 68 86 31 34 61 14 51 17 59 100 95 25 65 80 61 28 84 15 94 15 11 11 84 69 39 83 29 7 56 15 79 85 44 51 1 55 56 71 91 4 6 78 55 12 35 47 52 55 63 68 67 97 38 21 55 36 64 71 25 47 16 13 94 44 14 22 69 82 45 87 22 35 83 49 44 60 50 100 68 69 85 80 13 88 11 91 7 34 49 5 42 51 16 11 33 10 51 74 46 83 31 33 72 18 17 91 89 51 21 5 9 4 56 61 48 60 67 63 16 45 51 7 86 77 98 40 90 39 40 27 11 96 26 20 81 64 6 57 5 13 95 68 88 30 23 74 31 30 7 23 77 64 54 53 14 53 57 84 36 46 56 64 38 98 46 60 79 66 45 42 86 12 58 29 13 95 94 68 36 87 9 57 22 0 62 64 85 58 49 97 32 95 58 84 32 14 49 100 75 43 53 57 35 37 95 71 43 81 98 91 60 93 30 39 75 12 16 17 97 23 57 67 93 61 66 14 67 49 13 21 8 86 99 31 0 57 59 92 3 11 64 89 55 64 8 23 82 20 60 31 10 25 39 32 32 27 3 5 88 23 76 39 52 61 17 98 56 2 13 39 35 99 41 36 65 90 13 92 26 9 5 75 53 66 15 19 79 0 43 85 12 73 56 37 95 79 16 19 78 20 19 100 89 93 69 8 55 49 42 88 71 0 78 32 29 0 80 55 6 26 68 46 83 21 38 7 72 65 22 89 86 94 51 20 14 44 87 34 60 80 42 22 18 36 5 89 52 24 66 51 29 97 44 28 74 73 6 22 65 15 78 60 51 12 37 94 27 51 65 19 67
95 56 86 98 6 53 12 77 39 85 91 27 90 17 96 62 18 87 1 90 85 25 16 78 74 63 49 56 9 87 68 5 56 42 58 44 48 71 32 83 24 56 19 67 2 75 43 44 29 84 77 39 27 94 25 78 76 79 26 46 37 64 52 24 91 88 28 75 89 93 46 12 77 57 61 42 77 39 36 42 56 66 17 52 93 83 100 99 10 58 38 78 76 60 88 64 54 72 71 51 39 28 81 59 13 53 46 82 19 43 37 83 68 4 33 25 80 17 63 65 54 19 73 72 39 12 85 1 28 91 5 37 43 10 11 97 73 87 93 59 48 22 85 42 45 29 10 38 47 21 79 90 48 75 28 33 17 34 49 36 91 26 98 75 53 55 80 61 8 0 25 91 20 28 98 74 42 10 16 80 31 100 44 95 6 42 58 80 66 21 69 97 35 3 87 73 90 65 51 57 75 89 92 89 33 31 20 98 52 68 85 94 51 72 57 69 9 12 76 40 29 74 57 45 6 53 72 89 49 2 0 45 78 93 26 24 41 24 98 44 45 4 53 49 22 31 64 86 29 70 64 92 23 83 23 84 15 96 24 46 74 99 25 75 28 19 87 81 37 71 21 55 60 61 70 24 36 80 73 94 56 12 27 28 40 17 51 24 99 46 30 95 61 56 15 30 79 18 93 59 91 38 56 91 34 6 58 20 0 45 33 71 46 76 32 58 25 77 10 60 48 23 10 15 20 23 67 34 63 57 6 42 10 35 6 43 23 89 17 43 6 54 88 97 81 88 13 43 27 99 12 2 92 48 82 87 41 15 62 57 79 88 78 45 96 78 47 36 29 40 22 21 79 52 45 79 33 8 59 17 81 9 60 85 99 21 92 54 68 67 6 66 57 37 21 53 59 44 93 76
14 15 0 69 96 65 53 23 77 30 98 33 77 65 61 100 27 62 31 20 81 15 2 43 88 16 90 20 76 87 47 52 59 34 98 54 50 81 43 72 46 0 92 15 53 16 97 89 86 93 62 91 0 65 83 90 20 71 87 25 0 21 25 57 10 80 25 21 10 80 6 38 49 37 98 50 93 80 70 63 42 78 59 85 99 75 79 58 33 100 20 68 1 23 3 78 21 6 27 31 8 57 70 67 15 3 94 77 13 70 50 54 94 2 90 93 92 82 44 30 81 32 58 18 43 61 56 87 67 79 77 72 91 59 44 94 10 55 81 69 29 55 80 39 72 72 1 4 69 100 18 86 65 23 49 64 82 76 28 83 12 39 86 16 48 24 70 0 97 5 51 75 52 42 46 64 30 97 29 72 42 31 2 95 29 14 15 26 85 21 51 10 80 63 29 15 82 44 73 58 90 51 49 7 27 92 54 20 89 25 71 31 96 14 39 100 93 65 84 100 54 16 71 19 51 94 71 66 18 10 14 38 7 93 51 40 57 11 60 26 100 72 84 11 42 28 13 46 48 30 41 46 32 13 11 58 92 94 73 40 65 16 33 80 57 91 16 75 36 53 30 97 21 42 56 34 8 94 1 78 23 94 98 25 93 79 36 19 50 59 26 74 27 13 85 77 43 62 52 66 52 7 32 56 32 76 92 31 85 74 84 93 90 13 13 48 57 47 65 76 30 72 82 93 75 53 75 5 34 16 5 48 6 95 15 83 75 93 61 63 3 53 70 54 82 75 40 59 57 21 50 33 96 96 8 55 36 8 24 92 42 93 88 69 43 48 5 60 21 96 44 47 97 4 47 22 29 23 3 39 27 98 20 7 19 39 49 1 1 8 66 74 57 16 18 42 46 32 24 69
24 70 71 55 0 64 32 33 1 2 69 70 92 31 92 51 39 13 25 92 11 84 55 24 63 14 25 55 6 25 68 30 93 91 15 68 60 11 9 38 91 65 83 36 70 93 41 3 94 73 58 70 70 63 24 76 61 62 83 23 39 13 84 42 80 73 36 83 1 23 45 28 52 28 11 8 59 73 87 5 49 33 15 16 6 30 97 88 39 63 26 27 71 82 52 50 37 42 97 46 14 88 11 17 30 15 45 93 62 32 53 77 53 67 26 76 71 82 68 97 85 43 96 24 28 89 68 56 46 44 99 87 4 2 4 40 91 31 0 48 85 4 71 64 4 38 8 4 2 88 83 62 73 75 72 46 41 51 5 7 16 90 2 82 47 23 40 56 63 16 61 8 46 48 84 40 96 53 34 36 20 9 63 15 82 28 61 66 98 86 65 61 71 14 70 18 77 27 92 88 31 16 93 74 38 86 100 16 23 0 37 53 80 17 82 10 8 15 58 46 56 49 69 5 27 74 29 98 62 23 43 22 80 25 48 49 28 90 51 25 29 61 84 18 51 25 82 14 72 98 74 49 55 1 36 45 27 9 13 85 73 62 2 79 60 15 5 51 44 19 10 44 69 87 26 98 75 36 42 15 44 88 86 12 95 49 83 9 20 68 63 79 30 18 62 34 15 59 52 18 93 84 34 57 18 59 35 39 61 66 74 30 72 56 58 88 41 38 47 48 58 52 35 5 4 57 9 98 20 67 23 56 53 52 62 1 56 23 3 74 23 93 83 62 51 80 89 45 94 39 70 14 46 81 31 23 47 68 45 95 84 71 98 73 94 85 2 28 79 1 82 94 66 46 56 50 26 30 42 95 99 54 66 96 87 55 89 90 20 92 49 95 27 54 59 13 16 84 2 3
63 54 53 54 84 52 68 23 16 68 55 3 63 61 31 54 83 60 92 5 40 31 42 96 63 55 82 75 39 29 85 76 94 78 7 91 91 13 69 22 3 41 11 99 7 85 98 1 3 32 62 100 59 65 70 81 52 92 21 3 0 44 24 65 55 60 52 78 6 71 16 84 9 15 48 18 35 82 94 27 79 27 17 94 93 39 24 62 44 21 10 39 27 71 67 92 15 10 68 84 85 32 63 50 12 69 48 70 6 8 59 69 84 14 39 80 74 3 82 80 11 44 51 61 49 67 6 69 25 36 89 33 48 79 14 33 68 99 7 100 9 56 56 52 97 61 71 2 30 87 53 73 12 100 56 88 0 83 82 65 73 22 59 85 48 58 2 48 68 55 80 89 95 38 13 1 6 63 0 12 9 81 27 80 40 95 90 87 91 10 90 63 15 0 47 78 79 100 38 87 67 15 26 65 40 63 51 9 77 19 12 23 97 99 57 43 16 88 18 46 36 62 15 40 69 66 72 7 82 47 81 63 48 68 73 0 68 98 0 24 77 21 26 74 86 32 19 83 62 90 89 94 28 53 43 86 67 64 6 34 68 35 99 20 18 76 30 31 67 25 38 19 55 71 72 48 88 84 33 82 73 98 74 86 81 33 11 66 27 20 62 42 47 2 9 59 0 66 96 8 25 36 100 0 85 7 65 88 74 37 47 38 85 61 0 5 60 68 44 44 74 19 18 84 95 66 93 15 69 65 28 59 49 10 90 98 51 57 70 1 58 99 45 66 62 53 19 80 29 13 20 79 92 93 57 80 18 80 36 39 26 1 11 7 12 79 4 25 65 11 40 38 18 54 38 82 93 72 37 81 18 5 8 63 84 62 61 50 8 36 6 50 92 61 84 70 33 15 30 14
64 64 21 95 74 67 94 87 43 23 32 96 16 77 81 62 51 23 32 88 89 37 45 51 33 53 0 76 39 71 20 57 43 32 98 8 98 33 24 72 28 57 86 68 32 42 98 4 98 79 6 58 98 22 53 26 25 12 73 16 55 63 91 48 45 53 63 71 47 29 14 70 58 25 36 80 68 38 0 46 64 81 10 98 55 78 26 13 37 36 49 81 80 56 55 85 74 3 98 84 17 93 28 97 82 55 88 58 75 88 53 97 37 42 63 2 65 72 25 16 64 25 65 39 90 14 92 39 14 6 67 48 41 25 98 57 15 75 40 67 39 100 34 29 65 73 76 9 48 80 24 32 33 67 64 17 73 74 35 18 71 83 28 12 45 31 70 70 47 8 20 16 69 82 79 43 84 97 86 34 87 37 27 17 15 94 37 43 26 71 50 34 69 24 96 33 49 92 79 52 40 26 21 74 93 72 34 18 1 89 24 14 31 25 68 71 34 98 16 90 52 14 98 87 100 69 50 45 88 58 47 59 77 20 13 18 58 52 72 89 85 65 38 76 62 38 73 96 8 18 12 41 12 81 9 75 42 14 14 20 83 70 57 49 56 8 73 34 46 18 22 11 66 70 96 66 16 40 85 38 41 12 53 95 52 38 81 0 50 66 40 26 71 89 77 57 82 53 65 85 11 37 48 46 51 34 91 62 49 51 63 83 72 52 4 75 92 74 58 54 21 56 21 78 98 71 41 95 8 15 30 53 15 22 80 53 29 79 71 67 29 2 74 85 93 68 81 83 71 98 51 69 54 59 90 83 8 92 8 37 64 15 67 100 94 71 45 55 30 88 74 14 19 67 39 49 62 11 90 36 25 74 12 68 97 97 84 13 54 53 95 32 78 57 81 51 13 84 3 29
80 88 61 25 64 95 29 53 5 8 53 100 12 70 31 100 63 86 83 0 49 52 98 38 23 5 62 0 82 20 1 63 55 69 6 41 60 4 60 31 26 48 9 12 97 19 74 63 98 38 20 94 34 68 44 77 33 20 28 95 65 8 86 19 77 91 49 88 17 56 80 2 24 8 62 29 61 97 14 88 76 37 28 48 80 52 100 24 57 78 31 11 56 25 45 60 72 26 63 30 37 53 28 67 42 49 29 74 85 35 37 19 17 30 69 9 73 47 45 98 47 99 26 46 97 17 17 40 51 81 42 53 84 93 48 27 63 32 4 82 85 81 37 1 93 74 38 32 46 82 58 36 8 5 26 83 4 63 20 14 39 1 72 95 85 67 14 11 10 56 36 88 89 59 84 53 56 14 71 88 87 97 81 44 43 39 55 78 82 80 77 52 62 92 1 13 95 97 78 28 80 42 19 22 23 10 39 21 41 27 62 64 97 92 38 19 50 98 14 42 36 62 83 28 71 72 82 28 77 95 94 42 89 24 15 73 13 2 37 25 52 84 97 77 95 11 2 99 48 25 55 34 22 85 78 30 67 85 10 40 87 21 36 50 48 58 58 34 43 91 13 13 98 34 20 47 23 73 67 47 67 40 10 7 66 26 78 7 74 40 52 44 74 1 72 56 65 32 3 58 76 41 87 2 9 10 96 78 77 26 56 89 36 82 24 71 71 61 35 81 35 84 99 16 25 7 78 31 73 100 11 97 54 47 30 17 28 77 68 51 19 20 3 50 61 22 16 61 59 63 12 27 26 33 3 17 64 22 25 13 23 13 62 3 55 56 13 88 42 85 8 69 35 18 94 38 24 87 86 35 27 83 49 96 31 3 69 70 31 31 0 38 52 25 2 41 90 74 40 47
26 37 97 97 42 42 21 71 77 65 75 52 0 48 25 57 21 80 85 74 16 20 97 46 6 7 77 76 46 73 0 78 81 63 41 51 39 84 0 70 82 33 93 35 42 58 36 89 80 68 13 36 33 39 74 74 41 36 31 66 30 10 79 45 92 76 97 39 55 56 46 7 45 54 95 96 81 37 94 7 46 56 30 83 1 58 83 35 80 4 25 95 100 58 95 63 71 60 95 87 86 2 68 9 16 16 49 35 80 19 12 66 53 74 24 34 32 1 32 70 72 7 59 35 30 35 44 79 74 80 47 82 32 87 56 16 40 95 19 54 56 54 44 14 15 6 23 61 70 45 52 48 3 14 20 5 56 5 54 88 82 90 83 79 84 2 2 20 82 92 10 95 31 81 92 80 61 13 79 4 24 26 0 85 82 44 27 2 29 34 22 2 12 68 43 64 7 72 64 78 59 53 27 11 98 54 64 15 12 5 55 2 98 0 66 45 85 75 88 91 45 27 63 7 39 67 41 17 96 33 45 65 89 48 80 88 40 5 52 10 2 25 79 81 33 99 53 1 61 95 82 7 90 25 85 78 57 81 24 23 100 37 34 94 21 57 26 1 3 43 38 85 75 49 99 65 21 6 64 72 74 53 5 22 29 43 81 72 53 55 21 49 80 98 15 50 50 57 47 19 7 21 80 100 29 6 81 69 97 0 62 30 77 46 86 82 100 97 21 52 48 70 78 45 77 97 40 27 57 64 0 66 42 52 86 5 10 75 46 31 68 32 53 25 68 82 27 54 8 53 25 62 87 51 6 21 14 52 62 99 29 6 51 17 98 34 1 45 43 27 33 60 86 10 32 41 33 17 38 99 83 33 16 61 86 38 63 82 42 57 15 38 34 79 76 54 12 84 3 56
13 58 62 2 27 100 55 11 80 66 36 69 95 28 66 22 32 40 26 55 88 87 14 34 26 85 89 14 74 91 76 15 3 50 51 64 50 43 62 95 70 1 44 77 18 23 39 29 41 81 87 42 49 8 36 59 26 88 59 94 92 46 26 3 66 69 29 88 37 86 61 13 12 35 23 19 80 9 35 49 60 53 45 70 68 76 15 82 30 49 97 36 46 100 39 65 11 60 89 87 86 88 68 99 75 80 21 67 30 66 93 19 66 73 48 7 92 36 0 97 86 2 66 82 92 99 98 79 62 75 74 71 70 14 67 78 37 88 24 10 75 0 34 48 46 42 20 46 66 34 62 82 34 23 74 53 51 95 30 56 39 27 60 93 32 17 83 50 61 76 53 1 51 21 38 60 66 49 98 84 98 4 65 43 26 47 44 9 70 87 75 66 16 44 16 40 55 70 52 46 75 54 25 61 96 31 54 71 39 19 77 90 90 72 95 98 22 14 4 7 46 64 75 55 30 73 67 49 29 55 5 82 88 40 73 55 7 45 64 84 0 45 71 85 14 69 30 53 17 37 100 44 52 62 6 4 51 28 8 95 27 18 52 98 95 86 98 29 15 1 74 15 40 22 25 31 60 12 41 83 87 75 22 59 63 93 86 69 49 38 33 75 50 77 54 54 43 92 80 42 63 82 38 86 77 78 89 47 2 77 36 57 99 85 17 45 40 64 5 46 68 58 24 62 91 40 23 92 58 27 13 80 28 26 93 18 74 26 37 61 98 57 88 37 47 26 53 92 71 7 68 80 13 99 54 19 10 18 5 28 60 26 17 20 88 2 86 60 88 40 54 69 64 48 84 38 49 86 36 19 21 21 19 33 0 6 3 66 60 48 33 75 92 62 57 91 30 29 12 18
95 84 10 76 83 80 65 94 34 90 70 26 86 61 10 8 44 42 22 1 37 22 46 42 94 58 99 62 35 45 20 15 97 92 66 18 88 84 99 40 32 55 89 8 7 69 60 40 41 2 38 36 38 66 70 30 71 44 27 41 22 39 30 52 58 14 14 94 42 37 24 82 61 23 78 19 99 49 84 55 73 41 54 22 24 40 2 95 94 100 19 99 46 20 55 82 11 4 79 5 53 47 62 51 2 48 84 93 78 62 42 59 79 32 40 37 77 63 2 85 16 32 64 93 82 89 26 36 23 20 1 39 69 50 44 40 39 16 87 29 54 88 26 46 36 28 41 23 13 95 33 5 17 67 34 80 88 32 39 17 80 69 56 88 30 66 96 39 71 47 56 83 27 84 80 87 47 96 70 45 71 59 96 79 57 20 57 64 35 35 32 33 18 40 26 47 96 29 8 68 66 41 66 88 28 85 59 78 13 28 68 89 94 84 32 14 98 29 27 31 69 46 52 17 67 79 34 91 73 20 34 25 1 2 77 89 90 50 80 10 11 7 76 0 37 36 9 92 32 49 80 26 47 43 50 21 70 30 72 33 18 61 63 27 100 95 61 89 65 90 29 36 94 35 48 62 2 42 28 41 13 40 63 96 69 56 89 50 100 99 16 52 73 70 43 8 1 98 51 38 62 37 52 41 33 88 73 93 82 76 12 25 91 54 93 27 1 93 22 83 50 98 74 37 21 38 45 41 38 11 90 13 33 56 90 82 31 60 19 2 89 78 7 79 86 43 60 24 1 39 77 32 75 79 37 68 9 91 86 31 74 20 31 95 93 5 74 71 98 41 74 14 11 58 89 7 69 6 55 84 1 9 49 22 94 7 20 49 26 62 56 63 47 1 46 20 12 42 49 55
35 70 0 83 14 81 37 13 60 96 55 19 45 66 90 95 6 14 72 51 11 99 44 5 34 13 83 59 100 88 92 60 40 95 15 96 100 9 58 0 11 95 25 61 43 79 29 48 22 51 78 51 26 13 26 85 0 50 62 47 66 20 1 81 34 38 84 92 76 61 95 5 62 46 80 87 16 13 29 40 61 73 26 50 13 24 58 44 66 24 87 9 100 53 74 74 38 87 67 47 43 63 44 31 24 96 80 97 16 66 7 83 24 50 77 99 82 50 67 12 65 50 21 58 35 85 0 88 63 64 28 27 63 24 54 39 76 37 53 26 51 49 24 13 57 46 16 49 73 38 49 1 36 80 3 49 23 20 59 58 12 17 33 16 38 89 89 86 44 0 34 85 36 58 65 78 95 1 44 99 82 89 39 9 78 0 7 14 63 72 53 31 49 38 59 17 67 30 8 58 84 55 46 60 80 41 18 65 1 69 85 68 62 80 18 56 54 31 30 64 31 28 42 97 100 9 26 44 20 87 85 35 70 68 25 100 99 81 62 98 66 34 44 13 98 69 97 43 98 26 98 21 71 12 4 95 83 18 93 50 16 88 24 12 83 66 17 88 83 59 32 31 69 21 81 25 83 13 95 32 45 2 99 90 63 56 50 31 71 98 73 47 45 55 65 77 1 57 44 73 37 96 26 68 94 58 94 86 89 71 93 10 26 58 57 34 64 83 96 3 8 98 75 1 50 11 0 61 4 74 59 56 58 49 94 57 6 45 100 48 69 90 27 59 77 53 11 15 29 32 66 54 77 11 60 1 33 72 12 40 39 56 64 53 18 47 34 35 67 63 16 9 70 39 22 12 17 55 27 52 59 80 9 34 92 0 28 38 74 89 42 66 40 78 44 51 92 64 9 25
61 31 52 39 91 43 16 78 84 62 38 79 20 99 75 33 5 62 35 68 48 94 96 18 44 87 87 28 94 22 99 57 80 83 72 92 85 59 97 53 89 21 41 25 81 42 15 51 99 67 31 62 8 7 59 99 50 18 49 44 32 47 75 14 31 54 57 76 16 16 72 99 21 23 51 59 81 58 74 63 18 71 90 74 28 7 94 58 87 22 61 70 84 26 37 87 19 31 33 16 36 63 22 85 94 10 58 73 2 55 91 55 65 57 86 12 52 96 64 23 6 51 53 15 89 43 41 75 87 93 71 18 28 60 82 0 97 21 68 37 50 69 96 71 71 20 72 9 79 38 20 20 82 33 43 98 99 12 46 68 26 61 3 99 70 28 37 71 81 37 11 15 44 10 94 55 98 48 85 55 51 62 98 56 37 86 100 55 24 87 9 9 94 31 11 87 15 66 55 92 96 24 53 88 85 25 37 8 65 35 84 81 22 95 51 16 46 35 67 2 13 61 95 21 42 94 35 9 36 5 9 21 96 76 5 89 23 35 40 59 73 28 69 85 59 42 58 100 36 100 51 71 80 7 30 78 3 61 47 73 15 96 43 26 66 25 97 59 78 21 72 93 67 57 56 12 4 46 57 66 1 24 11 15 33 61 81 48 11 75 26 90 94 93 10 37 83 99 13 56 2 13 100 76 32 88 4 5 61 0 50 5 36 30 33 75 29 11 99 7 100 8 92 29 21 89 89 42 71 14 14 64 29 75 71 91 45 69 65 10 24 97 19 89 29 15 38 4 24 59 27 5 69 63 91 83 26 39 97 21 92 62 37 11 72 74 19 75 26 40 87 14 61 94 72 29 38 53 89 75 96 17 54 94 21 46 66 18 88 3 76 38 85 33 35 66 72 62 23 51
54 29 6 73 7 6 28 56 50 78 76 23 10 43 98 93 3 39 13 7 29 29 75 43 46 29 51 24 13 65 10 16 36 99 2 23 21 55 83 3 29 56 47 97 50 15 93 56 11 1 13 86 28 21 90 98 53 99 11 38 79 41 58 19 52 10 88 100 3 63 25 48 42 75 88 56 40 60 89 5 4 34 65 30 94 60 42 36 75 41 27 97 50 15 99 98 19 82 95 96 84 65 8 7 96 17 59 82 73 30 39 1 90 8 69 24 1 38 12 93 19 62 86 67 15 98 84 7 35 47 38 35 46 86 35 72 36 94 66 43 89 6 55 54 4 35 82 38 88 34 87 97 91 1 67 32 19 34 46 87 48 87 58 64 25 38 27 98 94 62 10 88 78 8 32 33 27 84 79 35 58 33 28 58 94 69 68 94 32 18 87 60 12 9 39 50 76 58 66 60 9 86 72 4 99 21 72 54 76 48 32 31 33 26 6 83 24 50 40 37 54 44 56 71 91 64 18 38 84 91 72 28 6 3 92 85 64 84 22 23 87 84 31 83 5 52 39 59 11 53 58 72 0 19 50 70 63 90 69 60 99 8 87 51 10 21 49 45 86 1 68 51 73 64 88 76 64 32 85 45 23 48 22 85 41 15 70 67 10 19 16 43 74 43 8 50 94 43 17 23 14 73 15 29 53 98 78 70 67 78 73 83 15 80 41 71 64 90 11 15 5 17 65 86 1 3 4 93 99 58 1 90 67 46 70 75 15 5 95 66 47 66 99 26 81 51 10 90 93 85 18 93 82 7 45 58 25 68 41 78 57 51 69 92 41 8 27 8 69 45 76 83 32 78 95 3 75 17 93 80 39 58 14 5 81 66 79 18 57 98 19 78 1 87 7 16 4 38 15 22
40 45 48 40 46 22 57 49 48 71 0 75 19 42 79 13 8 11 81 42 11 84 83 30 44 30 74 6 48 74 31 71 7 51 53 70 84 29 30 51 90 75 81 21 0 11 3 43 79 69 95 59 77 75 61 88 97 14 13 90 56 15 61 62 19 96 34 84 21 10 53 76 6 34 67 47 15 54 83 2 54 52 18 16 35 19 97 62 64 57 97 52 86 70 71 9 98 28 37 41 95 95 50 40 15 44 57 66 73 86 84 34 99 76 46 24 65 49 21 46 99 61 65 24 52 3 20 44 23 27 31 26 100 62 43 64 69 59 95 25 4 26 38 59 34 75 4 2 49 77 20 74 43 97 97 48 23 95 67 95 80 85 35 85 72 13 77 70 39 68 29 8 7 97 37 61 96 47 79 97 23 31 85 64 89 99 95 78 47 40 77 46 26 27 66 58 36 91 42 33 42 73 47 44 9 19 53 0 35 42 94 50 30 69 3 62 16 43 50 42 67 7 6 83 23 65 81 80 48 16 68 64 2 18 4 22 95 38 10 78 84 27 22 66 91 39 93 23 83 61 63 100 16 2 37 56 18 62 27 31 60 24 6 2 17 46 68 70 23 48 27 51 81 48 77 44 82 92 100 12 2 38 34 84 62 64 85 76 77 10 62 66 66 35 52 52 53 98 62 73 2 27 46 64 85 71 33 29 88 6 2 28 0 87 27 72 68 12 56 88 17 84 55 18 23 14 25 52 89 53 79 57 98 4 31 36 72 69 0 40 6 90 48 69 23 15 32 65 55 0 91 23 75 97 17 100 69 54 35 94 63 0 56 43 70 20 53 64 75 16 100 62 72 14 36 22 90 54 72 21 39 45 61 70 15 96 19 17 15 48 29 26 74 45 6 53 71 36 84 21
66 71 72 13 85 0 4 44 86 93 36 25 64 76 16 99 66 54 95 42 55 49 18 20 59 38 66 59 97 92 49 48 1 2 20 50 67 79 2 60 97 88 7 47 31 0 59 7 17 90 33 35 11 12 65 68 0 61 83 81 78 64 97 60 15 0 80 10 84 60 50 67 27 39 32 8 35 78 39 75 37 41 80 58 41 92 44 73 44 20 19 43 9 81 81 79 4 21 43 14 59 27 3 96 84 72 46 71 90 86 45 60 67 5 54 3 46 99 82 27 55 27 23 31 24 17 59 14 4 78 37 41 68 24 68 42 55 35 11 54 97 60 55 66 75 49 66 46 18 0 29 50 28 39 68 96 24 33 23 56 86 46 50 45 35 74 18 34 25 6 38 40 72 61 52 14 94 67 77 65 70 3 99 80 71 6 1 69 20 30 28 47 26 0 71 64 8 13 45 39 63 90 80 36 48 51 45 35 7 34 85 81 48 18 37 90 54 57 62 55 4 39 69 95 17 97 21 82 36 59 55 82 78 30 7 25 70 45 10 14 42 3 5 24 72 53 59 6 23 52 100 38 52 14 79 81 86 99 90 32 62 36 92 51 60 17 23 69 23 93 3 13 50 6 36 20 58 33 16 99 68 4 64 63 13 37 91 71 48 26 69 62 86 64 62 66 46 83 97 75 76 47 94 92 3 20 86 76 87 95 75 95 62 96 7 82 5 39 63 92 82 9 52 70 76 16 69 6 91 28 71 87 80 31 65 3 88 94 74 9 0 53 60 48 68 91 100 75 48 82 91 85 89 18 88 60 26 25 30 84 35 6 86 67 14 36 43 78 56 7 73 100 58 21 100 91 80 63 43 55 21 10 16 90 35 76 28 18 58 19 15 89 38 26 22 46 55 72 69 48
38 24 42 6 94 10 3 62 6 9 46 2 32 20 83 67 41 86 41 13 6 69 85 37 5 38 8 9 94 29 2 99 6 30 93 22 3 3 97 96 17 76 55 78 11 4 29 88 59 80 0 83 5 75 45 42 48 21 90 73 68 67 19 84 88 68 21 29 31 11 97 100 1 59 9 63 16 0 96 70 24 100 8 82 31 78 10 51 35 68 19 26 12 18 26 42 94 89 86 52 81 27 0 40 93 8 47 2 25 65 35 80 91 6 98 54 0 80 7 13 69 70 96 80 98 38 50 10 15 6 95 71 43 72 20 7 39 15 70 93 65 74 84 94 15 58 65 67 77 25 35 30 79 57 5 46 47 83 2 8 4 71 53 97 34 6 25 64 65 68 64 39 67 95 89 45 57 25 0 73 78 5 31 73 71 83 79 100 1 1 81 55 76 16 66 29 54 24 3 42 9 94 70 86 48 67 25 15 55 62 15 54 1 67 48 16 34 71 33 2 76 24 84 15 58 8 83 11 90 30 21 35 27 44 97 12 77 56 41 9 83 33 57 12 59 84 68 18 43 47 73 5 87 71 81 70 10 44 17 36 35 44 62 89 87 20 1 8 30 35 82 0 75 5 100 23 52 52 10 85 60 36 60 17 96 98 60 64 40 45 69 49 67 83 40 87 53 18 9 71 34 81 75 9 34 68 65 94 67 8 50 49 1 40 41 42 34 18 92 2 77 28 35 79 61 100 94 30 8 98 28 9 60 81 53 26 75 88 68 38 56 48 76 96 35 79 3 84 2 15 3 36 94 94 5 27 42 23 6 88 63 37 84 56 66 63 16 22 80 85 67 45 79 85 33 95 77 24 17 56 59 58 16 36 77 67 0 35 34 98 31 60 58 33 42 13 65 71 1 38
64 5 53 38 27 28 13 39 15 8 27 26 75 79 51 70 50 33 54 93 4 22 39 53 72 59 22 26 57 55 80 18 70 32 57 12 74 16 29 34 26 17 59 42 20 46 80 91 53 45 99 74 7 21 82 32 98 13 82 48 74 0 29 2 4 20 7 11 46 75 22 22 49 96 21 63 82 35 48 17 100 20 22 35 18 96 99 40 42 32 33 73 50 51 7 37 13 16 79 18 76 19 71 80 74 56 66 95 42 44 69 89 94 30 48 44 54 59 61 63 41 99 74 47 28 67 44 13 58 5 18 69 98 30 32 80 4 24 40 98 74 94 38 30 88 51 72 69 97 18 13 70 17 33 55 12 38 11 96 24 16 92 55 51 90 5 2 25 42 6 49 4 79 46 10 49 40 38 45 60 56 2 49 45 74 87 6 91 4 89 54 12 29 73 75 67 18 66 95 47 34 86 29 70 96 46 76 65 82 19 89 97 52 73 44 6 16 65 97 38 11 64 81 32 57 57 42 50 73 35 23 56 60 78 97 49 67 68 19 97 52 89 52 3 7 56 14 15 30 2 97 14 8 18 36 40 98 15 55 11 10 95 0 1 66 36 93 73 32 4 8 25 82 69 32 99 33 21 77 10 75 1 57 29 29 40 49 87 19 94 89 90 59 63 94 33 99 72 12 49 77 69 21 80 81 97 21 15 21 86 98 43 41 27 19 66 46 53 84 59 83 60 82 63 52 29 7 12 74 60 67 19 12 68 61 53 31 25 56 56 84 12 98 57 83 56 84 3 26 10 71 28 54 36 44 35 46 11 84 66 45 26 26 69 98 78 52 35 44 7 3 27 5 93 37 87 88 18 35 33 92 19 3 19 75 20 21 34 24 91 100 11 48 44 14 56 89 46 7 6
85 4 7 49 73 14 1 90 94 94 68 7 93 23 18 74 66 82 68 60 38 12 44 90 1 54 63 83 23 71 92 51 25 66 50 38 75 37 73 75 27 95 54 6 93 80 72 66 22 94 41 23 81 21 98 2 38 60 64 3 60 79 76 88 32 33 17 48 25 9 78 88 39 74 22 16 46 48 35 50 10 95 48 4 61 63 84 55 22 0 50 92 3 83 71 19 91 95 19 85 42 17 25 52 39 77 39 54 100 70 12 44 19 52 40 0 6 47 3 46 17 1 40 81 44 13 82 97 6 71 50 53 37 75 27 92 42 28 92 16 49 30 97 87 54 5 24 41 50 40 89 82 60 73 20 67 17 78 11 24 17 20 74 19 56 15 12 90 52 99 23 59 62 56 72 57 63 35 34 48 69 44 58 73 28 71 21 65 29 40 71 47 26 17 94 41 4 76 33 23 18 84 33 19 55 78 22 57 97 54 4 83 100 87 89 18 56 67 84 14 17 80 70 26 12 35 40 15 12 65 81 65 25 66 99 64 45 56 91 58 48 82 69 27 71 20 82 48 11 15 100 89 93 51 31 97 36 1 30 62 80 45 100 0 74 29 65 4 33 40 82 32 77 90 75 29 66 51 80 75 43 67 55 47 69 91 91 84 90 4 81 4 2 28 96 89 36 36 4 7 4 51 19 74 74 65 69 30 76 52 50 70 10 91 46 46 12 95 63 82 97 81 57 64 46 36 65 41 13 76 17 56 94 87 50 99 23 43 42 42 39 19 99 19 94 48 22 87 11 96 59 76 94 59 49 77 77 71 14 8 91 46 27 58 67 21 53 58 83 11 21 83 39 31 90 96 18 92 52 40 62 38 41 65 81 56 76 13 25 29 4 34 13 83 79 65 25 68 42 46
57 75 63 5 19 27 63 63 68 79 70 40 41 99 50 97 66 75 90 61 90 75 18 16 36 53 42 5 42 15 0 54 71 10 47 21 72 88 75 1 50 76 84 65 94 58 99 53 54 27 25 39 21 27 75 77 23 57 64 39 22 5 95 24 28 45 2 68 28 72 77 43 50 67 54 20 78 90 90 39 58 8 75 65 8 61 55 10 73 38 32 47 54 59 13 4 0 46 97 90 3 42 19 30 31 62 48 86 46 17 87 13 33 16 3 10 65 51 62 75 50 99 25 66 76 36 26 37 87 86 11 40 20 78 68 29 71 63 95 8 88 2 47 74 29 91 89 88 66 69 53 53 63 85 43 62 20 61 62 79 58 96 85 99 27 12 94 67 24 69 1 58 88 39 42 5 82 49 50 96 77 74 66 53 93 20 33 22 25 41 23 86 25 61 47 79 56 31 10 75 69 22 73 59 38 92 14 70 29 79 37 44 46 4 66 57 88 32 31 40 84 32 68 52 36 39 92 55 10 31 28 82 23 10 29 99 30 15 38 22 92 66 38 76 56 62 6 49 97 19 41 22 67 63 40 86 34 41 80 17 99 27 97 23 85 40 67 24 75 78 83 21 73 14 87 75 97 77 43 4 25 58 18 91 67 73 27 58 82 77 52 100 38 10 22 86 53 21 14 50 97 53 6 19 93 8 48 91 58 83 82 83 95 5 88 6 81 98 26 51 100 35 21 35 71 25 50 90 82 77 24 58 17 39 26 15 46 19 15 0 69 21 69 29 80 53 61 90 34 41 49 49 87 24 77 43 27 29 43 63 29 88 42 100 71 14 43 67 14 51 98 78 95 94 59 46 16 17 95 94 5 27 67 68 87 32 90 36 42 5 86 20 0 37 31 83 24 55 14 61
84 30 69 33 25 96 56 42 10 8 83 93 43 64 70 8 85 12 11 46 29 34 70 34 98 55 47 54 45 27 53 96 79 33 76 52 0 65 37 97 0 38 21 20 62 46 56 91 75 85 52 9 39 51 88 11 2 61 13 74 65 27 70 96 30 2 22 61 6 15 98 65 56 98 32 20 83 23 100 47 34 55 0 87 71 81 70 64 55 12 100 2 12 40 11 78 16 72 33 72 12 54 15 57 58 78 26 42 43 38 43 85 6 91 48 39 98 43 64 28 85 17 14 64 99 24 72 64 78 19 92 47 27 97 2 89 2 20 73 36 4 24 38 31 73 67 39 62 39 48 34 81 81 3 64 98 59 15 15 20 69 76 84 26 84 84 32 84 78 19 80 18 69 66 5 26 23 59 72 7 60 38 19 97 72 96 24 39 69 3 17 89 51 76 47 29 98 9 26 49 75 38 24 44 12 43 20 50 61 6 4 43 24 5 6 66 92 71 86 58 61 20 98 100 7 46 59 86 54 9 98 97 60 26 37 27 28 31 83 86 8 6 60 13 16 88 50 7 73 92 21 92 19 41 95 62 35 2 97 92 29 32 90 71 24 25 9 82 27 40 28 26 2 94 80 8 29 74 6 52 47 50 77 67 43 86 72 75 67 67 62 78 60 69 49 42 27 40 65 51 21 94 33 31 71 64 9 50 11 70 55 83 53 0 18 20 97 54 27 5 15 6 9 15 100 72 62 57 11 30 50 73 95 73 40 68 28 37 49 70 2 52 90 17 17 61 7 6 49 75 14 38 6 67 36 34 40 30 6 1 26 59 46 16 66 6 14 11 16 20 66 44 34 4 35 73 16 67 11 100 89 69 78 29 13 75 45 84 69 49 30 41 42 90 5 98 98 2 36 96
99 14 14 75 83 32 97 71 81 13 70 98 29 42 4 46 71 43 22 96 92 62 56 97 32 71 95 64 69 59 51 11 4 88 29 82 5 66 92 97 49 65 96 79 39 9 98 20 61 76 92 73 81 40 38 75 5 2 4 12 27 61 12 31 46 15 53 1 99 23 44 8 5 37 81 87 96 9 96 100 90 83 93 98 57 76 22 41 54 80 24 17 52 13 44 29 99 85 81 75 55 29 95 40 24 53 54 8 15 87 12 49 11 35 27 88 37 84 71 32 34 15 60 86 0 93 19 81 49 8 58 16 90 6 84 29 39 98 16 59 100 76 51 78 81 46 1 96 22 24 45 64 79 57 37 6 59 41 30 27 8 79 48 4 33 20 41 30 34 40 96 50 94 74 88 6 14 21 9 61 50 64 50 82 51 34 26 61 6 48 11 17 59 47 87 61 53 44 33 21 84 61 99 70 58 96 80 77 68 39 95 59 31 8 72 31 16 40 91 93 89 71 12 19 12 91 18 15 4 72 68 97 25 60 74 28 43 99 89 70 50 43 96 72 16 95 93 74 92 24 42 75 97 12 53 46 7 67 33 30 91 15 2 70 29 28 9 29 33 99 40 70 90 91 0 57 7 55 98 19 22 13 7 65 7 9 79 39 87 93 93 20 76 34 37 81 62 93 19 31 65 42 51 62 27 38 82 1 24 58 68 2 93 78 51 69 9 96 31 71 100 96 3 1 83 84 58 19 41 33 94 54 98 26 91 24 51 18 85 32 88 11 47 93 89 61 1 68 85 75 83 31 15 6 62 37 35 13 3 6 89 54 94 0 18 65 6 54 58 25 76 32 68 55 77 90 42 49 11 99 49 77 25 59 84 16 89 16 17 89 42 43 6 87 90 30 89 12 89 91
21 34 72 46 78 36 76 79 52 70 11 28 16 78 50 69 75 65 54 41 76 4 94 14 39 33 0 36 63 34 7 31 84 12 46 35 8 84 94 56 68 90 68 86 63 41 2 10 3 89 23 96 19 22 48 43 88 73 32 50 19 94 24 16 19 70 30 91 15 44 63 31 79 8 30 96 68 55 20 55 27 24 26 23 29 37 99 91 1 94 69 19 48 48 78 84 69 16 59 70 52 82 85 92 72 60 0 63 72 95 72 74 10 82 4 64 0 35 64 81 48 42 35 75 13 20 17 56 27 83 27 16 82 24 8 19 4 0 17 0 7 14 91 83 5 65 13 98 6 11 33 67 64 22 29 13 0 54 51 9 78 89 98 23 42 14 46 67 71 30 7 74 100 30 61 77 52 8 13 32 72 81 47 23 35 96 6 78 0 19 5 69 41 35 11 72 45 97 90 47 27 43 69 3 59 11 24 34 7 43 96 25 99 27 65 81 10 2 5 82 96 39 3 24 45 82 27 35 34 16 26 26 87 82 24 54 58 96 66 67 67 63 79 40 27 9 38 97 71 16 52 11 48 99 92 50 10 30 75 65 78 53 15 91 70 42 93 28 43 19 10 35 17 56 13 80 64 61 50 84 60 89 98 59 56 63 95 55 86 44 85 56 99 100 58 91 61 14 32 90 18 62 17 85 61 12 62 39 22 28 92 41 27 11 32 75 78 60 39 3 47 75 41 96 77 33 96 39 50 45 8 65 91 47 81 57 2 89 99 61 70 94 7 38 13 26 11 91 32 92 13 87 65 40 62 60 93 11 42 47 20 45 2 62 23 77 50 45 98 71 63 49 40 19 49 5 72 98 79 19 56 62 16 18 72 57 90 48 94 47 68 86 64 44 95 30 51 85 58 7
10 93 4 12 13 27 22 27 72 44 27 43 14 86 0 7 9 83 2 5 6 29 95 67 90 26 60 86 74 8 37 5 38 83 38 76 75 65 67 5 51 15 20 79 100 29 65 12 23 17 9 47 64 60 54 19 80 30 46 33 20 84 76 95 79 26 10 46 85 95 33 49 97 54 33 32 69 67 78 75 86 5 14 79 82 98 49 72 57 76 25 33 69 12 1 55 22 92 44 89 2 31 40 53 1 88 24 58 80 53 95 50 7 74 91 97 57 8 55 73 4 43 69 43 34 15 4 75 43 39 99 27 46 93 77 22 4 38 32 72 92 87 80 43 98 17 87 50 76 8 0 48 29 22 28 90 12 6 14 40 67 1 49 50 28 5 57 2 33 3 89 41 18 88 44 98 66 9 0 59 4 90 70 14 59 29 64 28 0 75 99 26 81 89 62 32 55 67 72 95 95 99 48 11 35 57 88 68 36 59 91 0 29 86 61 38 79 86 16 29 49 34 93 29 49 23 11 75 80 100 69 97 70 51 70 8 92 61 21 59 61 3 9 84 9 83 3 84 89 39 64 71 32 4 13 17 48 61 88 42 5 33 65 29 95 75 48 49 3 65 38 40 69 81 96 80 87 59 64 47 58 13 18 87 72 31 46 24 15 49 15 23 10 20 39 23 75 45 91 80 90 20 95 25 95 90 15 3 42 34 93 43 43 46 19 99 89 24 96 90 14 92 89 23 84 94 55 27 20 86 78 33 69 20 2 66 68 100 57 92 76 94 12 43 60 21 59 99 58 84 64 91 79 25 32 6 51 23 77 77 89 76 97 92 99 90 72 16 77 56 97 52 72 2 85 13 67 52 88 73 6 2 79 21 25 38 17 73 57 99 27 85 40 100 28 64 3 79 5 7
66 90 18 30 57 18 80 52 34 91 14 3 80 52 41 83 32 8 57 47 69 42 35 69 41 84 71 75 33 81 24 84 76 8 34 97 100 11 91 44 59 24 81 51 26 30 66 33 86 24 9 17 46 98 41 82 61 66 27 21 50 27 11 42 36 54 12 94 61 4 97 44 62 22 45 92 3 45 85 1 56 35 97 74 95 95 52 50 80 86 8 79 74 92 85 85 52 84 61 54 57 60 37 82 61 44 96 59 65 6 61 30 22 53 1 18 73 10 43 8 13 97 57 94 90 6 20 18 0 16 70 60 38 73 9 84 22 78 51 4 89 6 29 44 64 72 53 95 74 45 71 62 93 86 39 89 78 50 54 13 85 28 26 0 16 76 9 30 26 20 59 1 81 66 26 9 36 30 44 71 95 5 54 71 49 7 2 97 0 69 59 40 29 50 80 54 49 82 79 85 51 19 34 4 4 92 86 84 42 96 75 16 79 2 75 30 48 35 80 47 27 27 68 76 79 37 23 18 9 20 49 34 16 21 56 5 56 83 87 16 39 15 91 74 69 34 28 93 23 24 77 42 65 47 82 6 48 47 71 74 55 56 39 84 23 45 63 19 29 45 71 43 38 41 13 11 64 42 20 9 54 20 26 59 48 32 39 69 67 0 3 33 71 33 59 94 22 76 29 81 74 80 1 27 48 32 49 45 73 60 82 63 68 49 21 26 35 16 65 11 60 31 28 20 70 23 94 63 1 10 98 31 54 73 49 70 27 18 85 34 14 29 36 98 14 100 58 70 38 21 51 86 82 42 72 60 9 41 54 2 38 16 72 75 32 89 17 4 76 52 86 51 48 3 32 22 98 41 86 24 17 76 68 77 91 89 12 5 92 38 29 89 1 9 70 99 85 26 9 53
34 24 45 76 79 14 60 7 44 37 77 44 19 40 90 56 3 64 63 27 40 77 98 19 6 10 56 52 94 57 24 24 64 19 20 35 49 26 13 91 91 30 26 34 51 85 60 71 90 97 98 61 2 7 2 53 92 53 88 11 75 40 44 42 94 23 37 82 47 39 87 4 58 3 5 0 60 18 94 59 94 47 68 0 30 48 57 99 44 69 72 30 3 38 90 50 72 98 39 65 94 85 7 69 34 20 56 65 21 8 64 77 85 39 74 40 0 7 87 45 6 27 47 88 83 56 40 98 72 34 68 99 62 65 42 48 32 12 75 84 77 75 41 13 50 51 93 14 88 30 7 58 63 25 43 83 61 5 19 67 75 100 82 24 83 53 83 77 11 47 72 72 77 3 79 94 8 15 5 14 19 17 89 61 24 63 54 19 92 24 78 30 45 11 19 24 1 93 62 49 38 90 2 26 51 57 5 91 13 5 69 44 76 83 49 99 34 8 73 58 86 61 63 36 91 64 83 85 90 76 59 27 78 81 67 65 73 65 86 5 61 69 42 13 2 98 52 52 12 67 3 64 18 14 52 22 32 98 93 24 28 50 7 74 90 37 87 85 76 71 82 26 65 86 52 24 37 87 14 71 48 59 63 11 25 63 46 77 57 80 64 48 29 8 41 84 85 98 13 24 65 49 76 56 84 71 46 48 28 10 52 31 80 7 0 46 24 44 78 90 34 96 17 44 37 54 47 99 54 94 94 37 4 9 14 22 71 79 86 57 57 58 62 62 48 69 18 61 6 98 45 84 17 58 55 66 88 56 2 32 46 83 8 44 13 6 81 77 60 67 81 71 90 89 63 17 8 60 89 41 52 54 9 70 48 0 79 50 99 57 1 55 68 42 13 84 80 19 31 74
5 72 53 19 92 94 1 81 31 3 25 64 51 8 26 29 19 27 66 42 77 81 74 18 4 31 16 43 28 1 20 48 17 98 18 61 4 14 20 73 62 58 50 56 13 31 3 61 17 91 45 30 0 10 3 87 0 1 61 45 49 49 94 33 31 21 68 53 62 79 19 96 38 85 84 10 62 9 85 31 47 64 73 37 86 76 58 45 43 10 78 21 26 85 61 29 8 32 70 14 16 39 22 3 37 33 36 73 40 72 96 17 44 9 67 69 83 90 1 7 86 26 56 20 20 21 3 98 90 0 17 66 80 82 38 15 11 49 21 23 99 13 71 83 81 71 3 2 98 31 77 18 46 68 61 67 55 2 68 100 28 50 95 92 35 57 77 64 77 53 90 29 30 69 19 2 2 22 44 60 80 15 29 100 79 62 71 12 66 38 15 54 28 36 77 1 55 1 34 48 58 35 73 46 83 26 18 50 26 41 77 98 58 47 2 23 15 20 68 12 99 75 46 2 11 54 36 82 40 15 32 88 76 46 99 14 35 25 91 22 44 71 84 71 6 25 77 14 0 85 55 52 49 11 37 99 50 68 84 83 20 52 14 31 77 77 41 38 84 49 81 78 60 48 98 10 22 20 61 57 36 41 59 69 1 54 79 87 95 100 9 69 91 69 85 0 58 18 26 59 31 68 28 87 79 51 37 57 49 85 12 90 17 79 68 89 52 93 98 44 69 67 92 14 15 77 83 78 77 28 98 85 29 10 77 82 72 12 19 65 61 45 46 81 53 12 37 5 22 62 55 48 52 84 93 99 6 40 35 27 26 8 53 52 58 72 92 74 25 91 27 34 10 29 40 83 94 2 59 14 93 21 23 97 93 96 2 10 54 27 56 30 19 60 96 26 84 31 23 13
74 71 4 66 4 16 38 67 2 78 82 18 12 79 9 77 76 79 2 10 100 14 94 17 48 100 54 3 60 45 67 55 40 65 8 65 48 65 27 32 46 75 87 42 87 37 18 51 13 42 41 70 29 43 43 97 80 42 12 19 1 16 53 42 70 66 15 26 97 67 27 41 51 84 1 8 39 12 68 10 2 99 98 46 19 42 44 73 59 26 51 76 95 60 26 28 45 90 93 14 2 56 38 96 66 6 88 88 3 43 76 53 34 99 90 24 77 25 58 40 0 5 58 51 9 91 58 64 67 99 87 97 11 46 53 50 20 68 83 29 54 54 7 37 93 49 68 32 93 47 67 48 93 96 19 65 34 46 32 68 13 83 51 32 55 69 54 94 53 15 70 59 90 72 17 0 15 12 90 71 24 83 92 16 50 57 6 83 6 8 79 91 9 15 81 93 0 31 97 61 21 95 91 48 23 12 49 33 70 28 63 89 90 49 3 76 1 75 3 11 99 25 46 87 27 99 13 27 46 21 63 27 48 2 95 1 49 44 44 0 75 22 63 33 17 44 23 26 92 33 37 42 80 61 47 58 75 65 3 4 67 42 42 30 87 21 2 95 50 32 34 99 64 10 34 25 74 74 20 32 32 11 93 32 19 38 22 22 36 12 14 42 5 77 76 28 13 51 16 85 71 71 84 33 100 21 13 21 80 52 29 56 4 90 64 68 81 60 98 16 60 54 31 54 43 28 59 68 53 83 82 60 47 99 37 50 79 95 67 37 56 68 77 80 13 46 69 64 56 4 75 79 96 19 69 46 52 28 73 73 61 42 83 17 77 84 52 29 93 46 65 82 81 20 4 85 79 26 54 57 92 77 72 53 6 65 65 73 15 13 48 70 35 18 24 47 93 72 74 88
29 77 95 35 1 64 77 23 12 63 37 35 85 99 44 48 66 66 45 70 85 91 64 81 52 72 34 7 11 32 81 48 36 64 12 65 6 81 25 84 70 22 34 26 44 87 85 22 33 94 54 10 57 99 90 27 22 59 46 23 89 2 73 81 24 42 23 45 8 56 16 73 47 97 49 21 83 38 12 87 55 99 90 74 65 65 56 54 91 42 41 66 52 31 5 95 34 54 69 7 79 36 34 57 5 44 91 87 52 31 24 80 35 97 49 94 12 15 74 56 59 53 78 41 35 43 89 73 41 57 36 98 40 37 1 62 83 52 0 57 61 18 33 42 65 9 52 28 21 24 50 89 34 63 60 17 85 98 91 13 19 83 56 47 84 27 84 69 76 9 82 95 5 39 81 50 36 92 64 44 99 74 17 41 87 58 65 31 86 65 26 15 47 94 17 78 90 64 68 42 96 55 76 68 25 26 50 42 52 99 59 98 65 13 67 14 61 47 69 51 52 30 40 22 75 8 2 89 17 57 77 63 56 27 0 90 14 85 96 96 11 59 45 60 24 76 43 67 80 58 48 8 32 74 4 19 0 60 56 19 14 8 4 96 67 31 34 89 61 70 100 21 56 61 91 96 100 32 17 76 59 7 41 84 66 71 36 34 35 70 54 10 84 23 68 53 46 44 32 4 77 0 92 61 47 90 28 41 38 85 50 45 25 91 78 69 0 45 92 32 79 31 71 94 97 4 47 73 69 13 20 34 55 56 29 79 58 14 88 68 93 55 88 85 13 32 32 66 85 81 81 100 51 42 23 73 39 33 41 47 22 44 84 43 32 62 32 79 33 61 21 22 84 60 99 83 54 12 45 57 93 58 94 37 96 22 60 89 36 66 23 6 16 67 72 79 69 9 16 89
38 23 0 86 75 42 53 11 51 51 61 33 22 56 15 32 19 59 84 63 29 96 30 23 69 66 67 4 12 63 22 53 74 23 30 36 96 68 10 12 35 52 82 40 91 74 100 3 72 4 98 46 43 86 23 51 17 17 10 64 28 62 53 43 35 43 51 76 17 22 38 64 99 83 84 26 0 7 70 9 33 68 14 82 1 3 71 89 83 0 40 4 24 45 48 88 74 13 52 44 29 4 62 40 19 96 42 58 19 52 85 31 74 19 74 29 5 33 91 51 98 77 94 3 47 17 64 67 96 44 13 73 71 9 62 22 58 33 53 71 47 29 5 60 96 1 11 4 100 7 10 11 82 96 96 99 51 10 70 12 63 75 39 63 85 93 92 13 59 81 75 55 71 66 8 85 77 82 14 100 3 14 53 32 12 82 24 91 89 53 32 51 91 97 42 55 3 22 51 94 74 26 59 55 30 21 97 40 27 75 64 76 5 100 2 69 83 70 37 20 22 1 36 53 66 9 5 49 7 77 60 60 99 11 19 36 12 78 5 100 51 90 3 69 35 55 18 3 28 41 16 5 56 90 45 19 18 14 62 35 85 44 5 84 55 14 60 57 35 34 50 42 57 93 100 4 60 32 32 67 81 60 53 16 94 75 52 93 4 71 89 34 75 57 13 77 2 34 5 6 18 38 74 34 49 35 32 61 28 37 29 88 75 47 54 82 100 30 59 43 8 78 50 72 63 7 58 22 99 70 20 77 30 86 84 81 36 68 8 39 10 29 0 90 49 73 60 77 64 75 9 91 50 76 71 78 7 64 28 97 33 80 45 5 71 49 57 75 56 16 86 12 45 24 5 34 80 35 88 52 46 68 41 26 24 6 52 62 27 62 78 23 61 16 52 33 51 40 44 20
59 7 97 69 65 53 4 82 48 78 49 43 5 19 69 91 7 99 96 44 74 28 44 16 51 43 23 35 64 30 56 11 34 3 37 69 76 13 98 79 84 16 6 16 8 62 16 71 15 13 79 51 76 12 1 90 78 30 57 28 71 48 33 76 8 79 44 38 43 48 56 96 96 51 4 72 45 51 46 100 50 13 78 33 67 53 87 6 39 59 30 69 35 10 68 27 37 51 65 66 22 91 30 58 44 11 57 86 6 38 0 61 50 4 33 25 30 32 10 25 12 58 45 42 34 45 70 17 62 99 89 19 76 10 63 42 59 70 4 78 32 51 35 26 23 98 45 50 42 85 41 49 40 70 93 29 51 79 100 16 49 60 7 93 97 80 82 88 23 13 56 70 36 85 57 91 74 53 76 52 14 32 8 34 98 96 100 82 34 29 0 47 0 13 16 13 11 93 3 100 35 81 79 94 89 95 0 94 74 3 5 6 4 29 34 56 83 17 90 87 88 14 72 15 56 34 65 12 37 47 65 10 52 9 97 59 29 15 39 78 75 33 77 50 21 36 24 71 85 59 45 52 92 58 95 89 49 1 62 32 19 9 16 17 12 35 92 8 95 39 72 13 22 59 1 29 11 4 69 83 92 74 21 15 86 64 53 30 33 92 55 17 71 49 45 50 52 73 44 52 0 12 15 69 12 57 31 26 56 63 66 33 6 78 86 66 38 68 87 63 26 24 93 82 33 19 57 29 21 53 61 75 32 6 54 76 52 97 76 58 86 100 39 68 78 22 8 75 85 57 55 75 45 38 98 9 48 43 35 91 19 52 94 64 48 18 69 94 7 96 47 34 32 15 55 85 87 82 3 32 41 66 21 32 36 96 28 25 12 63 46 68 34 15 29 63 55 64 47 19
43 29 6 80 1 12 68 46 66 71 68 72 46 80 84 35 48 57 40 94 60 75 11 15 27 22 80 4 15 95 37 87 58 24 95 1 42 1 1 48 59 41 92 18 14 72 36 66 5 1 8 93 32 89 1 92 82 94 5 38 87 60 27 21 67 80 5 2 11 39 24 63 11 67 0 63 6 4 91 47 84 34 53 51 26 20 87 99 66 99 45 41 2 53 78 14 9 1 24 66 25 61 17 80 72 53 31 95 49 74 47 23 14 37 68 95 87 53 98 31 40 20 4 2 87 99 11 46 52 85 14 46 15 81 62 63 56 34 16 30 2 28 3 78 63 40 28 29 21 73 87 42 47 14 90 2 11 36 75 64 59 59 28 100 38 57 3 5 97 18 78 21 35 36 89 71 75 59 2 70 12 43 25 70 79 95 40 25 1 72 48 0 60 91 61 34 81 76 83 69 99 8 89 31 84 32 45 31 34 51 13 80 75 24 52 48 9 5 7 49 24 53 74 13 62 81 84 69 3 14 59 90 75 24 64 12 29 87 74 37 38 29 72 93 48 41 14 31 75 85 7 45 18 66 96 22 76 42 40 15 37 42 40 18 99 37 4 28 100 59 1 25 33 12 12 68 78 91 24 24 34 57 80 45 91 89 43 3 24 34 81 28 17 33 96 49 19 83 82 22 0 62 34 49 20 55 67 19 26 66 31 92 18 19 64 33 69 16 66 60 51 92 47 56 23 72 2 68 11 79 69 95 3 53 0 10 71 56 50 19 83 3 22 66 68 36 63 19 88 97 44 32 60 34 71 16 49 29 84 34 80 88 60 20 6 8 100 74 82 47 8 37 72 3 8 17 32 67 28 66 58 61 28 76 93 4 68 0 10 9 70 22 35 33 29 4 4 53 14 3
30 16 31 62 23 57 93 52 18 50 20 11 56 1 64 62 27 26 84 95 11 88 28 25 22 23 41 58 19 3 31 31 68 42 20 92 52 70 43 56 78 55 79 39 12 79 81 22 10 71 22 52 7 45 64 72 92 94 18 16 26 7 55 31 35 92 21 5 60 62 10 1 58 57 56 19 21 92 9 94 59 31 62 100 73 39 20 23 73 76 32 41 52 28 88 84 82 92 60 28 49 59 26 67 30 61 64 62 29 78 75 56 21 85 97 23 90 45 78 58 86 27 95 41 100 41 67 38 69 99 37 4 60 88 33 53 31 56 58 86 81 1 5 61 82 76 78 74 68 54 80 5 10 46 16 100 2 93 96 5 27 8 85 76 19 69 62 90 11 16 10 93 70 52 5 48 39 21 68 16 0 69 58 91 15 17 60 48 31 1 78 32 99 29 89 19 50 41 44 7 0 76 47 8 66 46 98 35 80 79 54 63 16 19 47 0 35 32 75 4 63 93 66 39 88 90 51 49 57 58 1 85 59 71 91 100 10 94 12 46 63 73 1 4 82 99 49 1 61 86 42 51 1 58 33 7 54 31 80 33 61 55 42 38 18 24 23 85 20 31 33 11 93 71 58 18 85 97 10 37 93 100 92 16 37 52 77 18 44 74 91 17 95 65 14 61 57 25 73 26 56 70 49 21 64 88 46 79 36 83 83 94 5 70 23 81 95 27 5 79 80 50 13 17 89 51 58 92 93 4 76 4 51 21 99 10 60 15 15 21 54 9 87 45 46 21 6 87 22 49 63 29 36 19 32 96 89 70 20 13 80 43 75 94 40 100 22 74 71 98 5 50 17 74 21 85 12 48 25 77 97 88 9 62 20 59 16 85 85 25 100 16 27 54 75 31 36 23 83 72
30 66 78 6 66 96 70 34 70 55 4 83 12 30 72 13 21 75 45 0 89 95 42 61 20 23 46 80 28 2 0 47 57 22 58 64 25 33 95 99 91 71 31 91 25 21 45 63 33 51 44 24 8 25 15 10 44 21 1 94 49 8 35 50 11 47 85 8 64 47 41 83 81 64 97 54 34 11 66 23 8 41 72 58 39 4 97 52 21 40 37 8 58 47 64 57 83 80 3 35 22 81 5 64 72 83 74 98 50 31 82 42 14 8 87 90 42 34 17 83 98 95 22 9 20 76 20 4 24 24 19 90 17 11 3 13 85 12 45 26 9 24 60 22 57 30 94 80 99 8 40 40 90 54 54 31 54 93 42 69 20 67 67 22 97 60 24 64 15 21 76 91 30 88 32 52 7 7 81 74 19 21 77 7 73 100 51 1 50 47 8 56 24 12 24 72 43 5 15 24 19 85 59 63 12 0 99 24 63 41 0 5 96 13 93 63 85 8 17 38 98 30 11 33 47 38 79 84 29 79 32 9 97 79 95 25 81 24 93 61 99 40 53 41 27 83 75 40 57 35 65 65 87 20 96 41 36 49 72 66 47 0 44 0 15 68 47 32 35 82 18 94 17 38 99 41 16 90 78 56 78 68 47 43 23 100 19 20 12 53 90 93 8 96 99 66 23 96 61 100 25 7 0 25 34 13 45 77 23 16 1 52 31 77 67 11 83 15 96 28 12 34 88 5 52 51 10 92 75 0 28 76 78 10 92 1 4 27 4 54 64 98 13 90 68 97 26 7 31 14 42 47 45 50 14 66 67 57 30 60 93 37 84 14 92 76 76 43 83 17 67 83 90 73 71 70 92 13 33 9 87 23 47 76 1 52 31 58 36 55 82 90 61 100 27 78 4 83 63 67
31 60 66 5 100 57 12 62 38 47 13 1 14 38 72 34 11 0 40 42 32 54 74 65 0 0 91 8 0 48 85 33 88 98 75 29 97 34 6 20 54 13 1 36 83 45 85 69 52 25 90 3 96 7 67 14 2 54 2 51 51 34 96 84 85 88 3 56 40 50 0 36 37 62 6 56 17 59 74 31 100 49 93 76 80 71 84 56 68 61 54 60 28 76 68 73 65 9 28 65 91 28 79 87 70 3 16 84 91 89 47 53 79 38 31 39 5 5 65 49 67 9 89 59 65 47 0 100 39 19 55 42 77 97 49 86 40 27 16 26 83 8 16 38 42 45 69 37 61 96 45 88 21 79 71 35 33 79 56 81 25 52 31 97 34 31 13 25 47 98 31 15 76 46 30 90 25 18 85 52 29 42 38 82 88 82 40 75 91 0 76 39 21 21 70 9 23 66 19 50 97 64 5 34 31 22 56 48 60 98 14 60 92 92 56 62 46 7 19 44 34 99 1 72 96 23 1 99 42 54 6 62 100 97 30 9 50 68 52 58 50 96 80 66 59 32 64 21 27 23 21 88 52 89 69 95 92 72 72 7 36 0 24 71 10 92 95 90 38 66 55 24 44 20 89 15 3 21 93 97 9 65 74 94 99 89 43 62 78 73 88 5 63 55 14 43 47 3 48 9 93 98 63 46 50 11 97 9 11 28 67 43 69 70 31 69 5 22 10 48 78 97 64 1 12 78 56 79 52 30 7 86 96 84 12 29 0 78 15 40 41 92 72 79 56 19 12 80 23 17 87 84 90 89 56 58 91 36 40 3 28 26 59 59 1 82 2 56 62 98 22 88 9 26 71 51 81 67 89 63 46 55 3 77 83 13 15 35 12 94 18 66 67 83 86 38 50 10 99 92
46 42 60 98 55 72 74 11 98 22 63 83 13 6 70 32 19 99 5 77 91 1 14 96 78 78 87 64 54 15 62 91 90 68 9 6 96 56 20 8 10 15 71 53 81 20 18 95 23 16 5 67 74 51 28 93 65 9 11 37 65 80 9 17 53 6 71 16 94 56 5 39 82 68 59 94 97 36 18 77 100 10 4 15 24 65 97 38 86 61 4 41 87 36 17 10 32 58 52 30 0 25 54 42 90 39 48 92 31 90 39 33 32 14 56 7 24 7 47 58 65 8 70 45 19 94 20 91 49 18 76 61 27 94 69 80 27 54 53 24 73 65 36 62 8 72 56 59 65 69 93 87 94 94 15 20 9 73 70 26 52 56 8 5 87 63 3 85 34 98 15 29 0 61 75 26 21 19 31 6 20 51 60 99 22 7 5 23 2 18 21 17 55 18 97 66 69 96 46 81 58 87 26 52 29 96 78 100 57 47 98 14 50 69 4 17 25 72 74 14 80 2 88 65 80 95 30 25 71 96 29 10 63 13 2 63 88 1 16 65 5 5 72 38 2 29 39 16 10 13 62 27 81 58 89 89 4 89 72 43 12 88 54 68 44 30 53 60 64 91 45 54 86 49 79 76 96 98 2 98 55 35 10 30 61 40 9 1 0 12 88 10 7 17 91 83 95 93 69 75 88 15 2 79 43 95 17 59 22 72 74 90 11 36 40 51 62 44 40 11 26 16 5 24 17 80 54 33 45 80 77 5 97 2 66 64 51 7 44 8 37 6 50 85 44 45 34 78 84 38 46 81 8 90 24 65 91 71 72 10 38 48 17 27 74 65 72 10 99 50 74 32 65 47 74 91 32 85 73 39 23 69 30 99 100 5 41 51 92 90 33 27 77 99 60 73 37 13 21 96
93 78 91 98 51 28 66 24 69 100 56 26 28 100 79 9 72 60 66 65 2 75 18 78 34 13 90 93 21 84 68 0 80 100 28 6 56 91 27 69 38 49 41 66 64 79 1 83 69 67 25 18 59 44 16 66 93 97 5 7 62 43 31 72 78 66 56 57 23 6 94 46 30 94 92 68 92 92 27 37 64 15 29 6 13 89 19 59 56 38 57 42 25 73 59 36 89 87 70 92 85 40 32 40 71 9 18 84 94 11 26 0 43 54 96 5 79 92 93 78 66 8 34 70 72 99 37 43 26 69 11 33 38 81 77 84 65 26 38 95 73 24 99 67 56 33 98 82 16 55 22 76 12 89 69 61 74 47 70 97 43 56 35 50 50 96 26 16 18 77 59 3 52 15 100 63 40 49 26 16 13 80 100 35 74 65 92 64 77 23 79 62 7 60 9 36 88 75 7 46 61 10 18 2 69 47 47 26 84 82 85 6 3 17 55 67 98 71 52 49 56 13 5 6 9 33 76 41 35 48 78 77 69 33 24 77 100 72 63 13 93 79 33 26 80 24 33 47 29 81 23 98 29 80 28 55 68 11 69 55 1 62 81 73 6 9 59 3 99 83 17 31 94 33 9 55 85 20 100 32 22 57 63 63 74 38 21 59 70 90 3 33 53 57 15 79 91 14 37 33 19 57 42 91 48 72 17 81 57 24 59 54 28 45 94 2 58 83 67 19 93 73 4 2 49 41 4 71 97 91 33 35 78 28 82 73 19 22 69 45 59 19 4 81 45 73 49 7 40 51 28 45 28 98 36 19 1 23 34 54 26 70 51 93 51 15 20 54 41 59 36 74 31 14 77 33 39 38 83 53 73 39 37 27 96 23 76 2 58 33 17 50 90 29 35 44 34 98 9 53
99 8 32 67 46 27 89 75 97 26 57 90 15 80 41 55 39 89 85 18 37 11 6 93 82 59 35 85 63 63 73 97 46 39 6 97 31 72 72 19 40 6 97 56 40 72 60 16 95 48 71 61 100 64 57 67 95 21 12 100 47 82 51 58 50 37 3 79 100 22 30 28 90 6 59 23 32 78 84 42 75 6 16 82 30 79 34 27 84 88 87 18 82 39 37 93 69 43 81 6 29 5 0 46 33 71 29 49 83 76 5 60 31 16 80 64 86 55 4 21 30 6 48 20 29 63 72 56 13 26 6 56 97 35 83 57 51 65 96 98 49 39 60 92 8 55 99 43 88 74 38 10 16 79 13 52 82 19 8 33 35 66 44 69 96 29 20 68 60 19 27 5 33 3 95 77 67 10 62 69 46 74 62 87 5 31 9 50 87 82 45 86 54 32 71 23 33 4 54 57 3 73 70 53 65 22 37 78 48 0 68 59 80 46 79 11 49 27 64 71 61 22 92 80 60 78 65 78 0 24 76 21 82 67 48 38 42 53 2 61 27 12 56 0 39 74 1 70 34 61 5 16 72 19 29 30 73 59 86 49 20 35 81 84 96 52 93 94 71 84 23 56 43 30 21 46 31 41 12 69 75 66 61 63 5 8 20 79 45 9 65 37 91 29 74 59 12 3 6 49 12 57 32 97 77 52 87 87 18 24 11 75 44 37 96 19 44 90 77 100 68 0 11 37 77 79 8 41 77 57 53 98 97 4 51 9 2 61 56 72 9 99 35 96 100 78 80 39 23 63 60 3 91 37 91 64 78 49 72 4 35 87 11 44 42 30 39 10 25 42 47 63 3 41 28 49 24 44 98 48 81 25 75 17 55 85 13 35 49 46 79 32 52 17 72 35 12 67 88 11
21 38 8 32 26 76 7 62 97 31 94 48 52 9 74 29 63 76 75 91 8 21 34 2 95 87 64 30 47 91 0 0 70 8 3 64 81 29 51 26 17 80 22 60 62 88 84 16 14 30 70 15 53 9 38 7 62 79 90 70 79 63 39 4 15 42 83 68 44 33 95 16 48 58 5 38 41 74 90 48 29 93 90 92 30 25 64 96 25 92 20 45 30 23 3 5 91 32 44 34 1 62 17 49 20 38 13 64 3 41 41 41 66 17 61 1 91 87 46 19 50 69 49 56 38 82 19 51 16 62 65 3 26 97 19 48 30 53 95 69 5 12 49 78 56 32 9 28 33 14 31 36 34 81 47 90 4 98 25 74 71 27 89 14 89 81 56 75 48 60 81 29 90 45 80 85 29 95 77 88 55 31 28 23 39 45 6 66 20 26 90 22 9 18 6 57 36 64 35 67 10 73 77 58 93 45 46 95 13 47 27 76 96 83 86 99 74 18 58 71 82 57 46 33 51 87 62 100 57 53 33 96 71 91 73 20 87 37 54 39 56 72 94 88 33 97 86 45 45 70 72 90 44 97 56 20 36 48 21 10 60 34 46 2 60 50 2 96 97 9 47 51 34 48 58 17 27 58 53 58 1 80 93 89 92 3 24 39 96 57 96 32 67 20 40 92 53 94 72 48 57 25 2 73 15 25 0 37 8 26 81 34 33 42 6 14 31 57 83 66 12 19 0 82 15 49 12 80 60 46 0 96 70 17 83 49 25 20 6 14 86 92 39 57 92 50 55 26 50 45 99 10 64 52 14 56 68 47 70 0 2 71 54 5 77 9 83 14 74 64 59 62 51 98 26 3 81 81 75 23 84 70 87 79 66 31 20 51 21 30 92 0 16 65 42 59 38 76 60 49
75 17 94 72 65 48 77 72 66 4 81 87 68 25 82 10 15 77 65 64 84 4 48 85 92 25 18 86 62 2 8 58 42 11 45 28 57 83 76 81 62 89 20 88 96 7 37 100 83 99 91 85 23 1 19 34 3 48 98 98 12 8 61 90 41 46 34 32 38 51 20 21 89 26 86 99 39 77 74 45 78 48 87 6 25 56 98 25 57 95 74 95 59 5 13 2 86 18 16 62 20 21 79 64 63 37 43 92 57 6 38 26 49 95 31 93 2 64 77 27 47 28 63 84 89 50 63 46 42 21 21 87 86 81 71 64 41 48 87 87 86 76 58 67 91 49 44 92 6 53 28 66 82 46 83 25 96 61 62 71 52 40 11 18 83 47 65 56 71 99 95 65 18 82 95 7 23 91 58 67 66 51 88 52 62 35 75 29 89 42 65 85 19 81 88 98 88 62 100 97 78 22 17 93 40 10 61 32 77 71 26 12 3 49 27 5 20 62 13 21 20 61 43 54 16 58 25 53 27 50 83 47 97 12 34 38 1 45 17 86 99 94 17 6 3 22 34 29 33 25 93 9 21 86 98 50 54 54 3 9 17 47 3 16 76 12 8 5 8 73 99 33 69 24 44 35 78 90 70 24 98 74 46 97 99 32 24 99 86 41 9 99 10 84 99 7 51 61 94 31 93 20 19 77 23 60 27 79 50 39 18 95 48 42 97 80 9 43 65 18 18 99 85 29 57 97 57 75 26 85 90 66 88 16 14 15 100 30 61 52 20 37 85 29 59 22 91 97 22 72 0 6 31 71 88 1 60 51 28 50 51 15 51 94 24 25 15 33 62 82 46 86 36 28 38 44 19 4 1 59 18 61 14 70 49 83 79 8 48 38 68 43 8 4 46 25 60 39 7 51
46 94 64 29 90 20 43 72 68 53 60 50 5 69 67 59 93 23 72 29 47 1 30 72 47 100 45 70 60 48 6 94 7 1 57 8 60 100 25 90 82 23 57 7 48 55 100 23 8 75 8 54 33 15 42 46 60 48 80 85 86 74 27 39 33 28 95 1 8 10 80 73 16 39 37 27 58 75 89 99 13 49 94 17 7 4 60 42 9 83 71 51 9 67 87 76 23 75 51 15 77 33 40 38 49 14 87 34 33 53 78 43 79 37 58 13 20 13 63 10 24 40 79 53 23 73 42 29 65 58 85 58 58 83 31 5 87 59 14 98 6 69 79 5 5 12 9 99 97 26 69 85 5 26 26 24 52 23 65 40 76 86 0 67 70 43 61 91 20 39 76 90 23 56 57 13 86 53 18 79 52 99 48 8 74 81 88 20 10 100 81 57 70 86 79 4 22 83 26 23 79 99 18 30 15 0 23 65 67 15 39 20 7 98 1 6 7 95 61 65 63 96 79 72 81 97 50 74 30 41 44 41 21 72 96 14 14 69 96 77 7 70 74 82 81 13 19 13 16 95 66 74 31 78 64 52 74 71 100 20 12 16 40 54 44 1 96 75 40 54 30 32 10 51 78 62 99 21 91 0 61 76 84 54 8 54 26 14 37 28 14 84 80 45 45 57 82 57 1 41 73 78 54 9 92 5 65 67 9 35 43 62 58 37 46 26 93 88 26 8 81 20 39 43 34 61 44 82 79 53 91 52 87 41 65 72 87 17 13 5 70 21 41 95 92 30 31 72 56 29 66 43 74 6 86 87 25 40 8 60 36 84 65 52 75 87 45 8 5 86 61 16 71 75 15 27 49 25 92 14 18 43 91 72 16 19 72 81 41 25 96 51 43 60 56 39 30 79 38 23
1 85 89 90 80 25 38 93 25 62 97 41 39 64 62 9 54 92 77 38 39 96 34 66 15 26 91 92 2 51 59 77 68 49 94 77 86 87 75 85 41 39 39 51 20 35 7 68 11 91 68 11 80 54 69 35 89 51 67 14 38 61 71 98 61 9 32 7 70 8 24 36 28 16 23 95 71 15 43 39 48 91 59 68 39 87 77 30 88 6 95 23 28 39 14 16 96 54 99 16 29 47 50 85 70 0 93 58 86 98 62 71 75 38 34 96 31 50 19 21 89 69 26 78 88 58 65 33 67 25 72 75 49 87 58 8 67 96 67 92 63 99 96 63 53 59 50 43 79 95 65 36 8 47 27 79 41 30 11 29 3 77 0 4 72 78 98 12 20 99 37 38 5 85 58 67 11 22 85 62 1 30 19 95 59 39 13 49 20 10 74 76 43 1 79 82 50 62 58 53 33 5 69 51 20 12 79 92 75 54 51 90 44 39 78 56 68 75 80 29 27 11 23 9 52 95 82 33 27 41 19 70 34 15 70 2 78 74 23 15 78 94 94 33 40 20 19 25 24 79 21 31 20 17 45 64 67 71 95 41 42 90 8 75 20 28 82 31 5 26 6 14 95 77 31 26 85 89 41 79 98 76 79 59 44 35 57 80 20 9 38 94 11 35 17 74 49 29 34 32 36 42 56 22 36 11 44 85 55 26 80 30 12 64 100 75 37 89 7 51 49 64 80 37 18 31 10 73 51 94 27 19 37 45 75 62 38 89 74 40 38 76 22 19 51 45 47 39 50 16 73 59 100 73 74 18 38 59 74 90 38 67 56 60 19 30 73 1 83 40 4 45 26 42 98 96 66 72 91 58 39 7 91 68 91 96 96 80 45 29 56 77 8 35 3 9 84 18 59 63
0 7 16 66 82 30 65 90 68 48 97 15 59 14 77 22 99 35 13 46 83 46 35 56 69 53 48 45 64 19 21 19 22 0 60 97 39 64 29 16 100 91 12 98 11 17 38 37 78 52 76 56 17 19 94 54 43 54 51 21 67 66 1 28 43 66 68 82 91 88 91 84 75 24 69 56 51 34 57 42 83 44 61 14 86 8 32 92 0 2 39 20 34 28 70 81 58 9 33 92 91 96 85 82 4 84 100 45 38 56 19 92 73 42 81 61 8 45 34 69 18 42 59 55 40 82 23 73 58 71 13 75 42 64 84 36 91 84 0 13 4 28 53 48 46 26 17 39 99 1 62 86 95 30 63 21 50 89 41 17 10 21 9 11 59 51 11 54 16 100 68 20 39 8 92 68 99 57 61 85 50 63 68 12 70 29 20 47 100 56 65 52 21 44 28 5 95 49 24 67 33 65 70 26 36 7 34 67 16 81 50 34 9 91 57 99 39 59 16 37 6 15 60 49 59 72 83 67 80 23 19 4 17 87 76 47 49 82 17 65 41 40 26 41 25 15 67 47 94 92 11 61 93 63 54 43 21 73 50 79 90 93 34 58 74 52 11 37 31 69 90 0 36 43 64 72 31 68 5 39 54 15 64 48 25 37 98 70 88 68 53 11 30 18 26 99 84 52 8 11 4 98 72 50 93 11 82 35 89 40 39 96 1 73 44 37 52 92 2 16 59 50 69 16 97 70 2 0 57 59 63 64 30 83 48 46 22 80 8 49 17 62 71 69 77 72 21 69 41 10 56 97 49 46 59 55 60 30 87 27 46 49 0 22 82 49 32 67 19 5 37 20 60 53 14 48 87 33 80 25 62 52 74 8 11 4 10 71 45 32 35 96 94 98 80 6 80 23 38 96
82 81 12 92 38 23 97 96 87 62 6 47 65 53 86 16 97 58 59 98 24 2 27 72 49 30 99 44 89 75 83 37 80 95 62 27 99 76 31 61 41 20 38 99 93 1 87 64 40 57 35 74 22 9 89 71 19 36 57 53 81 91 51 64 70 43 51 19 82 36 100 97 36 87 87 11 29 81 88 87 0 56 15 37 90 68 78 21 6 14 70 2 30 78 62 29 15 63 70 89 24 91 55 100 57 31 57 47 65 28 35 64 19 0 61 10 58 98 73 80 42 47 89 63 12 53 57 32 81 53 70 31 40 17 40 29 29 90 12 24 54 1 93 50 59 73 51 40 29 18 28 47 55 4 29 3 82 30 26 74 44 90 78 60 66 40 76 70 51 38 22 57 83 71 70 11 35 64 14 35 58 36 29 70 100 27 19 46 31 76 35 98 20 74 23 5 53 94 81 29 58 42 57 17 15 42 83 12 12 27 59 50 18 91 45 25 16 57 25 77 87 90 91 11 14 46 15 77 57 13 71 38 5 92 77 67 18 79 22 29 79 1 45 5 75 78 56 39 60 86 41 32 78 81 99 7 16 8 77 30 6 88 4 12 87 28 16 27 59 47 23 29 76 91 65 71 42 86 55 37 0 89 9 17 56 25 69 62 36 6 23 31 62 34 44 20 28 47 22 14 10 12 94 41 91 2 50 66 54 74 72 89 18 56 4 54 33 55 0 53 93 33 4 3 30 4 12 41 44 39 78 46 78 90 10 70 88 19 83 12 13 36 43 9 10 96 27 29 97 45 63 2 85 68 25 34 22 49 22 84 98 53 17 17 67 87 71 10 34 64 51 24 37 96 28 76 76 20 35 53 54 73 3 34 70 32 70 80 24 2 4 56 5 75 23 68 22 88 2 83
6 49 67 31 13 21 63 62 71 7 73 61 35 62 14 58 26 51 79 39 54 37 32 94 46 67 36 81 11 48 87 91 24 47 53 92 74 74 95 72 21 20 2 8 34 9 74 92 42 7 37 82 85 49 86 59 35 66 60 46 39 38 68 12 56 15 68 6 16 84 45 59 97 96 15 92 65 45 36 7 37 66 60 18 52 36 37 81 3 34 19 92 39 68 22 53 3 81 3 79 7 94 93 100 64 64 9 91 21 32 80 55 75 61 9 86 64 76 41 98 91 62 57 7 12 97 23 62 26 72 30 93 26 69 32 35 34 27 96 18 37 69 51 32 46 34 28 19 84 43 96 12 64 6 69 98 47 27 50 81 11 95 93 6 95 93 65 29 39 5 74 71 23 71 19 86 64 48 21 8 63 69 60 37 19 98 1 96 99 43 48 80 52 86 85 91 69 45 21 51 16 6 57 10 17 92 52 32 99 87 12 16 27 55 52 69 77 29 81 70 53 73 0 40 76 36 60 70 5 51 99 26 11 18 3 92 52 48 20 76 85 6 51 86 3 78 98 37 22 4 7 79 1 21 80 77 92 30 85 9 10 52 10 5 81 55 4 52 86 94 52 92 12 18 12 8 8 29 40 25 97 95 62 8 74 65 73 21 25 15 54 42 76 59 70 63 15 75 93 15 39 15 29 77 5 84 44 55 56 96 91 67 40 67 76 55 35 37 4 75 19 75 49 79 20 28 14 60 90 74 2 26 38 22 19 80 5 58 60 100 84 7 94 20 2 61 70 82 62 7 41 7 29 74 52 37 18 72 28 59 31 53 71 87 11 88 27 23 5 39 8 44 69 55 75 100 50 92 0 28 94 79 38 47 67 37 88 97 58 76 60 49 60 80 6 8 9 58 53 70
81 13 90 97 98 89 6 43 14 17 14 52 13 44 80 46 8 20 58 60 47 3 5 7 80 21 27 57 99 70 16 3 6 67 82 86 11 58 23 28 94 53 90 39 89 76 93 99 48 58 36 23 20 68 73 52 68 76 25 82 2 33 81 70 71 87 49 27 100 45 95 32 69 36 64 75 78 44 32 81 79 28 86 81 32 55 33 60 85 7 90 71 62 50 0 56 78 61 53 52 23 28 86 67 21 14 10 82 15 92 93 19 91 89 68 95 86 32 83 30 38 82 12 90 25 73 37 46 98 78 15 71 53 39 22 40 8 10 5 53 64 35 19 70 48 52 72 94 83 92 43 64 72 46 66 96 62 69 96 42 52 10 89 96 22 49 1 29 90 27 91 63 48 1 91 31 67 98 41 84 73 27 67 39 9 33 17 26 70 74 59 66 71 24 48 67 67 4 0 91 68 22 61 3 18 13 78 56 39 25 22 90 89 44 81 58 52 48 21 62 51 18 62 58 51 54 32 81 75 63 74 37 84 58 1 5 25 34 40 80 61 59 35 90 10 62 63 9 60 76 17 85 84 81 13 53 38 69 17 44 22 77 41 70 61 85 4 84 45 57 90 23 63 23 29 72 81 33 16 41 31 30 9 28 2 77 55 16 93 32 7 97 70 11 65 18 62 85 2 26 82 67 52 2 100 59 45 18 98 88 13 76 64 15 12 5 52 38 15 72 95 65 31 49 3 68 24 17 88 61 95 89 76 12 29 60 77 71 54 90 25 43 11 61 91 75 87 45 4 94 34 63 93 64 47 1 0 77 82 92 4 42 69 99 66 57 94 31 84 38 77 90 63 81 46 42 67 5 26 3 64 0 4 69 79 34 84 15 52 30 100 96 69 7 59 27 13 19 67 45
98 41 19 43 11 39 90 9 79 19 21 1 48 25 65 98 57 51 86 51 75 37 77 91 94 62 60 83 18 41 5 84 36 90 2 10 15 75 85 55 22 56 52 14 37 12 29 55 48 41 99 48 26 62 1 49 48 62 28 61 16 54 63 93 22 36 88 75 11 72 98 4 27 53 97 45 90 85 2 26 83 40 36 60 57 67 4 38 8 93 97 61 29 54 29 44 79 67 55 6 7 39 47 47 48 4 74 22 80 10 41 46 96 67 78 60 55 77 45 100 12 83 70 52 52 71 0 16 18 93 80 42 63 55 78 38 29 11 71 30 1 93 65 75 86 38 29 4 47 91 77 7 26 66 68 9 34 22 44 42 14 79 58 89 53 55 70 57 50 96 4 87 36 11 26 0 99 47 99 1 58 80 27 90 32 27 32 68 8 41 63 52 94 21 35 50 90 16 55 53 18 36 68 4 4 55 18 46 48 30 90 45 47 50 69 11 93 12 57 52 58 84 71 29 57 27 6 73 59 2 4 86 17 88 15 88 0 11 43 28 41 89 91 18 37 49 14 68 57 41 29 15 85 36 1 70 10 54 57 59 90 24 15 14 11 88 76 18 14 8 20 66 96 45 82 96 54 59 26 63 39 95 1 16 90 61 82 64 47 0 45 77 78 81 51 60 84 24 70 95 7 70 54 81 100 92 99 70 62 20 34 14 73 11 46 11 73 38 0 45 65 14 29 81 5 68 86 69 56 10 60 16 47 9 40 11 14 52 7 44 21 75 19 22 59 31 16 39 0 36 71 90 44 83 37 25 31 50 6 43 20 19 32 59 90 95 24 40 57 20 58 9 50 38 19 15 87 33 61 16 87 25 12 49 67 54 47 24 71 34 44 27 59 58 17 8 26 66 84 55
61 5 75 23 21 66 55 24 13 71 56 26 42 63 23 2 52 56 66 30 46 58 32 90 80 14 39 22 74 54 100 7 52 25 2 65 1 92 29 21 10 27 38 34 66 17 46 45 26 65 72 73 62 28 91 46 21 48 75 54 39 4 18 95 99 82 66 41 21 3 59 77 43 50 50 73 24 33 61 61 57 33 67 68 8 62 19 83 64 84 14 45 90 11 54 86 89 32 16 71 97 59 84 47 80 6 38 53 86 19 5 62 47 21 78 16 66 79 92 42 62 29 19 80 99 0 32 42 35 32 39 79 91 90 87 29 44 28 23 72 35 29 52 50 33 1 83 75 38 67 32 13 4 70 30 51 41 30 95 81 61 9 57 22 53 30 50 76 15 50 11 71 99 48 77 22 26 1 99 25 26 34 6 10 14 23 42 74 62 29 87 55 20 33 45 4 72 22 52 22 0 93 40 48 17 69 67 75 19 15 99 10 84 45 35 55 100 16 84 49 3 73 41 7 22 43 6 34 42 73 20 56 34 57 96 47 49 3 63 96 36 78 12 92 81 23 7 66 36 11 24 86 27 49 13 69 69 97 56 41 73 50 56 62 44 6 72 88 100 56 32 22 83 42 35 12 25 18 55 87 90 2 74 52 85 64 28 86 22 2 3 92 97 31 64 63 97 76 1 0 9 24 9 51 32 62 83 4 46 38 34 41 95 49 58 49 72 38 80 92 14 47 75 0 6 25 93 52 22 51 9 30 62 33 45 100 67 72 13 54 84 9 41 3 68 56 70 60 2 82 91 82 16 11 80 22 52 79 31 23 58 58 83 30 2 83 11 40 56 16 19 99 87 21 32 56 68 82 92 72 65 34 78 4 90 2 79 78 59 8 43 43 93 47 100 15 41 71 45 32
8 95 85 92 91 51 36 47 52 90 18 95 95 63 52 16 60 78 72 71 61 8 26 49 0 67 28 19 94 8 99 46 48 21 81 39 71 48 65 30 36 85 12 41 20 5 2 43 39 29 28 24 8 59 32 88 11 9 37 69 81 92 55 91 58 79 92 48 66 73 59 65 62 40 89 97 48 47 83 97 5 31 20 58 37 34 0 100 13 39 27 49 12 49 81 75 41 95 21 28 10 89 91 98 21 11 56 30 56 72 63 35 91 17 76 36 66 14 6 63 31 11 29 75 77 53 69 60 62 97 91 12 46 30 66 29 26 8 90 69 76 93 100 98 9 34 36 64 34 22 51 78 98 8 91 26 17 27 79 55 70 4 17 52 3 54 7 1 54 95 94 92 41 34 44 33 52 84 42 16 88 96 80 58 93 68 99 74 65 85 33 92 15 99 68 17 71 6 23 76 95 90 19 96 22 100 48 74 7 23 89 55 4 95 51 89 12 6 0 98 33 86 8 58 39 1 6 80 48 83 34 55 82 61 43 81 55 12 71 93 84 46 68 34 13 93 30 88 88 83 55 35 5 92 73 80 58 46 64 50 8 70 86 39 13 58 56 81 94 0 3 61 92 12 34 20 28 3 18 45 39 52 41 94 50 64 59 70 13 25 44 19 38 98 88 0 68 57 32 10 56 13 77 95 81 94 22 46 20 75 56 70 65 65 28 85 61 74 56 10 34 98 6 82 75 34 17 6 18 47 37 14 73 42 24 51 22 94 84 6 91 58 35 64 83 79 53 97 12 95 54 92 1 27 63 99 32 88 0 32 13 60 98 3 62 24 4 41 52 17 4 55 17 6 31 48 86 63 24 57 82 39 37 100 4 58 29 60 24 73 45 37 70 50 76 65 16 7 3 96
10 16 82 8 25 44 80 59 76 82 41 42 29 9 87 47 65 46 34 74 58 30 82 8 23 53 62 25 68 53 37 1 94 51 53 82 28 46 46 66 41 45 36 59 10 84 54 57 52 77 2 62 0 64 84 40 84 62 40 80 49 64 11 15 48 48 44 1 73 96 4 68 61 16 33 79 98 3 86 8 46 100 42 60 65 56 15 58 70 17 21 24 29 58 13 28 77 41 10 10 78 20 98 16 28 32 97 76 15 92 32 18 46 92 25 53 46 18 26 99 57 50 33 35 63 34 82 68 28 63 95 19 0 82 14 68 33 90 32 23 63 62 32 29 20 94 84 20 5 75 98 9 18 51 66 15 96 83 0 81 18 20 34 82 53 47 25 21 96 2 2 17 6 84 57 54 86 75 83 37 60 85 34 79 67 38 29 19 77 72 75 26 41 68 24 42 39 35 32 12 78 94 79 58 84 16 76 4 63 88 89 43 94 0 31 91 3 21 81 40 33 50 98 33 72 96 58 90 18 43 35 63 10 52 72 86 56 99 94 21 35 59 76 83 50 90 49 43 24 80 37 62 55 88 52 20 46 8 25 59 88 54 18 88 40 68 14 68 38 9 58 27 40 73 38 49 86 85 42 91 80 93 22 23 49 87 37 92 44 11 81 15 14 12 68 45 4 49 86 13 71 80 46 13 38 57 93 52 24 100 100 46 88 13 36 37 2 63 94 24 57 56 87 74 24 26 19 14 0 48 7 18 6 77 92 47 70 84 61 54 55 19 82 5 79 33 99 29 8 21 76 80 30 23 70 6 91 51 14 19 37 0 94 35 40 27 83 7 0 48 9 16 78 35 9 4 92 87 38 72 27 71 47 50 11 61 69 35 96 92 6 1 6 8 78 50 52 16 14 69
55 50 45 64 82 1 93 75 37 37 81 69 70 18 94 9 14 70 87 62 36 68 11 91 97 97 35 90 85 32 72 96 70 47 81 49 3 17 7 46 71 68 63 52 95 73 6 3 1 98 50 100 9 99 21 15 8 19 87 36 36 69 76 52 58 4 36 31 33 73 4 25 13 10 44 0 97 41 35 45 23 16 3 52 80 46 70 58 91 95 88 36 87 12 55 72 41 40 55 50 96 57 58 27 67 39 61 66 93 79 12 89 24 85 37 25 26 24 90 92 61 42 69 13 65 29 97 77 65 95 63 83 72 11 47 72 72 43 59 34 89 78 28 91 92 28 97 42 69 70 30 14 96 12 71 82 9 83 47 87 29 36 84 16 78 99 22 31 29 42 5 5 22 3 85 76 39 33 30 4 23 31 10 59 65 83 73 91 25 3 14 10 16 13 69 33 85 92 78 71 41 14 33 85 64 21 6 49 87 92 83 36 22 10 0 90 6 1 37 93 21 25 17 3 25 25 41 36 23 46 60 39 83 86 84 82 45 63 21 60 82 50 74 7 51 8 52 46 70 98 48 14 93 98 20 32 66 2 40 37 85 21 14 92 86 40 32 59 6 66 19 10 59 86 18 28 53 65 91 58 72 97 60 16 4 46 40 50 29 53 51 8 100 69 61 35 95 16 96 16 9 11 26 59 86 95 96 69 4 88 84 30 90 60 35 4 20 33 45 44 68 36 15 25 91 36 39 10 83 16 81 14 71 79 53 91 39 93 96 27 73 90 66 11 86 12 75 74 75 25 74 60 38 56 28 42 48 32 84 31 77 81 70 53 5 79 90 52 47 45 3 3 59 56 5 12 80 14 18 11 56 43 9 74 55 68 84 21 5 41 13 52 30 26 64 34 67 46 36 76
46 97 8 63 12 81 15 11 44 91 44 67 91 30 58 12 70 45 46 90 73 7 28 33 30 94 100 38 52 98 13 95 54 5 34 36 54 47 39 62 34 26 57 29 86 63 47 74 30 86 47 81 72 23 8 59 64 70 21 63 22 13 58 97 74 21 88 75 90 44 70 12 57 20 92 16 56 9 92 65 63 51 15 95 99 68 45 17 38 43 33 44 56 76 85 91 87 77 89 0 81 30 72 57 3 39 46 39 82 53 21 87 58 25 38 92 35 83 78 80 79 55 18 62 44 60 44 31 91 84 92 45 68 80 79 36 25 94 34 72 83 45 74 29 36 2 13 2 43 54 23 74 48 44 44 45 53 22 45 14 79 31 4 64 96 44 26 76 29 97 75 69 55 2 45 20 3 93 27 67 19 16 83 56 70 50 19 69 36 50 32 56 9 4 63 31 7 52 16 44 72 79 84 84 33 24 20 99 20 99 25 99 6 56 42 19 75 14 5 29 15 75 71 60 0 34 73 92 65 27 29 100 19 100 32 67 42 5 1 11 40 78 78 45 71 52 87 64 84 83 5 38 84 24 79 42 92 17 14 46 20 21 33 65 57 53 64 78 50 71 1 30 66 49 51 8 14 77 55 49 90 23 83 11 64 63 22 89 80 1 70 71 85 72 56 79 50 96 95 55 40 5 8 67 36 42 50 91 45 84 56 90 94 44 71 43 66 9 34 61 29 7 15 81 63 9 77 19 36 48 52 98 11 31 91 7 21 13 20 78 95 22 52 96 36 84 43 95 85 89 42 29 81 9 25 1 8 51 50 21 93 50 55 11 37 95 77 90 32 77 41 31 14 89 100 97 36 37 26 35 33 80 62 42 53 25 45 31 7 67 68 28 85 94 36 92 31 1 39 73
22 39 93 84 15 8 92 73 29 18 35 41 75 76 6 54 21 56 50 47 2 100 21 54 42 82 12 18 56 52 50 38 53 98 14 27 24 70 8 88 22 90 91 29 69 68 89 8 19 83 14 95 77 58 97 52 64 40 8 98 99 88 48 35 61 63 68 24 74 47 23 87 99 92 30 42 54 29 35 30 5 35 38 93 35 79 60 8 96 73 24 6 88 25 83 18 35 63 27 19 71 6 24 62 25 23 60 15 66 9 99 39 29 52 20 5 47 82 100 69 86 28 40 77 32 53 69 14 57 15 7 26 21 88 61 40 25 27 74 18 17 73 34 83 96 12 43 87 14 23 65 55 93 67 98 24 18 8 6 41 84 76 3 94 71 15 41 86 46 36 42 14 98 66 31 77 49 93 44 59 18 52 41 55 54 42 83 69 48 82 93 90 27 16 92 67 71 76 20 43 6 28 14 13 61 39 70 4 95 10 18 92 62 70 65 21 26 4 36 98 77 94 78 66 29 31 73 23 72 42 44 87 91 6 62 10 27 6 78 61 15 66 85 100 33 83 68 56 30 95 19 22 17 1 36 97 39 56 31 96 97 12 17 21 82 23 45 29 28 85 43 20 49 15 3 54 72 37 1 42 65 47 93 15 15 84 5 52 91 48 90 28 100 61 100 25 93 37 100 96 17 68 78 19 48 100 20 95 10 78 78 2 59 95 11 1 10 37 4 45 45 65 0 31 13 82 78 15 20 87 84 32 20 57 85 42 51 53 45 100 97 33 62 27 86 26 82 53 23 76 50 14 36 95 59 51 41 29 87 51 13 48 35 88 81 59 28 41 70 86 32 61 12 46 15 24 82 96 85 36 86 7 15 50 97 58 90 54 49 15 85 6 76 72 37 54 71 7 29 59
22 64 1 32 28 0 9 77 67 59 33 74 6 52 18 14 80 20 25 73 30 76 52 100 55 16 84 66 41 66 2 33 82 75 97 68 53 29 46 9 17 36 66 13 0 88 7 72 58 62 1 12 79 72 71 58 36 68 13 37 86 77 72 91 86 84 41 71 16 4 59 22 1 50 20 50 50 17 53 17 45 95 11 81 10 15 32 26 5 84 81 80 29 96 37 98 12 59 33 12 9 93 81 60 72 21 60 68 43 38 93 22 67 67 75 86 47 73 91 87 32 42 59 32 98 29 54 93 61 55 64 58 31 12 79 9 77 9 70 34 29 1 19 66 29 59 98 83 65 21 98 91 10 22 39 71 94 72 41 8 98 68 63 51 10 47 76 15 39 79 56 36 77 93 26 88 32 8 25 91 68 42 18 30 54 4 33 3 84 79 11 93 33 42 55 44 72 55 67 80 10 85 49 44 21 56 48 68 67 64 77 25 58 67 85 12 14 7 39 65 71 11 56 79 92 91 14 33 46 58 69 18 37 99 3 50 79 91 34 89 65 22 36 8 80 97 92 53 33 36 17 54 6 78 79 47 11 83 54 62 71 11 34 55 59 31 97 16 74 30 95 64 29 61 86 61 18 89 96 61 59 6 75 97 9 30 26 94 79 4 96 79 22 92 45 100 10 17 51 26 64 73 86 99 93 52 51 71 10 69 86 16 46 93 91 34 97 16 29 62 39 33 45 5 54 63 32 34 81 58 68 53 56 47 98 3 23 72 98 35 68 26 59 26 30 54 57 89 12 56 41 49 66 98 16 51 20 37 21 76 60 93 25 21 51 28 78 40 8 45 11 61 65 4 74 62 49 18 43 77 89 83 29 30 94 45 6 35 19 57 26 32 95 86 9 79 76 58 100 24
74 0 98 52 82 50 96 64 64 89 99 33 57 85 59 23 87 18 19 51 20 7 56 9 0 0 60 33 97 80 30 22 11 66 61 86 75 73 85 48 26 75 63 15 49 68 0 95 7 9 20 58 35 21 15 10 39 66 5 66 38 73 82 53 51 89 50 82 27 42 100 59 84 69 13 38 37 91 8 1 51 76 31 46 8 86 48 17 23 98 78 93 52 53 28 77 37 5 60 44 58 11 20 84 38 56 90 8 69 51 58 54 31 2 10 42 49 41 97 75 7 7 72 29 31 35 81 46 82 54 14 13 51 66 27 5 82 47 77 54 48 92 31 33 94 45 22 85 35 61 82 29 78 66 38 91 72 6 33 4 51 99 10 1 12 83 77 70 11 95 97 86 48 45 24 91 98 77 81 65 1 48 31 69 47 68 16 57 54 12 30 38 91 27 77 54 80 74 61 37 50 25 93 47 94 92 32 46 6 38 33 73 42 11 29 16 4 16 81 25 12 62 64 98 93 52 74 19 89 52 95 93 52 47 32 90 93 22 97 15 70 69 17 47 83 59 74 12 85 98 38 49 90 17 77 60 97 85 86 70 27 18 66 16 89 86 37 36 23 89 69 97 8 27 37 36 30 68 14 50 100 30 47 98 35 26 84 69 13 77 37 16 25 22 42 40 24 85 90 19 53 63 77 4 23 96 22 98 47 15 47 26 71 18 91 12 20 80 63 21 19 47 32 9 5 70 79 38 76 96 41 90 40 14 99 43 54 56 15 48 68 43 85 57 23 9 98 23 90 10 89 52 76 28 31 8 56 69 5 40 37 3 48 98 11 33 92 52 53 55 15 22 34 96 41 86 21 44 87 49 86 95 67 7 66 65 89 64 40 11 17 14 73 89 18 32 88 90 2 15
47 13 22 53 81 30 36 77 94 94 68 35 44 4 14 38 20 3 68 86 1 91 100 39 23 94 66 6 43 37 4 91 25 20 24 59 12 62 18 8 6 54 53 88 14 57 61 61 99 6 99 53 45 50 51 77 80 1 62 64 77 54 13 36 94 78 80 8 88 35 38 57 83 78 2 6 56 45 21 77 43 74 41 30 10 4 18 90 16 26 44 99 75 60 96 89 21 1 0 23 75 72 7 85 89 78 5 4 61 11 52 44 52 40 85 48 21 29 13 86 82 19 100 90 0 87 93 30 15 70 57 9 58 51 53 81 12 48 69 100 59 68 33 73 100 60 34 33 14 3 79 91 37 70 24 77 57 34 25 92 32 85 15 79 63 78 86 49 69 74 7 11 89 86 44 16 87 0 42 41 16 99 20 57 2 56 59 87 64 56 54 39 14 20 34 8 33 10 76 61 77 69 55 79 64 70 1 43 82 80 35 93 81 72 93 53 66 27 84 12 11 18 47 72 88 89 3 42 18 42 46 41 62 2 0 12 34 85 67 42 1 52 45 43 49 20 15 95 3 26 15 100 44 72 33 40 99 89 48 41 92 93 78 81 13 30 72 56 81 68 57 85 52 76 65 98 44 34 20 40 8 76 19 87 56 36 23 100 7 0 55 77 41 1 25 18 49 87 36 49 47 12 23 82 12 34 45 64 15 63 99 88 74 12 22 61 59 75 89 71 11 49 98 46 13 54 9 22 22 73 52 89 83 23 71 84 57 17 25 74 5 31 27 74 99 37 9 13 42 93 7 6 55 40 64 6 87 8 45 47 75 79 93 32 35 12 10 70 54 75 54 49 23 33 45 69 4 18 32 34 91 80 77 64 63 51 75 33 13 39 88 59 90 50 51 3 56 46 34 100
97 97 80 1 8 80 19 91 6 73 14 71 55 80 42 39 65 88 38 75 26 53 22 49 27 77 12 40 29 96 44 14 4 32 54 6 11 14 63 33 38 52 97 50 38 89 26 42 0 56 61 92 92 17 64 4 54 11 99 42 8 66 37 58 44 19 71 73 1 43 88 74 24 100 97 1 80 81 35 45 25 65 67 53 33 64 35 13 43 30 68 89 45 37 31 97 20 86 26 47 53 23 44 65 99 49 2 89 9 64 27 70 90 61 18 10 72 89 56 69 71 42 67 100 36 73 76 37 90 35 52 85 5 23 88 18 86 58 29 99 7 82 30 0 31 100 68 79 17 79 75 35 77 9 70 97 88 34 98 30 76 16 55 43 39 7 82 36 97 36 4 89 35 100 19 72 95 51 69 42 61 10 46 73 71 84 68 31 96 77 8 88 41 55 88 41 90 18 18 3 74 3 50 10 36 19 35 31 37 25 37 50 51 26 56 11 94 64 20 67 87 83 38 88 68 97 81 1 95 74 52 14 11 6 14 80 63 11 13 30 93 26 27 64 80 22 45 67 70 52 86 43 5 65 32 9 65 79 14 13 75 64 46 2 9 35 14 79 1 25 30 72 90 96 72 23 86 9 14 87 91 39 60 1 60 24 71 49 37 9 32 95 99 48 9 1 59 60 29 70 47 21 8 58 73 81 77 49 45 4 19 87 7 58 38 96 76 64 38 12 17 41 62 97 16 0 81 18 17 82 25 33 49 32 41 79 56 88 46 6 3 98 31 16 61 30 91 45 91 99 56 32 89 61 83 6 85 26 44 37 81 8 18 76 53 17 68 45 94 78 71 35 86 92 34 83 62 35 51 68 97 71 97 10 49 34 2 91 52 60 80 40 67 62 38 31 50 54 65 40
80 25 79 92 88 62 76 56 88 37 30 82 21 16 59 74 33 96 30 52 12 64 79 80 6 28 84 37 88 59 13 13 18 23 34 4 5 84 10 74 30 21 57 51 13 54 35 99 73 40 5 14 55 98 12 55 76 54 81 82 8 57 0 86 80 9 5 22 76 99 22 53 57 39 18 23 11 93 38 65 70 85 28 6 80 65 8 46 84 59 49 87 56 0 97 73 78 96 73 53 81 4 72 33 51 68 39 100 69 87 49 91 67 38 92 10 10 80 31 36 56 100 0 67 57 25 64 66 79 10 92 100 40 62 8 54 70 54 16 71 36 4 99 22 74 4 67 2 38 0 37 49 56 97 61 7 23 65 74 64 9 43 24 53 34 91 63 62 26 87 12 51 66 48 25 0 0 24 68 57 45 3 96 14 92 59 22 59 24 31 30 80 90 49 13 43 17 68 23 57 45 72 62 4 46 81 28 46 69 25 55 46 18 14 28 68 33 18 95 86 25 10 93 87 33 26 90 44 76 68 24 19 21 16 67 51 46 57 67 6 54 2 45 34 85 99 14 16 3 36 3 43 52 76 86 81 28 75 100 49 65 37 0 75 23 16 24 37 95 60 78 6 43 1 86 86 82 13 52 60 16 52 75 80 72 60 56 17 72 12 19 31 25 79 25 35 5 78 56 93 26 44 23 34 63 81 1 60 76 40 35 40 31 32 50 75 99 29 11 43 31 44 19 97 64 77 81 71 26 83 45 3 73 86 66 71 61 19 41 55 72 8 41 54 24 52 65 58 52 37 22 73 80 62 95 31 95 8 24 68 36 0 35 29 98 54 80 35 71 74 13 10 6 78 39 36 20 9 77 21 1 56 0 16 59 33 64 55 12 39 94 24 91 51 68 55 13 4 35 36
35 84 73 30 88 14 97 31 98 6 47 53 61 72 78 57 51 29 19 73 10 8 95 4 26 11 72 53 36 44 100 98 44 47 68 50 97 2 39 68 32 97 45 90 23 0 35 56 35 3 57 35 38 61 11 16 10 6 5 17 52 22 53 68 47 40 46 43 96 89 68 70 11 53 51 88 61 65 78 62 19 87 37 95 71 90 97 17 69 10 33 69 87 29 34 26 24 10 25 89 87 33 57 78 18 65 32 43 65 76 8 93 4 36 7 61 76 47 95 16 74 29 30 97 3 62 40 72 55 67 38 53 16 25 30 40 24 57 63 49 9 65 54 8 5 76 52 3 60 16 83 41 23 38 40 70 98 51 98 58 2 51 30 10 28 5 12 79 70 76 71 53 84 73 14 35 0 62 75 14 24 26 96 7 16 27 94 2 52 70 72 91 11 49 4 72 94 35 17 99 8 82 30 98 87 70 1 81 95 61 97 13 97 75 82 96 1 93 44 37 29 64 50 5 59 84 42 7 29 72 11 84 58 42 76 49 82 4 56 25 22 24 89 36 20 7 100 19 17 27 1 67 77 20 56 82 21 86 44 17 36 35 66 65 95 85 43 68 49 63 50 14 92 67 38 10 18 17 20 98 74 96 48 84 85 54 69 32 99 90 86 17 55 53 38 39 40 78 28 30 2 34 57 34 49 25 70 65 98 98 15 42 7 40 45 91 98 10 4 17 18 13 87 11 12 83 24 41 68 72 87 94 10 98 42 40 72 57 84 40 62 6 93 58 87 76 60 52 22 19 16 32 66 41 58 4 42 42 18 75 52 11 28 38 96 10 25 51 46 27 62 96 52 61 23 66 46 84 52 98 36 50 7 45 19 81 74 22 4 8 43 72 42 37 12 32 77 36 22 91
24 3 61 84 32 49 50 78 70 41 35 23 2 39 12 32 30 0 0 43 8 11 42 23 12 19 91 98 96 37 55 68 25 50 58 83 65 36 44 76 84 89 47 46 9 93 35 63 92 45 43 44 4 10 66 55 67 38 87 37 3 70 20 86 16 9 68 9 66 73 58 56 31 62 98 30 89 47 40 70 92 89 91 88 99 41 21 50 78 31 41 15 69 57 9 57 93 80 81 68 56 92 46 30 8 29 55 68 49 59 75 75 17 70 40 92 93 57 90 93 33 100 54 7 58 41 43 31 45 96 39 1 97 17 30 6 29 74 54 30 47 37 92 88 16 74 37 28 62 18 88 87 52 37 97 63 71 100 50 50 25 51 5 30 92 77 94 70 100 4 0 97 4 79 45 1 39 70 39 63 57 4 69 41 65 79 37 82 51 62 15 63 42 24 43 51 57 4 67 14 1 88 29 1 33 7 41 27 70 90 93 11 46 0 72 37 80 68 13 36 53 11 49 81 43 2 57 52 75 38 42 88 14 47 52 26 25 6 80 74 19 21 51 85 72 77 11 34 95 99 64 3 74 90 1 88 71 34 94 38 1 84 37 93 22 55 60 50 73 47 88 26 29 87 53 34 55 76 60 93 6 25 6 38 3 84 65 75 90 89 52 60 64 47 25 31 99 20 49 65 27 57 74 32 45 43 48 44 91 53 18 80 91 39 77 39 43 37 84 19 73 93 92 50 59 69 66 86 29 0 96 6 49 52 43 45 29 8 19 94 7 35 75 8 41 31 0 63 69 10 24 35 1 91 29 26 9 48 50 40 49 43 26 78 74 80 48 20 39 73 33 16 69 47 7 39 19 27 25 50 52 89 52 14 64 83 64 47 59 43 39 96 91 29 23 1 74 69 0 76
28 40 39 69 65 32 20 45 36 100 1 96 51 30 29 32 5 99 35 96 4 49 80 14 66 49 17 99 74 91 30 17 87 9 86 16 85 90 32 71 70 48 68 95 22 81 33 70 29 87 19 82 15 80 79 91 30 15 65 48 78 19 30 5 63 9 32 57 85 96 67 95 4 56 75 93 40 57 74 23 84 15 71 30 55 41 26 98 17 91 80 95 67 53 48 63 17 23 71 68 7 0 0 96 98 27 67 8 84 86 19 22 29 88 48 58 13 26 76 79 94 62 70 77 93 88 70 88 17 43 57 3 68 84 68 64 69 90 40 36 64 48 27 18 76 22 53 93 16 40 71 41 76 72 62 0 50 33 12 94 76 73 36 55 95 28 74 74 74 62 25 99 14 23 53 29 66 7 68 53 64 13 2 69 86 86 58 5 89 49 2 60 49 90 71 53 89 8 39 70 14 75 48 40 48 28 22 76 97 66 92 95 33 40 6 98 38 41 87 69 35 73 40 1 85 17 82 84 100 93 66 84 8 21 79 31 27 53 97 37 51 94 32 57 54 36 26 11 34 32 50 90 27 71 99 9 92 49 16 92 16 58 86 39 33 63 32 7 62 18 39 38 49 53 53 63 69 88 86 96 35 53 77 30 64 64 55 77 22 46 77 98 22 6 95 66 47 24 71 97 10 4 52 79 87 71 5 50 99 71 70 0 79 71 4 64 72 55 100 62 5 66 27 7 71 9 78 96 16 99 30 11 21 53 25 48 100 49 63 46 42 48 50 72 61 59 86 26 21 82 28 33 63 92 74 27 63 48 23 91 7 16 24 55 80 51 55 68 71 88 7 53 59 82 84 56 38 61 51 95 22 64 38 93 34 56 99 2 94 38 16 44 81 97 62 98 99 90 86 80
93 35 17 85 13 15 82 3 40 5 83 35 12 1 76 34 23 15 68 86 49 92 64 15 58 28 65 36 68 55 32 45 58 38 96 24 15 36 71 61 14 8 38 92 11 14 32 1 31 47 61 61 37 23 53 74 76 70 57 74 31 50 69 93 1 64 69 67 13 49 29 37 78 39 46 45 83 41 82 33 22 73 55 0 30 89 89 4 11 29 63 32 26 28 56 45 77 44 91 54 6 70 15 43 38 34 8 45 56 72 80 38 0 39 67 62 81 14 81 8 77 76 64 91 38 69 85 97 48 56 46 60 44 69 42 64 74 0 8 76 73 86 43 46 99 23 39 78 16 72 11 69 97 49 51 21 24 42 25 34 77 91 19 21 64 42 78 47 86 1 76 37 63 17 93 89 40 13 41 83 22 100 40 70 72 58 93 24 95 67 74 2 93 60 3 40 64 56 7 83 11 81 74 23 19 4 74 83 64 12 1 40 82 26 46 12 76 23 25 7 42 32 17 76 89 25 87 75 83 9 63 62 72 1 27 10 14 93 46 67 19 10 58 74 79 29 94 25 69 98 5 76 19 78 25 69 37 81 79 68 53 7 6 94 76 79 91 50 25 15 26 95 41 97 53 49 17 58 2 75 30 31 95 24 46 13 97 99 87 9 70 29 25 26 63 23 76 20 71 78 24 57 20 44 95 43 72 85 19 6 70 56 98 52 85 49 79 43 46 74 64 43 59 30 66 85 68 40 58 94 24 46 23 57 14 20 8 78 60 46 76 37 51 68 19 51 92 44 86 46 86 48 50 66 57 7 33 3 53 71 86 76 52 39 13 73 52 90 26 70 66 81 22 68 37 88 65 33 86 71 46 18 37 4 18 16 82 99 29 36 37 42 38 13 1 70 33 51 70 62
18 40 20 75 49 89 73 3 40 47 83 61 6 71 72 90 67 64 7 62 48 59 95 82 45 46 84 18 48 54 42 25 67 79 15 22 77 16 3 20 42 96 60 29 100 5 15 93 90 67 50 66 77 46 43 86 68 33 39 50 95 85 29 6 73 99 80 67 61 66 19 98 89 15 79 46 11 82 4 79 65 59 12 24 9 38 27 65 35 95 24 77 71 54 57 75 78 50 38 76 35 25 81 91 15 97 94 79 39 37 68 5 62 22 62 32 80 92 99 35 55 0 41 49 90 46 60 15 18 60 65 26 31 74 48 9 73 25 38 98 23 39 15 43 71 49 44 74 43 57 39 96 20 68 45 81 91 56 4 93 76 84 4 74 64 56 76 6 70 76 33 81 78 5 31 22 57 64 96 35 69 32 8 24 50 87 77 35 65 43 99 31 28 31 0 100 27 57 14 86 100 31 66 6 49 69 46 2 37 35 22 39 31 96 59 84 65 43 68 91 77 53 89 88 77 81 94 70 73 91 16 99 48 82 78 12 54 45 29 48 87 61 60 85 80 35 99 42 14 45 98 76 39 75 42 71 62 32 57 15 96 49 38 23 10 24 67 73 52 78 36 80 59 52 18 8 12 48 34 39 81 81 56 29 9 61 52 59 47 95 66 96 24 8 74 37 87 1 66 100 10 5 71 58 81 52 83 34 41 99 32 16 19 63 86 96 41 58 72 83 84 34 73 91 21 60 76 68 61 96 100 54 54 16 75 58 77 43 79 4 11 98 69 3 19 31 14 44 55 76 58 17 2 72 11 29 62 33 16 58 37 7 92 63 22 43 30 63 13 3 55 11 51 52 97 63 82 28 27 11 62 24 85 83 49 33 77 56 97 23 72 67 57 23 19 53 67 88 74 26
34 90 75 15 5 79 67 69 43 21 68 1 97 12 3 94 71 15 92 24 54 72 60 96 92 10 62 56 70 94 85 7 83 29 70 59 24 76 80 46 45 37 89 51 49 27 49 10 29 64 30 2 31 95 58 80 27 43 73 17 38 83 28 13 51 37 62 85 46 34 85 7 32 8 0 18 30 50 78 54 44 20 93 18 51 51 29 86 75 81 85 4 24 34 13 93 42 62 49 87 48 48 66 67 52 63 69 63 3 93 8 61 3 2 81 55 19 94 92 44 36 79 80 97 10 32 21 55 72 35 35 24 58 83 31 46 43 26 34 64 40 6 54 70 21 51 85 28 25 93 99 88 73 56 88 58 64 62 18 42 72 66 26 39 18 92 18 9 70 3 6 59 69 5 33 51 74 84 18 67 30 2 77 71 10 69 86 94 32 98 81 93 70 66 1 13 26 52 63 40 45 69 73 47 60 19 42 61 5 32 42 20 47 88 67 64 32 7 84 34 18 9 66 83 48 46 96 62 25 65 4 45 21 50 3 94 3 56 42 23 67 33 82 80 10 78 82 53 3 25 42 80 86 38 69 96 15 66 60 8 15 11 96 85 38 10 5 48 45 91 59 97 39 64 58 58 68 98 16 78 51 34 38 10 70 96 83 62 35 56 76 89 28 87 82 64 97 75 34 68 59 60 44 59 96 91 17 91 38 92 53 79 34 32 89 57 11 4 35 93 4 44 76 76 1 74 64 68 8 36 76 61 38 21 11 36 74 94 52 9 5 54 70 48 52 84 25 46 9 75 90 41 95 65 54 36 22 67 52 44 49 17 84 25 47 12 13 50 1 12 9 100 96 17 97 17 91 92 42 2 36 37 26 43 59 20 51 87 21 37 57 11 46 42 4 54 1 5 68 55
19 41 99 32 6 73 18 66 96 42 69 13 28 59 19 82 64 83 45 88 11 95 85 72 50 82 54 73 12 95 34 51 27 83 21 84 87 97 7 33 14 70 43 40 81 23 73 20 87 23 15 60 94 40 87 87 9 72 32 30 68 18 57 38 2 56 4 5 27 18 29 27 7 28 55 79 22 41 96 33 12 51 75 13 45 59 77 92 65 10 91 56 63 45 91 12 86 35 20 48 43 39 20 3 96 34 69 8 53 39 39 25 64 40 57 41 58 19 81 0 78 49 18 46 67 6 19 52 85 1 79 14 50 92 60 6 63 57 87 32 29 94 82 26 62 9 11 4 77 11 23 9 47 85 15 67 32 26 10 1 83 49 3 11 84 57 78 78 55 45 81 19 11 93 75 57 23 34 52 60 67 20 75 55 51 42 73 100 0 60 15 54 22 32 2 96 91 83 46 10 3 65 89 28 5 34 24 46 69 65 4 34 84 80 79 57 6 54 90 19 75 98 41 48 14 70 52 40 32 97 65 1 83 29 79 2 72 21 4 28 14 77 46 89 15 39 77 96 9 69 6 87 90 97 89 48 92 8 58 24 25 29 72 63 79 19 62 1 30 66 66 57 70 77 58 48 90 95 42 40 83 26 40 45 52 27 58 75 83 56 0 70 31 20 89 5 47 65 56 31 33 85 45 86 67 1 19 35 25 64 20 15 13 42 58 82 35 34 94 4 75 82 46 32 25 39 36 14 39 35 70 90 56 33 61 76 38 92 93 2 85 79 100 20 57 51 11 69 70 11 90 22 70 17 66 63 87 34 5 57 95 13 21 79 43 23 5 76 3 15 64 14 93 86 35 95 75 62 82 98 21 73 71 39 20 55 63 11 74 64 5 65 92 51 46 4 86 19 8 17
82 36 13 69 91 60 74 71 77 43 84 43 52 10 80 57 57 75 82 2 60 56 85 29 63 10 88 42 61 4 23 33 28 45 12 49 0 78 17 98 54 99 34 95 43 11 44 63 92 92 44 47 4 78 63 42 54 33 26 30 63 8 71 39 35 65 22 80 31 72 33 45 45 49 58 14 48 7 17 35 3 62 8 54 98 30 31 77 17 11 91 18 58 93 72 94 21 93 59 96 81 35 38 58 94 62 9 39 58 53 87 82 5 17 71 72 50 2 73 10 82 53 28 52 27 39 59 53 77 94 90 55 40 96 69 21 20 85 53 7 52 42 43 27 5 56 55 8 44 22 72 76 36 72 35 50 60 54 14 23 58 85 49 23 11 50 95 3 45 17 86 93 3 11 56 60 12 61 10 24 60 4 13 41 87 56 71 56 26 3 6 64 91 77 78 46 86 63 49 84 2 62 77 19 5 24 1 78 27 45 66 13 32 29 47 50 98 82 93 74 95 9 58 9 79 34 31 28 49 84 24 79 61 58 68 56 97 25 36 82 18 32 25 78 95 49 45 45 88 7 85 61 28 20 66 17 60 69 72 84 49 20 97 85 39 44 66 99 56 84 17 86 51 80 18 87 68 34 35 25 31 65 20 21 5 59 90 72 29 22 77 72 41 13 80 72 70 98 96 37 16 63 6 12 87 42 91 6 88 36 81 34 42 98 91 78 79 21 3 31 80 84 1 9 64 1 55 18 81 6 80 67 46 19 83 14 8 10 46 24 76 62 2 90 75 46 93 48 52 47 54 97 44 20 22 80 10 47 73 16 6 52 83 7 50 42 67 87 20 69 65 27 45 58 14 2 47 23 54 10 84 58 52 60 79 32 82 86 22 60 3 84 21 60 22 85 47 53 7 49
63 87 16 66 42 64 32 62 39 32 64 15 85 83 61 6 90 13 1 100 32 35 89 22 91 50 6 0 37 70 89 74 77 15 8 83 13 78 14 55 4 84 48 31 8 7 57 48 75 24 28 5 65 75 71 19 53 84 60 14 36 2 90 54 28 94 8 37 88 94 55 83 94 100 30 18 63 22 86 55 53 80 87 77 92 18 41 41 65 65 66 56 74 82 60 75 5 29 0 6 5 76 93 31 97 65 0 23 42 32 39 33 77 12 41 42 20 0 44 32 84 56 98 99 28 96 57 55 13 67 37 31 17 26 45 29 80 30 45 92 70 44 89 3 64 52 8 18 67 17 65 60 43 25 32 29 5 2 93 97 39 30 59 42 42 43 76 41 49 97 73 90 69 60 82 20 18 36 80 26 40 16 56 8 25 56 41 61 4 68 43 47 94 55 47 72 23 19 33 98 4 53 83 45 98 80 67 71 35 52 87 67 89 39 84 9 85 85 8 47 34 95 77 39 56 29 25 95 46 66 3 2 83 50 42 0 61 56 52 80 19 23 87 47 3 35 22 1 68 11 0 35 43 99 31 15 78 53 51 84 87 55 30 35 2 31 77 70 76 67 12 62 37 73 2 47 100 91 41 44 84 65 60 67 92 97 77 95 60 80 20 66 79 79 35 27 2 67 71 89 96 52 95 40 74 59 81 71 85 75 80 39 63 85 79 52 4 81 29 24 30 15 71 19 9 66 88 58 11 73 13 45 14 70 33 14 89 99 23 87 72 3 96 45 61 14 89 71 88 4 58 91 18 33 99 29 58 15 56 97 60 70 10 98 41 47 58 47 58 20 65 85 29 13 90 99 76 32 98 44 77 20 27 7 70 73 26 1 58 49 93 19 90 90 30 49 100 63 4 77
65 30 20 80 99 91 0 6 0 54 50 78 49 8 27 15 6 66 15 56 26 70 10 39 36 26 40 26 37 73 79 67 13 84 68 96 0 60 91 86 35 65 87 44 49 57 37 2 45 46 56 68 17 45 57 82 59 77 98 17 63 76 84 22 63 94 48 16 26 75 29 83 17 20 83 14 68 73 7 80 70 23 84 71 95 3 9 33 46 33 35 63 99 55 36 0 21 53 23 0 72 49 92 45 47 63 11 40 40 47 86 12 32 42 74 34 100 68 0 8 13 41 4 77 94 76 71 70 80 10 19 61 34 36 24 43 16 44 98 5 74 43 53 4 58 0 71 87 65 85 56 87 40 78 75 53 51 95 93 89 42 52 46 11 62 0 6 58 14 47 46 90 23 27 4 63 65 99 10 57 86 60 92 50 65 95 99 11 73 22 73 62 44 54 45 43 34 17 49 51 32 38 53 77 31 13 70 44 64 90 25 68 86 21 78 34 80 40 38 27 19 34 27 84 13 29 43 79 24 100 36 33 98 54 38 98 88 52 15 41 65 63 0 41 15 77 21 26 23 62 10 52 1 64 27 66 0 38 32 48 40 38 62 21 68 27 81 13 90 27 55 5 5 13 6 24 28 38 55 57 23 21 38 6 45 74 13 77 60 91 63 60 3 91 91 21 75 42 57 54 46 5 53 2 98 40 20 28 1 90 77 1 47 92 82 45 16 53 24 63 24 9 2 14 82 59 38 28 5 50 64 47 20 9 17 6 33 79 58 32 94 40 29 28 98 86 88 64 94 42 69 89 96 43 96 56 7 93 68 38 96 75 42 21 85 66 16 100 35 50 6 28 90 16 98 27 65 61 20 1 68 38 70 51 48 23 25 4 99 100 74 49 15 60 12 72 46 8 30 67
70 69 63 11 100 62 93 76 86 75 29 75 25 39 66 39 36 93 21 32 6 70 29 65 22 77 61 10 7 10 52 7 50 12 93 11 46 35 42 66 21 54 50 14 24 5 34 100 58 51 70 26 99 23 26 40 65 46 19 37 58 93 6 99 59 78 21 79 98 66 17 37 17 36 11 94 18 83 25 93 69 54 55 61 83 73 81 60 39 5 77 48 50 43 56 10 25 27 74 4 94 20 79 10 6 53 3 31 14 6 19 7 75 13 36 31 62 35 18 70 90 91 4 100 15 85 92 92 45 90 64 3 42 85 19 59 66 71 4 21 51 31 87 12 8 98 81 8 35 63 56 24 5 26 1 31 26 88 32 96 83 47 64 54 88 65 71 26 77 86 77 19 92 44 100 91 23 44 44 53 91 60 32 36 93 85 19 83 41 90 18 36 8 55 67 46 22 91 17 76 14 77 92 69 33 68 17 68 13 38 76 65 78 81 57 17 61 50 18 14 57 51 95 62 89 17 71 33 15 11 4 53 26 46 93 30 70 86 85 74 62 18 100 1 38 50 45 26 58 96 82 54 42 17 99 81 78 65 15 62 91 92 3 53 1 39 23 11 48 6 80 67 72 81 40 50 84 86 12 98 9 27 50 81 14 64 35 56 24 10 36 51 51 9 25 45 26 93 72 21 90 51 13 63 62 8 52 11 66 65 84 78 86 44 78 27 8 46 52 56 67 59 35 43 37 58 93 99 53 51 26 55 54 3 26 5 84 80 8 75 45 27 67 23 85 31 51 71 43 89 35 59 46 83 54 72 72 25 76 71 2 31 87 4 89 77 12 36 29 46 52 52 98 55 41 25 29 14 40 26 50 25 59 59 34 95 69 74 58 23 11 65 43 43 85 96 15 71 14 68
34 20 19 79 76 81 64 39 80 6 45 78 99 33 49 52 72 39 25 58 24 37 92 73 23 13 4 90 88 39 45 15 58 27 65 56 88 68 34 48 98 21 42 43 49 23 58 17 44 65 67 55 3 17 50 90 0 68 84 18 90 45 24 72 47 44 78 82 66 58 81 14 17 28 14 72 15 93 76 53 28 3 96 53 37 9 10 49 31 68 73 99 15 38 1 52 4 64 87 93 53 32 100 26 68 58 30 5 78 93 78 50 22 67 28 32 45 31 39 97 25 30 79 41 66 98 64 53 75 12 64 53 38 10 9 61 56 45 65 40 19 49 61 54 4 1 65 22 25 62 3 78 99 20 27 61 31 61 86 68 61 58 0 22 50 100 28 50 76 26 10 5 84 92 2 68 50 94 2 99 75 72 2 11 1 12 0 43 32 38 11 70 91 70 42 87 45 70 53 45 11 97 81 4 36 12 82 16 27 84 54 10 48 86 14 10 13 24 41 56 31 41 55 52 28 79 2 87 69 65 70 89 47 3 57 28 91 10 2 43 0 55 15 59 47 30 3 21 21 37 71 80 66 71 16 16 95 54 42 74 74 64 14 58 80 39 64 10 42 98 51 20 45 92 9 70 50 67 17 29 73 73 94 96 66 77 83 18 28 56 17 73 98 78 92 16 6 4 17 43 29 3 61 6 88 23 83 0 96 13 13 66 80 100 63 15 72 79 69 65 98 1 5 85 58 41 70 10 25 10 55 59 29 39 16 7 72 6 12 75 40 64 28 44 96 39 3 72 73 53 62 65 6 27 47 91 100 90 76 83 38 81 36 97 92 57 14 57 89 96 9 68 64 81 29 17 36 21 84 75 24 9 14 21 0 20 44 77 54 36 66 22 42 36 48 73 10 77 56 22
98 14 12 100 72 92 7 57 10 80 18 26 62 40 54 71 3 56 65 67 51 92 45 42 30 92 40 29 94 21 49 71 96 30 38 51 96 79 86 90 13 65 17 52 89 20 94 10 36 13 5 80 15 14 58 58 75 12 55 95 7 66 57 23 58 28 80 2 67 23 35 75 0 23 5 36 2 34 3 7 24 90 26 100 62 41 68 96 47 25 64 97 71 6 3 66 19 19 30 98 84 2 4 17 85 80 33 74 52 68 100 1 53 43 42 14 35 79 83 63 3 49 13 83 55 75 25 58 1 91 70 57 33 16 76 98 74 41 90 51 86 27 89 60 81 34 99 54 64 95 50 59 26 87 9 10 13 2 93 15 35 62 43 81 26 30 0 11 42 62 49 50 31 20 87 81 20 77 85 13 59 66 92 99 34 90 15 26 27 21 30 41 93 9 94 18 85 33 64 79 53 46 66 82 44 66 58 46 56 45 54 60 54 17 30 63 58 76 8 15 42 11 14 92 45 99 69 0 41 19 32 41 93 31 92 35 85 95 47 88 71 73 92 21 53 36 58 69 62 5 69 14 25 90 17 53 100 59 68 68 95 10 95 1 20 82 34 18 88 71 96 72 1 5 75 88 92 50 8 40 83 84 99 0 54 69 94 92 97 0 71 25 17 52 11 33 51 41 91 36 8 12 68 36 35 79 88 34 14 54 40 69 25 68 22 18 36 97 81 84 19 80 55 19 96 92 22 44 25 72 26 71 60 79 97 31 61 3 27 16 6 32 45 84 73 62 28 53 50 89 69 24 0 24 6 31 46 24 26 15 69 20 72 73 66 68 19 40 62 52 8 42 69 26 87 84 34 82 42 76 3 68 28 13 9 72 74 3 89 72 6 61 6 98 15 78 9 11 75 5
20 60 100 1 34 49 74 38 70 24 34 47 9 5 39 95 70 8 73 96 77 33 2 41 36 99 98 5 48 22 80 88 6 34 57 37 0 42 45 52 73 57 85 98 98 83 4 87 31 56 50 76 93 88 39 71 22 97 67 67 16 26 44 62 99 100 90 14 77 2 4 27 48 5 46 0 83 61 74 63 94 44 53 85 16 44 84 46 82 61 23 48 57 94 36 95 77 9 9 18 25 46 46 61 64 64 2 65 88 31 43 32 73 24 34 27 37 51 5 38 33 89 93 69 77 1 67 80 80 81 63 85 11 33 57 66 94 46 85 94 25 25 50 45 22 73 25 11 68 29 61 65 62 67 67 77 60 79 71 34 0 71 47 43 6 94 42 53 46 100 93 62 47 28 59 58 46 11 100 0 59 82 93 61 80 44 83 61 84 57 54 64 62 36 66 95 58 70 54 49 32 91 91 70 64 39 5 50 100 34 27 87 78 77 2 49 39 33 46 34 56 45 43 48 84 4 51 66 54 11 78 69 3 26 31 18 5 62 57 85 75 35 58 92 77 12 45 70 14 26 80 19 85 89 58 50 84 71 27 29 79 97 31 64 72 88 14 5 10 39 5 52 83 83 78 22 83 73 77 29 24 51 17 95 40 74 10 69 98 33 14 80 10 69 8 64 70 43 79 18 35 89 26 84 85 75 0 35 74 76 69 15 28 1 36 85 68 63 3 9 66 73 99 83 71 58 22 13 97 14 92 17 96 86 48 0 24 58 16 51 19 78 91 92 39 72 89 78 66 60 22 87 62 62 37 100 6 1 37 100 33 30 55 19 13 37 2 59 94 69 45 96 87 62 58 12 7 78 51 94 57 40 50 82 40 21 52 59 14 25 45 67 3 27 97 55 8 63 77 91
17 12 33 23 99 91 72 22 34 80 80 31 38 55 1 16 27 63 79 78 61 62 19 85 4 45 59 73 21 57 86 14 6 32 16 82 77 81 71 40 89 36 1 45 85 16 65 68 62 24 9 21 44 36 16 53 46 52 92 82 21 86 11 15 52 16 41 81 49 56 20 5 25 43 71 64 22 77 45 22 89 53 75 16 20 45 40 83 94 5 45 49 48 39 36 18 97 84 9 47 64 2 15 35 63 94 56 76 44 23 55 66 39 60 64 25 98 20 79 61 84 89 21 25 18 42 63 4 31 67 70 3 68 44 33 40 38 8 87 10 35 43 33 65 97 18 56 66 45 11 78 64 65 14 37 76 26 22 66 64 80 93 83 1 54 48 75 22 58 62 17 73 39 35 40 29 68 56 1 55 6 81 85 96 12 51 3 100 24 64 42 32 48 34 3 5 22 0 43 18 6 77 23 14 48 51 90 40 68 55 94 88 52 84 15 56 58 74 26 5 19 100 93 83 70 71 34 58 87 3 65 96 81 48 75 25 52 51 19 66 55 21 15 60 25 3 57 70 35 96 88 48 85 36 98 2 97 57 38 38 24 66 57 44 96 88 16 89 33 27 9 58 90 96 70 84 64 50 87 62 74 9 76 57 11 40 26 12 28 12 73 9 29 81 58 42 10 31 26 9 3 58 54 5 48 63 13 53 7 2 66 66 73 2 92 79 85 89 99 28 36 97 42 68 59 21 46 32 48 48 22 60 85 37 33 4 96 91 66 31 10 89 1 99 13 71 20 9 22 90 17 99 37 22 80 85 94 11 4 47 97 59 99 6 14 30 8 65 93 52 91 26 10 31 17 68 77 11 24 97 26 61 95 37 89 38 54 45 20 71 61 35 23 42 91 27 29 65 29 32
93 12 37 34 97 7 81 52 78 9 57 86 63 23 60 27 94 86 83 23 36 62 33 2 23 49 96 96 36 71 10 3 21 19 35 81 95 64 93 92 36 77 81 88 20 88 40 99 29 17 75 44 0 12 11 70 39 94 15 23 69 32 20 100 78 46 100 71 76 56 66 32 54 89 7 61 65 61 79 25 59 13 34 54 15 16 41 69 14 71 58 9 69 71 89 37 90 25 35 60 33 56 88 88 49 74 38 57 17 15 93 26 51 75 4 23 75 57 56 67 7 64 10 12 98 79 23 47 51 1 57 18 18 33 8 80 5 64 19 97 14 100 54 78 99 33 59 30 4 57 14 45 63 78 12 93 53 4 20 32 42 85 90 81 41 45 19 50 0 100 26 19 80 38 14 15 43 52 95 63 56 28 58 26 56 13 23 66 83 1 90 26 28 28 4 97 62 82 6 5 63 21 53 7 49 37 46 86 51 52 67 80 58 12 86 88 58 42 48 85 35 51 3 40 3 60 61 29 69 92 97 99 98 12 57 97 63 76 20 0 84 85 3 48 31 39 85 9 24 97 68 81 78 11 30 78 41 2 81 9 57 34 6 88 53 90 56 52 16 77 51 26 96 91 20 94 66 69 17 2 87 82 25 36 57 40 91 97 77 97 35 87 55 21 29 32 82 11 40 89 64 82 82 5 81 91 100 72 4 72 42 90 76 23 44 98 32 5 79 80 97 64 80 40 8 91 77 24 31 97 81 86 53 96 70 98 70 6 19 24 100 23 34 38 58 1 34 91 20 25 52 25 63 79 6 68 20 83 3 92 76 61 1 1 39 87 0 91 21 41 93 96 64 22 46 7 14 10 67 4 52 87 79 48 81 65 23 86 79 16 91 19 20 33 25 53 29 85 57 41
11 73 63 0 41 21 67 37 75 15 2 61 50 83 39 10 31 45 70 98 20 21 37 92 66 86 6 26 40 33 4 53 39 64 34 54 95 39 36 24 19 85 53 65 24 81 65 85 35 55 51 20 59 61 51 92 63 24 32 96 82 84 14 95 24 10 69 85 96 74 92 16 58 34 13 75 98 94 75 49 16 8 43 65 69 41 35 25 88 49 17 35 95 21 75 73 43 64 92 39 62 81 20 81 99 13 44 18 2 36 92 5 61 16 16 23 99 81 13 26 9 62 46 57 90 6 14 10 51 36 83 18 11 22 95 1 79 57 4 0 56 39 40 79 1 93 85 0 10 11 79 57 73 92 36 66 46 97 49 9 0 34 90 97 31 90 18 94 69 22 9 85 84 20 69 15 80 87 26 38 11 37 14 34 93 16 63 44 47 28 2 49 76 59 57 3 50 83 65 91 98 65 25 93 96 55 44 48 48 77 96 82 63 43 44 52 83 81 20 51 61 83 79 8 31 18 39 47 38 28 25 81 77 90 9 87 12 24 25 14 49 81 32 86 5 66 1 69 3 3 3 91 65 41 2 15 19 65 68 85 27 28 82 17 89 2 51 90 26 15 22 74 47 44 98 64 23 33 91 31 74 50 25 35 16 64 88 68 7 29 67 38 37 71 83 67 62 63 83 2 47 91 33 26 16 34 69 50 33 77 99 47 23 88 50 85 63 86 20 31 43 32 75 41 91 33 100 45 100 10 49 20 19 14 19 74 22 3 59 52 86 45 7 55 8 32 0 84 19 74 57 16 17 90 92 94 28 80 2 63 81 34 72 32 18 25 43 61 9 22 2 58 90 38 46 55 13 89 83 19 24 68 54 15 27 69 22 30 77 37 56 99 35 78 80 1 22 50 2 2
77 63 78 21 7 44 82 54 64 24 99 63 52 51 69 90 84 21 86 12 63 94 5 100 57 67 49 59 40 74 30 27 36 97 94 56 67 25 83 59 31 38 38 27 86 59 41 42 90 18 100 85 37 78 8 90 34 80 19 68 68 59 56 36 75 24 7 55 58 70 48 47 57 25 39 62 63 31 94 6 37 57 96 66 20 32 25 25 67 62 61 2 89 20 99 55 36 76 24 37 7 60 44 34 89 49 54 26 23 36 51 50 73 54 34 42 39 79 4 26 95 51 40 18 43 52 85 12 90 70 0 54 88 87 54 12 1 79 63 4 91 37 49 76 33 24 97 61 59 79 99 21 77 62 96 92 5 95 46 32 97 68 25 11 96 54 72 83 34 78 14 67 21 25 91 11 26 12 18 25 84 40 24 19 50 47 74 73 62 47 2 49 84 4 91 60 43 34 50 4 26 77 50 97 27 9 92 68 97 75 85 9 15 91 56 43 98 66 75 82 56 39 34 17 96 36 34 86 5 32 70 74 5 26 56 77 97 64 41 36 84 61 37 98 36 2 30 30 100 65 42 20 50 18 24 20 53 87 39 12 32 28 92 93 74 4 87 47 21 96 87 96 40 15 72 34 49 93 9 41 42 50 98 20 7 43 15 39 56 37 9 93 10 43 7 15 10 10 49 26 64 97 77 46 14 26 98 17 85 23 21 29 65 46 94 10 78 19 72 38 70 18 18 37 92 33 29 44 83 16 97 70 16 27 56 82 0 34 92 22 33 39 51 86 79 76 75 65 43 16 38 25 56 77 33 22 7 75 17 65 93 50 61 90 5 92 19 41 53 6 25 74 75 24 56 89 18 70 62 36 67 42 11 81 41 31 26 44 27 31 7 31 62 7 31 76 50 31 46 95
94 92 13 37 8 5 53 57 73 91 83 55 30 86 57 53 69 75 6 1 50 47 53 84 15 52 12 71 54 83 75 70 46 68 10 42 61 36 19 21 5 52 83 23 81 99 77 7 46 42 7 61 33 80 9 53 57 42 61 5 49 41 20 36 29 31 57 94 73 92 40 72 34 54 13 91 86 48 30 91 85 3 75 100 49 77 42 71 29 50 35 67 9 57 59 79 52 9 38 57 4 44 49 52 32 27 74 12 100 42 72 5 82 66 48 55 54 79 49 9 93 20 72 80 31 36 92 12 37 45 70 73 93 74 12 64 47 87 17 27 91 95 12 36 10 70 58 9 11 69 92 14 31 28 42 66 78 28 38 83 57 9 6 16 78 6 4 61 28 16 16 46 2 95 28 72 21 10 86 69 72 85 1 51 90 53 95 41 73 96 69 61 83 43 87 99 43 46 6 65 65 8 72 45 55 87 28 19 15 57 31 8 51 87 19 92 35 16 91 23 9 23 61 81 26 78 62 74 100 81 24 59 51 19 81 89 69 91 62 13 86 77 91 59 54 36 92 18 54 78 2 1 50 50 83 72 96 58 82 81 55 1 26 68 96 67 35 44 59 85 41 47 65 60 84 15 9 34 27 9 35 76 55 40 78 78 65 42 65 88 88 42 93 56 48 21 54 53 4 67 53 17 70 37 97 78 8 78 39 59 44 100 73 84 3 51 32 93 36 83 0 4 48 90 32 23 15 25 18 28 66 56 45 15 21 88 0 11 12 70 5 33 24 63 9 76 47 41 57 57 74 33 40 5 60 56 57 35 54 57 15 89 29 11 41 79 60 16 7 43 33 66 1 7 19 31 22 63 34 53 8 26 24 6 93 64 81 56 36 7 47 43 78 64 44 25 67 23 98 54
96 100 30 27 27 97 8 9 1 52 61 13 7 40 41 8 15 19 82 3 81 52 28 62 52 86 40 36 58 53 98 64 3 87 55 47 73 64 78 61 95 89 49 87 41 37 20 9 28 78 50 13 87 53 7 49 90 32 28 32 50 61 61 31 69 45 65 50 64 54 9 70 33 75 69 77 21 4 23 42 48 12 82 5 22 33 27 70 56 93 83 94 98 43 22 97 19 28 79 7 70 28 12 92 83 15 84 95 40 93 10 98 53 36 24 20 32 72 89 32 68 17 94 74 45 1 41 94 81 40 18 32 49 15 88 33 96 20 94 7 58 99 35 98 40 59 22 46 86 75 68 17 32 51 83 55 13 87 11 78 48 43 0 49 88 23 72 99 90 64 63 49 100 43 39 98 76 41 92 95 45 33 32 78 56 50 31 93 1 62 27 22 98 73 13 32 67 49 88 46 72 85 97 66 97 86 62 5 3 21 47 4 71 14 28 17 68 41 8 68 61 60 7 90 67 28 39 60 38 34 59 13 50 10 34 26 21 44 90 86 92 44 85 36 36 64 77 2 88 59 25 32 61 85 69 24 61 53 43 71 71 38 40 53 36 9 11 23 8 74 0 93 48 73 64 89 49 60 83 69 63 70 29 1 92 17 0 52 59 23 43 15 27 36 21 32 59 62 59 86 81 20 10 78 97 20 82 42 17 16 26 17 32 2 74 17 60 53 45 38 76 40 33 92 41 45 26 5 10 14 90 30 52 70 18 3 58 84 93 86 31 43 10 80 14 96 68 28 11 96 29 33 23 28 71 44 42 59 56 53 91 77 68 11 99 35 58 74 94 21 68 93 75 42 41 95 12 71 5 35 96 80 65 99 25 28 17 37 93 93 19 59 71 49 28 18 86 75 55 47
77 8 34 74 32 45 42 27 67 57 74 98 6 46 33 29 54 84 33 5 13 100 80 100 34 30 85 64 15 35 81 11 11 43 50 15 64 90 81 93 46 60 78 27 19 26 86 4 71 6 16 44 55 29 73 5 29 75 75 16 96 94 46 12 59 72 21 67 74 48 32 44 53 62 22 75 66 64 76 19 42 36 54 47 42 61 43 74 31 53 86 27 34 91 77 79 80 74 3 6 37 16 40 11 60 22 8 53 62 90 54 98 86 32 87 26 5 100 39 79 33 100 97 85 100 95 81 42 3 70 64 94 25 37 100 57 66 64 24 83 55 91 42 47 31 0 6 17 29 79 38 22 7 89 41 11 96 69 96 6 42 45 37 32 2 13 20 50 55 65 82 9 99 5 69 54 100 73 9 33 11 32 35 39 34 64 18 49 30 34 86 53 42 49 79 47 3 95 34 25 1 44 98 48 35 60 72 18 38 51 11 45 94 34 16 42 29 19 66 24 33 76 55 5 26 55 46 67 67 76 17 28 72 86 16 79 3 90 61 96 14 37 43 46 75 45 78 52 44 8 21 89 43 93 19 78 14 74 12 35 61 44 89 60 56 38 91 72 14 48 2 7 60 0 35 82 58 64 2 38 38 28 35 67 57 63 66 31 49 85 11 51 69 61 30 4 29 73 52 89 76 35 96 57 69 11 44 49 56 34 11 49 23 97 7 27 56 99 11 43 56 36 96 58 58 25 41 36 55 55 100 82 96 21 80 92 35 32 100 7 91 29 71 82 86 54 29 33 5 88 75 28 29 10 82 66 1 0 24 62 41 21 53 32 29 53 64 94 17 35 52 100 4 37 5 38 55 61 45 86 90 9 62 87 5 9 7 21 32 97 80 96 54 67 38 25 67 0 35 55
1 41 84 54 36 94 40 36 3 22 0 31 63 43 92 47 31 94 58 21 30 19 45 47 40 8 55 60 58 77 97 35 39 33 10 36 76 70 41 88 44 30 65 62 55 48 33 76 46 16 55 50 55 100 33 42 90 29 56 53 27 30 36 17 21 30 37 15 28 24 28 22 65 59 65 55 37 1 73 0 50 37 21 60 68 34 92 17 8 74 43 6 50 84 94 73 42 24 16 64 62 73 84 37 45 66 7 66 8 65 3 12 96 29 82 82 18 12 19 33 44 16 45 90 31 31 2 37 13 69 60 57 5 96 32 32 79 70 89 17 20 94 36 100 36 43 54 75 70 47 2 49 89 81 24 7 100 94 94 79 44 35 80 25 17 50 78 68 83 81 56 27 81 42 90 61 5 43 50 4 69 51 60 29 35 55 70 63 24 42 91 38 53 68 49 80 8 48 0 87 2 48 38 69 86 15 4 22 22 42 79 65 52 31 23 0 91 80 68 45 15 27 90 9 63 45 79 4 82 77 69 73 85 100 98 0 46 42 61 2 69 89 87 92 33 9 62 46 35 93 53 4 60 0 73 1 72 60 93 70 18 34 78 28 73 60 90 22 43 83 85 5 8 60 89 85 27 16 96 94 35 93 50 62 85 39 86 52 90 10 32 22 14 58 40 72 12 3 3 5 79 23 43 19 56 26 73 30 52 26 10 0 98 9 17 74 86 78 98 82 38 92 35 92 79 80 0 5 96 60 81 95 2 59 29 69 7 33 4 52 18 62 46 93 45 4 8 23 47 45 18 59 11 31 99 7 49 56 67 83 74 48 32 33 34 43 11 18 65 84 31 93 29 82 88 20 40 11 52 79 49 64 5 99 40 99 42 60 2 16 20 96 98 35 66 23 24 71 55 100
1 32 25 64 53 17 32 93 56 83 86 84 0 46 80 63 89 36 50 55 41 44 99 7 24 61 12 15 17 22 5 85 19 9 68 84 95 12 49 18 87 27 0 29 8 66 96 70 26 99 28 52 44 80 38 80 2 91 16 95 53 7 94 25 12 38 60 43 14 8 34 61 53 82 53 1 3 27 75 91 90 62 95 91 69 12 35 1 45 89 87 96 21 3 37 8 60 14 68 38 6 42 50 99 45 29 74 71 100 36 78 22 100 5 45 82 94 17 54 22 66 58 41 19 8 27 50 62 4 29 63 11 54 34 34 46 2 44 39 53 82 47 47 26 55 64 29 77 89 98 14 66 24 55 23 77 83 12 23 19 54 31 28 74 73 99 75 36 57 100 23 14 16 30 79 17 86 91 77 42 31 18 5 76 35 31 26 72 20 88 25 67 10 35 53 17 67 4 85 59 38 57 96 92 25 82 36 77 28 54 83 12 85 90 51 65 96 48 25 6 83 74 51 72 80 71 42 23 16 33 54 65 86 27 41 43 59 78 10 22 24 16 53 29 0 64 5 11 47 20 74 99 55 86 50 19 27 17 39 83 83 99 79 91 53 5 79 26 96 19 42 17 15 42 67 55 55 99 76 25 78 15 12 91 29 49 85 30 21 77 13 46 28 37 79 16 70 78 56 27 2 88 59 86 91 88 91 41 51 27 28 17 96 88 40 8 97 39 75 58 73 44 34 77 72 75 5 71 39 0 10 17 83 77 17 40 3 46 97 50 46 33 49 99 6 72 8 92 84 8 86 79 86 92 75 25 29 55 33 80 98 62 52 64 91 26 51 56 4 67 19 37 98 8 14 95 62 94 19 5 28 9 99 80 86 96 66 70 33 44 72 35 65 5 64 97 7 32 64 75
48 18 6 40 20 83 8 92 79 18 13 97 53 81 47 45 48 35 48 46 95 57 50 89 94 28 31 90 93 94 33 43 76 20 89 14 1 69 26 65 1 15 45 54 2 31 63 64 74 96 81 58 63 72 42 98 82 9 14 41 71 53 2 6 22 88 47 66 29 100 55 77 3 40 85 79 29 0 82 34 81 93 52 41 38 70 50 94 19 75 37 55 26 12 56 15 64 26 80 41 36 63 13 13 52 36 18 87 37 23 11 88 57 27 77 72 78 60 27 20 54 73 5 21 66 49 14 87 44 29 32 33 67 84 36 77 24 59 63 82 9 59 27 89 62 58 28 6 78 53 46 47 85 77 31 41 41 39 57 40 64 98 42 13 56 89 24 50 92 31 56 76 6 38 31 17 53 21 80 37 0 50 91 98 23 17 59 21 5 39 6 42 6 27 62 88 92 39 46 4 11 1 91 79 62 82 98 6 8 34 60 89 93 57 6 95 95 3 31 60 17 12 92 85 59 43 82 81 84 61 71 17 45 56 89 99 6 90 76 81 41 42 91 96 77 31 59 9 42 16 30 50 5 41 87 33 36 87 48 40 62 61 40 87 40 64 61 3 17 28 66 69 42 95 0 6 5 36 3 34 49 20 1 67 40 8 65 81 19 35 13 9 29 98 64 21 5 77 62 44 12 15 75 91 49 33 54 16 69 44 17 26 66 86 27 26 75 80 15 16 41 14 88 17 90 7 69 97 90 46 96 67 17 68 65 17 10 61 39 77 42 96 12 24 56 29 48 32 67 81 54 3 48 73 12 27 56 83 12 43 41 71 27 43 58 21 20 23 63 0 62 86 95 53 52 22 89 46 99 10 57 45 57 71 68 96 67 89 90 0 2 44 6 42 99 83 15 13 78 92
28 16 14 85 80 75 98 48 13 41 19 62 49 46 89 96 92 62 42 45 10 91 35 65 97 14 5 52 35 92 7 82 46 19 16 68 86 36 7 76 40 13 83 98 98 42 21 37 63 78 4 63 31 11 53 48 30 87 8 31 95 71 17 67 20 17 98 65 90 93 20 27 51 49 40 38 100 55 49 59 2 10 64 12 11 58 96 48 63 30 10 80 60 12 52 70 78 73 26 64 75 15 94 4 2 84 11 91 37 80 69 27 29 7 54 72 71 36 92 43 77 67 58 31 78 97 91 2 14 42 49 2 22 66 73 56 83 66 28 12 7 85 50 76 11 36 16 48 13 61 5 73 38 81 71 84 38 8 95 68 67 92 29 17 12 9 78 90 25 61 64 35 24 18 100 76 11 30 15 30 80 66 95 81 6 56 6 80 38 28 24 49 44 97 23 75 77 32 64 31 69 25 26 16 24 63 86 50 91 32 0 45 34 13 97 12 21 90 41 91 16 28 68 90 41 0 18 21 81 78 65 10 93 22 38 32 73 22 49 35 38 89 69 89 5 87 23 76 86 84 36 63 71 0 67 32 70 52 39 54 32 13 2 94 6 40 98 2 44 73 49 72 15 64 44 62 76 64 76 68 35 58 31 61 63 30 6 99 91 83 87 62 34 34 4 33 63 40 96 58 16 45 98 61 71 59 0 88 56 56 55 84 59 91 2 64 73 41 1 57 29 21 17 5 4 37 55 42 77 98 25 99 42 83 33 33 99 60 83 97 25 49 90 41 91 48 13 61 77 72 91 40 40 67 0 53 54 86 64 73 91 93 60 30 0 63 21 96 66 33 25 10 52 100 76 82 49 75 5 8 60 48 66 5 14 95 30 46 98 87 14 61 4 22 65 77 2 43 85 20
10 48 86 38 4 70 86 6 84 95 13 98 81 19 99 29 72 94 70 81 19 52 1 86 33 99 6 21 59 47 52 57 13 62 91 4 82 68 95 5 51 18 64 77 77 9 7 54 13 30 14 37 0 47 90 80 26 71 54 85 75 68 61 18 87 59 90 18 11 51 23 40 33 42 2 92 37 19 26 58 11 59 43 98 46 81 77 30 28 25 12 50 93 50 2 43 69 5 66 61 51 84 68 44 93 2 91 19 60 58 44 60 99 56 84 35 72 35 94 53 85 48 99 45 22 56 29 15 93 92 25 34 58 25 46 48 81 5 53 16 85 100 77 55 82 46 32 15 75 46 36 65 40 51 7 49 73 70 99 66 42 49 4 15 58 14 57 80 73 71 8 67 86 77 65 37 55 43 56 14 82 32 57 48 90 61 83 35 64 38 81 18 99 25 58 76 82 91 90 7 27 81 54 31 27 85 25 100 73 1 20 99 8 84 74 52 24 99 61 58 69 53 94 69 75 76 15 57 0 58 36 95 26 91 24 12 63 41 49 34 69 85 61 10 20 22 7 42 80 60 91 93 46 91 56 87 38 29 94 100 40 29 37 39 40 64 86 12 75 21 10 44 39 41 9 54 8 41 37 66 52 40 47 58 25 34 26 10 32 78 94 70 12 89 49 59 69 53 32 1 18 51 33 5 55 77 82 62 16 5 98 88 2 24 10 29 76 46 13 14 6 98 36 73 51 24 53 37 83 88 86 59 83 94 75 75 71 4 3 38 96 5 26 94 88 30 81 71 99 54 11 49 30 66 59 33 17 82 42 84 88 64 64 34 24 64 88 47 66 11 68 21 58 41 94 59 0 79 90 16 99 8 99 95 26 0 100 86 32 8 73 67 36 37 62 22 29 54 80 53
24 45 92 92 51 57 71 38 81 16 68 34 4 33 4 2 42 97 97 6 75 48 69 53 33 43 26 38 8 95 27 29 4 71 97 30 27 95 56 100 30 53 21 12 68 5 16 33 81 44 10 42 9 3 61 74 32 69 98 11 2 68 38 92 85 29 35 24 25 43 70 7 66 48 64 51 49 69 41 3 80 56 81 8 35 37 11 91 12 64 73 88 94 11 53 29 79 63 21 91 10 40 38 88 32 49 22 59 67 43 25 43 28 46 92 92 41 61 41 60 32 87 93 94 34 53 74 75 83 27 77 53 40 29 25 17 73 45 93 70 60 52 43 71 98 55 87 72 96 38 64 90 100 87 36 19 20 67 38 53 77 35 59 2 40 65 93 63 48 36 22 37 74 12 89 76 98 31 32 56 7 88 33 25 91 67 16 2 10 56 5 83 88 94 51 10 55 72 90 67 42 63 88 9 39 34 43 95 91 3 94 56 77 55 11 76 66 89 10 51 30 93 3 99 0 11 17 91 85 71 67 30 30 86 94 35 23 92 53 35 46 36 74 63 1 0 41 11 19 41 45 75 69 59 21 26 26 80 10 26 34 18 80 40 95 10 35 63 74 95 26 57 32 70 42 81 23 53 65 69 32 84 62 63 56 83 54 8 10 20 44 80 96 43 32 80 99 48 90 46 47 34 29 84 1 17 77 4 82 73 32 82 94 74 56 40 28 5 90 75 81 88 58 91 75 13 32 26 50 54 69 29 56 31 4 31 64 66 47 64 82 49 17 57 74 46 98 66 87 26 78 31 48 86 12 40 43 35 70 29 35 45 27 28 96 54 90 56 89 3 42 50 79 15 31 26 9 56 25 42 33 98 58 78 31 96 54 40 45 5 8 48 96 31 39 31 45 10 1 71
21 97 30 23 91 88 74 70 25 24 77 90 17 35 66 100 11 70 45 68 17 56 0 6 72 100 66 56 44 16 98 61 44 89 82 6 36 24 10 55 55 17 18 37 26 72 21 63 72 0 25 48 7 0 32 63 46 62 60 90 64 84 29 12 54 3 17 53 48 7 83 35 11 90 38 37 42 93 45 13 46 60 70 64 11 77 75 3 81 55 20 85 14 47 64 0 47 66 39 39 49 99 35 29 70 71 28 94 51 9 56 5 78 68 87 97 94 78 99 90 78 83 1 95 32 22 90 72 52 25 61 37 75 71 26 26 95 54 46 72 42 18 91 66 58 5 9 74 49 9 8 2 17 63 75 37 96 94 90 97 72 49 92 35 1 68 90 11 91 7 20 53 24 91 51 86 37 55 40 85 89 79 29 45 74 49 48 53 44 91 51 14 46 3 3 49 2 42 33 78 43 56 32 24 11 97 43 81 85 94 86 92 78 80 74 44 78 65 32 49 81 90 9 89 87 94 18 46 10 88 27 8 6 92 83 86 97 100 69 59 57 5 56 3 38 92 39 19 31 25 66 24 55 21 1 67 34 99 76 93 93 56 12 9 35 69 22 78 99 66 84 22 5 17 80 1 35 35 23 49 34 55 0 35 43 88 35 33 81 18 30 44 60 38 98 68 83 68 27 71 5 43 68 27 64 73 93 96 24 23 42 6 7 70 42 59 98 75 5 46 74 28 93 25 84 93 2 42 12 2 67 75 26 54 69 87 51 93 57 22 52 45 35 31 98 100 52 5 48 80 5 33 19 1 54 45 44 64 86 34 65 97 95 23 94 21 71 95 86 96 48 87 78 96 89 92 78 12 67 67 57 100 70 82 81 41 2 92 97 74 66 91 48 72 84 54 84 5 85 68
88 18 2 20 93 51 87 80 34 43 27 93 80 13 4 26 8 30 71 0 54 24 48 60 100 52 90 16 33 81 18 44 34 81 27 54 93 28 72 47 20 1 53 65 46 72 13 74 96 93 64 79 8 6 4 23 14 15 26 79 28 72 94 72 28 70 9 82 59 2 39 47 23 43 16 51 0 7 42 49 73 84 48 52 30 73 83 70 62 48 66 46 40 2 5 10 52 42 71 11 17 44 96 69 50 5 97 17 24 92 0 63 44 89 44 84 36 99 42 61 34 37 0 4 57 84 33 10 30 38 78 100 49 94 86 2 100 39 95 43 19 33 4 41 89 77 1 10 6 69 59 79 39 42 93 93 73 62 82 73 62 44 34 83 24 91 36 29 35 43 37 57 16 68 30 53 73 53 66 70 71 3 19 92 79 5 99 11 20 98 64 95 63 82 61 94 67 38 11 76 69 64 16 29 3 34 14 56 60 23 6 79 99 5 21 68 32 25 60 41 46 84 2 72 91 28 79 94 81 12 60 42 75 21 40 88 97 73 49 89 64 30 15 80 9 6 47 13 88 71 1 35 35 94 83 38 40 19 9 10 32 17 91 23 8 64 3 9 31 44 59 93 29 30 35 100 56 38 33 27 31 48 22 88 93 27 11 14 64 65 74 38 66 7 61 58 11 1 5 58 16 25 83 35 57 92 71 12 47 21 10 47 38 46 35 18 55 91 2 17 43 42 81 43 88 21 32 97 87 3 82 22 97 44 35 57 65 22 38 60 84 23 48 25 61 1 16 57 58 58 70 94 55 4 83 34 84 58 34 90 41 77 1 99 10 79 48 49 6 96 92 3 26 53 4 91 41 6 60 82 43 31 51 48 100 61 52 59 84 9 32 72 65 38 99 80 26 74 46 94
86 37 46 76 81 21 10 38 88 19 36 61 49 65 30 67 8 53 62 13 3 63 5 83 74 90 43 45 45 69 99 9 45 20 92 96 86 81 72 45 84 12 2 7 81 83 62 74 2 34 32 43 10 68 59 56 38 44 83 78 62 79 70 57 88 47 85 56 20 78 22 38 48 63 93 62 99 30 64 91 10 76 89 81 9 77 39 21 31 49 64 55 65 4 87 89 58 70 52 32 46 27 40 56 32 34 60 75 63 15 48 94 9 56 39 18 48 36 45 9 60 26 28 60 67 79 56 17 53 65 44 84 11 60 53 93 72 94 80 47 89 84 55 93 80 11 100 80 87 74 40 33 93 47 64 60 99 2 41 29 69 52 48 81 63 86 50 85 78 73 53 83 33 75 61 3 51 31 50 46 35 13 16 50 39 22 86 48 94 11 86 82 10 7 90 100 73 86 70 21 46 75 86 83 41 76 38 60 88 91 7 81 38 94 45 92 30 66 9 24 68 79 43 41 79 47 16 10 25 39 11 14 46 4 45 59 90 26 31 20 22 50 82 87 21 71 73 15 77 61 55 52 82 26 56 7 93 45 72 15 40 49 1 62 32 23 85 3 14 62 74 92 71 11 45 91 82 78 43 91 78 10 31 41 95 88 0 21 76 82 37 98 53 53 22 51 21 78 39 21 21 36 78 0 66 32 82 62 17 75 7 44 91 52 29 77 22 94 19 28 14 90 10 52 27 40 35 26 55 35 90 55 40 20 57 85 58 6 37 33 60 42 99 95 46 64 34 66 72 5 39 71 46 32 52 86 69 83 84 79 55 65 57 26 41 65 31 50 7 86 98 23 24 70 3 34 27 100 24 15 35 80 50 45 93 39 71 74 38 27 95 79 55 82 14 30 73 51 85 10
13 72 68 3 22 78 99 13 65 0 2 93 51 96 61 14 28 61 81 95 63 40 6 80 45 88 95 43 79 60 54 15 65 99 97 81 0 97 3 78 87 61 73 60 6 88 52 31 15 85 94 32 13 62 84 77 95 8 39 2 3 79 82 76 15 3 5 98 45 89 38 48 21 17 93 6 41 11 78 44 71 81 61 69 39 55 55 16 11 36 66 86 59 36 39 83 67 14 75 88 94 21 79 86 5 14 78 31 70 81 33 15 88 49 42 19 51 11 42 16 60 99 82 98 2 73 90 62 77 100 65 89 39 70 10 38 98 18 59 77 52 75 64 85 33 46 38 58 55 43 31 56 51 23 29 79 39 77 91 100 58 30 50 73 1 65 17 50 64 50 74 76 56 86 39 69 50 63 49 22 88 79 24 14 95 15 74 22 58 51 27 81 17 20 48 69 57 48 61 71 76 65 3 27 54 47 89 33 30 68 43 45 31 80 7 70 6 77 91 97 93 24 80 61 63 4 67 9 84 94 7 1 18 90 93 17 66 54 67 63 53 3 72 27 19 39 47 74 43 16 97 82 47 34 27 1 31 3 45 33 99 93 33 60 55 67 72 30 93 11 85 93 41 24 75 30 19 63 8 29 47 99 84 37 23 89 2 2 83 48 23 41 98 58 12 60 58 35 99 24 93 62 57 40 77 40 62 60 62 4 70 88 26 76 78 27 22 64 32 43 66 69 34 78 13 98 61 49 32 61 91 84 11 99 16 71 55 67 54 75 84 19 47 30 70 16 47 85 93 6 4 59 44 94 66 96 26 22 33 34 18 7 14 51 98 88 34 67 17 64 40 42 51 24 47 52 26 80 20 22 96 34 25 22 7 95 21 10 54 67 79 8 74 7 49 75 18 28 77 39
22 56 96 29 82 6 98 28 64 0 37 27 0 40 41 20 93 42 5 2 91 40 58 32 36 11 16 32 1 93 5 55 64 43 80 5 37 14 92 43 95 89 0 45 99 84 43 70 98 94 45 54 88 74 77 1 24 87 80 93 62 35 78 19 47 15 17 31 8 7 19 27 0 89 69 95 86 67 28 36 2 5 76 68 91 73 32 78 76 64 57 34 1 6 25 29 87 18 38 11 85 46 15 41 11 29 79 94 76 57 52 28 51 34 46 22 1 88 48 15 50 4 86 87 50 67 67 70 59 19 80 33 57 51 47 16 51 61 95 83 58 91 78 77 28 1 83 98 54 76 50 49 47 1 3 36 47 94 76 51 23 16 67 33 28 28 74 18 49 40 15 63 11 100 36 63 44 6 14 16 95 87 88 94 82 5 0 79 32 97 11 90 58 4 51 19 20 18 2 62 45 54 40 17 66 78 48 2 4 52 71 45 52 53 71 32 65 62 82 52 58 8 57 26 50 54 92 41 78 58 14 43 42 27 42 27 48 6 40 5 100 25 46 12 90 34 100 8 79 55 74 56 45 25 58 67 60 75 44 47 27 99 46 53 8 23 91 47 0 96 60 1 59 42 72 46 79 60 68 52 55 19 76 66 17 19 4 77 7 40 1 89 38 48 53 5 45 88 26 6 95 71 22 12 71 87 7 61 47 62 17 95 19 4 80 82 58 94 97 95 93 48 36 18 8 98 77 36 78 28 82 2 80 90 86 24 52 11 51 25 48 57 22 82 9 28 88 40 49 43 61 85 45 94 81 20 8 38 78 94 55 28 87 12 32 31 26 54 6 49 77 58 84 68 12 29 82 8 31 48 36 26 51 14 17 49 79 77 46 45 71 80 56 57 77 37 86 37 96 94
20 49 76 35 61 75 70 41 71 56 46 38 81 55 63 90 51 61 94 60 68 67 55 97 27 12 91 8 2 59 69 94 53 96 12 85 17 96 0 57 71 100 20 88 52 10 70 86 21 56 41 19 53 34 60 39 12 60 66 73 40 26 31 45 79 55 49 1 75 100 61 39 45 49 97 97 20 64 70 72 76 91 85 64 79 31 5 20 34 94 1 57 66 54 46 93 25 9 66 93 23 8 94 65 72 54 10 28 87 78 46 30 1 58 95 100 95 7 25 59 64 24 51 8 37 16 11 23 2 23 94 81 84 84 45 14 20 19 39 91 95 24 32 91 10 11 34 78 0 4 92 76 15 7 65 66 71 58 58 94 92 47 98 13 81 63 55 58 78 33 76 80 9 46 85 17 61 34 58 100 34 55 87 97 19 57 16 5 83 50 37 42 51 82 84 0 76 53 85 63 42 44 26 98 71 46 52 32 79 37 87 32 43 39 9 10 69 49 97 22 71 99 67 76 7 13 51 9 69 30 71 47 41 40 64 84 67 30 97 87 86 77 19 55 41 54 78 46 4 98 42 60 2 61 24 58 97 48 17 28 3 29 19 10 68 81 90 53 37 97 32 54 63 41 10 38 78 59 57 78 86 41 21 98 40 9 29 39 65 79 68 56 37 66 42 82 30 28 99 59 93 36 87 28 61 95 26 29 13 24 73 13 84 30 13 63 59 65 29 88 26 98 57 84 4 58 29 66 48 54 87 62 79 59 76 9 12 54 69 27 77 88 30 4 39 19 25 64 33 73 50 48 70 66 98 78 76 27 36 4 35 26 7 35 11 17 16 40 86 40 10 60 9 100 59 28 21 78 43 54 87 25 60 55 4 52 62 87 22 3 13 8 74 80 88 55 52 61 60 37
56 47 22 83 38 92 94 11 92 76 22 71 90 32 30 78 68 7 31 6 21 40 48 20 83 1 66 13 71 3 43 61 42 38 99 11 15 12 72 32 19 13 51 2 65 69 59 92 67 17 56 71 29 46 7 13 46 26 93 30 46 33 65 37 29 11 52 82 16 76 47 50 91 26 34 99 7 80 68 67 37 51 26 84 95 39 88 58 16 84 48 31 8 46 78 27 62 94 75 90 51 7 25 50 38 45 86 6 19 78 76 81 10 65 43 74 95 22 52 60 49 17 90 18 11 34 3 52 38 40 67 34 13 85 27 77 17 46 96 19 13 84 34 97 75 66 31 30 11 60 59 23 6 11 3 30 33 65 66 50 6 36 81 21 11 37 43 68 72 32 35 71 60 68 80 86 96 80 56 53 63 7 17 65 83 10 83 6 51 40 8 87 5 75 55 24 51 72 77 37 25 16 87 25 63 71 24 56 56 24 3 58 88 41 26 9 57 9 52 100 5 16 11 61 16 3 9 92 50 70 42 100 56 17 33 66 41 62 90 9 17 24 73 63 81 26 17 43 12 50 57 13 8 98 54 90 81 27 72 5 18 73 5 82 30 50 17 79 10 32 46 49 75 82 94 84 39 64 73 28 71 81 77 64 13 60 87 1 45 23 58 35 36 62 99 59 94 80 45 80 65 90 22 38 61 78 82 69 58 87 87 27 86 61 37 35 62 34 35 37 26 32 29 94 19 38 9 49 14 84 99 20 97 28 38 41 54 51 58 73 43 91 88 58 11 41 97 70 43 91 6 32 31 63 90 87 33 37 6 20 13 49 23 81 54 14 62 88 40 46 70 24 64 59 0 73 22 33 52 7 97 67 88 30 5 69 47 9 59 67 74 31 59 17 86 95 88 55 86 25
6 67 85 54 29 28 30 34 82 18 16 44 88 8 96 20 41 67 89 100 6 60 9 36 64 5 0 7 11 98 91 40 44 36 23 1 84 86 94 0 64 7 2 16 72 92 90 36 57 28 4 34 27 62 65 38 86 68 15 35 83 65 83 84 26 26 47 30 70 45 18 49 49 83 37 29 87 30 55 22 0 34 19 88 81 86 63 53 62 35 58 29 63 31 17 86 67 38 43 21 3 16 19 88 81 37 56 89 10 82 32 75 24 41 62 87 71 86 8 35 88 36 51 55 83 63 51 48 45 54 12 26 26 35 26 78 10 92 63 6 45 5 70 86 96 42 90 31 40 7 57 52 27 42 67 10 5 81 9 46 86 98 27 87 36 19 37 17 73 39 81 21 43 68 31 49 39 2 60 27 38 41 5 46 92 15 13 66 86 0 12 63 62 72 97 58 91 33 17 98 6 77 52 49 24 39 35 60 87 20 3 77 99 69 87 45 20 26 27 33 59 3 57 35 37 90 89 80 20 64 74 84 74 23 3 94 24 36 36 35 76 93 21 4 29 99 22 35 57 36 99 6 99 87 75 31 79 86 86 80 48 8 98 89 68 48 70 77 94 60 39 87 26 40 23 84 65 74 13 71 55 33 3 67 3 29 93 74 19 12 23 24 5 75 45 24 70 57 48 65 77 40 90 52 93 97 75 68 21 50 66 75 88 50 6 35 47 94 52 55 48 26 6 39 60 52 25 14 9 86 93 9 97 78 29 3 94 21 56 16 93 71 51 73 66 100 89 85 88 31 95 13 35 3 43 50 10 48 37 41 46 67 24 42 57 28 25 22 46 33 39 25 3 20 69 100 6 98 47 77 45 65 29 5 83 11 77 31 36 64 62 23 55 28 16 53 33 4 90 10
39 26 27 46 96 81 33 86 48 19 80 93 9 49 71 83 98 66 23 17 23 60 40 30 65 1 25 5 52 74 48 60 37 86 26 17 58 25 51 89 22 96 80 20 56 18 62 36 22 54 48 71 1 79 40 44 3 38 38 21 95 21 25 7 91 32 18 2 55 15 89 69 35 59 33 80 85 63 63 17 2 34 61 53 26 98 83 84 15 3 10 77 84 32 20 39 98 40 5 79 51 40 33 93 40 31 3 77 10 4 69 78 43 66 38 81 98 44 39 45 95 95 65 44 14 27 8 35 54 80 79 76 36 100 75 65 42 55 70 22 65 82 6 95 87 84 5 2 21 49 47 58 57 88 7 95 59 22 54 66 15 37 2 53 55 63 35 100 77 57 83 25 53 32 60 16 23 40 26 29 80 47 74 55 66 76 85 13 48 43 42 33 21 50 3 72 49 41 74 61 95 66 45 92 59 78 52 10 78 35 73 91 7 81 24 80 31 55 35 79 79 46 97 63 42 50 18 98 11 100 7 93 41 74 99 51 34 13 18 80 27 92 74 85 96 14 8 6 77 4 27 17 39 19 16 88 53 76 95 95 35 96 7 58 49 40 86 65 38 51 48 93 43 41 67 30 85 47 4 18 87 26 42 9 67 31 2 56 14 40 46 23 56 62 70 70 39 47 15 48 35 20 2 19 19 65 1 94 86 58 54 67 23 45 70 33 76 66 63 71 41 84 75 87 46 76 87 28 54 99 0 9 76 76 97 87 22 66 93 9 31 55 29 39 8 23 38 44 68 43 26 57 20 2 30 48 35 18 92 66 95 3 47 16 16 92 2 25 7 21 40 43 15 36 73 29 68 33 20 0 23 28 67 8 13 59 78 19 22 14 37 44 10 60 13 62 13 88 32 65
79 84 16 7 71 53 19 43 13 4 97 84 65 28 55 25 95 79 82 100 82 73 47 100 10 1 53 33 98 92 83 38 95 78 57 61 50 22 15 36 100 2 16 8 50 73 5 24 84 4 0 49 49 49 10 48 67 34 72 84 44 53 9 64 0 61 62 20 4 10 64 40 89 56 87 76 54 28 8 73 46 2 49 76 1 34 89 80 61 92 76 3 90 33 12 46 60 34 7 73 95 59 42 98 43 15 3 67 48 80 0 29 92 40 33 21 85 15 100 67 81 26 11 77 6 73 18 2 22 95 17 37 30 31 63 92 57 8 93 20 77 79 70 76 48 70 51 80 75 42 21 28 11 12 10 73 73 0 31 14 4 44 85 73 88 82 79 56 5 45 64 51 7 16 71 44 74 36 12 97 54 68 79 80 95 54 44 83 87 83 12 16 69 36 48 63 75 18 22 9 77 26 54 27 12 24 85 47 72 91 28 78 71 97 30 32 61 34 69 41 67 24 55 53 12 6 55 27 24 29 56 57 60 9 18 60 4 40 10 83 30 38 37 84 22 28 80 55 14 17 17 81 1 27 88 71 46 5 39 45 21 64 32 36 48 32 76 48 23 68 48 85 41 57 84 14 89 87 88 28 0 81 50 47 13 45 73 74 14 22 13 17 4 90 85 44 93 91 94 0 100 66 11 80 7 11 90 79 30 17 13 49 55 69 55 19 45 78 74 4 81 70 81 16 17 29 50 98 100 38 72 24 10 83 31 61 11 32 68 35 38 34 82 6 26 37 33 40 3 12 79 13 16 15 51 58 95 19 33 34 95 23 50 86 66 88 49 41 3 96 57 42 91 17 49 26 95 85 10 31 3 82 67 9 66 76 80 30 42 68 98 85 37 10 21 6 54 40 41 85
56 25 87 94 100 31 37 73 0 53 11 20 83 71 57 17 78 76 4 76 53 51 77 57 54 44 48 56 15 65 22 49 81 75 91 33 58 37 40 67 11 94 55 61 10 13 35 44 8 48 49 56 82 75 70 42 15 39 14 7 79 55 69 30 85 90 26 81 75 59 52 2 26 72 31 68 21 39 50 5 83 76 86 96 75 13 39 65 95 26 76 9 77 37 88 40 65 88 65 63 1 48 87 84 65 96 36 36 50 70 84 62 57 7 98 53 53 89 91 66 17 54 89 16 54 44 16 8 72 80 29 79 38 66 22 25 55 31 49 84 54 21 12 62 100 6 52 5 100 81 56 85 79 100 43 22 89 6 71 91 48 4 48 56 67 77 79 24 88 91 41 69 80 64 98 88 98 98 30 35 11 42 81 48 4 16 26 86 28 86 67 57 45 1 29 13 67 84 51 23 52 43 37 55 86 4 16 87 5 17 93 68 86 94 3 26 72 41 40 32 1 7 86 93 78 19 70 28 24 100 16 17 94 42 17 94 36 34 71 10 91 97 46 7 32 1 61 45 79 16 34 11 71 33 100 80 5 36 21 95 63 57 25 3 57 51 85 45 99 80 89 22 55 93 35 50 96 76 24 28 11 5 22 2 67 89 2 97 71 30 12 92 30 33 71 47 9 89 20 15 80 52 14 56 43 2 8 69 29 70 98 90 91 30 98 65 50 73 62 50 5 84 75 81 69 49 54 42 13 20 41 29 54 95 70 93 83 91 34 75 43 88 27 79 73 95 35 61 50 13 20 3 72 62 53 48 14 59 22 60 48 77 54 27 52 21 41 1 42 92 61 83 87 78 25 70 50 57 33 72 88 97 98 4 53 75 29 71 46 16 93 86 11 13 21 99 88 67 6 19
11 9 9 16 94 25 4 42 36 60 45 13 19 16 8 41 91 39 31 49 77 42 13 42 31 30 71 37 34 35 28 20 59 24 19 38 18 87 74 57 82 16 76 78 43 19 89 47 39 57 37 27 86 35 23 75 91 29 43 73 88 13 74 85 99 29 29 82 22 7 0 11 15 36 55 74 68 80 44 21 55 40 61 71 60 22 40 46 43 83 34 93 58 43 71 16 95 19 7 80 11 16 47 45 15 55 74 88 17 68 19 12 86 37 9 27 84 45 96 84 17 49 34 37 11 97 57 38 31 40 20 71 13 7 36 27 77 17 28 96 31 20 38 26 55 32 7 42 45 20 46 70 33 40 8 22 90 24 98 79 54 87 33 86 15 20 48 51 53 80 48 6 82 53 5 34 21 30 78 19 3 82 79 36 91 21 56 69 60 48 63 49 6 27 64 11 82 39 19 92 27 47 62 72 75 80 51 77 36 63 59 51 44 68 74 77 6 28 32 68 49 48 79 11 44 86 72 9 39 74 20 16 63 28 30 18 16 56 46 92 9 60 42 74 70 67 46 85 99 78 67 18 89 56 15 63 7 8 25 79 54 78 6 29 70 77 50 42 91 9 58 46 27 90 37 62 76 11 56 11 89 62 57 2 1 34 69 85 37 77 22 71 86 87 23 99 71 97 59 88 65 93 29 91 62 1 76 84 7 98 37 49 57 37 90 34 33 40 69 36 14 15 63 95 79 77 18 95 24 0 32 69 72 86 85 88 36 11 2 0 22 25 3 11 91 54 64 98 73 85 26 14 58 62 7 35 39 88 68 99 6 83 74 66 59 63 8 5 30 7 42 5 1 65 31 77 74 71 8 54 28 62 80 53 6 6 34 85 28 28 87 61 37 81 86 87 14 25 62 7
87 30 91 27 14 44 28 21 74 3 88 99 94 90 89 45 15 49 7 40 29 77 10 63 96 32 27 58 70 9 88 40 6 34 91 39 9 55 82 89 36 34 26 60 71 22 100 43 25 56 77 0 89 29 100 94 5 98 3 100 15 81 5 29 38 26 70 99 42 94 57 29 34 9 99 90 63 40 47 42 85 97 5 85 73 87 45 82 47 6 6 45 48 47 41 50 22 84 94 75 82 7 54 19 81 2 18 85 38 69 21 95 58 60 23 68 14 7 28 71 86 80 96 78 92 9 78 29 76 12 16 76 41 53 65 31 78 75 13 1 0 1 51 74 60 99 3 61 88 96 63 88 67 66 20 2 21 10 49 41 81 54 11 25 15 21 34 63 50 79 15 17 31 81 79 70 65 21 94 3 85 33 85 18 1 88 93 60 33 81 68 73 57 81 50 48 16 24 38 100 67 1 62 91 74 9 56 4 56 33 33 24 31 69 41 6 20 9 88 39 43 9 47 44 80 82 31 14 37 25 21 70 92 11 73 81 59 12 83 17 57 14 25 90 29 88 39 51 37 95 62 11 59 19 38 53 81 64 83 64 31 49 31 62 93 85 1 41 93 19 46 2 97 42 81 42 99 21 10 21 98 63 55 12 99 49 61 94 62 64 46 43 99 40 18 73 17 62 81 37 91 42 74 12 49 8 0 2 35 78 16 28 28 94 94 48 64 65 62 66 89 44 92 24 38 35 40 31 95 22 11 21 61 16 99 41 22 59 89 15 38 4 51 41 40 75 46 87 77 29 3 76 93 71 48 27 30 56 68 4 23 97 68 64 87 21 25 46 43 54 33 30 41 78 2 55 29 29 24 41 6 96 62 18 60 6 100 38 12 52 69 15 84 35 25 95 1 16 74 13
68 86 36 1 44 25 82 46 0 44 82 75 23 63 16 54 24 77 95 89 46 34 75 75 41 39 62 40 98 21 89 76 8 61 22 11 49 93 36 35 45 91 6 7 2 66 81 9 23 22 56 14 61 58 20 61 37 74 4 18 100 79 40 55 16 28 31 16 32 62 96 69 4 17 55 73 98 14 24 43 15 56 61 91 72 45 16 4 2 28 86 63 96 21 31 96 99 32 62 2 92 27 8 71 19 84 15 41 11 65 53 8 89 24 97 0 99 12 8 13 36 11 47 56 82 4 10 64 76 0 97 35 55 35 99 51 49 52 87 82 47 61 65 35 44 29 58 48 79 88 66 38 42 78 23 31 63 66 98 77 35 5 64 0 65 26 92 99 99 89 4 24 14 91 44 5 2 46 88 39 94 67 37 70 52 90 81 72 85 46 82 56 10 52 80 38 19 22 59 56 3 60 85 68 72 61 12 45 25 31 34 28 85 61 21 91 20 53 68 65 29 4 80 89 69 69 0 94 97 72 13 27 75 43 32 93 20 35 100 81 90 51 57 13 91 83 55 38 56 82 74 86 85 78 65 28 9 41 37 86 83 41 37 25 21 57 38 54 96 25 82 86 20 69 73 4 91 47 93 73 80 14 16 22 44 20 82 94 53 37 31 39 62 63 100 47 64 77 69 63 37 71 65 78 66 26 22 21 59 68 0 72 10 32 57 22 46 28 21 8 27 71 0 56 59 62 92 24 47 36 1 3 59 95 94 2 57 63 78 50 43 20 50 38 85 93 2 75 68 34 47 73 19 0 80 87 6 96 98 92 75 44 74 73 61 69 38 41 45 69 38 31 55 49 22 34 41 52 56 46 2 82 56 19 94 3 50 19 36 89 80 56 94 31 95 60 34 63 80 42
97 11 19 11 35 11 7 35 24 14 41 69 37 58 79 32 49 77 79 54 27 96 61 92 50 39 82 5 79 86 99 35 23 13 68 16 27 38 90 84 5 11 9 94 19 73 26 62 26 43 14 64 58 15 83 76 71 39 81 38 49 88 27 95 33 91 98 84 27 54 41 5 1 90 32 97 93 29 54 82 65 32 42 14 88 84 47 83 53 79 27 56 41 49 63 14 94 3 53 65 17 81 45 4 31 70 7 76 85 35 4 3 38 96 78 27 27 60 93 8 15 60 86 80 34 10 2 46 56 58 3 89 20 1 33 14 19 62 88 69 80 75 83 44 15 28 65 39 56 40 35 23 49 0 25 96 91 9 47 93 14 65 97 15 14 57 87 70 44 83 72 16 90 32 66 58 26 36 17 81 70 75 26 100 26 90 26 34 66 29 20 54 14 84 53 88 90 45 25 39 12 97 62 17 52 94 7 0 22 1 96 89 52 59 53 67 32 44 79 86 3 38 10 41 9 82 25 3 55 52 38 51 23 83 29 23 46 16 77 46 87 38 54 47 46 54 92 77 0 45 18 80 11 76 53 65 3 5 84 69 97 40 63 17 53 9 89 61 73 84 95 61 12 4 72 53 13 6 46 67 60 94 51 1 4 83 72 48 54 53 95 68 42 62 76 87 77 46 23 81 92 30 13 86 10 98 58 25 41 15 30 52 51 5 98 31 28 59 56 27 23 24 3 59 84 40 52 69 54 19 33 21 67 9 50 15 46 19 34 29 93 10 7 95 9 33 85 52 100 41 16 34 30 87 77 72 14 59 98 81 5 28 65 21 91 91 74 89 36 26 54 88 29 44 55 82 61 76 41 31 4 57 23 69 89 23 17 46 64 48 19 26 29 98 27 57 18 91 9 95
3 39 100 52 41 99 0 6 34 85 97 96 44 83 27 90 67 95 43 83 37 54 100 23 9 16 45 78 60 15 82 58 78 95 5 41 74 32 59 45 0 4 10 16 81 98 96 74 7 1 74 42 29 66 36 29 0 100 77 34 46 2 79 40 70 83 56 81 12 97 31 81 79 24 91 83 17 66 56 46 30 70 95 39 23 34 32 0 59 7 50 76 42 8 76 80 64 88 52 81 58 60 48 98 13 8 81 18 22 83 53 74 97 22 23 0 45 22 39 81 90 66 90 94 50 1 100 69 93 66 8 94 22 80 28 58 33 80 75 57 68 75 77 8 96 22 85 60 58 30 17 23 95 39 93 5 86 90 89 13 60 37 62 41 74 24 27 29 77 77 21 40 43 24 65 26 76 14 13 91 64 68 32 35 28 77 86 31 63 34 57 48 99 65 79 65 15 41 36 14 82 6 24 11 62 54 8 34 67 53 69 35 69 26 81 42 31 47 12 20 16 76 32 66 29 29 10 11 30 97 42 4 91 68 8 81 90 43 51 43 89 92 69 41 9 44 6 29 56 23 45 46 91 68 42 56 85 5 41 94 27 11 96 73 18 60 32 19 22 45 89 60 13 97 88 40 30 86 4 39 20 39 13 95 0 87 1 41 96 2 82 59 20 5 28 31 70 44 94 18 87 70 90 60 80 28 1 67 12 8 49 8 84 92 22 79 63 4 47 81 12 82 96 66 40 99 12 91 26 37 89 52 49 64 96 96 98 13 88 26 66 30 53 84 91 72 13 71 27 8 84 68 35 66 100 27 7 15 9 15 18 52 75 12 71 55 20 10 64 76 88 4 78 5 58 13 79 66 38 38 31 7 10 81 6 46 30 92 32 55 36 30 100 45 69 94 89 91 33 75
1 5 34 84 91 81 57 22 78 84 10 44 32 72 69 55 32 57 100 38 34 32 41 96 99 43 61 54 8 52 77 50 39 41 62 55 29 23 90 35 62 55 78 30 9 28 36 34 84 86 33 52 10 83 54 14 53 51 36 43 10 24 51 81 90 72 72 32 10 75 96 14 84 94 35 27 56 34 63 82 19 72 29 51 20 72 91 16 77 70 63 97 35 13 61 90 34 72 81 15 22 39 71 25 67 9 57 78 89 92 99 77 88 6 91 75 94 89 56 30 75 70 18 28 49 76 81 48 50 29 55 9 100 80 94 44 79 82 73 23 15 83 15 70 33 27 16 98 70 8 63 34 1 26 66 40 80 76 88 48 48 29 10 1 22 34 54 25 85 37 27 1 96 83 8 31 69 49 39 10 31 76 85 17 18 31 24 62 0 72 76 43 69 21 55 1 76 91 43 10 47 71 79 17 2 77 24 35 49 86 13 9 2 88 58 43 2 98 73 4 15 49 32 43 93 67 98 98 24 88 39 51 23 72 80 52 39 68 29 76 38 91 73 92 19 69 78 23 2 52 98 34 47 31 57 84 14 3 44 77 8 45 31 15 73 62 13 68 15 22 66 100 34 68 29 37 21 11 73 67 91 27 2 12 53 27 43 40 19 11 5 67 79 79 25 66 4 67 67 67 50 23 21 79 35 63 60 98 84 6 20 5 24 66 69 76 38 66 49 20 100 96 62 13 90 94 49 73 78 25 21 42 78 42 87 62 21 95 35 36 29 35 18 38 73 16 41 65 86 66 6 18 76 5 47 62 78 60 81 42 6 72 53 30 9 79 61 41 74 27 56 95 82 7 54 88 41 22 25 87 43 35 38 1 83 100 48 54 52 100 57 5 54 91 27 9 30 51 90 85
4 75 76 36 77 77 81 79 45 8 17 20 85 28 55 82 79 19 16 41 23 47 78 53 25 82 81 57 51 60 35 83 60 91 17 45 67 68 23 83 55 86 41 93 37 34 83 52 19 48 64 71 97 76 22 15 69 74 6 13 66 97 13 76 32 26 54 67 16 52 4 64 51 60 32 6 18 94 76 85 79 62 41 43 32 49 85 4 27 37 19 19 3 27 61 64 20 2 78 27 24 0 86 37 25 72 85 32 92 64 2 52 81 68 1 20 77 53 17 60 48 35 89 14 62 1 98 76 7 68 70 33 90 100 26 53 0 93 40 5 69 68 63 59 58 76 18 87 47 54 81 71 65 68 44 45 39 100 62 41 18 69 38 52 88 78 84 76 21 80 66 35 52 8 82 5 71 57 11 53 96 59 92 56 17 2 51 47 12 42 49 28 74 53 49 52 75 11 77 10 69 58 16 42 10 31 59 97 16 42 28 51 29 7 52 63 39 12 90 81 31 50 94 43 69 46 21 87 71 67 43 83 54 36 39 76 55 43 78 9 79 60 43 43 98 1 18 38 81 10 42 29 56 20 31 31 87 85 87 3 21 46 72 33 79 32 3 54 64 8 58 23 84 81 16 90 1 39 12 71 2 40 81 11 17 6 89 65 51 39 77 9 49 1 62 80 49 76 89 5 64 46 48 78 13 79 49 29 0 11 18 10 48 0 4 73 85 95 54 14 94 69 94 0 58 84 45 62 14 29 26 55 100 75 84 47 60 19 2 75 12 29 67 99 65 13 13 60 12 53 10 56 20 71 80 17 98 51 24 38 2 86 0 88 63 45 76 51 95 96 100 55 74 97 27 78 34 42 33 12 86 79 60 21 47 88 84 91 88 9 58 65 64 18 84 22 85 24 0 90
51 89 9 86 28 40 58 80 49 38 8 42 97 58 85 67 71 85 65 69 96 49 29 78 26 6 23 29 44 9 98 31 28 83 98 0 13 57 61 67 15 74 56 99 38 48 29 50 91 65 61 6 90 40 68 56 86 39 91 59 66 28 61 9 96 41 91 33 66 22 93 65 7 89 8 39 79 88 39 37 70 3 91 80 16 94 67 30 37 63 31 85 1 24 83 46 37 40 61 7 82 72 71 37 96 76 72 61 36 71 44 35 89 24 64 31 66 58 82 68 75 98 31 54 81 6 47 25 39 87 28 25 72 26 74 4 95 99 13 19 3 63 39 14 45 29 55 78 4 84 90 12 100 49 69 37 69 46 59 68 16 88 54 38 47 27 86 99 85 55 75 89 82 16 31 76 3 35 27 39 87 40 18 25 64 77 59 15 47 48 72 81 18 78 89 40 13 37 82 74 56 42 9 56 77 67 42 78 72 27 33 1 62 14 56 62 59 4 56 95 45 29 51 8 75 83 53 74 97 89 41 86 96 57 9 25 43 41 87 13 65 19 71 32 46 28 81 30 17 34 9 51 46 28 56 63 36 84 41 100 64 28 50 63 59 100 98 55 87 4 81 56 20 37 31 24 81 27 47 92 3 67 54 53 78 66 84 10 99 82 68 59 59 65 21 71 75 78 76 24 38 79 7 45 13 41 52 0 94 59 76 93 66 66 96 74 56 45 73 76 36 44 53 39 18 82 2 4 34 13 68 83 96 66 56 11 95 94 9 35 54 49 12 67 50 95 92 100 89 29 86 27 57 87 48 71 68 40 13 2 35 3 36 35 25 48 34 99 65 44 94 50 99 11 23 41 76 47 56 61 28 93 71 89 45 75 91 27 13 2 24 1 1 80 68 86 50 66 78 55
21 29 78 68 21 92 68 67 21 18 80 99 61 46 94 99 17 34 90 18 71 46 39 69 34 57 78 26 65 91 92 57 24 73 55 45 13 28 44 46 89 62 91 37 47 62 90 60 51 6 45 4 63 58 12 73 82 29 71 50 22 68 48 77 93 12 75 20 24 26 51 43 94 75 56 70 50 40 11 68 68 77 60 87 48 5 52 6 55 54 25 51 29 43 21 58 2 22 96 38 54 80 17 80 15 79 48 43 9 62 32 25 75 51 53 87 37 62 10 33 53 46 53 82 48 67 27 8 31 58 48 49 79 76 79 11 85 80 47 22 14 85 34 34 64 37 37 56 49 10 43 58 80 91 30 11 49 51 43 37 45 52 29 8 61 46 19 6 14 93 33 78 90 4 62 18 38 67 15 81 3 79 56 98 50 29 3 57 65 31 48 33 13 8 87 47 66 22 23 100 32 7 33 13 98 89 48 6 55 39 2 67 1 15 5 45 18 91 2 70 8 100 81 13 90 12 93 71 52 31 46 58 10 93 38 62 8 45 70 38 72 24 64 90 30 83 54 77 36 2 63 56 52 74 14 30 76 48 18 71 7 71 86 58 84 75 92 85 55 27 14 32 96 97 62 21 79 7 73 77 98 35 2 3 38 8 99 72 2 0 81 29 38 30 15 26 93 71 96 21 46 58 13 85 34 82 100 12 7 42 65 54 10 55 63 90 10 38 37 73 38 68 2 45 72 51 38 47 37 80 26 68 8 11 78 97 14 54 20 4 68 26 70 67 33 35 80 79 68 13 100 18 18 59 11 12 24 1 0 57 59 94 57 34 76 69 4 6 42 59 17 61 80 33 4 98 92 96 5 85 11 90 53 52 43 67 89 99 20 76 20 18 42 96 69 11 46 50 35 32
15 16 15 39 21 52 98 79 27 100 87 88 100 40 10 19 22 90 100 51 83 66 48 66 3 50 97 49 31 88 32 46 10 4 92 67 81 65 30 32 49 0 37 82 49 37 45 61 75 3 42 23 88 48 9 3 37 91 35 89 94 51 46 11 23 100 69 64 56 71 70 83 9 33 39 39 22 95 74 10 3 35 17 57 32 75 42 80 45 72 28 82 94 63 9 11 93 89 0 18 39 63 81 43 69 48 23 5 87 25 62 36 67 5 82 63 86 52 98 88 76 0 16 68 35 77 98 51 68 21 65 86 39 5 39 58 60 35 45 53 36 41 87 8 92 71 64 13 46 90 39 81 66 85 34 61 42 52 36 71 55 59 51 58 80 83 21 61 91 51 62 26 35 39 6 71 89 11 53 42 72 28 54 46 38 39 2 98 27 6 73 23 43 14 12 51 33 60 46 42 1 99 42 69 22 86 20 8 23 87 70 49 31 45 94 86 11 47 74 1 83 61 72 73 77 20 29 25 11 32 88 70 99 83 48 54 47 0 50 8 29 64 93 55 48 90 17 58 68 99 57 47 81 27 87 43 30 45 48 99 70 16 50 43 99 38 6 86 98 28 38 74 99 74 0 10 26 97 79 62 2 78 100 90 23 59 59 76 6 84 46 77 38 7 38 91 18 2 94 47 80 10 98 18 87 69 43 85 87 13 92 47 96 8 10 80 37 25 56 14 50 51 81 47 15 7 24 9 76 58 4 7 30 94 96 65 0 22 13 75 76 15 58 2 38 35 94 80 34 7 15 20 79 52 93 88 22 74 45 0 8 58 83 68 28 65 77 86 91 51 27 58 33 60 35 43 34 85 18 77 84 88 67 78 70 30 79 51 93 40 19 64 63 55 21 79 3 36 89 19
86 9 56 65 34 92 66 67 70 42 53 34 63 80 41 79 57 72 92 56 23 57 2 54 12 87 11 32 55 94 18 2 45 23 91 76 86 29 44 91 6 90 50 49 41 5 10 52 93 34 62 51 80 5 53 66 66 83 66 82 32 98 29 53 24 52 69 41 14 83 14 87 40 31 6 63 23 56 69 17 63 25 51 43 63 98 86 3 51 51 50 27 49 36 75 33 34 83 34 0 51 43 15 35 70 91 6 52 2 50 86 28 15 18 87 65 78 40 15 46 40 0 68 12 86 74 38 37 54 76 75 94 15 11 82 44 49 45 93 55 63 91 35 13 76 54 87 1 10 13 76 52 34 21 9 16 81 4 28 71 82 83 84 74 26 31 51 23 82 63 18 5 19 97 65 15 65 34 12 36 25 52 75 89 56 23 17 81 38 82 73 72 19 54 55 63 90 19 20 2 47 97 72 29 40 64 61 4 27 38 23 0 61 29 58 91 89 61 41 12 48 75 12 68 17 80 44 28 71 63 7 28 65 35 14 77 20 74 20 81 69 67 95 68 41 30 25 28 6 4 76 85 47 33 63 44 49 42 64 86 10 88 84 2 63 48 5 25 84 66 91 55 76 40 46 17 17 67 83 58 49 7 34 84 74 9 48 34 37 11 70 74 85 92 46 90 71 54 70 7 54 59 63 62 56 78 97 17 24 28 72 67 51 43 62 15 5 90 91 18 63 67 90 15 85 69 68 89 70 24 19 59 15 58 18 0 75 10 21 40 16 60 91 97 89 13 42 91 17 58 38 85 72 88 53 16 8 70 62 61 85 91 18 66 38 92 22 93 98 33 18 40 52 96 54 9 72 48 75 93 63 76 39 11 78 44 25 44 74 6 44 14 98 78 5 77 5 52 64 87
45 98 23 83 7 95 55 77 68 27 95 75 45 66 65 80 81 18 59 77 81 22 45 16 57 11 34 99 32 20 1 24 6 50 23 55 71 47 21 70 47 2 8 76 35 51 22 87 50 54 91 58 0 17 49 19 89 5 26 28 47 75 89 73 26 88 30 59 49 30 7 83 15 49 79 24 67 24 27 31 7 41 69 51 93 12 79 61 74 93 20 80 45 65 18 39 85 65 8 49 19 79 35 11 96 96 13 69 0 5 48 70 88 23 61 23 83 85 97 31 64 49 73 42 67 96 94 87 37 18 31 39 71 57 17 0 85 73 0 73 29 82 90 35 57 33 67 6 58 49 98 80 19 81 54 76 4 3 55 73 89 11 94 54 67 66 63 17 79 16 55 74 92 88 23 27 91 47 54 3 81 92 84 74 18 7 1 67 48 32 54 58 11 90 37 49 5 83 54 72 71 79 54 33 47 60 83 66 13 57 30 57 0 63 78 77 15 93 66 93 3 91 12 96 100 68 71 87 49 14 74 25 56 27 53 9 61 36 53 90 81 92 63 63 35 29 20 12 79 12 20 62 51 15 33 63 72 29 26 22 12 0 15 11 93 49 67 16 79 49 35 80 11 11 60 47 23 74 86 18 8 22 54 89 57 35 79 43 83 30 96 59 44 68 54 23 0 29 56 6 64 83 22 27 14 44 10 40 39 28 55 60 78 30 29 56 82 36 31 62 14 7 72 76 26 99 52 53 87 7 15 56 43 61 38 33 30 90 69 18 54 13 36 53 29 58 80 34 15 34 69 88 54 49 77 5 97 51 32 64 38 84 82 19 59 56 59 16 88 94 19 75 13 4 83 62 93 51 1 24 25 94 93 100 40 14 66 91 43 92 64 27 6 34 44 5 100 98 47 17
82 68 39 69 95 31 49 47 39 98 34 1 29 21 60 28 47 21 15 50 54 40 70 68 98 79 2 18 79 28 56 87 49 59 62 20 16 20 87 21 30 7 42 15 45 99 56 1 93 34 28 16 12 68 71 82 70 28 87 85 67 23 88 52 52 5 85 35 21 83 37 79 93 5 37 91 44 3 79 96 77 86 33 90 81 5 76 78 10 97 52 82 71 90 12 85 35 71 73 26 29 91 55 25 78 89 45 89 14 81 49 1 71 36 67 2 96 72 87 0 63 100 51 96 75 98 18 61 16 100 4 68 82 84 64 91 82 15 31 51 6 69 98 81 88 66 90 86 52 97 11 84 84 40 27 41 39 74 16 44 75 78 85 75 30 90 84 82 45 68 40 65 99 86 83 10 53 50 65 93 100 86 76 19 18 38 74 64 8 37 13 80 29 51 12 10 45 60 42 66 97 15 97 70 50 59 62 34 8 34 27 60 12 61 50 35 9 86 88 52 0 77 6 79 64 16 32 66 67 89 71 25 17 39 55 84 3 19 68 72 50 12 7 72 1 22 14 7 6 99 2 85 76 4 100 28 13 2 71 96 13 5 2 39 95 16 28 54 22 97 85 76 25 94 46 62 68 12 7 96 27 55 99 12 74 7 55 12 50 16 56 5 32 84 97 94 83 10 96 3 20 42 54 5 95 32 32 100 17 80 22 44 40 46 71 88 77 6 61 5 57 83 23 86 22 48 35 3 62 31 95 68 43 28 11 27 93 87 32 56 3 63 45 3 48 50 77 71 43 72 69 3 67 96 30 33 17 28 13 50 71 26 0 56 50 97 93 30 29 76 2 9 38 41 69 76 2 5 77 12 66 83 85 88 71 22 16 83 85 63 5 75 54 94 28 78 81 74 49 43
57 7 1 54 58 90 19 24 19 95 33 1 1 37 92 86 51 36 76 59 34 56 19 2 75 85 90 16 34 6 74 44 37 5 31 31 71 79 76 69 93 51 65 6 89 24 93 83 100 45 99 95 72 59 55 89 36 52 6 99 30 76 37 2 86 5 96 23 66 31 60 61 47 8 90 25 82 33 78 3 28 56 2 17 86 98 46 74 37 2 96 55 24 54 80 28 98 38 5 12 67 4 17 81 9 46 46 71 31 52 43 56 23 99 27 74 3 32 56 49 87 95 33 5 93 72 29 57 37 29 57 99 32 38 79 84 97 13 90 48 93 45 13 2 75 44 60 23 38 62 20 20 53 19 64 67 47 83 51 33 37 77 32 6 54 92 36 7 9 4 0 88 99 82 3 41 100 82 28 54 96 1 55 82 33 8 47 89 23 80 34 18 71 33 6 3 97 37 0 44 22 99 16 90 11 88 82 83 59 86 80 49 21 31 58 34 78 73 70 78 12 40 65 12 50 94 69 56 93 36 87 5 20 28 69 11 32 23 99 38 38 30 85 98 21 70 93 31 73 33 35 94 24 68 9 25 5 7 6 85 59 67 25 70 92 0 49 66 36 48 67 99 82 44 64 42 80 28 11 52 27 32 20 59 20 3 79 84 93 34 34 65 84 53 38 46 62 88 46 70 27 67 99 62 95 52 57 84 74 17 98 29 54 19 68 37 33 96 66 70 98 93 15 16 87 40 9 96 56 7 23 52 41 97 50 88 6 14 48 75 10 32 79 3 79 92 38 97 18 52 0 70 12 13 29 26 79 13 94 32 35 46 32 15 66 28 45 12 72 43 93 58 48 74 45 73 76 83 53 34 61 53 46 5 44 42 0 21 23 58 81 6 28 81 54 84 93 39 87 42
8 62 19 71 44 61 4 32 78 46 31 75 14 74 22 68 79 3 70 92 62 34 32 97 83 67 90 89 100 8 54 9 75 50 48 7 39 35 85 3 41 78 76 31 69 13 99 34 85 4 61 53 25 49 67 89 5 36 74 24 20 45 71 100 89 55 40 94 81 7 44 73 91 32 50 94 92 29 87 53 77 69 10 14 75 27 39 47 14 58 100 23 8 55 74 45 8 69 69 82 49 51 9 73 98 26 18 48 54 81 34 66 25 17 39 48 98 58 32 20 48 75 15 10 77 88 9 91 5 84 18 3 54 33 56 10 3 64 88 82 96 11 30 16 25 10 21 46 6 23 13 66 39 5 34 34 84 20 79 57 64 33 86 59 53 41 92 16 78 30 19 53 32 62 100 76 55 47 60 88 47 22 41 15 7 16 99 34 33 65 78 55 64 59 37 37 45 11 65 50 1 77 88 74 27 61 56 1 62 28 3 39 97 40 4 5 6 43 25 75 19 16 92 83 13 22 39 23 97 79 43 17 88 71 52 0 31 30 11 56 69 62 33 66 13 83 42 88 33 39 99 11 76 83 37 82 36 78 75 69 94 67 37 45 8 55 76 68 24 58 41 68 51 69 84 85 24 64 83 37 73 97 98 95 81 86 5 33 28 8 33 63 63 99 48 13 71 100 46 66 65 73 9 28 70 33 44 63 63 32 77 23 18 100 44 0 48 95 43 82 99 98 95 63 17 24 4 96 19 12 2 26 48 27 22 96 35 37 85 22 96 23 11 69 22 43 74 89 7 1 27 61 68 66 92 74 37 58 42 61 68 48 75 3 92 63 46 81 92 48 52 91 35 8 39 37 46 73 82 86 36 84 85 6 37 69 29 51 85 56 90 48 28 22 39 18 97 29 35 38
26 72 32 33 100 19 55 59 66 33 49 1 70 61 15 0 19 21 3 44 34 27 69 34 36 81 61 79 11 29 20 15 70 87 59 44 1 98 52 6 56 67 74 90 68 63 83 33 68 13 0 2 87 76 25 28 63 43 61 59 95 39 72 76 88 89 98 73 48 27 93 24 11 26 29 72 50 85 63 43 96 0 81 8 55 56 65 16 3 25 69 95 59 13 11 16 71 62 28 31 41 27 11 41 75 84 99 69 43 23 90 5 68 58 100 59 67 62 41 57 45 0 91 73 85 82 48 0 65 13 17 100 53 21 45 66 68 56 97 70 53 36 92 96 4 86 12 93 16 13 4 49 52 65 4 60 60 98 46 16 46 99 2 59 82 23 46 52 33 84 91 98 53 89 13 68 38 59 76 59 75 39 21 15 33 12 46 44 69 47 47 0 54 27 9 98 80 62 30 21 67 10 58 98 81 26 25 26 65 79 3 96 21 16 86 100 94 89 17 33 15 35 34 5 11 48 7 48 99 53 12 71 21 71 15 86 82 92 63 58 82 10 70 2 44 70 0 53 37 87 18 33 14 89 70 0 70 78 96 29 96 54 6 41 21 93 6 34 83 98 64 45 65 36 46 12 35 67 42 58 2 71 48 55 1 4 4 61 2 50 15 86 48 49 62 100 42 11 34 70 97 52 83 70 93 48 82 68 66 94 40 0 92 46 54 8 11 5 61 71 73 61 39 87 76 65 83 77 91 24 14 78 13 56 46 79 37 29 26 33 82 57 85 76 7 63 68 8 31 32 73 30 90 67 69 71 85 64 60 87 31 55 97 20 33 20 50 66 33 44 14 75 24 54 76 13 82 27 59 50 46 74 52 80 39 25 16 82 77 32 81 94 71 84 96 56 84 65 84 45
81 21 76 86 78 14 50 24 31 99 57 56 56 38 69 59 23 19 25 80 42 57 61 50 65 83 23 7 79 65 42 71 96 76 15 60 72 15 98 54 13 60 92 33 13 33 8 89 16 81 22 16 24 23 25 46 96 37 87 19 45 34 7 39 76 9 20 36 7 77 42 30 12 5 16 39 41 39 93 55 78 91 13 11 41 62 2 28 41 23 51 22 43 98 54 53 78 54 99 97 96 61 47 7 12 22 16 85 51 35 14 27 60 76 1 21 57 57 1 6 0 45 84 28 29 83 33 56 84 92 95 87 46 14 77 11 47 87 32 27 74 33 43 50 1 89 55 13 52 84 87 91 38 60 0 13 30 26 22 7 17 96 26 33 13 58 94 82 50 14 90 8 57 45 93 10 86 76 63 19 44 43 18 89 63 36 49 68 100 99 30 25 20 22 20 65 91 76 47 49 6 64 60 81 74 43 87 85 28 91 0 85 74 66 64 29 20 87 75 46 16 12 97 40 19 35 81 61 16 38 70 20 100 81 79 85 99 45 41 6 62 73 73 78 74 82 29 97 97 30 32 45 88 14 89 34 67 69 63 94 62 28 88 99 45 35 99 88 87 72 91 74 52 1 73 96 14 53 93 87 62 29 78 81 20 46 2 11 71 1 5 57 38 100 82 79 41 31 59 85 5 73 70 88 55 74 19 0 68 85 98 97 24 78 21 72 71 25 13 47 3 94 57 79 94 42 35 75 54 80 0 73 23 59 96 11 80 10 42 78 27 9 17 4 53 67 36 51 20 55 98 88 54 23 54 63 56 70 87 83 57 66 5 18 21 36 40 50 88 43 67 60 23 5 100 10 97 71 38 64 82 0 36 92 80 89 26 60 57 85 4 98 88 93 69 3 56 73 78 61
33 56 81 24 42 71 35 41 32 95 98 84 82 37 31 86 6 13 6 13 63 40 66 13 78 8 61 57 81 20 53 76 35 61 45 87 94 1 59 13 57 23 24 63 11 54 72 60 78 52 73 2 63 62 41 70 14 45 59 80 58 53 15 93 22 99 44 74 56 75 71 69 96 93 86 9 82 3 16 96 56 40 94 77 39 23 4 15 49 56 58 44 76 31 17 36 67 56 100 89 26 98 1 3 26 79 100 77 100 57 99 61 84 62 43 27 93 83 66 49 68 4 96 20 31 21 88 87 92 90 32 43 15 20 43 60 23 69 84 34 36 94 98 43 65 1 56 75 80 3 56 32 74 50 61 73 100 62 40 12 78 81 65 26 0 33 74 7 9 27 66 83 36 18 90 78 98 35 43 26 79 68 4 37 5 83 17 79 51 85 81 87 72 90 44 84 58 72 62 1 31 67 43 25 50 38 32 88 39 70 47 94 57 46 24 91 76 55 45 29 66 25 76 21 11 95 35 99 73 22 85 93 57 49 63 90 1 82 84 92 91 15 68 99 20 6 86 36 83 40 56 4 12 66 46 29 94 12 27 4 12 7 9 36 97 12 83 91 10 2 62 9 96 52 95 100 73 33 84 68 89 4 51 78 11 32 25 63 15 39 53 55 41 97 58 79 72 75 12 75 2 49 79 21 94 25 70 28 3 7 5 56 8 54 34 51 63 64 44 91 100 28 38 89 77 62 40 38 15 71 16 57 81 65 55 23 11 71 63 69 55 59 41 94 99 24 93 98 76 3 84 10 57 11 68 100 30 55 57 79 17 51 80 82 71 16 96 26 76 45 63 2 90 98 52 57 55 91 14 25 34 39 37 2 27 98 72 69 24 9 77 90 17 86 97 7 35 85 45 68
58 16 40 84 27 69 54 99 36 43 2 14 69 48 99 74 2 2 73 75 4 19 36 100 64 71 22 16 10 39 89 55 1 43 59 56 8 19 79 19 52 45 73 77 37 24 11 48 5 83 45 41 50 64 74 48 92 53 5 75 14 61 19 93 45 0 86 45 31 85 48 9 2 89 0 24 6 39 38 89 59 7 86 70 31 8 46 81 15 52 47 79 28 46 28 34 54 33 62 56 7 69 5 81 90 29 36 94 52 90 84 4 29 34 30 6 88 79 18 85 65 22 20 88 58 97 10 53 22 86 2 17 1 7 89 0 70 8 64 43 30 38 74 36 65 37 16 42 0 54 79 1 74 34 93 85 9 86 46 33 5 87 84 32 56 53 73 100 32 100 52 53 5 48 94 100 84 61 48 55 93 1 31 82 44 72 40 76 23 81 33 88 7 30 14 42 10 33 14 48 33 65 58 31 72 28 19 18 53 36 24 59 72 61 69 57 88 52 61 57 91 11 7 9 75 35 10 14 82 28 54 60 72 88 77 56 42 22 1 84 36 52 81 46 6 12 58 30 16 15 8 14 24 43 44 0 58 9 91 83 65 63 85 62 33 16 95 80 8 90 54 85 42 8 61 95 69 68 64 28 46 43 80 49 33 77 40 30 73 65 88 48 43 46 9 78 66 86 75 78 96 91 71 41 77 90 12 85 63 65 24 16 0 38 58 100 31 88 15 69 83 78 34 60 98 47 23 34 91 100 33 48 95 67 98 79 28 26 50 13 85 3 14 99 42 83 59 50 59 51 43 21 82 3 44 86 31 45 50 35 46 57 96 29 67 37 50 10 73 60 65 39 56 99 60 10 85 31 73 33 36 52 41 67 38 48 99 53 83 14 31 63 58 49 50 10 34 41 63 23
76 96 69 65 46 76 24 35 11 8 60 26 35 63 7 13 22 79 36 24 6 56 63 73 43 90 46 57 56 29 90 10 44 90 43 31 51 87 59 36 42 58 64 93 43 13 54 10 28 81 19 59 25 30 49 22 44 10 61 18 62 37 43 92 31 30 82 16 43 55 38 84 89 79 75 88 55 94 52 19 6 24 80 26 36 74 6 96 26 5 46 60 95 65 35 100 2 64 13 89 8 53 45 76 88 81 34 32 24 14 60 36 66 83 27 4 69 34 48 6 84 40 15 64 61 81 57 23 74 79 20 20 68 64 49 78 58 46 21 66 85 8 40 49 71 70 68 46 28 5 89 20 49 71 98 95 32 45 1 17 30 32 22 2 19 67 74 49 44 82 38 20 80 97 62 22 15 8 47 29 45 79 15 84 12 49 94 50 32 69 58 86 45 8 38 90 20 58 26 54 25 51 2 9 53 92 55 95 28 40 10 60 22 12 75 22 77 47 54 0 38 33 66 100 7 45 50 27 83 53 83 96 50 98 12 43 34 43 56 32 41 74 71 41 63 5 76 95 22 7 16 84 34 38 90 47 40 55 0 70 45 23 41 97 22 26 36 61 67 33 36 87 31 45 84 10 33 44 42 0 3 40 34 21 16 66 34 71 35 47 26 47 50 62 0 6 44 60 9 69 66 9 51 12 9 77 78 7 76 15 17 22 53 82 96 18 8 27 30 12 66 33 43 50 3 21 1 100 25 25 95 35 65 33 57 42 32 59 69 18 98 84 14 80 70 48 18 65 10 84 83 71 2 8 32 58 93 14 3 83 87 9 34 30 26 60 88 82 17 55 27 31 36 88 100 25 73 11 9 16 52 17 9 74 26 98 69 13 22 75 10 18 46 37 81 96 21 16 78 8
5 43 47 78 7 8 41 13 99 56 29 56 62 55 89 8 6 45 0 52 37 65 46 81 62 49 42 25 1 0 75 29 27 26 37 75 84 38 20 66 23 74 97 77 72 7 91 24 58 6 0 56 40 2 81 73 61 74 63 50 11 93 85 61 53 8 54 66 61 96 30 54 9 13 42 7 62 66 1 35 60 83 3 16 56 50 12 73 61 12 64 85 82 100 22 76 69 87 23 68 40 54 4 86 6 24 4 80 76 37 38 38 80 94 75 70 78 8 58 40 81 69 34 13 39 32 18 15 79 78 18 91 66 73 74 12 30 38 2 82 46 61 54 33 45 62 48 51 66 65 63 22 36 7 70 0 10 95 76 70 49 26 15 81 89 47 38 98 46 57 42 46 89 86 73 24 88 86 2 100 27 30 95 61 74 6 50 42 32 97 79 25 30 42 9 69 5 82 80 1 81 36 97 53 84 9 85 29 68 17 87 27 64 99 40 8 88 68 68 25 46 83 18 31 44 36 15 33 23 80 45 47 82 31 79 86 62 61 72 65 68 13 9 12 20 7 37 90 94 84 9 3 42 70 38 6 73 81 72 13 71 16 73 72 0 36 47 11 27 90 92 72 32 87 46 38 77 12 4 11 56 48 61 46 65 48 48 22 93 36 40 95 90 61 34 94 83 10 41 46 51 99 98 41 99 81 87 6 93 89 70 60 34 95 23 74 56 61 68 70 35 8 37 4 57 85 91 16 25 86 27 47 52 56 91 25 92 80 53 24 26 45 65 3 63 60 83 11 43 3 27 95 39 31 85 22 84 43 87 32 35 60 77 70 88 63 79 84 69 12 55 62 68 41 89 10 65 87 42 14 96 60 90 81 18 39 32 1 56 94 18 67 25 95 70 2 61 18 49 4
46 10 90 35 86 91 60 52 97 59 68 6 41 15 36 33 17 1 100 20 2 13 72 74 51 39 81 54 27 38 17 24 16 27 54 10 40 24 49 92 86 33 41 44 13 67 79 11 5 73 48 9 76 59 84 64 23 63 92 17 14 26 59 57 17 98 0 74 26 35 67 16 33 95 23 3 43 89 1 15 21 81 22 62 32 72 17 30 13 3 19 72 95 49 70 39 55 47 86 66 28 37 25 6 38 38 18 26 32 80 35 73 74 99 15 88 85 15 65 86 13 2 48 92 16 24 22 4 4 84 24 73 2 5 63 82 34 69 26 22 42 93 96 19 46 67 21 22 18 17 67 23 67 37 9 79 26 18 21 93 68 25 50 2 18 3 85 73 35 65 98 26 38 43 91 24 43 26 100 17 87 95 22 61 24 48 53 46 9 24 63 76 80 86 40 57 21 51 51 1 26 84 60 59 78 98 84 22 21 12 83 48 95 49 27 65 20 52 78 71 63 100 34 80 91 77 46 69 43 80 67 83 36 66 31 94 91 40 55 84 1 14 63 78 22 83 0 52 5 18 0 56 28 46 32 51 73 61 77 10 61 70 53 69 37 35 55 19 67 34 76 19 91 33 19 37 66 93 3 54 51 77 68 71 92 65 78 66 71 87 74 54 59 69 82 98 28 13 21 11 32 24 76 30 51 70 72 59 97 16 87 30 25 91 77 89 3 83 31 86 77 87 22 7 42 84 15 66 45 58 36 60 100 67 87 47 2 85 59 4 56 84 27 41 66 43 55 28 33 55 23 38 45 6 0 87 32 8 11 21 58 3 72 28 83 45 35 4 29 35 72 62 13 65 18 95 28 12 45 89 54 48 43 76 24 88 69 33 43 14 78 19 61 2 1 67 80 1 2 35
10 9 50 51 32 58 40 85 86 88 71 46 63 92 15 75 8 97 96 11 0 16 48 65 28 75 14 30 84 71 89 33 76 98 70 96 69 42 67 36 76 86 2 89 60 95 43 76 95 67 99 95 16 40 3 69 32 43 31 12 76 80 33 91 23 73 9 51 92 7 33 46 85 70 73 36 81 40 64 17 86 88 84 95 82 52 56 94 94 72 43 48 17 76 83 13 16 83 33 51 74 37 92 43 56 61 67 46 87 96 94 2 1 24 12 13 7 62 54 12 57 94 39 96 57 12 14 48 56 32 40 45 98 19 29 63 71 33 28 24 42 93 65 31 47 40 63 85 43 88 94 79 82 9 41 35 30 29 36 93 64 16 92 11 40 63 64 65 15 54 95 60 27 60 72 22 18 47 7 86 22 17 23 3 50 84 23 98 42 17 25 48 50 42 81 34 9 63 78 31 68 70 21 47 29 43 47 75 50 21 21 59 12 50 37 14 10 53 68 60 37 29 65 96 24 26 75 9 88 1 88 81 0 12 44 63 88 57 55 43 75 34 55 64 7 93 86 13 78 73 17 85 29 71 48 62 99 39 70 36 36 32 74 74 3 12 77 81 58 86 71 60 95 57 48 94 69 35 94 84 56 87 3 88 11 96 24 10 57 10 92 79 34 64 89 51 20 41 51 0 47 85 32 10 62 8 38 32 9 81 11 97 60 27 5 24 51 86 22 69 87 89 47 97 16 57 25 93 81 18 51 40 29 27 17 96 49 90 45 52 90 67 6 14 57 53 28 74 47 60 85 71 10 7 41 95 24 11 96 35 73 84 9 91 50 91 9 45 33 93 17 21 47 85 26 59 63 11 45 16 80 66 83 13 43 66 12 17 59 88 44 91 85 91 50 2 84 35 73 9
60 30 100 41 56 78 75 71 34 95 53 49 75 21 27 94 25 93 4 35 13 98 25 79 80 56 99 56 68 57 74 25 87 83 8 96 33 32 53 92 56 67 54 75 93 35 37 79 30 67 97 25 19 28 89 94 100 83 9 34 96 33 96 96 31 59 90 68 54 61 66 16 5 95 67 2 18 82 12 16 55 81 38 56 89 66 70 44 100 46 89 64 72 84 74 38 5 27 92 41 76 14 63 11 43 30 29 43 6 83 83 11 75 75 73 45 18 49 10 91 48 33 74 63 28 0 54 98 4 5 83 40 69 59 25 57 32 28 56 26 80 43 10 27 29 54 0 7 64 24 87 48 4 54 73 37 71 35 60 47 23 91 73 43 84 58 76 100 98 31 57 15 63 81 48 38 74 74 73 86 68 6 40 84 15 55 100 65 50 69 21 78 29 92 63 1 5 28 32 56 51 81 49 50 20 8 79 10 9 28 68 81 55 48 53 62 69 71 90 7 58 6 3 15 100 36 25 26 35 99 51 60 23 48 15 51 35 1 14 31 48 49 77 18 68 96 51 99 16 71 18 68 94 19 52 29 55 11 71 2 11 43 31 35 11 94 26 94 100 69 61 75 39 74 15 64 95 67 75 72 42 40 27 99 91 82 0 3 43 41 2 2 14 98 100 16 33 39 61 45 71 44 88 29 59 32 96 78 58 10 42 61 21 43 18 73 43 31 16 17 69 11 73 37 25 85 46 78 81 6 67 23 84 56 86 39 9 60 44 29 60 94 41 5 81 49 47 95 57 28 76 75 27 26 66 34 13 88 77 50 99 80 74 39 9 22 12 100 26 27 7 22 18 60 68 67 53 88 89 93 0 96 26 26 53 77 90 9 69 56 39 82 48 44 91 64 79 15 39 24
95 10 29 51 32 4 87 37 51 32 21 92 14 26 68 99 16 5 23 98 65 24 36 17 55 26 93 33 49 90 33 91 17 16 53 35 15 95 99 58 33 82 0 50 46 72 29 21 30 77 80 29 81 19 7 70 40 50 55 3 25 59 30 96 5 57 97 12 10 92 32 73 96 51 28 92 78 15 52 31 91 41 57 26 98 7 28 65 46 97 26 43 77 68 57 89 57 34 24 42 79 16 27 20 59 68 77 88 13 55 62 96 49 80 94 79 10 22 46 27 95 77 41 39 35 85 96 32 1 38 14 36 48 82 49 28 88 40 78 93 61 26 14 69 39 84 62 47 26 53 30 33 17 24 15 30 66 3 62 84 3 60 0 56 100 23 62 90 95 83 2 5 83 32 24 91 86 87 97 39 45 25 6 50 67 75 81 40 61 17 18 19 93 62 46 19 44 37 79 41 0 83 24 34 9 66 5 98 63 87 14 77 88 99 56 34 72 62 20 16 11 41 18 85 69 12 63 49 8 56 76 7 21 11 100 5 54 92 71 64 52 22 32 45 6 89 65 77 21 9 35 16 21 21 44 82 87 22 86 75 2 51 23 65 97 95 76 19 35 24 87 56 78 0 3 37 50 88 60 76 31 56 36 78 27 76 61 56 92 21 1 32 31 65 80 45 18 21 8 66 7 76 40 91 92 69 87 64 1 86 76 63 74 95 44 56 4 84 8 90 81 48 14 50 26 45 28 67 10 26 20 58 62 21 72 72 58 5 27 63 80 19 69 86 87 78 84 10 9 58 54 19 7 93 87 31 28 23 100 54 69 77 100 53 35 99 36 58 55 60 96 78 91 40 5 84 77 43 1 80 78 27 68 2 71 53 65 11 12 95 5 96 58 71 11 2 55 24 71 69
58 72 64 81 28 3 23 51 47 85 9 26 42 83 19 92 61 31 25 23 77 36 40 55 48 78 96 83 85 53 98 63 74 52 32 10 57 19 37 12 89 23 26 70 31 68 34 7 1 98 87 72 4 33 93 81 91 84 64 23 41 4 33 13 19 54 47 63 97 69 39 92 25 76 96 97 14 49 53 25 27 75 85 96 77 50 29 28 6 54 18 37 18 86 38 2 95 95 43 99 19 72 33 56 79 83 52 52 43 17 91 12 76 28 47 72 60 27 4 16 85 89 67 50 72 11 61 52 96 18 97 5 59 58 73 59 69 19 9 12 34 28 14 58 48 21 65 8 5 21 4 39 89 40 15 70 23 5 85 96 80 6 73 29 63 2 54 17 54 31 11 25 60 92 18 49 5 100 46 10 59 83 90 84 25 89 81 3 80 25 38 20 15 45 60 31 69 38 32 1 82 4 32 29 67 23 8 42 15 90 56 75 28 79 66 55 18 85 49 37 53 66 19 48 90 75 12 80 36 42 68 45 96 80 91 19 53 47 49 71 75 51 60 66 57 82 37 10 36 79 16 65 23 90 91 53 57 63 81 74 61 3 56 33 98 44 65 84 49 62 52 18 63 100 66 14 68 78 43 40 36 50 34 71 77 30 87 56 17 45 66 91 26 53 69 42 97 74 18 62 11 31 46 22 13 34 84 67 54 89 42 3 54 68 67 5 76 49 33 64 1 77 48 43 9 70 3 28 67 29 45 95 53 3 9 76 30 27 31 87 88 90 6 45 87 35 27 77 6 92 61 100 78 64 37 55 99 45 81 37 29 20 95 93 78 90 44 36 19 91 58 45 69 91 91 3 90 83 40 81 28 71 95 27 8 32 43 98 11 5 93 7 58 6 71 91 62 59 44 34
38 91 11 100 19 19 34 26 63 13 64 81 82 9 79 9 92 50 22 33 66 0 39 73 83 68 24 7 68 53 74 66 100 58 54 55 18 24 61 99 23 30 76 93 75 83 68 14 1 43 9 61 20 16 44 37 82 98 85 94 36 35 38 88 0 92 65 29 26 74 76 49 84 24 11 72 3 88 57 87 71 52 66 8 83 77 94 41 53 59 13 4 79 42 84 90 61 49 93 8 61 50 53 66 8 23 10 5 45 42 0 9 13 59 38 82 88 76 35 2 13 37 75 84 2 57 80 54 15 59 63 51 67 45 69 44 11 67 27 70 43 97 86 13 31 62 29 52 38 32 74 93 18 22 64 49 9 33 88 23 81 97 20 53 77 6 40 48 38 28 68 77 52 42 8 56 51 44 48 81 26 29 15 13 61 95 83 56 88 20 52 86 6 21 9 84 34 43 78 83 99 27 44 62 38 36 70 70 97 13 39 34 17 96 19 65 98 86 2 12 96 91 83 31 93 59 47 24 6 32 69 8 1 64 18 95 22 89 35 42 32 37 19 74 55 24 66 22 51 78 29 29 79 62 98 58 51 37 72 18 98 33 49 22 9 23 50 60 86 13 31 84 33 61 19 27 77 27 52 52 81 81 2 90 11 41 21 94 24 24 77 77 93 54 10 27 28 89 1 70 16 58 100 53 84 39 5 93 35 49 55 29 62 1 3 75 18 45 59 92 3 1 70 83 36 51 38 98 83 32 7 33 31 98 6 0 46 100 54 79 6 47 77 96 15 52 40 63 100 31 64 67 50 99 49 30 9 16 9 2 28 83 65 32 17 7 81 82 39 83 72 76 9 67 8 59 50 29 56 60 12 41 61 49 48 16 83 26 19 86 64 33 3 5 60 59 62 33 85 15
93 87 42 67 9 98 60 16 82 6 20 59 12 22 8 79 92 55 90 1 69 43 74 65 10 31 82 77 66 35 96 73 11 54 81 77 21 69 46 11 74 12 25 97 94 83 73 24 22 57 30 38 86 64 84 72 1 6 80 68 100 63 38 28 3 1 14 4 94 47 6 96 92 7 0 19 15 51 20 46 86 70 59 34 98 5 93 1 37 87 20 21 92 75 44 38 63 0 60 52 67 86 5 19 35 27 27 26 74 23 65 16 94 45 59 50 52 69 88 29 89 66 11 19 18 97 20 82 82 59 39 34 78 39 23 53 53 25 65 69 8 82 26 20 54 57 91 89 40 40 16 74 85 96 42 43 8 26 6 43 0 25 75 6 58 36 33 37 43 31 81 39 20 84 60 10 21 94 12 22 4 1 57 19 96 84 76 24 29 96 99 67 25 14 59 94 13 91 5 71 60 44 76 41 9 5 61 30 59 66 22 27 90 81 26 46 64 19 48 70 2 98 12 58 64 7 78 51 93 71 58 51 61 5 79 47 74 89 37 17 90 39 12 81 48 85 38 32 0 18 93 69 94 92 80 35 24 97 0 21 5 44 64 10 2 23 76 12 0 50 62 35 65 49 47 45 8 73 0 65 33 51 16 17 99 72 1 1 41 45 28 88 27 41 54 100 43 20 73 33 97 27 38 23 31 32 65 56 58 33 59 28 20 38 78 16 48 92 8 37 81 34 72 78 66 84 92 17 21 70 7 31 49 66 47 76 38 15 32 14 78 19 77 66 67 67 15 64 66 45 53 17 85 99 52 20 14 38 91 74 95 40 22 64 85 55 51 47 96 97 35 57 3 19 81 81 14 19 12 56 1 39 2 76 81 2 72 95 95 71 67 13 39 32 43 11 50 12 40 35
4 83 48 10 71 73 69 70 8 59 65 35 33 89 82 3 47 72 31 80 44 97 49 42 30 59 8 36 30 42 76 51 11 39 80 18 16 7 77 51 100 70 25 48 44 67 33 31 67 8 30 89 49 29 60 90 6 58 96 18 80 83 26 66 76 19 34 16 17 2 15 19 100 92 72 28 59 0 34 13 37 12 61 62 34 48 74 57 15 20 42 43 27 70 80 79 17 92 86 4 17 83 75 49 91 81 87 77 54 50 10 56 57 78 1 17 78 42 51 97 55 46 23 44 12 54 49 60 3 48 93 40 60 96 5 27 81 41 15 26 7 74 57 94 14 63 62 20 20 23 38 47 57 67 64 59 67 69 72 69 77 8 81 70 83 86 10 20 5 67 14 15 13 7 95 61 98 2 91 88 7 97 91 17 80 49 84 97 89 62 50 69 0 27 89 25 22 57 90 13 47 70 26 15 46 27 36 98 5 18 77 81 28 54 63 79 4 68 9 2 94 28 47 37 41 25 87 11 15 97 35 46 92 48 81 15 46 9 44 0 26 91 72 92 48 84 66 56 39 82 22 84 97 30 21 13 49 5 57 52 48 21 42 100 18 62 23 52 6 75 46 57 36 25 99 100 89 70 68 83 53 100 71 16 48 41 18 92 28 68 93 23 84 23 90 33 96 56 59 80 25 7 50 55 4 78 71 25 40 64 7 47 32 100 84 74 27 36 25 39 73 54 3 12 42 96 92 19 5 86 31 39 16 81 94 79 87 44 93 2 78 11 16 83 92 45 69 5 86 62 76 16 10 81 98 79 84 68 11 21 11 33 97 82 17 95 3 41 48 96 85 13 100 59 59 0 76 9 76 66 18 71 75 69 76 1 48 1 96 6 20 47 65 5 2 91 18 51 68 86
58 21 11 26 27 44 3 37 91 4 18 60 74 68 2 47 63 7 97 44 39 65 26 51 17 14 33 71 60 10 7 87 88 69 35 100 0 27 93 29 81 32 91 95 38 59 87 63 51 90 59 47 41 7 48 0 16 91 100 53 49 51 35 3 22 94 37 54 13 59 2 66 69 16 1 77 74 41 53 15 48 36 48 66 42 98 54 15 97 77 52 29 26 12 30 28 77 98 46 74 72 94 56 29 42 72 12 71 28 31 9 47 70 83 21 44 50 72 1 77 88 46 11 60 34 60 98 96 79 17 4 14 13 82 52 70 51 46 31 46 59 13 17 76 83 12 99 77 15 94 16 62 9 57 87 23 59 48 51 23 57 5 17 60 85 15 17 78 71 89 57 79 32 80 9 36 75 80 90 37 58 1 46 44 63 55 24 53 62 99 35 64 45 53 66 2 79 12 15 90 23 81 4 93 31 97 83 19 3 55 57 5 53 0 76 74 25 96 42 58 45 30 3 0 21 13 73 90 98 77 11 74 97 20 75 12 12 13 92 49 20 8 45 41 80 0 58 62 47 31 93 18 16 30 62 76 93 52 35 28 75 83 22 37 84 91 9 57 9 41 59 90 95 52 97 65 18 75 58 0 74 77 55 49 74 59 59 63 90 18 14 39 47 62 35 38 16 3 48 4 31 66 41 94 92 39 17 41 88 28 78 51 91 4 57 54 94 58 20 15 84 52 25 12 49 76 51 87 77 94 75 88 25 32 30 15 83 44 2 32 65 71 99 87 66 63 10 1 55 94 53 94 69 37 5 89 89 47 70 56 15 43 51 16 79 40 69 82 8 27 51 72 28 55 7 25 65 4 2 74 6 13 70 48 65 91 56 71 52 12 20 29 44 76 63 85 13 66 40 10
11 21 13 84 64 2 86 93 11 80 18 66 4 46 23 26 82 29 82 77 39 10 65 67 82 96 16 99 91 35 83 3 68 38 49 4 46 21 53 26 3 27 22 26 13 1 17 39 20 15 27 97 99 5 42 25 13 82 84 78 77 90 62 1 24 36 49 23 47 71 91 49 41 4 49 83 7 40 79 17 11 28 38 71 23 13 22 85 87 28 86 54 97 46 13 28 79 80 98 93 90 27 83 49 26 81 65 82 87 54 26 78 8 73 98 81 4 53 28 18 78 10 33 79 56 62 65 73 88 78 5 21 86 52 61 49 86 14 14 96 0 11 70 17 83 54 86 37 65 39 51 30 43 27 37 82 72 50 35 66 95 26 91 24 31 8 34 30 91 7 99 69 44 0 45 2 40 80 91 92 27 78 19 74 19 9 14 28 52 36 94 29 68 18 0 95 58 75 79 100 12 4 18 62 83 69 3 55 17 28 28 52 28 20 25 9 39 44 58 80 27 59 14 24 63 38 94 75 20 31 52 41 28 89 90 39 59 63 97 34 31 99 65 31 35 58 100 81 39 23 10 81 49 48 43 34 25 30 66 31 68 58 76 10 31 5 82 74 72 89 9 40 10 18 83 29 13 22 75 62 63 64 98 59 41 74 16 20 1 48 18 72 63 45 7 2 45 68 80 11 13 0 51 76 85 26 66 28 100 10 90 5 59 84 72 13 13 72 3 28 85 57 35 61 20 20 11 83 69 62 10 68 44 20 56 77 80 45 28 9 29 0 74 27 21 48 87 83 1 75 16 33 59 4 60 100 53 21 16 48 81 1 25 67 14 70 16 25 86 66 25 94 37 31 41 52 92 7 44 36 83 50 74 2 11 95 13 13 29 13 60 75 29 90 0 44 91 83 90 2
88 95 23 19 7 40 21 6 52 72 93 5 8 86 63 24 92 11 33 4 87 11 75 60 98 30 65 48 11 14 94 99 11 1 89 34 55 16 10 37 93 54 55 57 74 57 60 53 12 12 21 24 8 4 62 16 32 50 78 7 33 100 29 0 21 60 61 89 41 33 91 98 31 97 20 15 66 9 35 3 42 81 3 11 35 13 79 92 13 37 93 1 48 55 59 7 64 77 60 98 24 24 17 57 97 25 95 71 92 77 3 70 22 22 76 61 20 34 53 15 7 77 3 72 81 63 72 67 7 28 15 9 94 87 34 86 0 56 8 64 20 49 35 70 75 56 55 74 58 76 4 36 82 54 32 29 14 69 70 49 44 87 56 27 53 88 78 46 24 66 82 12 51 100 36 41 80 9 47 19 94 57 35 1 23 63 79 34 22 77 71 88 56 32 26 4 78 72 36 83 0 80 49 56 93 27 53 97 10 7 69 87 86 5 36 96 79 35 84 22 48 54 39 37 57 42 42 18 86 68 76 18 59 1 18 43 45 56 80 58 65 85 10 56 73 30 10 93 51 16 78 17 48 89 79 53 25 82 82 77 0 34 77 53 22 21 94 88 22 4 32 81 65 85 60 94 42 100 10 14 35 76 15 80 4 57 48 59 96 57 57 38 33 37 20 83 0 38 40 63 88 47 12 48 36 15 83 30 39 10 61 77 54 71 90 50 44 18 14 69 17 31 64 58 98 79 6 78 54 77 79 9 17 69 62 29 98 63 71 54 14 51 60 94 79 38 64 41 83 91 5 96 29 25 27 32 95 54 5 27 22 32 31 93 78 76 60 82 71 58 12 84 26 26 81 46 32 93 75 2 22 69 29 38 78 77 92 14 79 64 17 78 17 42 40 33 81 11 54 16
9 29 25 61 52 53 78 85 77 41 77 91 81 63 19 91 23 27 10 5 84 30 25 62 88 97 51 92 16 6 44 52 78 12 6 59 11 55 58 2 57 63 6 47 77 93 83 14 53 64 74 5 98 15 26 45 96 58 40 81 49 97 55 24 97 2 43 56 94 6 90 21 73 30 29 1 0 84 54 66 52 57 35 73 50 81 99 73 53 26 33 15 23 5 73 68 38 60 32 45 100 53 77 86 25 27 88 12 90 69 43 63 47 100 26 89 51 46 60 5 30 84 97 95 13 79 13 37 96 28 61 76 36 85 29 72 74 14 31 94 84 6 79 36 11 80 47 99 79 37 35 49 9 62 87 85 40 100 82 53 75 17 44 88 64 24 69 26 94 87 16 19 7 32 77 55 9 68 12 38 56 29 33 57 3 62 47 37 47 16 43 80 29 54 44 95 64 69 76 17 1 58 24 42 94 90 82 18 61 27 39 86 33 67 80 98 84 4 1 94 96 90 42 59 16 6 54 14 97 67 4 8 56 77 6 44 33 40 1 72 34 60 56 23 35 54 6 9 97 62 52 87 33 24 0 53 50 39 30 31 81 52 26 71 46 0 54 96 23 59 23 19 12 10 12 7 96 96 37 93 71 95 40 47 100 20 79 93 13 52 31 63 59 85 55 21 45 33 1 76 55 81 99 85 56 36 31 18 42 74 89 77 57 15 56 100 79 71 100 38 82 51 27 22 77 98 18 94 38 59 34 92 86 30 95 21 86 64 24 3 85 82 85 74 84 14 44 100 37 21 34 45 51 71 99 66 90 81 97 28 46 19 36 48 15 74 41 28 30 6 96 13 83 6 81 73 91 24 24 11 67 9 28 87 79 67 65 37 3 55 43 49 5 50 31 66 46 70 24 66
74 99 26 23 28 40 78 45 7 20 28 70 90 79 91 74 56 65 51 84 27 67 83 64 11 15 12 49 95 72 37 81 58 87 33 9 52 99 47 95 3 89 59 58 71 1 83 68 61 36 47 100 66 83 61 28 98 68 64 92 19 32 91 12 91 24 12 31 9 82 91 87 43 60 93 25 44 4 46 41 52 40 46 14 68 91 94 13 71 19 86 16 17 34 96 73 43 83 75 4 25 55 12 18 46 71 11 47 66 93 29 44 94 62 79 100 34 64 47 69 32 44 46 63 45 13 9 42 5 40 78 9 34 28 0 53 10 31 59 90 1 88 34 48 88 39 5 62 84 67 72 24 53 69 70 22 2 47 12 74 53 94 25 34 8 58 15 97 51 83 17 27 95 8 83 58 84 17 95 34 20 98 8 15 61 51 59 78 2 3 78 16 26 3 90 65 15 24 51 32 29 70 66 10 59 78 45 91 67 4 22 52 90 60 64 55 30 87 74 52 95 20 43 61 13 26 44 86 6 50 31 91 64 51 52 97 48 76 72 50 79 78 74 70 47 30 97 19 2 92 11 47 73 57 17 10 55 21 57 45 92 96 72 67 37 59 4 87 22 86 67 0 43 56 65 14 72 20 65 97 27 46 58 8 64 18 34 87 93 74 94 39 96 17 35 91 34 4 74 27 77 87 18 53 87 29 7 86 59 35 18 89 64 94 18 34 8 94 25 59 9 91 7 96 4 58 76 63 57 88 20 86 27 43 88 21 79 7 81 63 62 95 47 52 51 2 25 36 25 28 82 32 64 66 65 76 69 91 81 79 20 84 13 21 39 15 60 74 37 66 73 84 100 71 83 63 64 47 73 68 95 60 2 98 93 32 99 97 35 76 24 97 76 12 25 90 24 46 47 86
22 39 83 82 84 34 50 83 42 63 24 16 14 13 100 26 9 87 73 6 64 7 15 13 90 94 83 70 37 73 75 20 80 69 73 87 23 14 27 75 6 39 37 1 93 40 74 15 45 1 96 4 21 53 68 62 93 85 25 64 53 68 97 100 34 39 14 93 97 71 53 62 28 61 63 3 77 99 43 74 5 17 99 51 1 76 47 78 0 9 87 56 10 41 6 75 36 47 65 100 13 49 91 52 92 73 59 26 74 96 12 25 80 85 63 63 44 82 88 38 23 87 72 18 18 43 45 12 74 69 56 95 14 19 2 46 69 42 76 74 46 95 71 63 39 60 26 19 85 81 42 0 48 23 91 68 90 86 44 91 84 75 89 46 92 54 80 65 33 5 19 18 56 64 21 33 84 18 91 82 63 73 85 71 48 70 54 14 77 97 45 57 47 82 81 54 88 53 67 70 74 31 47 8 76 77 84 80 82 72 12 39 25 9 18 11 58 88 13 56 23 53 84 88 26 92 75 14 71 10 37 84 54 15 52 94 23 95 51 42 57 54 8 93 40 88 61 25 5 85 29 84 82 83 27 67 65 43 92 68 93 22 87 57 35 22 0 72 4 79 57 24 95 64 73 9 6 6 15 90 77 87 98 27 77 22 96 71 18 77 52 85 39 36 82 6 13 3 37 11 4 38 98 24 55 77 10 36 57 29 60 76 27 76 33 1 8 55 94 34 43 88 57 91 79 96 50 96 70 46 62 15 7 43 68 35 99 97 8 0 67 25 73 96 78 19 73 50 44 49 27 31 6 40 64 32 100 19 34 62 85 61 45 47 75 72 78 11 48 17 87 17 43 72 66 15 67 79 15 62 88 75 29 54 91 83 96 79 82 60 14 90 41 13 33 57 2 17 98 5
53 98 72 27 87 77 99 70 31 3 48 65 36 13 21 13 67 22 66 77 34 94 90 41 56 57 74 23 99 15 18 97 0 28 14 81 64 57 17 84 17 80 57 37 52 95 70 12 91 11 52 61 25 30 53 45 15 44 73 43 30 78 77 61 2 29 31 91 61 17 25 98 100 12 94 39 55 78 76 7 3 8 24 2 3 100 67 26 65 86 32 23 92 93 95 74 52 87 42 59 81 38 70 17 99 26 57 96 7 89 52 94 35 88 43 37 53 4 57 44 22 57 15 41 82 28 53 98 93 5 78 86 28 46 98 96 100 9 87 28 92 68 17 17 72 2 34 77 33 89 29 47 99 44 50 91 16 57 85 1 60 29 81 86 6 71 55 74 12 59 59 88 81 87 93 21 17 71 37 12 25 63 94 6 98 25 33 79 30 66 15 49 61 67 26 0 46 11 11 28 99 72 18 6 83 100 49 8 4 37 86 33 86 8 22 12 48 30 67 18 66 54 7 9 28 21 27 23 20 4 39 41 16 45 28 26 31 73 55 48 1 59 22 99 67 49 35 36 95 23 96 50 81 8 25 24 40 75 35 71 85 9 93 5 0 89 75 10 94 76 55 6 48 89 86 41 57 7 91 65 74 16 55 42 67 64 89 70 47 89 37 45 82 58 59 87 50 61 58 24 63 43 54 61 20 0 85 78 82 26 71 28 35 43 81 22 84 58 46 66 72 76 46 91 80 24 52 49 74 76 98 38 84 9 57 41 78 47 22 93 25 22 59 89 99 38 100 93 73 73 12 14 41 63 28 39 1 96 60 49 98 99 43 46 69 47 18 79 89 98 97 96 8 34 2 61 27 70 86 40 91 97 24 26 48 42 66 13 9 34 37 70 49 85 45 72 25 86 68 49
59 97 42 3 38 26 1 53 34 5 61 91 97 96 79 96 0 33 33 27 12 23 86 51 32 70 10 2 38 46 92 74 44 76 70 63 82 63 48 71 0 62 32 53 99 100 62 10 76 74 95 56 95 95 63 69 95 50 40 60 81 78 65 99 75 62 75 95 65 63 1 11 56 69 49 57 39 57 50 16 67 41 28 28 46 68 85 6 84 80 100 37 11 97 68 16 28 33 94 11 79 78 55 23 60 9 50 55 56 37 46 12 18 25 62 67 96 49 70 27 38 90 70 71 27 11 10 66 60 64 25 25 88 61 19 23 26 52 16 12 30 59 34 40 30 47 69 49 72 58 12 1 69 29 48 82 95 59 52 20 62 72 13 51 0 81 82 63 50 74 71 83 39 87 35 15 30 99 87 32 47 63 38 2 90 9 14 94 91 67 75 85 40 60 13 18 67 25 10 32 67 28 9 22 99 69 6 16 9 8 94 10 31 99 41 81 81 64 11 78 72 59 15 78 3 27 67 60 41 97 42 88 62 96 86 75 40 51 77 30 56 3 27 60 69 99 4 19 68 96 33 8 50 84 56 2 17 64 45 50 77 41 53 17 29 21 90 88 86 43 96 68 29 11 77 24 54 93 36 32 65 98 14 19 57 5 8 58 88 43 93 92 72 39 20 63 26 17 4 59 38 37 65 77 56 41 39 79 76 42 11 14 11 68 32 12 47 14 25 97 22 0 60 47 35 22 23 17 32 56 60 24 24 58 9 63 67 36 51 78 90 47 32 13 83 24 72 89 80 64 71 52 55 28 100 54 52 77 94 50 8 16 58 59 74 48 45 92 77 25 85 61 8 17 45 51 6 46 67 92 14 72 49 88 99 20 29 38 99 8 79 42 0 25 14 10 82 48 96 42
91 0 15 41 65 67 47 41 60 10 55 99 79 72 73 77 80 46 4 28 1 80 44 22 1 47 51 72 99 33 24 49 97 10 77 31 45 84 10 65 58 44 58 70 35 90 88 52 60 2 100 69 29 94 78 50 89 83 65 30 21 28 3 38 3 17 49 87 32 100 72 87 96 7 51 20 30 67 14 18 53 6 39 35 88 68 79 89 1 46 79 90 5 33 45 56 71 61 73 55 51 47 84 32 60 0 93 18 62 94 8 18 51 83 27 90 72 23 85 75 89 53 48 0 91 5 1 37 12 41 5 5 57 3 54 5 94 82 82 66 57 57 89 62 51 60 20 62 16 82 25 71 48 71 39 90 22 10 9 73 34 90 92 2 78 50 61 69 29 97 53 30 84 14 7 65 0 6 65 0 48 53 63 68 4 31 12 5 19 48 4 15 73 33 66 98 24 50 96 3 46 7 45 41 48 37 62 36 2 37 97 9 19 44 82 29 87 4 25 100 91 71 38 69 23 56 22 97 4 54 38 82 70 84 30 17 80 97 40 36 85 47 29 29 44 92 48 34 22 65 100 66 56 58 66 6 1 50 24 70 59 92 89 13 18 69 31 59 16 9 35 42 0 26 61 6 42 59 13 83 92 90 59 89 8 21 18 93 30 40 63 98 10 60 8 84 2 86 80 7 22 71 97 68 8 77 2 8 23 55 39 3 38 50 18 16 77 68 83 44 73 100 10 61 92 54 74 60 23 54 26 51 93 6 72 76 97 47 73 5 71 95 16 31 37 48 19 89 31 59 42 58 19 9 100 14 74 4 34 3 24 2 92 32 42 69 86 32 75 82 57 46 17 8 53 2 48 36 82 13 23 14 11 10 86 84 11 3 100 77 32 42 19 41 96 39 94 72 53 29
42 57 11 14 84 100 5 66 17 61 63 88 20 25 64 33 36 99 96 45 63 24 26 40 95 15 61 75 6 66 95 39 15 42 35 89 15 90 1 71 80 1 21 14 46 31 56 99 51 91 34 60 26 67 69 82 23 21 95 49 93 34 15 56 62 86 49 79 49 2 70 26 46 70 69 52 0 54 39 42 13 39 70 100 67 88 56 83 45 78 91 48 72 41 2 14 57 34 100 92 70 70 53 64 92 47 58 83 36 43 70 19 52 18 73 49 37 36 71 62 54 36 4 88 60 51 42 89 28 65 5 42 43 91 9 7 44 53 46 5 2 50 32 1 31 86 52 58 18 95 31 37 68 7 32 96 54 85 4 82 41 71 70 99 80 92 41 88 4 30 79 61 3 97 35 74 75 94 16 58 64 54 15 93 68 93 97 46 49 1 100 21 51 69 60 84 81 56 36 91 37 17 51 10 25 100 37 97 22 48 84 99 78 1 66 46 67 67 63 16 75 91 59 86 38 67 47 89 54 35 34 57 47 11 32 20 40 100 7 70 22 50 34 95 79 25 14 68 6 5 15 35 67 50 20 93 53 81 36 8 94 21 94 81 24 23 67 64 74 77 44 8 58 49 80 43 13 42 22 86 99 42 63 90 36 53 26 15 39 69 13 28 63 59 26 1 90 54 74 9 61 98 6 50 32 90 37 7 94 25 2 40 1 81 90 14 67 51 12 3 16 88 77 83 50 75 44 29 78 88 87 76 58 46 27 31 40 11 95 57 70 99 92 86 51 89 0 39 31 43 3 67 37 9 34 86 7 26 31 99 91 8 40 46 28 62 89 61 44 84 49 18 10 92 34 77 66 84 14 2 12 65 54 28 12 70 86 66 9 57 12 23 56 23 45 26 21 15 36 3
98 63 27 14 35 65 74 73 95 88 75 59 79 83 38 19 50 77 53 36 98 30 99 98 66 65 24 14 59 4 43 84 38 8 89 100 67 52 12 98 4 14 2 99 48 19 64 51 39 86 42 48 45 67 4 34 77 33 51 21 51 3 14 14 64 20 27 15 42 7 64 19 85 57 30 75 35 50 65 21 31 60 89 61 63 25 78 74 2 28 21 14 48 66 1 36 35 38 100 55 73 13 49 9 60 17 82 1 92 24 74 55 79 83 92 52 49 90 28 71 37 42 30 30 2 27 30 99 25 10 40 52 98 0 50 2 13 68 30 45 32 41 40 5 29 18 70 51 63 39 94 94 66 85 0 88 76 8 2 70 87 19 31 19 81 14 2 71 83 20 70 96 55 90 81 24 25 26 58 62 60 36 25 32 29 70 42 81 3 55 2 70 73 26 8 29 11 79 6 4 0 4 51 41 23 33 51 86 94 32 3 63 44 78 32 97 4 18 21 79 53 62 60 70 77 65 52 90 37 42 67 77 94 49 12 50 57 29 46 54 82 58 9 54 78 87 14 55 60 62 89 26 82 43 34 28 11 44 37 69 45 45 84 87 91 46 3 25 61 44 3 23 100 23 71 33 87 42 82 27 82 79 99 10 40 62 53 33 19 45 91 51 25 28 9 99 16 12 15 8 100 74 21 25 38 12 2 50 97 85 54 24 61 76 97 50 44 85 15 47 20 76 61 47 97 84 52 95 19 44 60 39 54 47 81 51 8 3 73 89 19 69 62 47 0 47 43 72 62 59 85 17 62 91 46 5 57 21 61 67 68 45 11 77 9 95 33 48 94 69 55 10 77 41 14 78 49 44 56 32 47 18 95 5 6 90 85 62 89 48 1 61 70 38 79 35 7 49 12 28
8 46 13 7 65 97 88 98 48 27 12 29 54 0 73 68 97 68 28 42 5 1 5 65 71 15 56 32 48 98 95 75 47 85 65 25 38 14 96 74 81 95 92 71 24 46 98 48 43 15 53 7 29 92 35 71 77 6 66 26 78 89 80 39 8 74 31 77 32 45 1 28 23 76 5 53 5 9 30 5 69 85 67 5 48 31 4 53 20 100 19 82 55 49 92 86 68 6 19 77 56 82 20 61 46 49 94 79 18 60 35 55 78 19 13 51 9 39 52 26 1 40 8 80 41 77 47 71 46 57 97 68 50 38 24 35 17 46 33 79 8 71 21 95 96 55 30 77 65 76 46 79 54 20 50 37 82 84 99 5 97 61 17 49 27 17 3 24 58 76 36 75 41 64 17 78 42 42 20 97 45 22 99 78 74 33 32 51 99 86 100 43 80 94 52 64 29 82 91 6 41 89 21 61 76 68 94 6 70 27 74 42 1 69 15 49 79 75 41 10 39 46 42 3 30 41 12 20 53 25 4 75 3 69 34 27 36 9 18 38 8 64 59 57 45 90 87 50 88 50 57 10 16 100 41 85 65 18 71 77 7 9 18 29 0 0 25 27 19 44 2 80 84 8 6 42 48 99 20 79 68 89 68 1 73 66 32 93 53 70 4 61 62 94 72 88 80 3 54 90 16 20 15 96 78 42 21 86 58 41 92 44 96 6 23 49 83 80 16 43 71 15 44 85 76 68 76 77 66 94 49 73 18 49 48 89 11 91 84 61 6 67 6 59 93 41 6 16 0 47 67 23 68 25 34 96 10 62 87 59 22 47 81 85 98 45 55 39 51 79 37 41 28 94 64 73 43 15 26 73 73 51 68 57 6 64 6 4 88 83 32 69 66 65 7 41 92 52 97 79
80 76 66 15 75 89 52 72 58 63 93 16 3 58 23 82 66 70 58 43 6 22 14 52 12 100 89 80 47 66 36 91 66 73 72 88 44 82 24 16 63 18 68 52 80 28 57 77 82 52 45 44 69 65 63 51 85 8 71 94 61 63 17 98 8 5 1 12 18 32 10 11 56 31 21 62 55 17 95 64 3 36 87 47 100 78 88 42 24 49 64 25 61 87 64 22 44 10 44 93 93 85 85 41 55 19 92 95 78 77 56 39 92 15 70 47 82 94 5 81 26 9 76 6 42 34 99 3 15 9 56 71 87 52 58 13 36 32 47 53 27 15 74 32 34 77 82 77 25 86 75 49 7 46 58 23 19 68 92 83 47 74 80 13 42 64 17 29 99 74 30 8 15 19 81 52 33 42 70 54 74 17 95 15 88 20 42 16 30 49 68 2 47 26 21 65 95 89 80 96 75 42 36 99 43 9 50 68 76 40 94 100 32 20 41 13 37 95 2 77 24 98 32 10 70 51 35 9 84 37 35 41 34 38 96 29 14 55 41 33 62 66 34 18 57 94 47 26 63 6 100 86 74 1 19 98 79 64 33 75 97 60 58 60 72 77 7 28 86 27 96 4 49 0 55 60 80 77 70 40 52 92 82 91 48 40 50 93 30 87 15 98 76 21 41 57 0 48 45 12 5 38 95 66 32 56 82 91 61 79 90 73 87 53 46 15 15 97 7 85 75 98 53 29 93 62 33 35 64 76 1 44 24 72 93 20 26 84 71 31 76 64 86 58 59 27 80 57 19 5 83 37 81 42 61 0 90 100 0 48 54 62 67 94 30 64 7 28 24 16 49 56 60 62 53 72 21 35 24 55 29 98 83 43 95 51 83 62 11 88 6 66 30 32 80 55 43 32 75 75
77 12 43 49 33 7 74 44 95 85 43 72 72 45 33 48 37 61 94 70 37 72 91 28 67 9 20 50 38 24 75 38 32 76 61 95 5 9 44 5 5 1 53 76 1 90 96 61 40 23 6 83 63 2 30 28 5 58 80 96 62 90 67 44 65 37 33 6 8 2 4 41 0 39 38 72 36 51 34 88 28 71 30 40 49 63 38 93 13 22 75 100 47 44 12 77 62 44 71 72 30 32 69 21 65 52 50 34 75 73 41 28 60 85 46 47 55 95 4 22 69 38 58 9 36 72 8 23 62 59 76 90 4 53 5 65 98 18 69 62 91 33 60 24 53 86 74 4 71 98 7 40 37 2 81 92 81 60 71 1 96 45 10 77 48 49 47 24 57 83 46 85 49 35 68 67 17 46 100 36 60 19 39 70 33 63 35 49 86 75 94 53 11 76 73 26 65 50 83 8 75 60 60 66 38 95 41 96 2 50 100 61 15 85 70 86 76 59 27 70 39 33 29 43 8 62 31 32 89 86 87 44 69 74 60 47 40 51 44 38 90 64 55 98 51 81 9 86 43 76 13 3 68 39 91 20 77 82 84 79 41 22 50 99 80 30 58 18 98 92 60 61 43 63 32 15 77 77 47 20 85 5 26 66 17 77 59 48 76 32 94 33 31 8 73 64 68 11 26 21 24 33 67 91 66 69 84 39 79 70 73 66 36 38 27 2 68 50 20 8 94 93 47 71 35 42 81 37 52 16 14 63 80 27 54 98 42 21 70 98 46 69 20 40 8 52 71 40 81 78 7 21 78 60 27 90 45 49 24 6 0 76 83 94 44 5 92 0 14 76 55 54 91 33 37 10 46 18 2 47 36 6 3 46 79 52 13 75 36 93 18 61 33 55 96 2 97 46 2 40
61 41 36 100 62 23 92 96 63 85 26 1 48 99 52 13 55 6 62 80 84 71 79 53 35 49 71 83 19 84 69 6 34 31 57 86 96 41 95 28 14 90 1 67 94 42 33 61 54 26 26 48 32 15 86 35 14 88 24 69 53 26 50 2 57 64 78 40 10 59 11 93 38 97 71 58 19 52 62 19 68 3 20 38 56 21 40 3 25 62 15 88 75 27 96 1 92 37 95 73 86 60 64 21 89 19 26 66 16 11 17 9 31 28 82 55 86 0 51 99 60 45 61 76 51 57 37 84 96 70 62 8 53 43 10 57 83 92 14 28 93 39 97 7 82 14 39 20 4 97 99 31 94 24 95 3 73 87 1 32 97 54 25 21 47 64 33 79 88 50 14 91 58 94 37 96 18 0 34 32 20 18 3 81 19 11 65 0 86 3 86 51 39 48 2 55 22 26 51 53 6 53 83 60 23 33 60 91 57 90 12 16 96 37 25 67 30 53 35 73 6 0 100 52 49 36 3 78 79 2 56 7 84 6 85 71 3 57 10 73 56 41 45 36 73 0 81 52 98 98 26 69 54 43 80 87 67 60 88 61 26 66 19 3 51 72 54 43 73 46 25 61 25 30 61 44 76 77 90 26 20 22 27 58 33 11 89 75 100 29 87 39 53 92 70 75 4 25 9 81 60 67 87 32 95 73 20 45 93 7 81 70 42 77 56 49 87 9 24 29 24 13 80 72 99 99 71 68 91 97 38 41 40 58 36 27 84 32 87 43 96 84 59 28 38 43 20 86 26 52 40 80 63 54 73 76 57 27 69 96 24 47 3 9 96 61 96 69 28 97 50 85 4 1 62 31 19 23 56 95 12 97 67 70 95 61 77 76 95 73 78 2 16 1 85 66 70 59 96 34
20 84 82 3 84 19 81 35 93 72 86 89 81 61 56 56 38 50 56 86 72 18 89 31 44 63 18 32 71 13 36 62 35 4 92 54 54 10 34 82 61 74 87 61 58 70 6 70 72 84 48 42 91 19 84 22 54 100 55 42 87 91 53 82 35 85 81 99 46 27 42 43 92 72 96 80 9 89 42 59 14 56 36 15 85 73 11 12 4 28 93 27 90 79 100 84 39 45 98 100 58 1 71 80 25 85 13 60 43 33 66 96 22 17 10 17 26 67 91 91 33 86 49 45 40 68 88 4 95 62 48 65 94 96 100 53 99 10 40 32 34 47 22 62 24 79 72 91 88 71 26 81 8 17 47 81 7 47 53 38 29 50 40 74 38 12 32 99 29 48 4 35 25 43 21 72 90 66 66 95 70 74 79 33 27 13 76 51 84 75 11 63 0 72 92 62 90 30 88 57 38 90 55 55 66 43 31 65 67 77 85 40 21 100 54 16 64 76 61 37 78 99 29 38 15 40 46 13 51 39 56 95 76 94 98 69 55 91 28 6 16 73 37 49 81 47 35 89 38 49 22 44 71 65 30 43 10 98 73 76 60 49 93 1 61 54 36 96 51 100 72 97 94 24 38 46 41 44 87 26 84 24 46 15 90 66 11 91 85 98 64 19 99 38 56 42 37 16 63 62 23 26 98 11 100 7 78 11 98 48 46 63 77 64 65 91 76 80 68 6 90 19 0 17 77 18 72 39 43 0 20 53 36 69 35 55 36 32 0 59 58 65 72 98 72 49 29 46 4 18 46 1 29 79 50 59 34 38 14 53 28 31 11 26 49 60 64 6 33 21 75 61 25 60 34 73 50 31 38 84 50 69 14 58 33 80 60 93 93 64 8 41 92 93 4 73 6 11 92 32
70 66 87 34 20 96 40 12 2 54 60 11 94 17 20 100 62 28 87 24 72 10 97 99 23 88 19 45 22 9 96 93 99 77 47 12 57 98 24 18 46 91 44 73 24 27 29 83 78 12 46 76 92 16 52 60 26 56 67 76 82 46 57 10 4 42 80 41 53 71 2 6 16 56 81 52 100 26 42 50 51 44 18 35 19 100 16 91 41 23 41 29 58 34 47 80 73 48 23 31 63 8 4 84 46 6 23 12 66 69 40 3 26 72 69 43 62 61 4 16 84 79 15 22 94 19 18 83 77 60 28 25 89 82 28 85 54 0 82 66 39 85 45 48 41 80 52 32 73 19 54 95 84 13 38 46 79 61 65 26 69 19 34 86 77 99 22 93 17 83 36 11 75 60 31 70 13 38 12 52 40 71 14 77 7 4 37 64 40 86 5 16 95 96 34 7 65 26 54 75 38 24 32 3 48 97 0 4 47 79 36 91 67 73 41 56 68 81 54 25 95 30 56 90 14 57 45 2 7 22 79 18 100 71 82 56 74 87 47 26 96 81 87 85 38 49 37 65 43 87 8 87 55 26 30 96 88 8 94 83 95 89 82 73 36 32 15 94 27 17 97 13 69 42 78 55 98 85 11 90 84 89 8 66 22 40 83 33 81 71 48 14 52 10 9 46 85 48 66 38 5 60 3 80 8 3 12 39 26 24 97 32 66 100 22 50 67 62 21 98 97 78 73 47 21 32 31 84 66 20 89 76 24 22 76 19 83 18 0 31 0 23 27 9 70 69 69 47 11 45 46 76 98 71 34 29 5 92 97 5 6 98 51 80 40 69 61 90 18 59 46 76 92 36 35 31 77 9 70 59 90 18 59 68 41 0 91 69 38 64 15 56 33 43 36 85 13 28 29 79
90 58 92 83 2 91 34 88 67 68 81 82 33 53 54 77 49 12 22 55 7 65 73 57 15 36 69 17 93 45 25 39 34 23 26 87 18 54 100 40 86 19 97 92 82 16 10 8 56 22 35 74 46 36 54 27 84 53 16 4 5 83 32 19 90 20 4 67 86 24 75 96 100 82 29 50 44 97 69 14 78 55 88 58 35 43 95 70 31 34 54 93 69 0 35 100 41 70 100 17 32 90 88 66 39 86 63 85 34 72 65 74 48 78 69 14 79 58 40 46 27 6 55 47 36 37 6 11 61 61 92 23 27 25 74 67 49 5 25 36 49 22 82 76 69 1 70 92 80 2 100 97 77 73 32 96 51 32 70 66 55 46 21 100 81 48 64 86 97 15 8 91 18 21 52 54 76 87 39 85 89 83 44 98 40 82 51 68 59 0 95 15 85 49 52 10 4 74 34 60 28 89 36 87 29 35 35 41 30 43 3 78 91 86 61 18 52 58 24 16 77 69 4 84 1 33 19 38 59 93 57 71 22 53 80 45 91 20 89 66 22 31 17 42 58 6 56 82 66 65 50 57 6 94 44 40 39 84 79 67 15 4 73 13 81 38 18 47 73 37 29 73 24 72 14 51 66 39 11 72 31 79 2 75 26 91 13 83 1 98 78 47 25 81 6 53 98 69 86 59 1 87 93 6 87 3 50 91 7 26 7 94 16 13 8 33 66 8 91 88 68 16 31 56 46 54 93 45 90 15 4 7 29 72 24 44 55 25 4 55 88 23 46 68 10 76 24 62 53 18 84 65 92 9 60 31 29 85 32 77 92 92 69 29 41 44 65 9 87 35 59 46 44 86 78 4 51 52 73 15 16 70 94 8 42 77 87 55 65 18 96 93 69 21 89 72 8 30 14 69
27 52 6 10 97 43 45 100 99 40 48 98 13 90 51 44 6 32 12 20 17 53 72 9 42 67 20 86 42 51 22 78 28 45 52 79 23 65 5 26 92 10 53 1 87 33 79 33 39 22 32 3 69 94 85 66 4 40 27 51 57 17 3 79 28 73 5 81 75 72 94 64 13 77 53 47 70 48 0 12 87 20 51 35 92 39 44 49 56 57 64 89 53 48 24 49 83 63 36 52 3 18 59 84 30 13 93 67 46 94 21 46 83 93 30 89 3 92 83 90 60 71 3 8 27 78 74 39 100 0 38 65 89 67 2 90 59 56 2 41 20 94 20 58 92 39 18 6 23 49 34 11 9 98 53 2 49 98 3 34 86 33 65 40 54 100 56 6 7 95 7 17 69 96 62 51 64 33 13 70 28 72 14 84 75 52 48 58 27 38 56 48 10 15 8 24 19 84 42 9 44 0 35 13 17 48 91 14 98 58 59 72 96 79 7 88 42 4 86 71 8 67 83 29 47 16 32 34 7 43 19 50 40 81 17 100 33 60 27 41 57 94 42 49 87 86 64 84 46 65 90 42 44 8 97 39 90 67 77 69 44 8 71 97 71 37 21 95 100 34 28 90 1 56 12 7 39 51 97 97 5 80 27 52 4 31 86 47 87 38 90 52 3 13 10 89 29 36 52 24 64 88 78 31 47 97 17 19 72 92 39 51 4 35 75 30 31 86 13 73 15 37 15 35 67 57 44 23 18 5 10 86 87 95 6 62 78 81 11 13 68 50 45 19 33 30 10 6 57 54 23 54 74 19 73 39 48 20 2 28 29 37 23 100 44 29 9 70 67 0 53 11 35 34 9 44 35 4 73 100 2 80 7 59 23 70 14 64 1 84 7 81 76 11 68 34 16 16 79 3
35 15 15 64 11 20 60 99 84 35 19 70 84 71 3 43 71 23 13 60 44 35 54 11 0 72 42 17 30 66 58 16 48 100 43 69 8 8 92 45 31 6 81 41 54 89 35 49 99 1 60 32 99 94 93 24 70 62 38 38 4 43 51 30 21 17 30 2 40 41 37 36 74 88 19 99 82 85 7 46 28 12 50 24 58 88 21 88 54 100 76 85 22 86 36 82 27 42 23 64 54 55 57 73 16 82 47 12 32 85 26 0 32 94 25 69 8 74 54 73 52 49 27 84 62 83 39 71 92 61 41 21 15 76 58 21 78 4 38 6 24 36 9 30 41 9 3 32 27 19 100 40 36 78 70 49 15 20 78 5 82 57 56 69 66 65 13 26 53 82 3 67 20 85 79 1 87 25 99 62 48 27 75 9 58 71 2 38 47 62 46 82 33 42 40 12 43 4 12 36 20 91 83 65 65 80 81 19 37 100 79 99 0 0 77 81 35 53 41 32 50 91 33 32 81 24 54 3 24 76 63 24 58 77 89 64 3 42 20 95 93 86 6 26 74 46 96 22 8 23 12 37 23 56 18 95 13 22 3 36 74 98 86 5 79 23 97 57 33 68 74 56 97 85 15 90 40 22 59 23 48 70 29 67 79 23 59 78 99 37 2 43 24 7 20 45 40 83 61 85 84 4 25 34 82 39 69 88 51 23 21 72 20 22 61 30 94 9 24 9 1 84 42 15 10 93 62 64 81 8 67 19 46 25 16 5 93 34 44 40 85 1 81 9 28 79 6 42 65 50 55 40 83 54 7 25 59 52 36 95 87 25 41 35 42 95 63 100 53 2 65 47 15 39 29 29 76 13 74 28 49 0 83 70 21 2 92 5 39 93 12 56 98 17 21 65 2 20 58 2
20 83 91 33 48 66 23 51 63 55 37 30 3 20 64 77 90 70 80 43 8 15 34 97 39 87 15 72 9 13 5 38 18 56 4 56 69 72 50 95 76 88 89 56 88 100 15 98 13 16 83 81 92 96 3 85 1 27 49 67 67 0 98 13 53 55 92 7 14 46 63 0 16 77 65 15 23 21 59 10 19 17 64 18 2 63 36 8 96 60 40 77 42 27 16 25 17 45 13 90 87 29 20 20 30 86 38 44 49 99 45 68 12 54 5 36 1 40 87 76 76 40 0 1 92 86 89 34 81 11 24 21 43 81 26 74 22 53 31 64 62 31 89 97 20 19 47 60 75 76 54 4 21 74 27 25 41 19 5 72 14 44 36 39 86 100 34 5 55 39 32 100 27 89 79 48 4 62 57 1 23 87 96 5 73 75 79 20 48 29 0 76 75 38 85 41 95 27 67 78 98 31 7 40 50 66 81 14 13 40 55 100 45 58 85 13 83 45 41 64 2 68 72 99 7 84 49 20 32 5 60 79 16 65 85 51 58 53 91 0 57 67 76 81 67 74 99 63 72 77 40 40 28 61 99 82 73 94 18 83 77 52 31 90 51 20 41 6 80 43 14 21 94 91 69 7 34 36 33 38 72 70 50 92 80 47 62 58 18 88 88 69 66 16 87 100 8 50 26 83 55 28 82 13 0 34 55 42 84 95 71 7 72 85 86 41 56 96 71 6 49 87 100 20 91 34 89 0 0 15 93 36 73 79 31 65 59 79 37 90 45 51 23 65 87 98 28 73 91 40 53 38 42 85 24 65 16 41 16 20 91 34 90 73 60 23 87 32 19 95 75 90 35 19 100 73 88 47 10 53 88 67 73 18 40 94 43 8 30 76 65 34 73 79 78 37 77 51 5 27
50 30 50 87 47 13 96 83 46 89 30 26 54 67 71 47 99 24 3 87 23 40 87 56 50 31 55 35 24 71 42 60 75 83 83 42 2 72 99 18 57 80 37 93 2 18 20 18 51 65 78 4 88 55 27 90 63 27 93 56 19 42 84 11 65 9 44 100 46 35 80 80 74 14 87 50 42 29 30 15 73 96 65 22 14 25 76 85 28 79 35 36 26 72 4 77 33 45 36 36 26 36 47 16 24 48 58 35 59 99 24 61 2 47 47 74 49 95 61 91 81 52 95 67 17 72 52 27 9 19 10 40 47 91 35 93 69 99 2 39 87 71 29 73 40 49 44 97 3 86 9 40 65 76 81 34 20 90 94 92 93 61 66 56 51 0 21 97 19 89 78 7 55 82 39 80 61 9 81 10 25 69 70 26 92 51 72 23 44 24 1 60 43 31 95 76 93 9 36 38 5 76 74 52 8 72 73 10 53 98 8 10 29 57 38 4 72 93 93 88 51 65 1 40 30 66 12 39 93 96 78 88 38 64 5 69 59 65 33 4 51 70 39 31 59 52 58 15 84 2 62 77 55 12 31 17 22 20 34 51 68 31 26 65 28 47 86 95 17 52 79 48 42 92 7 76 52 87 49 30 10 70 81 91 43 16 69 34 90 63 49 51 92 25 40 96 16 99 5 99 40 1 98 45 19 76 70 97 90 2 74 67 81 32 6 46 97 74 98 92 51 16 99 83 3 95 70 43 84 22 85 63 49 0 69 14 64 70 22 65 6 14 42 31 75 54 53 73 93 88 35 45 57 44 6 57 75 90 85 52 31 58 21 48 44 96 68 2 53 25 69 4 31 97 16 93 53 22 60 2 62 12 23 48 19 47 1 61 96 45 5 63 79 30 28 97 58 22 95 11
99 74 81 4 70 72 0 41 52 83 19 60 82 54 63 95 30 89 18 71 95 65 64 63 16 27 20 0 7 74 39 16 78 95 74 66 61 77 40 71 97 50 74 26 9 58 27 29 24 11 51 33 42 44 40 15 41 81 17 60 45 79 79 17 4 68 52 13 70 28 44 71 29 61 65 18 94 61 83 73 47 90 33 6 87 32 42 63 82 93 72 60 94 29 20 36 33 96 63 10 35 99 57 59 58 41 14 47 7 18 1 21 39 38 92 54 64 22 38 34 100 9 18 35 41 28 96 28 5 99 97 4 61 20 13 59 30 77 23 71 94 60 77 86 43 27 13 7 40 7 2 8 26 41 5 63 69 10 43 56 16 2 36 84 8 29 56 99 15 91 39 24 12 95 95 74 4 34 51 8 71 41 82 39 27 51 22 35 23 26 90 88 46 97 86 13 61 81 14 64 2 75 96 4 76 77 38 61 45 66 94 85 40 65 70 86 82 83 66 41 63 50 51 16 67 56 79 42 78 54 62 54 16 67 64 28 94 9 99 54 10 92 45 40 88 45 31 33 81 57 41 27 33 70 72 95 48 82 24 22 39 18 61 87 95 78 11 71 81 45 16 44 78 54 3 67 64 10 39 49 46 16 100 14 39 1 43 60 10 22 30 62 94 86 85 91 2 92 94 46 49 71 49 99 49 0 68 21 70 11 41 8 77 13 96 69 37 35 83 27 25 33 43 60 5 93 7 79 63 34 77 33 4 87 76 46 4 52 28 93 31 86 91 67 26 37 21 22 57 56 46 38 68 52 53 19 94 17 58 82 56 57 11 81 42 30 69 82 96 91 56 71 33 15 55 26 44 0 0 6 47 71 88 14 48 47 26 60 31 74 34 58 79 78 98 8 32 66 53 82
45 90 17 58 66 71 33 91 19 66 48 62 78 69 89 23 53 99 20 89 65 54 41 28 25 90 63 9 1 95 73 64 96 45 80 30 84 85 58 14 80 88 31 34 90 58 18 79 20 49 54 93 35 53 20 47 70 51 23 50 15 39 86 45 58 95 17 9 17 62 75 34 68 32 82 66 78 6 44 0 13 9 22 48 2 86 83 3 48 40 81 7 19 81 21 48 10 43 33 63 82 27 46 32 53 97 87 20 39 43 75 17 16 42 99 28 62 5 93 86 73 96 57 80 7 42 73 13 18 53 50 85 31 68 71 23 13 50 91 74 72 2 41 6 64 21 82 87 95 94 36 87 0 1 71 19 67 1 32 97 97 4 7 70 81 27 15 50 77 40 33 99 59 37 59 40 61 10 46 40 33 87 66 73 86 30 81 44 100 29 83 97 72 73 36 99 40 62 49 41 64 70 87 18 97 52 13 41 59 89 26 57 54 27 9 28 51 85 55 75 35 39 42 7 9 55 58 91 35 39 79 21 23 81 58 36 36 53 6 94 90 44 94 27 48 64 33 82 66 51 79 48 68 77 87 61 40 94 59 4 37 39 81 23 95 17 55 68 9 29 44 98 66 42 73 69 11 6 61 10 13 90 72 96 34 69 29 29 39 84 71 23 89 80 7 48 90 8 3 8 90 5 57 69 92 39 28 20 57 46 10 22 43 47 68 1 28 99 11 77 16 59 33 48 46 74 11 2 35 92 79 41 76 69 81 92 37 96 69 53 14 24 47 61 95 73 33 52 21 67 52 29 55 85 15 44 94 20 0 2 57 63 22 4 60 33 0 63 57 78 33 18 27 74 29 33 29 71 76 34 91 9 83 96 37 2 18 99 96 30 8 85 5 85 60 97 77 55 92 27
54 16 7 64 99 54 30 94 49 100 85 87 51 55 62 61 7 41 71 27 100 26 68 33 19 13 4 31 8 24 6 52 14 10 57 23 70 2 5 30 3 9 36 59 9 90 5 78 90 30 0 81 53 44 45 34 37 57 80 20 31 27 96 56 32 93 75 90 94 46 2 25 30 61 36 76 7 20 73 47 91 7 96 95 17 33 87 98 3 66 48 22 77 49 11 62 7 68 43 6 93 72 61 53 88 41 12 10 12 57 46 31 48 87 28 72 12 46 23 75 21 76 51 36 87 72 56 44 6 95 51 76 44 35 21 52 78 35 46 66 10 83 80 66 71 14 33 58 95 32 61 25 70 98 5 19 44 32 53 32 89 57 6 93 2 54 17 33 14 64 48 98 55 41 95 56 65 58 16 17 63 46 79 68 84 87 2 22 4 22 60 17 11 92 94 33 15 2 17 37 10 36 46 16 18 6 60 15 90 87 22 23 88 38 4 96 65 49 42 2 45 42 93 93 59 45 84 40 83 50 2 44 88 34 99 57 76 9 93 72 66 100 60 63 45 99 88 34 24 68 89 60 98 68 73 35 49 88 8 26 26 43 92 10 18 9 10 27 6 72 84 49 64 43 50 44 69 61 51 82 88 32 7 50 54 65 84 45 84 3 17 84 34 15 19 96 8 84 2 82 31 44 4 13 2 72 27 70 95 47 52 71 87 91 17 87 36 90 72 70 69 30 60 88 77 55 86 28 19 99 74 20 33 90 45 28 70 73 20 53 57 39 27 82 57 84 10 83 47 19 81 49 88 78 29 0 36 56 9 31 20 18 63 76 47 58 19 48 79 57 24 20 23 99 19 19 69 50 7 92 85 37 5 56 94 87 6 30 34 62 36 91 40 65 44 45 1 93 68 47
53 22 43 26 78 13 76 50 26 51 49 53 1 96 55 23 86 3 31 94 87 25 52 33 36 25 64 52 85 100 64 64 81 0 40 79 74 45 13 78 79 71 7 63 33 40 41 11 85 89 27 95 23 36 97 51 88 87 3 14 91 4 65 67 88 58 93 90 24 34 1 83 43 94 9 4 21 39 81 54 80 86 33 47 84 80 29 17 48 81 1 41 21 85 31 23 37 30 1 76 35 91 45 28 36 82 89 27 42 28 78 70 95 3 96 88 87 79 68 12 34 100 58 88 64 52 78 41 75 47 56 10 65 16 98 47 46 59 11 45 69 39 47 1 80 63 30 6 89 71 91 22 38 81 69 35 6 42 83 15 41 25 74 83 80 4 47 25 19 38 12 57 32 42 3 58 54 33 38 72 97 94 37 1 67 72 25 9 31 13 80 65 68 29 52 79 48 68 59 42 11 40 23 73 18 89 22 59 54 100 52 21 97 97 19 52 70 39 21 75 5 18 30 39 67 20 83 50 8 13 36 53 96 86 14 17 78 3 36 45 90 97 5 80 75 100 43 97 59 30 40 61 71 92 91 28 50 57 5 54 97 37 72 61 59 85 62 35 73 4 77 71 32 70 81 43 34 77 46 63 0 65 40 39 33 23 25 60 60 92 68 67 3 92 88 62 75 65 99 37 29 21 37 16 72 6 87 4 57 88 60 86 46 80 18 31 30 80 5 97 19 70 75 78 22 44 60 80 83 25 28 25 26 30 3 95 82 91 97 39 85 92 2 51 27 37 67 53 46 44 22 23 65 44 0 3 83 69 20 76 59 17 88 40 58 51 56 41 94 14 59 15 44 53 42 84 68 48 8 5 91 20 91 100 98 98 41 81 2 51 64 46 23 82 90 17 64 26 35 28
12 50 26 91 2 38 28 75 51 31 1 65 24 50 62 51 48 49 26 12 33 6 97 3 94 56 65 43 95 64 1 5 60 48 70 70 44 29 55 39 83 44 98 4 35 22 80 20 86 26 80 90 47 1 60 5 21 67 5 43 100 28 97 27 42 47 71 47 79 71 4 44 36 20 1 59 28 85 75 11 65 9 6 13 13 38 76 29 4 23 99 19 28 83 22 35 29 63 92 16 91 28 75 17 76 10 17 6 81 53 28 50 13 66 49 79 60 88 0 37 26 36 67 58 17 23 42 27 38 23 16 63 24 36 30 16 0 39 6 63 30 76 83 34 42 27 96 100 97 81 73 23 44 45 41 5 58 15 48 49 48 30 0 85 20 99 43 67 98 24 87 92 52 92 56 20 81 78 69 41 88 57 19 23 96 33 90 65 82 95 80 74 16 98 29 33 57 21 48 57 20 41 32 50 36 31 17 5 67 93 75 60 95 33 31 28 95 72 45 84 11 92 17 3 58 71 9 22 73 94 67 68 41 56 14 43 38 34 65 58 50 22 53 54 62 56 1 91 100 21 70 18 58 27 72 0 26 43 78 37 14 12 12 4 44 17 11 66 64 88 47 56 65 75 28 95 61 29 78 20 21 79 52 2 93 59 94 18 85 28 100 89 97 85 72 54 40 15 58 18 10 94 17 55 50 72 26 38 98 37 80 56 6 25 50 24 91 80 6 26 10 25 3 86 61 17 79 67 23 28 51 94 43 19 15 89 61 54 96 60 64 80 58 25 94 3 76 11 31 15 27 82 37 72 76 73 65 29 73 4 39 54 48 99 45 1 43 62 90 6 87 79 86 10 21 50 64 98 42 98 15 1 27 84 6 74 73 2 94 86 20 37 56 82 46 79 10 59 63 60
11 9 38 48 98 52 5 75 41 14 91 81 57 13 75 45 7 85 2 29 4 1 85 15 21 56 47 25 17 37 56 41 71 100 31 27 0 43 15 84 93 83 14 65 11 34 13 96 90 28 61 24 100 80 18 92 66 15 59 56 7 61 25 56 40 30 76 82 80 4 53 79 60 83 19 3 45 16 61 24 99 73 35 97 44 12 44 93 93 11 7 31 72 20 62 33 99 29 50 61 12 65 47 18 14 8 68 72 4 90 69 82 63 26 54 85 99 33 50 5 98 90 33 85 41 68 0 22 1 98 82 19 53 28 75 50 32 37 40 99 32 78 26 32 89 90 41 86 60 13 89 96 98 68 20 37 99 42 26 39 25 74 40 7 59 79 21 10 84 65 54 38 16 54 4 74 92 69 47 19 94 92 56 86 16 31 9 70 16 75 81 8 31 12 1 31 50 27 1 62 49 10 45 3 100 1 67 68 52 74 49 66 2 89 91 46 99 20 85 79 63 61 19 62 71 8 79 57 10 41 33 51 47 98 44 59 48 48 92 60 95 33 54 44 78 26 87 6 73 80 91 1 6 65 44 74 21 77 27 68 61 26 99 97 34 95 80 80 94 95 62 45 60 42 56 39 92 48 34 89 63 15 9 11 91 29 82 13 1 31 14 74 32 24 60 21 85 72 35 59 5 73 79 80 4 41 17 62 35 32 23 81 65 60 69 73 41 57 63 78 27 17 77 62 45 90 24 73 31 22 66 59 58 8 20 40 3 79 71 64 17 49 96 95 97 37 86 88 10 6 80 28 50 99 13 20 24 94 78 13 32 11 47 50 27 73 95 61 83 75 63 56 78 28 89 83 63 65 47 1 7 71 35 48 43 36 95 64 11 54 84 97 77 73 81 22 73 51 23 17
88 73 21 71 13 77 23 87 64 14 90 100 79 21 53 24 35 82 64 0 41 97 59 65 11 98 79 52 50 89 22 46 16 27 62 20 40 21 22 10 1 27 32 8 25 47 6 35 44 69 72 76 47 44 32 11 63 94 71 13 42 85 81 70 72 81 21 70 51 81 69 6 13 45 78 29 16 73 81 2 95 30 65 91 84 11 96 30 81 44 45 67 66 53 6 50 12 8 74 53 62 83 11 79 63 55 64 74 67 54 78 84 92 87 42 4 46 2 83 15 4 25 23 73 35 51 94 26 21 72 87 48 31 37 14 88 30 6 18 76 95 48 7 38 48 95 25 11 96 64 11 15 43 89 43 45 76 66 71 81 10 0 58 25 36 93 67 83 97 38 11 92 8 88 24 0 73 3 4 59 23 15 92 8 45 81 60 11 6 74 28 98 18 36 45 55 84 64 5 61 91 46 70 24 68 60 51 76 90 32 39 3 94 19 28 91 0 41 49 66 83 74 42 94 2 40 45 89 56 21 84 13 30 41 50 87 90 69 19 30 22 70 16 70 33 11 64 98 38 49 53 54 96 100 23 14 5 8 80 19 10 92 66 24 45 39 11 73 58 95 40 9 53 87 16 97 80 1 18 43 20 40 55 52 96 0 69 46 37 4 10 24 71 76 13 85 14 73 55 43 39 41 79 67 88 31 73 28 55 24 7 92 23 43 44 17 44 81 7 52 84 7 34 32 38 60 23 73 96 18 32 66 63 93 20 47 46 17 21 94 74 77 71 51 0 80 36 63 53 41 58 16 19 74 83 79 14 25 51 9 15 44 93 21 47 19 2 15 82 12 48 54 2 56 33 63 33 8 6 4 71 23 86 79 38 94 92 71 42 70 93 88 53 30 60 92 13 60 83 99
21 7 13 51 17 75 69 91 60 34 35 59 12 56 51 48 52 19 68 75 38 70 51 46 6 74 37 36 94 39 96 0 77 82 82 94 99 44 76 59 48 42 30 47 11 60 20 5 86 28 91 57 84 41 87 18 5 44 7 85 37 46 13 47 57 82 89 45 53 30 36 87 3 26 56 95 58 59 79 2 26 21 90 16 83 58 69 21 100 73 42 53 2 78 46 94 44 38 15 6 26 0 66 84 49 98 16 70 58 33 66 45 90 27 39 74 5 9 86 7 69 37 93 23 40 35 27 63 52 40 23 55 17 1 97 17 5 15 81 19 45 66 57 25 72 18 17 27 33 44 69 48 58 46 72 27 72 32 85 19 99 91 35 15 51 82 44 86 76 42 23 22 64 66 90 17 39 23 95 78 5 13 28 90 63 63 91 70 55 1 81 11 99 29 90 98 26 79 49 23 20 29 33 56 6 45 69 31 46 29 59 1 100 29 25 63 30 34 19 62 47 9 60 67 78 89 92 85 27 30 66 74 16 94 50 59 75 80 56 96 66 34 89 74 48 98 74 95 25 54 14 15 56 13 69 79 19 99 32 48 25 79 45 84 56 94 21 4 93 34 95 68 76 38 54 7 75 62 18 60 84 22 2 65 42 37 60 49 58 22 62 4 94 85 5 78 57 94 30 38 60 60 43 29 85 53 48 16 81 67 77 48 35 97 91 40 99 76 60 46 73 94 12 60 66 45 12 50 49 12 77 34 19 81 70 4 75 11 21 53 0 70 86 85 48 51 89 15 78 54 35 32 100 49 43 22 29 33 92 48 45 97 3 75 22 14 47 70 12 63 66 48 7 89 90 13 32 0 99 0 7 14 95 10 75 60 30 90 18 85 27 74 57 86 68 48 97 5 66 61
26 50 50 92 89 58 32 67 71 96 14 32 41 77 70 31 97 44 7 27 76 20 72 42 19 25 92 99 26 35 18 18 4 67 56 26 37 57 71 34 77 23 75 80 96 41 94 55 59 86 24 88 44 100 83 59 18 27 72 21 56 12 75 17 59 3 50 95 16 24 34 79 91 54 38 88 58 18 67 3 2 27 80 1 87 98 95 11 71 26 49 53 41 64 55 77 24 23 41 21 63 18 61 17 50 81 72 28 5 99 1 23 66 51 50 18 55 25 2 24 25 61 91 82 53 80 66 33 48 28 61 69 61 93 19 48 80 85 3 46 74 35 61 58 33 39 57 12 22 65 37 18 61 76 8 1 37 53 48 20 26 39 31 52 12 45 96 68 39 63 86 70 69 72 25 99 30 87 11 9 85 10 53 70 1 51 28 42 35 97 100 70 45 15 45 31 49 91 52 63 77 2 85 9 33 71 79 71 6 12 19 38 33 39 13 51 39 93 84 32 21 93 5 88 52 65 90 16 48 38 72 61 85 16 21 5 47 98 63 78 46 36 68 14 59 35 80 1 43 94 98 54 96 13 16 33 74 78 14 6 94 38 99 44 86 12 98 25 1 57 11 12 30 16 40 92 52 35 61 15 34 82 41 89 22 87 57 77 72 71 98 21 71 69 71 3 29 31 3 73 76 55 81 83 61 17 56 38 28 78 31 77 60 62 95 77 80 90 41 8 13 43 49 47 4 6 2 39 29 1 56 60 34 51 1 34 56 90 56 46 57 1 72 24 83 100 6 22 54 77 24 82 75 27 53 93 65 51 97 41 29 7 85 23 67 37 47 3 87 66 55 19 60 71 11 88 26 66 27 13 26 63 33 98 88 49 91 6 62 96 51 100 91 48 26 96 93 27 44 44
13 36 88 38 20 70 74 32 65 19 64 29 3 63 9 14 42 62 62 11 94 62 19 58 66 23 56 45 51 43 1 5 95 73 28 23 9 29 61 87 2 32 3 30 94 37 9 59 0 31 98 9 87 84 58 25 15 23 80 79 23 24 31 6 32 62 70 63 26 85 71 53 43 81 42 67 53 45 76 26 82 1 99 52 57 58 33 37 77 24 39 87 97 87 88 4 59 21 4 44 24 11 16 65 7 53 60 3 89 16 3 12 18 49 52 2 56 52 49 79 41 97 65 30 26 9 5 9 88 35 22 19 50 13 100 9 58 15 96 64 40 83 21 23 8 45 59 32 96 60 49 28 88 66 23 40 82 99 72 60 18 75 48 46 52 21 28 51 54 18 12 89 7 94 93 65 40 91 83 42 3 69 68 93 28 93 11 47 93 33 24 0 100 50 12 11 14 99 31 26 79 97 86 21 43 15 92 41 21 85 2 71 78 67 41 62 67 42 31 85 40 70 53 17 81 80 31 70 100 0 89 79 75 57 30 44 18 72 73 15 17 40 11 69 26 9 81 60 17 24 70 31 50 33 38 37 100 8 24 81 98 46 31 3 40 79 7 70 53 73 23 57 91 9 49 44 63 75 100 44 36 70 27 62 40 21 37 92 4 94 59 64 57 23 50 92 77 24 76 6 18 13 61 54 45 37 13 92 39 20 92 79 20 22 15 66 50 83 39 20 39 65 44 70 28 47 21 96 50 59 84 53 98 12 58 36 39 90 84 89 66 57 70 32 19 19 8 61 48 49 5 17 89 47 72 45 76 50 94 69 0 52 48 77 23 31 32 19 11 65 19 2 13 97 21 59 30 32 51 17 71 53 61 17 98 4 27 96 42 93 10 53 90 40 65 42 31 25 75 44
100 22 76 64 76 34 80 30 1 82 11 88 79 2 16 97 17 4 6 11 82 35 97 59 19 7 58 67 70 24 17 96 85 81 95 4 9 63 53 8 67 36 95 90 43 17 91 55 7 42 20 95 59 24 33 44 45 96 87 3 45 65 38 17 60 65 79 77 69 56 69 40 22 21 79 81 90 69 77 74 30 13 2 88 28 93 40 36 69 38 86 29 59 66 5 26 19 96 44 32 13 54 75 3 31 72 21 26 36 75 90 40 90 2 13 34 17 87 78 54 11 31 70 17 7 38 2 87 8 0 74 86 73 37 31 84 71 52 47 66 15 6 30 9 66 52 52 53 24 45 74 48 37 100 34 84 34 52 49 22 26 19 13 74 21 5 64 60 86 13 48 28 88 47 34 20 43 0 15 47 86 38 58 12 18 46 81 73 46 63 47 73 62 16 58 5 64 52 83 21 2 49 3 54 9 86 5 77 95 16 5 32 64 29 84 63 99 65 90 31 53 8 79 22 62 5 90 68 26 83 1 86 61 77 2 94 1 68 35 48 64 13 4 41 24 69 34 65 34 47 8 14 31 30 42 93 9 36 16 77 59 36 74 16 3 56 18 43 83 78 37 3 13 75 41 73 73 42 0 59 73 85 40 81 37 74 15 6 28 9 14 37 35 68 91 27 93 96 11 91 35 84 4 45 27 94 92 54 99 39 92 34 79 43 43 76 91 9 0 21 54 57 85 36 87 41 17 57 31 52 38 47 40 54 48 28 75 53 72 57 75 96 42 96 16 60 30 36 36 66 18 61 46 76 81 88 70 7 52 61 18 57 94 71 3 65 50 65 67 49 50 65 44 41 12 17 91 98 13 0 81 97 4 50 14 22 67 85 12 13 21 22 48 84 58 30 8 6 50 91
16 65 18 25 56 96 85 54 17 69 80 14 39 24 96 84 55 38 47 25 68 75 9 14 6 38 50 68 96 73 56 60 71 47 65 5 32 77 42 31 74 47 3 56 74 24 11 96 50 50 29 62 49 6 10 64 26 53 94 15 7 39 98 35 64 80 61 55 22 75 62 86 59 86 96 43 10 83 3 95 70 40 37 1 35 86 54 99 26 53 84 79 25 29 83 73 9 35 52 98 52 69 82 49 58 88 1 65 18 82 54 36 62 9 20 55 50 64 26 71 11 2 78 60 6 95 63 48 84 17 84 97 72 43 44 4 30 19 54 25 96 76 95 52 83 3 32 31 70 7 10 78 44 49 1 62 35 41 14 94 29 51 26 15 41 25 30 74 55 11 71 65 17 1 82 10 42 34 4 64 17 55 10 50 76 81 47 96 9 49 53 0 9 91 24 76 19 40 22 59 66 90 50 13 6 54 59 77 21 77 58 41 47 33 10 38 86 44 43 98 74 70 23 83 57 31 92 19 40 54 94 65 58 26 7 43 32 90 59 65 20 70 79 76 65 57 35 4 93 87 15 56 98 0 72 21 10 83 38 55 70 62 0 90 100 85 2 45 87 98 57 40 24 77 64 91 67 87 0 75 14 88 92 87 64 38 27 55 55 15 81 16 91 87 47 14 85 93 76 52 47 98 97 46 35 21 26 58 18 33 79 67 5 5 99 15 19 27 84 78 72 95 8 55 96 34 52 68 92 21 66 30 72 12 99 84 92 80 63 73 1 80 5 99 67 46 19 71 53 1 97 69 43 89 74 47 46 42 49 23 44 66 28 35 77 27 31 95 52 48 57 24 10 97 72 66 16 2 69 37 72 22 73 64 79 97 48 13 6 72 89 63 77 19 37 79 0 75 23 77
74 62 29 13 21 79 10 32 29 30 97 27 12 83 12 42 80 55 43 71 40 73 100 94 67 67 53 25 96 82 63 66 5 74 23 57 15 2 0 11 29 19 56 78 33 51 85 3 80 31 59 37 57 60 48 67 74 53 93 59 32 38 48 29 88 66 0 75 44 66 96 22 19 32 31 11 93 12 96 63 7 37 57 84 16 51 51 16 62 71 2 95 71 85 1 37 82 89 49 46 75 94 43 61 54 99 65 66 56 54 31 41 9 55 15 55 20 39 92 32 3 62 1 47 99 46 70 75 71 4 15 95 51 87 98 62 81 57 13 100 28 98 84 84 3 69 58 44 82 0 26 40 12 55 0 66 38 79 9 2 89 38 28 49 68 3 98 69 33 30 21 45 78 69 62 31 14 61 36 35 54 92 8 46 97 70 99 22 70 64 57 19 75 2 13 43 61 93 100 25 80 20 98 62 91 56 29 41 93 19 31 13 73 28 97 27 27 32 44 63 21 2 37 43 51 14 59 11 52 40 88 24 19 43 24 82 63 63 28 83 91 6 68 46 85 46 95 68 76 46 44 56 15 47 84 52 60 76 68 74 1 61 73 10 13 17 48 58 90 88 88 78 93 23 38 78 49 63 24 38 22 56 14 5 48 53 48 41 16 33 29 51 63 45 57 27 93 63 14 83 62 49 43 24 14 76 78 48 89 84 70 45 58 17 20 52 59 5 39 26 40 44 81 30 43 7 96 75 65 27 87 3 70 72 11 23 59 1 77 19 81 34 60 74 70 49 75 89 23 77 47 20 17 95 0 62 18 74 100 28 47 39 51 64 70 59 10 4 45 46 63 40 11 57 92 89 39 29 72 63 5 72 90 29 52 11 16 2 24 46 14 5 53 54 60 11 58 24 36 95
41 11 48 85 42 44 66 23 78 26 59 78 20 16 12 59 38 82 29 69 18 0 100 48 87 45 89 78 17 41 73 86 45 36 5 61 72 34 76 69 31 18 17 87 83 52 61 94 22 17 57 6 85 55 63 4 83 90 66 74 75 17 45 88 10 91 35 70 25 18 20 63 57 40 92 38 65 66 81 62 28 11 56 34 67 95 85 27 51 66 58 42 2 31 13 0 30 73 35 99 78 77 80 91 88 14 14 54 56 94 75 89 67 79 66 88 85 15 98 21 63 58 24 85 89 95 7 75 1 96 63 85 33 2 66 32 26 95 57 54 4 34 83 57 68 46 99 76 33 67 65 24 78 94 33 35 34 60 43 23 92 23 36 36 11 30 34 12 85 8 47 98 64 95 77 93 57 26 62 56 89 54 33 18 100 63 45 39 0 93 91 80 46 70 10 32 66 86 26 14 58 79 71 27 97 22 100 76 45 1 1 95 86 2 26 9 98 29 13 81 93 56 19 87 30 94 99 84 91 44 67 28 50 37 75 63 65 14 32 86 56 84 7 87 72 100 23 28 78 86 64 63 73 8 74 46 14 83 58 98 23 69 17 84 66 91 0 81 86 25 87 46 14 99 74 15 97 41 2 19 100 60 37 37 34 9 12 10 34 38 86 24 92 40 69 79 9 74 69 89 96 84 44 40 72 31 12 0 52 90 29 86 99 8 15 31 48 47 49 2 18 6 78 33 58 98 75 75 61 54 47 95 43 61 45 42 54 77 72 4 21 82 52 7 32 17 34 31 62 57 1 31 59 58 67 90 15 90 65 15 25 53 61 57 49 20 42 34 91 98 31 14 49 15 59 4 87 82 16 27 99 32 76 10 67 86 57 100 87 74 25 64 41 88 29 96 95 19 21 40
36 21 16 46 88 97 100 52 96 59 43 100 70 17 86 22 13 56 66 96 62 30 87 96 53 16 73 82 13 56 61 76 52 15 40 40 7 14 51 24 100 1 33 87 10 52 18 6 81 50 69 67 55 58 15 94 20 60 57 78 57 54 78 94 33 9 99 78 24 54 26 53 66 31 71 55 85 30 80 30 9 73 96 15 62 88 100 62 95 74 75 71 95 30 98 94 48 82 4 77 10 86 63 4 94 73 6 76 77 43 89 7 97 50 36 31 53 36 17 92 56 52 34 86 78 71 5 66 73 62 39 0 50 5 97 48 19 86 21 1 26 83 0 10 16 13 74 68 55 74 92 34 20 0 83 15 40 42 91 15 21 41 85 18 35 46 20 24 1 69 17 78 12 20 96 67 67 2 15 96 94 68 48 99 81 49 16 43 22 2 30 53 39 10 18 75 26 100 88 26 52 40 24 15 91 64 8 55 92 51 2 53 34 66 19 34 35 29 13 3 45 40 29 47 34 16 43 39 9 97 8 53 15 26 42 59 46 44 92 64 15 31 65 82 53 69 39 60 17 12 23 50 25 42 66 57 23 36 55 51 73 35 79 90 20 71 18 1 87 36 92 41 14 32 29 29 11 84 44 73 26 55 2 51 81 26 14 48 81 41 28 39 88 0 16 29 13 13 28 77 69 30 31 65 22 56 65 12 16 60 7 61 28 51 13 92 44 49 47 61 87 68 45 63 65 43 61 22 67 28 41 33 46 53 91 87 10 34 45 18 11 52 68 23 88 64 56 10 64 77 56 8 70 54 7 9 54 69 47 49 37 12 51 49 13 9 66 100 82 6 30 62 15 52 29 48 9 36 46 35 57 60 17 69 86 50 25 6 31 32 19 33 65 41 37 52 15 20 40 50
81 49 30 73 97 94 46 58 40 31 84 89 36 41 70 80 2 60 28 42 3 0 7 63 31 22 47 75 0 100 73 61 4 22 35 30 32 85 61 42 99 40 67 95 68 81 31 93 49 84 29 6 62 17 30 27 75 21 7 3 2 8 50 12 100 32 83 97 26 68 60 28 35 43 52 24 88 53 55 23 90 14 94 60 44 4 84 59 66 91 23 59 78 12 73 92 46 74 98 72 69 91 18 42 55 29 52 17 9 71 31 89 36 51 65 49 11 55 92 49 13 98 30 89 72 31 3 45 22 10 38 85 53 18 6 88 5 78 44 20 50 59 59 100 26 78 96 15 16 87 26 78 87 39 47 35 26 35 29 39 32 37 66 79 53 93 21 8 73 9 1 16 78 39 83 78 50 48 68 50 27 34 55 64 75 70 21 85 97 35 39 87 70 12 35 26 29 100 13 64 47 98 18 23 54 99 87 65 17 43 96 55 59 3 39 96 62 22 23 12 22 35 86 53 46 81 63 14 92 18 31 47 48 17 94 33 85 75 38 94 5 72 91 83 69 1 6 40 46 43 84 85 74 40 39 88 73 97 32 58 68 15 0 67 43 61 35 89 56 56 79 77 0 67 88 82 5 43 56 10 60 34 8 22 10 22 50 37 10 5 25 65 41 10 79 56 28 47 3 72 76 6 86 22 61 27 93 58 28 44 50 9 95 26 50 52 17 46 50 41 87 17 22 35 78 65 75 29 71 61 17 53 82 22 98 5 65 42 29 59 65 5 14 11 83 44 61 3 76 35 89 88 95 48 74 10 32 82 75 87 89 16 36 24 11 51 78 89 74 0 9 88 70 40 35 26 53 37 25 0 61 80 70 21 63 12 91 99 35 31 95 7 90 94 57 8 29 68 28 31
14 84 96 54 5 84 37 95 32 86 61 62 95 99 17 6 5 91 36 95 76 80 18 29 95 33 54 56 98 74 75 20 71 8 65 40 52 30 33 87 15 87 74 33 53 52 4 72 12 2 100 89 76 5 11 77 39 50 28 5 80 60 34 89 34 53 50 47 50 38 1 86 95 82 68 81 13 71 42 53 31 11 25 42 79 0 89 54 26 53 38 25 10 55 37 99 91 52 37 84 85 78 98 65 14 73 26 57 39 67 24 100 70 73 19 0 22 10 61 100 99 47 30 18 28 33 97 90 29 70 94 31 10 18 38 37 6 49 93 73 92 38 98 41 15 10 55 98 57 85 16 21 76 49 37 98 65 66 31 3 6 4 95 37 60 44 33 100 94 85 0 71 99 87 45 92 69 17 85 26 8 85 70 38 54 23 47 24 82 82 39 1 45 3 3 7 74 46 0 31 62 11 10 38 2 44 97 40 80 40 45 94 43 45 12 99 18 65 42 29 44 82 66 54 30 31 44 68 84 13 67 43 78 48 64 99 56 95 98 86 50 54 70 47 90 74 55 52 52 17 100 96 99 33 65 58 13 21 89 44 10 51 55 90 62 74 39 79 77 36 51 13 1 3 27 94 84 76 97 27 48 87 45 91 15 47 59 73 99 64 90 66 83 46 20 30 13 12 39 78 7 47 100 58 49 16 76 17 86 66 63 54 90 24 59 70 48 72 60 9 12 28 63 21 17 94 21 4 95 74 34 28 58 57 97 54 82 6 27 68 4 27 3 55 95 30 84 47 22 6 21 74 51 23 87 0 29 34 31 34 76 21 60 63 25 55 37 62 95 82 64 96 36 43 58 81 48 93 46 18 45 37 1 81 11 67 98 5 55 63 8 59 4 58 12 42 73 29 62 2
64 17 7 63 53 39 28 100 87 42 92 37 63 50 4 30 33 6 93 11 31 35 12 96 21 7 96 39 74 6 28 94 5 69 74 50 70 51 21 54 85 32 40 17 73 11 62 6 93 76 15 82 94 82 72 68 23 57 18 9 89 52 45 11 74 10 49 67 72 41 47 31 7 17 52 75 95 98 67 62 11 39 53 17 26 22 97 20 50 57 71 6 78 8 95 100 46 37 67 86 39 32 70 88 1 67 94 42 38 86 9 38 45 68 25 76 88 35 99 18 31 55 59 28 30 33 66 18 51 0 55 51 93 57 23 17 6 1 55 1 36 51 56 7 80 32 3 7 21 97 94 5 35 70 71 10 32 58 23 62 88 68 73 17 45 32 73 29 12 21 36 41 80 63 89 66 64 18 37 24 39 49 39 18 53 21 18 65 29 96 90 35 88 0 44 43 47 41 87 70 16 76 16 82 90 40 14 18 84 86 95 93 52 3 91 1 52 57 60 61 40 42 51 0 13 85 78 37 16 90 85 76 54 57 43 62 21 30 68 50 21 27 63 54 52 57 66 91 29 90 23 76 90 81 18 3 63 92 81 76 3 34 62 76 63 89 37 28 1 74 53 25 64 66 46 43 88 51 93 99 64 19 49 13 65 26 85 56 90 29 87 68 7 91 81 39 69 71 72 62 84 5 10 14 13 81 42 98 86 37 44 10 61 18 39 84 10 54 15 41 47 45 37 32 84 86 25 86 58 98 68 39 83 68 37 41 4 23 79 52 18 100 58 21 59 95 82 38 27 88 91 25 62 76 91 21 59 66 87 96 28 21 29 4 16 98 85 24 57 100 30 52 37 56 89 31 57 18 53 20 38 71 25 38 18 77 97 42 26 0 55 8 74 56 68 17 28 43 92 45
46 60 83 0 18 56 2 82 30 27 36 82 94 2 52 56 64 30 84 73 49 74 58 33 27 25 62 80 21 95 16 62 88 46 96 26 47 27 58 100 58 90 31 15 21 88 14 98 35 72 85 95 91 77 52 47 85 29 41 48 21 7 83 43 58 47 90 50 96 27 26 16 90 83 71 69 29 44 77 0 10 89 30 57 11 57 51 86 1 16 73 31 40 90 88 2 30 27 37 70 61 45 41 42 20 43 37 13 49 93 46 84 9 4 0 63 36 27 0 70 99 39 66 31 92 23 14 73 81 28 33 50 29 58 54 75 33 64 83 2 87 45 58 86 60 21 74 69 30 36 56 96 14 34 77 68 65 100 93 2 99 100 48 43 11 45 37 55 62 52 32 37 37 0 40 2 94 48 4 96 18 9 81 47 71 16 5 34 69 17 39 30 3 9 93 86 88 24 61 25 63 89 18 9 99 88 89 98 58 96 5 1 70 57 14 45 56 36 30 27 65 44 40 2 76 89 86 13 86 92 64 91 96 94 74 69 60 14 37 90 87 4 65 44 21 22 100 33 44 53 46 79 14 58 25 91 69 13 93 0 82 80 87 3 52 75 70 48 54 88 99 51 100 6 29 99 37 93 76 31 40 11 4 19 48 92 79 0 9 62 48 3 44 12 86 36 68 79 79 79 21 32 23 5 32 4 94 55 14 18 83 17 8 76 31 41 26 19 16 9 76 14 49 49 98 49 10 96 21 74 60 47 65 68 54 24 2 51 3 98 92 70 47 65 17 50 72 61 9 34 73 73 84 42 88 23 18 96 88 55 23 29 95 4 96 98 45 98 87 46 6 21 58 20 72 100 62 100 16 55 99 89 83 69 28 31 78 92 30 73 57 8 95 19 47 79 37 89 25 6
21 26 55 42 26 94 6 57 79 32 31 19 67 89 85 17 1 91 51 63 71 30 42 44 0 70 15 40 97 9 7 14 62 2 42 98 57 63 74 86 3 90 11 76 11 70 20 84 86 45 90 18 14 24 84 31 54 38 51 42 87 81 31 50 19 53 17 5 66 99 25 52 38 86 69 64 97 65 58 37 67 4 54 56 71 43 86 37 11 31 46 72 54 36 69 9 48 68 32 52 90 91 6 45 13 6 11 56 66 36 55 50 73 57 71 1 64 35 76 86 87 6 88 41 66 3 100 46 35 8 12 15 54 14 25 17 31 30 55 77 84 64 62 75 26 32 50 58 24 73 43 77 48 35 77 79 24 51 43 3 4 74 70 24 96 78 88 19 80 89 99 24 84 81 4 57 17 38 5 1 14 5 97 92 55 31 72 39 70 91 19 52 18 100 35 81 88 55 3 48 32 61 91 83 7 67 28 45 87 17 89 11 59 48 47 86 61 3 71 56 66 63 65 6 28 92 40 26 88 98 48 78 46 15 82 40 9 66 52 6 53 97 80 15 100 92 71 99 1 75 96 54 77 24 12 71 49 35 53 2 100 5 26 52 94 11 17 97 24 51 30 70 46 97 60 52 58 78 50 78 17 41 25 76 24 67 98 7 52 28 16 45 68 99 58 17 71 16 9 12 37 15 74 23 21 56 91 67 97 65 66 63 67 18 7 28 91 18 95 86 1 11 42 61 64 22 71 18 5 71 1 60 61 65 9 61 28 84 97 21 52 27 8 54 94 96 75 62 27 11 86 5 87 60 30 42 87 8 98 29 68 59 38 87 73 6 31 8 95 63 4 92 68 73 20 1 9 65 63 60 27 85 7 2 34 68 19 78 53 78 4 40 20 16 19 93 72 30 97 92
29 22 33 96 27 48 75 75 8 62 4 53 89 31 74 60 26 83 19 22 60 0 10 10 84 50 33 23 28 16 44 69 41 9 5 54 87 40 60 2 32 52 75 46 38 9 30 71 93 55 91 70 42 79 47 88 5 48 96 67 18 62 23 15 85 31 32 67 25 45 23 7 23 13 77 89 81 82 76 82 30 2 72 17 52 7 72 8 83 1 38 83 38 40 6 44 13 80 44 78 44 26 84 21 12 63 9 56 32 86 39 21 36 3 44 69 80 36 59 24 77 54 23 36 78 20 11 10 100 20 25 4 2 16 74 0 27 88 36 37 11 29 57 83 25 63 11 17 21 40 39 62 98 76 70 91 72 74 52 25 15 57 73 25 80 86 5 24 24 19 49 1 46 3 80 79 15 58 63 64 13 31 23 87 91 83 82 74 49 67 79 42 70 84 36 19 46 92 98 51 81 44 12 76 46 84 34 98 53 38 38 28 36 87 68 35 58 66 73 62 16 58 39 36 45 95 86 17 50 83 76 22 57 63 45 15 9 77 23 95 61 62 88 99 64 64 14 72 37 55 38 80 39 69 11 95 50 28 26 100 10 52 79 68 79 83 98 51 39 10 59 45 73 62 24 23 54 20 67 98 87 8 6 50 64 11 77 25 40 33 85 24 97 46 49 81 29 24 18 74 79 69 62 71 54 96 98 32 2 8 73 10 45 1 17 36 41 81 94 57 63 82 54 11 94 44 75 94 25 19 35 31 40 0 49 6 24 33 99 55 28 12 42 68 43 76 75 36 66 91 15 0 14 7 95 28 59 31 5 31 27 6 22 94 93 44 0 9 63 48 81 65 80 7 81 36 96 50 30 43 3 46 23 22 58 86 69 20 21 73 88 31 0 12 9 31 74 82 27 50
42 22 77 83 37 59 94 57 67 11 48 72 43 90 48 14 49 60 21 14 57 100 20 28 38 84 100 62 20 46 65 26 7 22 30 54 65 2 39 59 0 10 0 3 47 69 23 6 76 94 26 23 26 93 68 47 22 62 73 17 22 13 11 8 68 59 97 46 97 37 93 16 11 41 68 37 81 5 88 42 37 14 40 85 22 19 44 46 72 11 32 38 64 26 33 13 47 20 28 100 3 45 19 69 74 19 18 38 86 97 15 90 46 62 80 80 20 99 92 95 89 97 41 55 75 36 20 70 24 1 89 32 48 82 95 67 13 97 51 5 66 82 22 36 83 90 43 44 75 90 90 32 84 25 96 65 22 67 56 36 26 75 86 65 67 25 50 18 88 61 45 20 82 5 26 84 11 14 30 18 67 70 1 26 38 23 30 62 22 42 75 99 95 89 67 44 8 80 32 65 18 80 48 19 77 15 10 31 88 40 2 8 42 71 64 30 87 33 72 27 26 59 93 59 42 60 78 21 6 39 25 31 32 3 27 35 27 2 52 61 37 41 96 67 32 57 6 90 0 57 67 21 51 51 54 80 96 3 6 91 81 60 84 12 31 47 93 43 51 94 64 92 58 46 27 14 44 38 7 2 30 76 26 15 79 41 72 29 75 98 62 97 18 37 33 73 9 18 52 92 96 83 15 89 0 67 100 61 87 80 2 5 26 84 4 20 26 62 88 75 46 34 11 81 60 96 35 36 58 52 27 48 54 90 6 27 51 43 96 60 81 54 97 89 9 4 47 74 94 76 16 99 70 98 51 69 93 5 56 30 14 27 25 51 19 7 19 43 9 3 86 60 77 4 81 86 72 84 8 77 70 100 88 98 68 68 54 20 65 39 36 67 58 82 24 57 42 16 9 97
5 95 20 94 50 83 74 74 55 34 97 98 9 48 2 99 81 64 60 76 35 56 40 0 1 91 57 80 50 4 7 3 37 9 65 34 54 84 83 60 72 52 65 18 58 91 5 44 59 17 41 37 4 9 43 62 15 67 92 65 62 19 46 41 77 35 65 40 61 18 71 68 99 21 96 16 0 10 63 37 25 34 22 4 21 97 62 81 38 71 17 17 15 1 46 23 54 51 38 74 72 50 91 46 100 61 88 92 79 16 60 77 80 41 55 74 41 38 95 83 91 18 8 88 5 34 24 61 52 8 49 99 47 82 98 37 16 47 69 93 27 73 96 98 96 85 78 15 46 27 16 26 95 24 13 26 17 23 69 37 15 55 11 78 28 76 26 59 23 79 12 10 23 37 100 92 32 56 87 52 41 38 26 62 24 4 59 82 8 35 44 55 55 19 40 45 36 68 0 35 53 91 10 70 94 39 95 90 71 3 45 94 83 39 83 19 56 43 38 89 14 50 67 1 76 37 68 79 76 93 52 58 12 40 30 86 87 100 52 8 73 4 94 51 8 12 38 48 19 65 70 3 14 4 81 38 6 53 74 77 23 16 52 38 68 40 58 35 82 28 28 89 51 20 71 1 38 87 0 74 32 43 74 54 17 85 82 93 71 5 0 78 2 8 59 23 28 55 70 34 72 82 72 43 59 52 60 45 46 71 94 72 36 83 11 62 58 60 9 86 80 57 94 64 82 32 41 50 24 77 99 13 97 17 33 9 30 72 83 62 53 80 57 11 65 64 4 92 56 21 33 48 30 82 74 70 29 79 67 60 12 96 34 81 99 57 45 41 20 96 60 6 86 58 18 9 41 2 15 51 87 14 98 98 54 59 78 49 95 72 81 33 20 46 6 44 87 35 35 91
65 0 15 31 60 64 63 100 27 100 10 41 68 9 15 13 71 57 1 79 70 71 7 76 49 42 33 6 76 91 85 66 34 78 39 20 72 18 18 97 28 9 97 48 52 90 15 18 61 31 65 2 9 27 2 65 53 48 82 44 8 25 28 95 37 1 28 8 65 22 13 59 89 8 74 38 72 46 52 28 4 26 12 52 61 86 56 22 42 98 67 79 90 45 30 4 96 15 0 1 3 6 17 98 78 53 96 96 84 98 60 17 26 89 69 31 6 9 10 14 79 89 10 41 5 10 17 36 28 67 14 45 95 40 63 79 6 99 53 80 2 1 59 62 8 51 53 41 90 5 99 15 93 71 22 66 86 83 10 42 8 73 74 97 100 79 65 17 82 76 50 80 22 36 87 17 83 89 48 12 85 94 28 9 58 91 59 17 43 0 93 37 68 93 60 7 33 52 45 45 77 37 66 31 49 31 43 47 61 14 79 40 57 52 71 31 46 41 35 33 68 51 23 12 42 42 67 37 67 41 55 97 69 88 46 79 92 31 56 84 14 3 76 58 71 80 26 14 92 10 33 59 61 72 32 91 62 41 76 44 59 26 57 8 36 29 42 35 51 68 55 50 19 55 80 48 57 70 98 37 46 0 82 27 61 69 70 84 5 71 34 1 94 6 51 17 34 81 11 94 21 6 82 9 31 92 5 23 38 35 7 39 23 89 90 31 44 42 64 10 55 61 98 1 28 0 57 1 43 57 21 55 100 83 75 29 33 25 26 99 34 8 11 78 94 49 100 41 47 14 29 11 99 80 24 75 81 79 17 55 70 40 56 30 19 77 12 91 41 41 82 25 32 33 100 67 80 13 51 30 43 23 10 46 23 90 4 89 8 20 32 1 37 70 56 16 3 4 44 96
16 4 64 66 34 55 0 28 98 68 20 58 42 52 37 19 68 58 59 79 69 80 54 86 66 61 12 35 87 25 33 55 90 35 58 66 58 37 22 36 6 17 26 15 65 3 89 31 87 42 32 85 51 31 51 28 76 14 71 71 81 18 34 94 59 0 46 18 38 37 87 38 87 45 49 24 28 16 7 54 22 37 54 68 17 8 91 41 20 74 46 25 36 59 66 92 13 48 4 44 32 2 39 73 41 14 42 48 98 9 99 26 57 43 91 21 47 8 17 11 32 87 7 5 92 39 51 50 91 19 57 26 19 6 2 70 42 0 43 67 81 30 18 43 82 52 34 22 66 5 90 29 42 8 38 62 65 88 17 2 79 33 24 69 29 72 100 63 9 72 34 53 2 74 21 95 46 3 66 44 61 48 16 52 94 21 83 98 84 23 92 32 83 6 4 1 64 53 69 4 50 97 54 99 10 97 48 78 30 84 23 11 8 7 15 66 54 73 65 37 61 29 32 50 89 76 3 81 29 42 73 81 2 61 8 83 29 93 57 96 72 99 81 57 68 43 57 67 78 74 21 30 45 59 56 69 7 64 48 23 40 91 30 28 65 95 16 34 51 52 14 6 38 23 85 39 68 75 57 68 13 65 35 35 21 16 92 25 82 79 26 57 3 26 98 55 65 76 24 51 47 39 99 46 22 42 25 15 10 30 80 33 37 100 91 44 2 57 67 49 68 52 43 63 97 55 98 43 22 71 78 55 94 66 70 44 30 89 81 37 42 11 100 73 36 60 44 67 20 23 69 55 2 27 52 98 45 64 34 38 86 94 79 18 29 21 72 30 40 66 8 2 53 47 27 91 98 79 73 27 73 99 32 35 98 43 39 0 19 31 54 79 49 87 62 65 71 20 22 27
40 48 3 21 23 39 13 8 33 76 56 20 36 52 56 48 15 53 30 65 11 66 71 73 5 83 84 2 9 45 51 53 6 26 87 56 62 32 47 4 77 5 36 18 99 55 35 39 27 22 70 26 27 1 20 55 20 61 72 99 94 86 13 2 8 22 56 13 16 72 48 28 10 8 42 90 99 73 80 58 89 62 26 3 7 30 83 49 41 9 1 37 49 99 54 24 9 6 36 8 21 64 69 73 7 19 49 93 61 90 94 72 13 41 56 50 83 57 95 71 78 73 7 52 100 95 5 17 70 79 74 37 8 7 16 49 9 19 63 49 37 0 80 32 69 60 45 6 1 99 85 5 19 63 16 46 42 27 48 75 71 31 27 48 67 20 70 96 52 8 53 41 93 56 33 2 55 37 79 45 31 7 90 37 37 52 76 27 94 56 30 51 42 55 46 35 13 25 32 44 31 3 32 5 0 87 66 13 18 23 84 18 19 96 46 89 65 47 28 10 79 6 76 99 24 29 35 6 25 53 42 75 79 53 94 80 80 72 96 14 27 98 9 63 62 84 48 55 75 44 29 40 20 60 38 43 47 57 40 9 37 10 33 89 18 55 83 44 1 11 19 91 97 49 90 28 7 8 2 46 17 96 42 96 57 95 8 15 88 40 77 28 20 72 93 50 78 59 78 53 79 66 53 77 77 43 59 100 67 25 68 59 95 89 82 5 0 84 11 38 75 3 77 22 37 83 18 65 100 10 91 84 75 23 44 35 4 86 12 36 7 83 60 20 66 60 88 27 23 99 76 92 86 76 74 87 8 1 20 44 90 87 10 95 65 67 89 28 93 80 5 93 89 51 56 83 30 89 47 62 7 98 91 59 76 64 76 2 18 80 52 55 54 42 47 66 57 42 9 54
3 74 9 23 77 78 78 57 81 100 91 25 100 65 12 59 23 24 74 53 60 20 29 92 67 13 20 41 48 95 88 63 93 5 46 68 74 44 89 80 42 26 32 53 52 86 14 63 33 77 56 33 14 8 69 17 98 90 98 88 81 6 83 0 73 71 18 47 67 25 46 53 20 75 80 33 59 1 63 44 1 47 60 92 28 76 73 74 3 3 66 43 82 10 4 37 81 33 18 80 58 59 78 18 16 73 44 25 45 61 62 91 100 48 21 70 0 73 59 66 98 82 98 22 74 20 21 64 48 92 87 77 19 28 58 38 84 47 36 98 56 54 84 84 18 57 74 39 93 93 12 79 74 55 61 24 77 40 77 19 14 23 98 3 37 37 12 46 34 73 1 9 38 36 57 89 78 17 95 43 75 24 60 59 30 92 4 92 37 84 95 20 37 52 48 29 31 90 17 99 3 8 29 82 47 57 83 75 14 86 39 67 4 72 52 60 73 23 11 11 24 99 88 60 76 46 3 46 61 54 35 27 10 25 72 37 100 96 13 85 24 3 37 69 3 59 32 89 65 59 43 7 93 87 23 32 75 78 54 60 98 34 81 61 2 64 44 93 78 91 59 80 83 73 0 32 31 40 88 8 34 18 18 31 49 50 20 83 89 11 11 39 1 83 77 26 80 63 71 33 99 34 82 26 14 2 47 2 71 63 0 79 31 59 9 1 12 52 65 81 68 55 25 21 79 37 74 10 27 47 16 95 6 85 20 50 94 90 48 86 71 8 93 69 68 89 45 28 100 13 23 68 81 45 64 7 66 86 53 31 63 42 5 4 31 61 27 52 58 55 80 31 73 69 54 73 72 48 2 74 17 38 31 7 36 57 69 71 62 47 9 25 85 67 42 1 93 12 28 54
45 38 1 73 54 92 37 90 90 88 31 62 23 82 34 74 17 71 31 94 26 74 67 43 76 58 0 13 35 0 39 28 40 70 39 28 75 32 28 5 82 48 32 1 51 98 25 61 98 96 62 7 81 94 42 100 80 19 98 94 50 79 63 81 76 15 1 94 19 88 11 86 49 14 47 18 74 97 14 57 89 36 38 75 69 60 27 43 67 67 33 55 65 20 7 45 12 7 91 27 42 5 19 95 94 64 65 30 53 45 31 17 75 61 48 73 80 22 61 91 29 47 98 58 63 19 90 54 54 34 87 52 83 61 9 29 98 39 97 35 91 47 92 86 51 36 93 25 21 66 10 53 31 16 52 14 81 29 20 60 6 53 47 96 28 34 11 25 84 93 65 36 62 68 30 99 22 68 35 81 71 81 8 95 94 49 9 47 25 8 64 56 17 29 76 68 11 73 99 46 40 48 41 58 77 70 72 9 65 11 64 54 7 52 89 48 89 48 51 57 68 68 32 91 6 99 85 79 35 100 89 57 68 28 41 24 76 93 27 15 63 2 25 90 91 64 52 33 28 88 88 21 12 42 12 86 16 97 48 33 29 98 17 54 96 51 87 65 22 32 11 3 44 50 78 29 13 18 13 74 53 17 18 51 9 11 8 79 93 62 49 58 3 92 44 27 77 17 37 71 58 72 16 24 44 2 93 71 41 56 15 27 58 67 63 12 69 90 0 98 72 11 81 88 2 90 42 73 74 93 94 64 71 83 34 33 40 62 81 31 54 92 4 13 22 97 10 91 13 24 20 94 92 45 95 23 57 58 40 5 87 56 19 4 93 95 97 86 35 49 15 80 98 100 69 14 2 8 42 23 27 41 67 63 22 28 79 89 42 67 0 72 39 77 100 70 80 71 56 93
11 40 18 32 72 91 30 24 96 90 67 35 52 5 25 81 18 36 63 44 93 99 78 57 98 75 41 59 71 37 96 56 27 84 52 62 97 28 94 58 95 50 37 4 8 68 60 76 98 1 62 67 84 100 86 77 52 68 33 64 67 67 82 15 43 82 14 4 49 63 57 23 7 18 57 28 93 6 71 88 32 97 10 97 12 90 48 18 14 33 23 17 46 91 23 41 81 32 27 37 25 98 72 67 21 61 39 29 78 83 28 20 68 9 77 99 71 83 8 65 74 55 60 97 43 31 51 11 20 66 61 23 95 92 48 36 100 88 30 56 84 17 90 99 53 23 37 29 0 35 50 28 21 10 2 15 0 68 40 43 100 9 64 83 40 3 1 6 83 53 60 48 50 9 14 17 12 81 91 32 41 30 24 44 74 21 13 95 0 46 40 66 86 27 23 51 89 33 52 32 6 5 8 80 91 61 31 77 96 74 24 17 99 4 9 87 96 5 50 54 43 24 91 41 12 93 1 53 25 44 82 50 44 5 81 92 11 16 82 49 42 70 59 85 70 79 57 38 63 88 13 28 66 39 5 81 74 1 38 71 86 57 16 71 29 0 58 32 44 0 87 33 48 51 49 18 39 25 81 25 29 74 6 72 72 15 41 21 32 12 70 86 41 61 14 82 0 73 20 58 56 10 4 69 60 51 4 77 66 97 94 61 15 25 49 21 11 28 91 96 68 7 27 30 31 7 88 81 96 89 51 38 93 30 32 93 90 99 97 55 9 54 8 50 25 4 45 55 53 43 67 62 69 31 70 34 27 94 3 50 74 11 72 56 46 22 62 21 82 97 43 79 65 42 85 82 86 38 68 48 63 48 20 76 31 36 36 74 40 29 54 7 27 23 74 29 55 51 16 34
85 68 62 69 75 70 31 35 7 25 19 4 66 95 8 90 2 83 94 92 44 42 6 32 5 78 83 68 59 52 45 44 17 36 45 42 77 52 13 29 15 96 72 67 46 91 78 97 77 29 69 2 79 45 77 28 4 49 22 71 97 43 93 10 27 63 30 96 12 10 18 44 72 33 39 60 62 78 59 47 22 30 40 39 9 64 53 61 13 42 2 53 12 0 16 17 43 20 33 68 5 42 82 71 16 11 100 47 34 50 25 44 96 86 12 59 59 54 28 77 68 21 48 98 4 68 55 54 85 13 81 59 82 17 38 21 75 42 61 1 43 12 13 92 45 82 58 63 59 5 49 50 97 55 57 87 62 57 54 53 87 6 86 52 52 94 95 61 0 27 25 22 49 35 65 20 93 67 32 20 86 26 15 85 5 97 96 55 12 76 43 65 1 29 24 87 41 65 54 2 95 3 54 61 77 0 10 88 49 39 50 79 45 74 44 93 67 82 8 65 67 36 12 52 86 0 27 25 8 32 3 100 86 60 14 87 18 35 82 94 33 98 13 19 20 62 79 15 52 6 17 17 95 8 24 84 79 98 75 51 1 19 80 9 23 84 56 42 17 90 97 0 18 58 53 1 85 52 48 37 28 45 57 61 80 42 39 18 69 57 52 39 49 92 54 47 94 23 23 33 59 0 9 55 36 17 81 35 100 81 61 23 24 36 93 95 84 37 51 3 32 19 88 100 13 45 17 85 73 71 21 57 19 61 1 73 74 21 33 30 60 60 62 44 31 88 98 21 98 67 100 33 23 55 76 95 19 65 31 55 72 28 39 17 77 75 0 62 82 80 4 20 76 20 73 93 10 64 8 100 6 24 19 42 23 33 100 2 79 9 16 84 75 17 32 22 57 70 95 5
27 24 87 97 91 72 38 92 90 75 78 61 75 81 74 4 17 0 77 14 92 60 26 57 52 38 44 65 78 14 7 91 81 36 40 38 62 62 19 18 50 30 11 32 79 17 56 30 53 67 62 63 94 28 11 87 18 53 98 78 14 46 81 94 36 22 69 86 85 38 48 43 80 36 25 74 96 66 50 58 35 80 16 56 47 62 44 19 34 37 45 35 55 6 7 25 19 1 64 22 8 59 59 68 52 8 68 99 53 76 23 10 46 6 22 74 31 35 53 68 87 35 79 73 91 71 60 91 24 16 63 59 19 42 84 97 59 50 56 98 9 97 87 45 74 37 48 70 91 69 95 62 7 9 74 64 23 66 11 89 42 13 32 91 20 31 64 3 42 99 64 14 44 37 8 14 85 81 65 11 80 36 16 87 30 74 57 68 79 95 61 91 47 38 59 19 76 61 13 76 33 98 24 76 68 15 53 44 60 2 97 81 10 69 61 36 23 64 4 56 45 34 81 42 77 24 25 23 65 37 34 98 86 76 85 35 65 45 52 8 86 60 14 66 96 96 98 61 63 10 11 91 87 28 99 18 92 66 20 46 70 85 7 13 66 49 49 72 5 44 33 60 64 57 48 81 95 30 92 57 100 37 57 17 83 10 46 67 51 25 43 38 25 40 0 46 6 30 31 7 50 54 84 96 38 95 24 67 9 96 96 72 76 15 90 95 51 53 47 21 41 65 90 84 16 69 43 5 32 54 71 14 87 41 42 83 72 54 54 88 69 52 80 88 4 87 3 61 6 51 8 89 100 13 50 43 45 29 5 3 72 93 0 63 19 9 53 13 92 12 50 16 21 25 35 63 59 49 47 66 86 15 71 48 79 20 26 57 56 59 84 82 93 33 83 32 0 18 7 17
85 76 65 94 50 66 57 34 12 61 80 0 35 90 27 2 67 66 66 59 35 96 78 63 56 9 12 88 35 11 77 37 98 87 38 66 45 18 54 16 57 83 4 87 10 37 12 22 36 0 27 14 74 88 8 4 25 48 1 57 23 81 5 60 95 44 21 8 31 58 61 47 24 36 64 37 96 33 23 85 44 74 90 39 96 99 5 9 59 86 9 97 16 43 2 32 34 42 25 45 78 94 11 25 57 4 69 35 64 82 100 93 71 100 93 8 51 9 34 33 77 65 25 86 36 65 90 81 25 95 23 5 87 66 44 71 80 89 33 63 26 36 31 31 39 45 55 0 81 44 86 49 100 54 94 53 30 93 62 96 74 36 81 48 1 86 27 10 90 64 35 2 61 4 81 92 18 57 8 64 36 95 71 25 13 71 80 19 57 19 74 93 43 26 90 92 78 36 85 11 63 10 7 38 26 22 26 92 7 7 73 10 74 81 33 54 23 58 89 61 76 54 94 56 18 78 89 45 72 45 61 83 1 86 28 34 53 53 48 36 72 86 20 8 19 83 54 8 9 34 20 16 32 67 67 35 39 68 26 97 39 31 41 23 13 91 37 38 48 24 58 49 49 7 47 71 88 80 65 37 8 50 12 84 16 63 60 53 28 29 99 38 58 91 57 81 29 65 9 32 80 26 87 46 23 15 25 86 71 53 91 53 31 38 81 76 55 59 25 86 29 55 4 60 2 73 20 52 72 38 88 19 59 94 14 91 61 33 75 2 46 33 14 84 32 32 53 26 84 29 16 5 70 100 97 23 44 29 73 43 83 54 90 73 33 26 79 79 77 16 93 35 7 60 83 81 23 64 90 69 4 2 24 27 13 52 23 95 22 93 0 10 24 51 68 7 21 98 21 41
43 40 19 67 79 24 67 61 31 65 15 64 75 98 10 85 19 50 61 82 37 50 82 91 32 54 14 84 78 55 28 4 98 100 78 37 90 42 25 56 21 39 2 20 84 87 58 1 31 74 0 27 12 54 63 93 3 76 38 88 23 97 53 3 60 91 55 20 14 39 44 45 60 33 46 60 60 87 4 22 35 89 69 92 71 20 42 20 43 34 86 45 80 38 48 0 93 84 47 6 79 86 33 15 7 62 41 30 19 24 63 95 63 19 9 25 46 52 6 70 75 55 59 95 0 4 6 96 75 88 77 77 44 56 97 68 98 28 11 96 19 3 33 69 49 91 3 77 86 60 56 44 49 18 60 53 86 49 41 35 25 60 7 83 10 74 21 0 10 44 38 5 100 92 33 100 0 88 56 98 0 29 65 55 44 62 43 30 57 12 23 11 95 60 31 32 39 90 20 44 94 63 38 67 41 20 72 1 6 70 25 73 16 59 45 54 50 35 97 35 89 65 56 1 79 75 26 40 0 50 25 92 45 77 15 78 48 88 85 49 57 6 75 62 85 26 2 30 33 0 41 19 36 28 49 75 37 41 39 10 65 65 10 64 24 31 6 86 9 7 20 91 30 11 2 55 55 41 8 35 26 1 23 84 58 14 74 34 40 31 87 77 39 35 55 34 40 19 61 13 5 65 72 30 55 0 29 98 9 25 67 66 20 97 4 11 71 99 86 26 38 64 91 47 51 33 34 64 59 26 12 0 100 47 95 67 26 51 57 41 33 74 82 2 73 35 60 13 75 17 97 24 56 22 84 90 53 85 20 90 95 87 15 100 36 27 10 87 46 23 42 88 52 12 32 100 31 82 98 66 9 37 46 29 15 29 60 96 13 3 79 62 3 56 67 18 35 23 7 16
72 33 58 1 70 36 55 39 34 1 17 57 92 53 33 73 93 7 98 37 71 63 90 47 94 14 62 26 17 53 85 47 56 14 98 21 65 21 87 7 60 85 81 30 14 93 21 73 82 90 71 11 12 78 46 24 16 78 15 45 66 50 41 61 59 100 43 38 71 89 59 23 21 40 20 14 43 61 39 71 93 11 66 79 71 83 64 18 11 70 57 38 3 95 62 67 97 45 18 93 66 49 27 88 24 7 74 93 81 19 12 63 34 56 35 92 34 82 99 98 70 99 81 25 18 83 76 43 19 18 17 14 94 58 13 5 55 96 61 24 74 56 85 90 12 14 76 45 69 61 58 57 9 95 75 13 55 8 29 50 7 87 10 3 76 25 65 83 51 81 31 72 68 89 33 84 25 25 53 64 14 63 58 12 86 11 6 3 18 37 62 62 44 9 51 50 77 15 25 100 20 78 46 36 77 59 30 53 78 4 27 9 2 0 66 78 83 83 3 6 78 92 22 74 19 13 54 68 63 46 61 1 26 21 58 44 64 77 21 42 10 67 84 86 41 86 27 62 91 61 59 100 32 10 86 63 67 82 0 29 89 77 27 21 25 5 61 46 74 47 7 45 84 9 89 1 7 81 21 79 23 73 20 17 52 70 97 47 49 1 55 43 52 80 80 100 18 60 18 4 87 50 17 8 69 14 27 19 71 14 13 30 83 64 57 22 100 42 46 78 78 60 66 95 18 4 93 77 15 29 10 82 15 48 89 63 47 39 54 64 36 82 86 49 77 65 58 7 22 48 11 18 14 42 73 21 42 49 78 53 77 49 38 98 88 17 22 31 53 75 2 49 81 34 68 93 87 47 27 30 53 88 75 48 84 96 65 37 97 46 16 21 52 56 76 69 44 4 98 62
62 45 48 22 90 94 95 82 31 81 96 13 54 50 85 48 14 4 10 80 15 76 57 99 31 99 50 65 29 49 27 70 6 81 89 8 78 88 84 22 32 47 82 98 36 78 98 71 7 77 79 90 23 68 3 88 63 35 12 90 95 83 60 57 62 28 46 49 6 60 40 87 53 83 28 99 42 34 18 2 23 43 37 24 46 66 59 11 92 56 65 97 37 37 92 51 42 35 69 23 7 63 25 20 2 72 86 79 20 47 12 37 82 71 44 39 46 26 66 30 18 5 15 59 97 70 100 70 76 26 57 37 1 62 24 70 59 41 29 97 2 59 21 61 63 41 45 93 12 78 99 80 60 84 52 57 43 75 16 61 30 26 67 84 99 63 93 18 43 31 48 22 91 16 87 18 88 27 77 40 48 81 22 34 84 80 20 21 73 36 50 35 2 71 21 94 56 75 46 56 57 55 78 83 71 55 76 47 28 40 0 14 16 28 21 71 70 83 24 52 52 45 80 93 3 70 98 81 91 45 23 98 62 97 49 58 31 74 13 36 24 68 93 14 54 39 40 23 75 59 10 89 41 28 87 41 99 95 25 47 100 34 92 24 52 83 52 81 72 6 62 62 91 19 86 70 38 79 4 62 68 49 70 11 19 47 1 34 1 37 10 7 66 29 34 44 93 79 33 39 89 12 3 37 58 3 93 59 84 78 46 44 2 91 53 82 2 56 90 41 22 42 57 31 28 21 91 72 80 5 18 34 55 27 73 35 90 90 62 76 29 1 67 37 14 90 41 77 59 23 12 78 15 72 4 3 93 78 93 93 27 47 79 4 81 58 55 31 87 84 57 37 43 39 73 74 71 74 100 46 45 1 100 49 55 4 86 80 100 55 38 79 38 36 59 85 27 46 81 84
63 48 58 6 70 42 69 31 3 6 38 8 95 93 92 22 7 51 58 33 99 85 77 67 49 73 43 70 75 18 75 100 35 28 4 94 55 95 95 66 0 29 14 19 31 92 11 11 24 87 44 3 64 70 87 76 78 86 9 21 39 85 17 28 80 1 54 71 32 50 31 81 83 41 69 88 90 42 24 57 99 59 78 32 75 18 48 0 33 68 67 55 70 15 28 23 60 0 98 62 9 46 23 4 78 46 88 50 55 34 67 25 68 15 86 15 88 13 43 64 51 67 50 73 91 78 57 5 67 86 100 72 0 15 47 79 33 3 33 18 29 73 2 41 51 73 41 34 26 50 17 19 23 91 19 36 83 43 90 1 88 48 39 100 56 26 97 58 44 48 92 11 38 15 4 58 49 19 29 43 85 83 24 62 63 63 78 44 72 6 51 24 71 22 93 45 2 0 32 93 72 25 38 80 65 71 76 10 56 88 32 1 5 88 90 22 2 28 20 70 54 51 66 48 41 33 98 36 13 6 71 48 52 27 64 70 1 51 61 43 39 31 71 28 53 4 33 95 53 88 57 27 61 56 35 72 14 6 97 57 81 9 7 12 55 75 64 39 83 12 69 24 32 70 36 97 59 15 36 93 79 32 52 9 69 2 17 1 15 14 66 33 49 99 36 64 85 6 24 36 71 99 0 9 65 9 14 45 58 23 81 79 75 44 70 69 6 77 67 77 10 68 70 98 23 65 65 91 80 34 40 12 19 10 34 49 73 84 16 38 97 86 91 5 28 37 18 65 49 32 67 31 13 15 33 93 82 53 24 25 63 60 97 35 2 81 8 78 87 84 0 69 25 66 86 39 35 44 42 24 12 44 87 98 24 82 64 22 52 5 78 17 83 26 28 25 21 71 5 65
40 74 64 73 93 14 8 54 46 34 97 58 39 82 22 19 31 80 63 16 16 34 61 58 44 73 47 65 39 97 53 74 100 79 22 40 34 49 35 70 88 87 100 10 95 16 73 99 24 91 11 87 26 96 95 2 11 69 5 53 81 96 12 28 40 9 65 92 9 8 53 68 29 25 33 85 25 16 0 30 15 88 34 44 55 62 93 57 62 81 76 1 98 24 54 21 70 9 94 94 67 46 68 42 73 37 31 41 76 43 13 41 29 22 44 24 81 44 63 68 3 10 100 69 32 22 89 87 22 77 41 98 59 65 65 47 11 100 33 78 49 39 30 21 49 39 37 53 9 23 3 4 20 76 98 12 21 1 35 94 24 47 60 12 29 82 60 9 29 7 47 67 36 52 86 72 85 82 50 77 70 82 100 72 57 76 11 47 23 20 76 79 2 88 90 61 39 76 52 51 4 82 2 80 97 96 83 98 13 23 26 76 49 18 43 8 75 58 80 0 51 54 6 94 95 4 88 13 50 86 42 58 63 87 93 70 13 94 92 52 100 79 56 4 21 29 91 44 19 96 44 21 48 42 6 58 48 99 92 29 8 68 58 55 81 73 88 86 78 38 47 97 56 4 25 100 95 77 17 42 69 74 88 79 91 24 100 92 84 32 94 73 34 96 39 21 79 32 58 89 49 5 8 37 68 87 76 76 85 27 60 48 82 91 22 87 75 98 65 98 20 69 50 93 1 85 50 86 50 46 79 72 80 4 39 23 18 76 91 80 75 55 44 36 36 1 26 52 42 18 7 90 40 47 71 66 79 4 53 29 45 76 56 41 92 88 34 78 2 63 11 67 16 34 0 14 90 45 48 62 9 7 70 5 44 69 11 9 88 59 11 38 74 73 4 80 54 84 95 48
47 66 5 57 94 52 50 69 15 67 15 73 29 82 86 67 59 37 35 81 59 88 99 98 9 31 80 79 21 1 84 40 42 13 42 70 92 56 29 45 70 43 84 95 44 5 43 54 51 81 22 76 62 25 15 82 30 75 95 19 0 47 8 50 8 87 30 71 88 59 89 87 89 4 76 93 28 26 38 80 79 27 20 57 79 90 12 19 27 99 8 76 82 31 12 14 20 86 71 4 88 69 26 12 52 64 60 62 8 85 14 60 73 23 10 58 96 93 37 96 92 1 93 94 56 70 74 98 30 67 18 26 36 10 71 10 67 43 34 45 25 79 58 37 3 8 87 87 7 12 51 3 4 39 65 85 74 54 29 42 85 44 46 95 68 9 32 73 71 51 27 42 61 0 3 65 96 6 67 32 71 30 85 16 73 89 0 40 57 24 38 26 47 1 11 59 71 5 65 19 36 95 38 87 92 40 30 40 9 100 89 14 58 76 65 76 41 92 5 30 28 64 73 88 94 97 17 97 44 96 20 26 80 40 87 57 71 12 89 27 32 40 80 91 75 95 94 43 48 24 95 98 47 32 39 34 66 35 67 48 59 18 58 24 37 62 35 14 88 37 37 37 18 76 25 8 5 100 49 95 99 78 100 56 13 68 40 33 0 74 35 23 4 71 87 89 74 59 82 27 100 39 63 10 33 57 58 37 66 42 100 34 67 88 34 65 55 38 25 19 45 79 60 89 42 19 73 67 14 48 26 95 35 52 10 22 7 99 47 17 67 74 96 97 19 95 85 42 78 29 7 58 96 77 63 77 55 32 38 67 27 37 53 67 72 37 31 74 97 94 6 25 26 24 31 83 92 65 72 10 35 90 88 70 17 46 21 6 5 58 9 25 11 79 48 77 38 31 15 45
77 67 19 60 92 49 23 22 91 79 23 7 36 59 98 93 78 7 56 34 88 6 70 13 24 76 16 37 11 34 31 55 26 87 7 39 13 99 67 21 97 94 9 12 45 53 51 92 49 35 51 12 28 90 69 53 61 72 27 20 79 50 1 12 30 0 42 100 51 78 55 39 24 36 66 57 35 59 100 72 26 34 70 68 73 13 66 90 72 21 0 60 83 29 87 77 27 28 87 13 79 13 30 68 26 85 96 69 71 17 14 66 44 2 24 14 44 86 35 88 60 60 61 97 18 86 50 25 72 97 46 94 13 85 15 0 32 64 98 34 30 28 100 51 31 2 87 33 75 77 69 63 83 10 83 55 29 70 38 29 89 31 80 78 55 95 76 74 79 10 78 87 73 81 83 73 31 9 25 2 57 82 69 11 13 10 14 6 72 34 82 29 54 12 82 83 8 84 72 45 49 22 8 36 22 69 89 33 33 73 93 78 40 41 19 23 43 71 41 64 81 98 96 38 87 87 94 85 64 15 53 70 34 76 12 26 72 50 72 34 17 26 50 32 45 82 32 38 76 67 81 33 98 6 25 4 54 26 62 99 1 27 98 10 80 82 67 66 57 94 11 61 99 53 21 67 31 66 23 50 33 64 34 34 0 91 68 49 74 64 19 24 47 95 16 39 82 39 11 82 74 39 21 93 32 54 76 87 44 2 66 55 57 87 41 65 46 36 37 65 4 73 97 74 21 62 42 5 82 94 83 15 40 0 17 57 78 75 41 58 47 75 60 32 95 38 43 41 21 89 16 79 62 54 80 40 34 71 77 84 73 27 95 34 75 62 16 1 3 0 73 57 24 57 80 44 73 6 62 67 17 82 78 30 95 42 65 84 67 54 46 44 11 39 6 40 42 87 53 33
43 92 66 8 7 41 42 48 58 60 4 59 59 57 66 33 58 62 74 9 10 44 13 88 62 77 0 80 86 96 87 29 43 67 7 5 84 22 94 65 55 39 35 66 4 96 83 57 27 36 28 35 60 14 23 76 29 83 9 67 84 94 21 85 17 52 34 69 0 14 60 89 46 96 12 86 6 96 46 72 55 66 35 1 23 52 61 2 43 8 47 80 3 26 30 77 41 18 83 71 53 56 32 83 37 28 89 65 93 100 53 18 70 87 64 46 14 97 69 77 52 12 95 21 21 63 27 32 31 20 63 62 79 57 76 73 6 87 84 49 10 96 37 2 75 38 74 63 83 90 53 7 56 70 74 78 46 55 54 59 40 95 74 98 94 0 58 47 67 87 84 83 20 29 39 83 3 91 7 87 67 75 77 20 11 100 28 12 95 71 29 63 22 97 32 90 64 46 35 41 34 72 23 38 46 56 84 55 18 50 17 4 95 2 10 70 73 11 66 42 27 1 40 52 81 74 8 36 97 34 70 51 9 70 6 29 84 33 44 20 85 53 67 100 63 7 5 25 26 86 83 97 0 75 73 80 94 76 30 89 73 56 96 7 82 14 96 47 14 80 86 97 12 55 97 85 84 77 56 93 84 16 54 67 34 6 55 23 24 14 46 46 81 81 32 9 81 78 63 2 27 19 58 33 92 79 59 33 43 77 14 71 91 5 33 78 90 68 57 50 99 19 63 90 72 27 50 2 13 33 24 24 50 64 32 87 18 88 5 19 93 92 48 29 11 80 75 99 71 31 54 47 14 56 49 98 74 28 36 48 33 10 23 45 3 49 65 4 82 38 81 88 35 50 20 62 84 51 97 34 0 3 36 21 5 47 13 56 34 91 75 14 23 87 18 50 51 70 14 0
67 13 60 64 40 12 75 84 44 63 29 80 45 20 70 95 29 37 2 8 73 76 12 61 37 78 71 10 7 86 64 15 42 14 53 91 56 52 61 96 93 66 21 53 57 42 63 25 40 16 16 89 95 59 75 23 91 21 1 37 27 74 78 66 40 8 50 84 6 24 79 59 98 33 58 81 21 34 15 20 21 28 27 8 26 53 25 47 55 11 62 64 18 20 20 32 43 76 33 51 96 94 6 92 24 57 82 24 13 80 62 32 11 20 6 100 50 38 28 2 39 60 1 27 99 94 54 62 95 73 18 63 76 8 93 27 65 38 87 2 76 72 85 50 33 81 26 97 4 68 75 60 84 97 86 32 55 87 10 30 29 94 61 38 64 21 26 7 43 53 99 97 71 87 92 30 65 61 1 44 83 48 38 55 36 24 6 100 19 64 35 88 7 4 25 42 100 68 79 12 85 63 39 29 38 78 50 17 35 27 67 27 59 81 18 78 86 94 41 96 71 49 8 67 88 21 56 80 1 6 38 65 34 24 75 82 10 24 96 93 85 32 15 62 21 42 49 14 74 74 7 34 5 24 72 6 42 21 89 94 35 61 29 36 81 82 1 75 13 74 99 58 13 91 73 99 58 49 8 13 89 16 53 3 28 63 63 1 17 75 54 6 58 26 57 39 4 35 21 55 92 60 92 30 86 72 49 91 49 1 63 34 78 72 64 13 99 28 44 71 43 44 81 84 24 22 52 5 48 18 50 16 84 21 69 48 56 0 94 80 27 50 17 90 86 85 64 47 18 8 39 63 93 64 17 83 15 97 80 47 28 43 69 35 68 39 29 64 38 59 23 50 97 93 33 98 56 39 30 70 63 9 87 45 10 2 7 27 21 98 45 53 76 50 97 26 23 51 77 88
48 10 64 100 60 73 42 36 2 60 4 16 32 52 85 9 40 42 11 29 50 9 97 18 20 45 36 23 25 100 100 27 87 34 96 48 8 63 75 62 6 31 47 79 61 40 62 58 31 88 70 9 12 29 67 74 94 4 44 11 86 36 85 5 77 35 84 69 80 23 33 56 78 32 69 84 71 41 86 36 25 51 19 44 13 51 16 33 87 54 54 100 35 34 63 99 100 49 74 74 48 3 79 12 44 53 74 79 37 51 49 28 76 10 31 88 97 54 45 29 24 38 80 12 2 21 4 9 50 73 98 2 53 92 60 55 14 56 33 16 80 87 74 3 47 93 36 80 51 10 49 71 15 66 34 55 48 79 13 70 52 64 50 3 34 16 46 62 72 76 33 49 20 95 36 74 68 64 98 58 32 58 53 87 65 85 10 95 9 26 0 9 4 42 14 48 72 51 1 58 31 86 83 77 97 13 88 14 38 40 29 85 54 14 4 48 95 98 1 42 73 77 98 60 95 34 62 39 16 40 22 94 7 90 2 80 18 97 28 96 1 27 44 68 46 11 62 8 96 27 66 21 14 3 63 69 65 59 22 91 60 29 78 50 11 57 99 83 93 94 66 33 25 59 32 71 84 15 89 34 48 55 82 64 38 69 20 36 92 17 0 16 45 88 25 41 10 40 54 0 73 74 95 59 79 90 8 64 95 4 61 83 81 14 59 98 52 30 18 27 23 42 69 54 7 98 84 90 83 61 5 17 41 27 81 86 80 2 77 31 32 40 34 18 92 67 33 30 60 45 1 7 65 40 58 42 93 95 61 95 95 6 26 78 1 86 43 76 54 52 59 21 33 51 95 90 83 39 75 43 12 15 92 12 33 58 74 67 84 48 1 19 34 1 74 89 5 99 62 86
68 31 94 54 92 5 17 47 13 58 83 64 57 36 71 25 55 55 30 41 97 89 27 39 58 68 40 24 7 26 57 29 6 57 8 74 53 16 14 59 21 57 15 87 36 68 92 100 27 62 60 89 66 87 77 95 53 32 5 67 41 17 51 84 61 8 42 37 84 41 87 21 85 55 1 91 33 7 68 55 28 52 80 39 99 78 64 83 70 95 82 83 47 40 26 41 81 80 14 70 43 42 82 65 26 19 18 19 49 82 20 21 28 36 3 30 14 41 14 85 88 72 58 98 10 81 74 51 22 10 71 61 43 65 79 38 99 16 43 47 68 64 5 1 21 60 6 86 80 14 72 78 8 41 49 98 60 48 58 65 97 42 17 55 28 24 77 73 66 17 79 51 25 88 30 81 98 11 96 19 73 54 95 73 50 36 4 82 21 33 39 83 72 75 70 40 3 85 51 3 47 60 63 69 35 16 55 90 50 41 54 47 28 67 12 98 85 65 72 86 71 2 13 14 0 70 5 10 67 91 11 90 49 20 25 72 32 21 16 15 13 87 100 89 76 24 49 90 36 81 21 69 2 18 97 76 96 86 71 0 47 70 17 51 0 31 0 94 30 92 99 68 60 43 58 79 23 30 79 60 29 92 2 73 77 56 74 18 3 82 33 24 29 58 77 71 79 90 9 95 51 59 78 45 6 35 62 84 83 28 18 34 66 30 45 36 10 50 67 53 20 90 2 51 59 10 72 59 50 13 2 4 87 48 68 33 24 45 31 57 50 85 89 48 11 15 90 96 76 35 96 98 26 44 65 40 98 29 47 34 32 3 8 15 56 46 71 85 94 23 41 7 41 58 79 1 40 64 53 1 33 10 23 86 22 89 80 86 74 16 67 77 79 32 90 94 75 22 20 12
98 1 98 27 92 25 33 34 95 53 58 45 9 24 66 84 14 19 46 85 32 97 10 53 11 40 85 10 46 48 66 85 51 49 7 54 89 47 41 9 84 26 89 88 91 68 69 76 3 60 65 5 10 10 18 48 62 92 92 13 23 92 7 71 20 46 36 20 54 74 45 2 21 4 39 22 21 38 81 51 49 18 29 57 98 49 4 13 46 51 10 43 90 32 95 83 12 4 86 75 46 77 12 6 29 25 94 23 64 27 22 65 23 14 69 37 90 17 20 51 30 42 25 1 6 68 88 32 29 68 40 88 77 16 48 61 48 42 26 78 12 54 23 5 46 21 15 23 2 60 97 24 42 78 19 80 97 85 11 41 65 76 84 7 69 56 72 99 0 85 21 30 70 2 81 63 89 86 79 76 23 3 47 5 12 51 49 70 63 8 16 32 60 88 23 48 62 81 56 69 23 90 17 56 26 67 19 34 98 61 49 62 80 86 30 65 84 76 54 30 17 44 60 58 97 0 55 95 31 73 59 17 90 73 44 56 64 84 39 89 43 75 69 54 85 19 45 8 73 85 97 80 46 31 79 50 13 11 14 81 26 12 77 26 9 7 32 70 15 39 78 34 38 56 85 5 21 51 13 82 32 37 32 55 13 31 65 30 62 42 31 35 80 22 99 95 16 83 27 85 94 62 75 34 4 69 39 50 43 58 7 7 63 37 72 57 79 24 36 50 95 6 19 16 38 65 24 77 38 99 37 2 74 14 27 4 11 30 17 38 10 6 50 17 55 83 23 75 78 66 97 5 48 42 11 93 49 44 7 39 33 98 92 89 94 58 71 40 47 64 17 72 13 94 61 10 74 85 30 89 17 7 63 57 80 3 2 33 69 66 49 17 23 31 27 3 75 35 61 42
72 99 57 31 68 27 25 91 85 66 92 73 7 92 8 48 20 31 15 52 76 5 53 62 14 5 15 16 40 74 67 8 18 95 35 48 58 59 51 10 67 98 20 32 44 61 12 24 3 9 86 60 52 29 87 77 78 27 62 74 28 4 37 46 4 0 49 80 77 14 40 20 85 27 57 87 12 72 38 26 33 77 0 65 57 92 96 32 72 10 92 68 25 82 32 96 96 94 64 15 97 96 34 77 73 76 52 25 27 29 69 48 8 57 76 39 80 23 54 71 77 51 19 83 49 84 53 61 79 10 72 44 8 91 90 39 93 13 71 95 63 26 85 4 33 30 47 73 36 50 10 13 49 11 100 77 72 80 31 46 42 1 76 78 13 5 71 22 54 30 86 7 77 26 62 67 71 20 63 51 53 29 67 96 77 29 51 7 77 34 91 25 92 98 52 89 72 75 36 79 41 91 81 65 44 93 81 29 5 66 31 34 35 47 98 62 14 65 4 33 70 17 29 89 14 76 8 76 86 11 53 29 72 69 30 66 59 40 78 1 47 64 85 63 87 0 79 80 41 51 22 43 55 6 64 60 13 25 67 96 98 33 91 18 17 83 23 17 60 83 10 99 93 76 70 8 87 21 65 63 6 92 53 69 61 62 50 51 19 3 96 35 46 36 71 35 22 24 4 44 71 74 28 79 19 17 11 96 76 82 92 98 70 70 35 48 38 93 92 13 55 51 2 59 50 84 86 60 74 33 1 22 92 31 34 36 54 2 88 82 79 18 86 78 8 97 93 13 81 72 42 50 93 3 5 73 42 54 44 67 19 80 92 6 62 4 25 66 78 14 14 3 45 9 48 13 11 99 65 25 93 3 70 45 14 31 6 11 56 42 81 73 79 54 92 47 48 5 74 40
81 66 38 30 23 64 21 94 38 91 95 27 53 2 80 95 43 64 2 33 61 57 83 16 6 48 42 35 70 58 59 13 51 37 46 82 4 50 8 26 43 57 12 78 100 78 90 40 77 67 25 65 44 27 80 55 63 56 89 47 12 53 87 56 51 81 13 11 47 18 81 45 12 20 76 31 58 51 75 22 58 4 5 89 14 30 61 18 75 2 70 19 98 26 3 69 82 96 25 27 56 37 15 10 69 71 28 1 9 99 7 54 71 75 45 63 1 48 1 14 55 31 85 60 69 100 21 15 80 45 53 41 3 69 3 97 3 75 49 45 87 98 44 32 12 58 9 15 3 1 6 53 80 76 25 71 20 41 68 70 16 14 84 54 2 89 0 79 49 8 36 19 2 90 52 62 69 64 65 91 4 62 72 4 6 55 49 64 84 81 81 16 47 75 72 17 75 15 51 99 66 38 30 28 84 82 22 69 39 0 47 16 100 23 89 10 9 74 62 89 16 85 10 22 27 61 59 14 85 62 46 68 97 96 8 27 22 42 80 11 58 43 1 0 86 94 1 5 100 87 28 77 45 20 15 99 94 86 22 59 21 60 59 100 88 59 98 99 11 8 85 26 86 13 21 38 43 61 84 91 18 22 47 0 41 66 67 92 36 84 25 47 53 94 33 80 4 42 89 34 15 35 43 61 30 90 87 79 68 68 49 74 24 92 27 55 8 81 64 90 81 60 46 83 53 91 50 31 73 50 11 25 24 91 53 72 19 61 0 41 98 20 33 90 81 11 21 2 81 70 46 17 17 63 24 88 92 87 30 26 48 92 72 88 71 37 65 27 75 64 69 92 51 69 78 70 74 58 36 98 48 26 46 43 4 15 87 66 13 84 87 41 49 5 46 77 27 10 8 35
60 71 10 95 38 85 32 57 25 5 42 28 4 28 57 42 46 35 73 70 5 13 26 3 84 75 49 72 74 18 77 69 42 61 92 53 37 88 18 81 44 35 84 94 90 45 52 9 63 65 42 48 70 21 51 45 21 95 10 31 75 71 68 83 2 93 83 2 47 85 44 32 47 76 21 97 10 26 51 79 20 95 19 69 49 75 88 39 44 69 58 15 67 78 30 62 24 65 54 75 83 81 44 19 23 77 48 84 39 98 8 70 73 53 5 47 16 8 28 65 99 72 97 84 72 54 67 9 70 19 56 93 43 10 62 91 26 66 52 6 82 97 24 11 33 85 11 80 19 60 100 22 71 25 93 95 56 98 37 90 92 61 93 69 76 100 40 58 13 56 59 73 65 82 27 19 26 59 55 25 22 61 7 95 9 39 28 41 31 60 42 37 97 33 79 49 27 77 39 48 85 46 95 52 32 91 23 36 33 89 57 9 9 51 45 0 91 85 91 65 45 75 35 90 45 59 4 2 78 83 95 84 30 79 77 90 49 90 44 73 55 81 25 31 8 95 85 40 74 1 51 3 19 98 17 23 53 60 79 55 55 65 75 69 87 58 8 46 17 43 11 62 83 97 37 66 97 46 64 90 57 26 52 5 79 14 39 89 27 1 52 67 11 40 35 2 38 78 13 22 79 92 17 11 78 19 62 10 42 75 34 52 24 88 74 35 1 8 65 82 98 35 65 86 18 2 63 43 61 37 78 62 6 40 84 45 54 40 26 84 78 99 78 14 46 30 97 2 41 64 70 46 97 92 4 64 91 69 51 79 89 38 86 61 61 94 82 22 12 67 32 82 0 73 76 89 89 99 6 36 75 0 69 31 78 29 0 17 36 68 4 93 57 23 68 57 30 1 71 2
69 99 6 66 62 88 32 10 86 52 72 84 79 95 92 84 89 91 2 91 19 12 32 69 80 21 0 50 19 55 98 34 91 60 59 21 5 45 13 100 0 18 22 40 6 11 48 68 99 4 60 17 39 10 55 50 35 26 60 3 78 6 54 84 29 63 61 68 72 80 47 35 18 67 86 32 49 94 71 64 58 98 47 7 11 18 72 57 32 38 15 85 21 18 81 91 87 71 56 47 8 41 11 86 55 31 5 45 79 82 28 14 72 55 72 31 3 94 22 37 26 100 49 67 38 91 29 99 84 94 6 18 47 20 51 18 9 80 19 85 1 53 63 87 30 70 2 63 74 66 74 0 17 25 35 55 58 86 16 57 78 87 98 41 36 2 79 12 35 43 56 5 1 26 74 79 80 86 56 47 47 8 27 71 28 70 9 54 81 15 80 61 62 60 83 35 81 32 60 19 74 13 81 74 13 2 55 66 90 86 11 3 42 94 64 64 59 39 37 33 42 19 42 72 55 62 25 33 81 65 98 75 85 81 59 22 28 48 72 17 19 20 79 81 96 63 8 100 46 25 82 45 72 93 1 32 100 36 37 92 22 25 73 30 67 14 8 93 98 84 13 94 7 88 94 31 51 7 37 10 27 47 40 58 37 78 94 3 72 46 100 9 59 63 3 94 82 68 52 55 26 31 52 48 50 20 11 23 40 44 46 77 27 76 46 0 22 11 78 4 61 31 97 33 21 68 69 74 84 99 26 77 68 13 75 83 45 96 90 33 57 0 40 90 0 59 43 61 25 7 12 41 96 43 93 40 27 4 5 66 3 75 41 97 0 21 33 100 13 90 86 10 56 29 31 89 50 84 97 78 54 72 41 84 46 15 61 9 56 15 100 63 57 61 71 28 9 88 47 59
13 41 62 47 86 68 18 97 43 100 60 22 75 95 11 24 97 48 64 28 0 63 10 44 22 92 28 21 29 98 49 35 47 5 73 88 44 87 59 46 9 66 24 66 81 41 22 69 4 88 97 62 87 98 7 95 12 37 32 81 46 41 39 84 36 21 52 80 35 24 73 8 98 64 91 92 21 7 34 57 67 94 92 84 82 95 79 81 48 96 86 29 46 7 61 38 26 10 31 8 93 65 42 60 1 74 13 65 64 61 30 28 74 26 44 7 35 8 44 13 12 11 55 24 42 99 11 87 80 73 98 33 95 91 30 52 74 23 72 33 77 59 81 75 39 63 65 42 4 87 80 23 35 9 15 85 23 60 17 46 32 44 35 58 80 93 68 21 77 99 39 26 35 88 11 82 100 39 32 48 75 65 17 87 49 9 2 25 5 63 4 7 83 11 70 73 24 69 70 27 41 41 43 89 11 76 60 3 95 90 65 23 74 79 29 27 72 45 17 39 12 75 8 69 16 7 87 29 24 55 86 85 14 97 26 96 54 59 69 37 78 79 20 34 59 65 87 77 16 28 93 50 27 62 71 52 70 36 5 45 80 100 98 73 42 93 83 6 34 59 58 87 31 50 13 30 97 14 88 72 53 27 97 18 63 12 36 60 87 2 26 82 49 50 47 55 0 16 34 56 59 58 74 31 3 40 38 77 63 29 81 30 79 89 2 62 58 10 80 29 91 44 54 34 12 59 33 50 47 99 6 6 18 85 83 35 49 60 99 33 34 25 83 99 52 92 0 8 11 56 47 44 82 2 24 55 3 77 73 7 93 75 48 61 87 45 86 62 56 93 22 85 6 56 35 17 62 44 43 32 22 13 87 85 78 49 67 79 77 70 95 4 33 47 86 47 49 48 85 92
97 32 16 16 3 25 28 97 20 98 98 81 86 68 10 73 68 89 39 61 39 39 38 89 10 85 18 63 30 90 14 51 12 40 73 74 65 96 22 54 42 38 46 41 56 51 92 88 14 70 75 16 21 41 40 95 52 19 89 15 66 27 67 84 5 15 10 51 40 63 76 67 95 14 46 44 100 11 82 16 29 1 14 46 47 86 44 47 23 5 36 63 73 20 23 98 55 13 68 32 89 85 30 75 27 60 63 71 80 51 17 19 17 89 44 23 35 98 73 65 50 90 56 67 51 51 50 27 62 74 21 55 75 77 37 74 83 28 79 2 41 5 67 33 69 77 80 73 100 52 82 24 91 32 88 45 1 63 77 59 84 49 100 4 37 6 55 50 80 32 25 70 18 60 9 17 50 44 11 6 41 32 89 92 4 19 68 16 37 97 11 15 78 99 45 24 8 54 67 72 34 48 68 18 86 83 31 27 37 63 92 39 67 85 22 8 42 18 3 15 7 10 53 96 79 66 72 9 60 44 94 37 79 81 45 95 7 93 0 94 2 19 96 40 76 54 41 55 20 66 33 80 99 63 39 10 90 31 69 64 44 51 79 81 70 50 22 72 42 40 61 93 30 80 84 35 12 16 34 80 40 72 18 68 1 30 51 76 45 62 8 24 37 93 22 1 82 84 95 18 60 81 8 92 6 58 67 69 11 77 14 16 36 80 44 19 9 3 57 35 54 17 65 25 38 10 94 63 93 56 23 77 17 80 45 40 89 37 1 75 46 84 94 46 55 97 67 30 73 81 11 59 70 79 22 12 90 35 17 18 93 11 59 44 50 82 24 28 99 32 17 48 90 14 20 43 0 10 46 25 54 6 82 56 13 1 88 2 17 95 6 50 17 71 1 42 55 94 76 49
15 47 21 62 79 88 5 13 52 73 85 91 32 46 8 94 40 0 1 37 24 28 75 56 12 84 58 91 41 4 33 1 6 86 30 2 47 9 47 99 10 64 75 17 75 97 5 47 22 32 64 49 82 47 99 99 30 74 3 33 40 40 2 92 72 61 9 57 69 83 8 26 76 34 41 46 55 58 95 73 18 100 2 99 68 100 19 87 7 98 29 40 100 86 67 86 85 100 63 28 87 34 7 92 100 48 58 34 83 35 52 49 64 82 63 87 28 78 35 59 4 27 78 75 68 2 28 13 47 25 30 31 41 73 74 73 82 40 16 50 73 21 72 26 7 45 82 87 12 90 32 46 82 98 24 19 85 53 56 63 6 49 60 41 55 78 23 77 65 58 5 98 91 28 71 61 12 61 83 79 65 25 34 41 48 28 32 70 54 17 65 47 48 2 23 46 20 67 6 87 72 65 4 2 90 99 58 33 88 33 70 14 6 64 18 98 25 71 53 81 46 46 50 22 87 43 27 73 68 94 33 87 31 13 52 19 47 18 57 82 31 42 59 53 85 12 39 35 61 17 28 76 15 29 23 66 50 55 63 68 41 94 37 4 6 64 4 13 55 11 26 50 52 54 94 10 94 1 93 42 32 22 16 26 22 4 72 4 34 23 39 13 1 60 98 56 23 74 24 55 74 35 35 79 9 45 65 59 44 46 0 12 22 98 72 16 38 44 36 13 19 39 41 81 32 7 15 29 32 59 81 76 31 79 8 7 25 8 42 52 3 29 40 67 43 18 45 60 89 41 67 60 62 65 92 89 86 20 60 51 88 92 45 70 58 40 68 79 30 55 11 56 29 45 54 73 87 57 76 48 93 50 52 4 28 42 50 91 47 42 95 24 86 9 41 61 22 70 100 50
77 99 60 82 70 0 11 33 79 48 24 70 60 87 35 28 82 2 63 69 33 77 44 0 9 94 22 18 7 22 64 67 9 21 67 96 40 2 74 19 69 35 87 79 53 27 32 93 34 39 67 75 62 32 67 84 43 38 82 100 96 62 76 52 15 19 44 31 44 70 73 47 54 18 17 35 59 88 56 82 28 80 9 74 83 37 68 81 76 13 73 77 35 10 37 19 49 94 55 56 80 78 68 51 36 45 75 3 53 63 66 25 54 82 16 91 39 23 79 73 97 72 42 54 81 69 23 57 18 49 23 22 47 83 67 43 55 0 19 17 81 4 36 63 10 83 73 55 90 71 53 98 21 87 38 88 19 87 32 25 94 27 5 70 69 7 1 21 30 40 58 66 33 94 1 23 27 33 76 91 63 97 97 2 70 42 9 72 31 71 26 56 89 23 45 5 10 78 46 78 41 20 25 26 17 27 19 22 63 44 1 0 14 7 59 54 75 61 54 15 28 86 94 94 13 42 71 49 13 57 31 62 0 22 28 0 53 47 60 55 53 41 68 82 10 76 97 65 66 38 78 34 78 35 48 99 67 17 42 79 81 53 61 21 9 70 64 96 60 1 62 18 56 79 9 28 8 29 71 37 59 46 46 26 45 45 33 60 47 61 91 38 92 64 13 40 89 24 6 5 19 70 47 85 70 78 23 33 56 47 24 61 46 63 8 48 6 94 26 61 56 13 59 26 6 86 8 36 70 31 38 18 63 30 48 70 98 27 31 35 55 39 63 15 96 20 48 49 99 70 94 33 83 74 61 4 25 62 56 5 31 2 5 27 47 34 6 96 23 69 66 71 54 46 47 37 17 29 14 68 4 52 72 95 71 7 20 75 91 66 92 0 71 58 99 47 38 90 43 25
38 57 5 43 5 44 3 40 73 12 45 80 52 42 39 56 6 80 6 28 16 77 51 3 34 24 36 47 19 51 56 11 1 20 23 89 8 43 87 14 24 30 0 14 3 95 81 7 55 19 96 92 40 1 93 44 76 11 3 81 78 60 76 98 70 26 14 25 7 41 49 68 47 53 74 61 26 30 59 95 38 86 0 50 21 67 79 82 6 64 36 16 63 53 41 66 88 1 39 45 15 68 12 48 0 40 41 35 75 32 60 76 89 20 25 74 94 96 96 19 53 29 35 18 27 36 27 78 9 61 24 89 51 95 32 39 24 13 82 46 89 22 53 99 23 75 39 28 22 11 77 52 70 24 67 42 73 44 52 51 43 98 19 37 88 23 47 10 35 59 75 87 29 7 67 22 21 1 93 9 44 22 25 45 82 69 3 75 24 16 88 9 5 62 88 24 91 7 89 85 64 94 14 20 54 29 91 36 56 2 36 68 25 11 36 65 37 47 93 72 11 38 13 92 16 30 53 23 26 52 83 71 31 92 55 7 83 4 11 83 54 19 46 95 19 60 37 17 100 83 48 100 88 28 62 52 43 34 73 37 62 36 12 86 34 62 34 55 85 13 1 88 45 1 97 67 52 63 38 51 74 3 75 71 95 100 84 14 62 57 29 70 83 23 89 1 56 58 19 43 23 96 85 52 89 25 39 95 10 56 74 98 32 70 31 53 73 98 99 56 42 59 2 88 23 13 46 94 6 3 65 73 47 95 36 66 93 11 62 3 8 46 25 43 22 100 56 28 18 15 27 38 33 4 12 79 20 84 24 52 85 94 45 38 80 83 35 97 50 12 8 39 55 96 66 79 51 12 3 34 28 2 27 8 80 88 57 74 34 12 14 34 63 67 94 39 38 12 34 74
76 0 29 14 0 78 38 19 66 4 62 19 55 89 65 78 100 93 8 13 32 59 84 64 57 9 77 1 80 15 57 49 33 71 23 25 76 35 88 14 86 78 68 23 98 8 23 10 19 96 24 25 87 11 96 61 28 5 72 15 56 92 15 25 55 83 67 21 76 58 98 23 43 70 8 6 35 6 5 6 3 32 94 61 62 93 38 37 25 35 99 38 3 7 15 5 13 52 47 57 66 98 42 62 88 17 70 18 9 78 50 50 48 64 56 26 29 80 69 53 5 45 84 8 70 85 10 70 53 91 54 24 69 94 11 63 83 44 37 28 17 41 86 51 96 86 90 44 41 4 83 91 67 74 19 87 68 81 71 93 15 82 11 67 41 100 77 65 60 40 41 62 31 39 67 17 93 64 57 52 69 35 91 49 75 89 92 11 80 100 20 4 68 9 99 68 0 74 72 96 14 89 17 67 96 16 99 41 72 4 53 45 67 4 47 63 59 71 99 76 60 52 53 32 69 81 12 1 42 77 83 67 8 100 76 72 59 27 23 96 9 30 14 40 13 23 42 28 49 8 47 72 85 97 25 51 29 40 99 36 44 12 11 45 8 33 13 51 59 5 60 68 26 88 9 6 34 25 69 85 77 86 18 19 73 52 44 46 17 87 92 90 68 32 39 76 56 52 8 36 13 89 19 94 24 2 17 90 23 52 62 52 57 3 51 57 51 56 80 85 62 39 66 97 91 6 8 73 43 36 6 77 61 81 75 81 95 3 0 40 98 23 57 99 31 14 45 30 56 14 9 87 40 62 7 19 50 50 34 23 56 63 39 82 37 59 3 90 0 42 39 82 34 55 10 17 24 10 18 69 44 50 75 94 19 72 84 52 92 53 96 91 6 85 31 46 45 65 79 11
32 0 37 100 47 56 28 0 25 70 51 27 49 10 100 78 82 87 7 90 78 67 74 100 60 62 39 88 75 4 93 78 24 60 67 47 65 70 37 82 59 30 19 1 81 7 93 42 89 34 46 29 72 75 64 7 19 69 45 45 45 70 38 75 70 8 85 51 49 43 76 56 85 18 90 47 7 82 43 26 32 67 4 59 63 49 47 99 55 32 42 67 85 63 22 38 88 34 12 19 97 55 58 50 75 8 27 29 73 53 32 53 30 26 19 7 11 73 97 75 25 38 47 14 2 85 50 46 89 63 17 95 47 4 35 26 10 67 33 27 1 17 90 54 60 97 23 26 3 36 33 78 29 62 6 24 91 96 69 85 91 47 14 93 26 59 10 70 91 28 71 37 91 65 79 69 97 94 40 31 67 26 95 14 77 91 18 35 4 87 27 28 6 4 79 53 6 4 82 12 41 94 77 24 68 24 42 12 0 98 17 84 77 67 83 59 81 38 72 77 35 83 44 28 84 62 43 40 58 29 17 58 45 43 74 28 54 9 97 76 88 10 21 70 68 76 46 71 54 75 64 77 50 68 63 38 86 76 33 75 74 100 40 33 37 65 51 77 27 42 50 74 34 29 59 75 39 68 66 13 28 67 81 64 47 38 79 56 86 57 17 36 2 58 70 23 24 24 54 3 98 58 0 39 18 5 15 57 33 37 88 85 5 0 11 31 12 77 87 19 17 91 76 98 3 32 39 45 82 5 77 40 26 23 46 79 78 84 69 86 99 37 55 67 52 28 11 35 32 62 98 99 71 60 96 41 10 11 1 90 39 37 17 95 43 15 83 25 92 7 90 0 97 3 85 87 32 55 34 80 54 7 90 51 92 9 11 7 28 94 2 32 33 27 51 84 48 72 72 23
70 90 62 52 22 37 66 25 27 80 24 35 15 22 38 23 92 42 43 62 53 95 39 20 49 61 9 49 27 5 3 63 74 46 57 98 57 70 92 20 11 63 97 83 41 49 66 11 18 2 37 53 27 8 25 36 89 11 55 56 36 57 6 58 79 95 54 100 29 89 52 63 46 45 70 48 38 20 29 65 62 6 85 25 38 51 10 13 60 38 70 14 76 41 98 94 11 23 59 5 54 25 3 44 47 59 90 69 11 82 93 91 73 29 39 59 36 4 82 90 10 6 72 1 26 9 22 4 62 48 86 99 39 75 52 83 29 64 69 3 65 88 21 19 76 52 23 96 85 34 10 0 10 18 1 99 23 39 6 61 91 87 93 75 60 77 74 73 43 91 6 9 48 19 79 68 46 79 0 14 97 34 92 73 69 76 31 61 76 31 14 73 43 76 76 2 83 17 36 44 18 7 31 29 34 24 31 26 85 76 11 86 30 11 0 17 60 88 67 35 50 62 43 56 35 75 30 33 76 16 40 39 9 89 68 17 43 47 27 55 3 35 68 70 34 48 85 10 45 43 32 82 32 81 28 72 39 33 8 97 27 49 20 20 90 19 55 74 52 95 71 80 48 82 48 41 53 97 7 5 20 84 25 12 4 13 35 27 28 91 26 99 18 53 60 88 93 20 62 66 93 83 34 92 84 2 5 7 88 46 54 83 90 25 53 93 14 9 70 96 41 1 45 80 36 77 36 34 97 16 99 10 29 30 52 41 1 69 33 33 72 75 37 56 40 41 54 97 15 89 91 5 71 10 13 70 100 8 11 59 84 8 2 11 23 83 62 96 93 10 92 93 94 8 81 95 55 85 57 29 86 18 36 83 65 66 51 59 73 72 31 18 20 11 95 86 53 4 62 21
0 98 64 22 17 66 72 19 37 17 51 88 76 64 49 71 57 49 61 75 46 45 42 52 43 43 65 35 45 87 42 79 97 77 20 58 71 80 11 25 95 71 39 76 44 21 62 82 27 14 74 31 55 83 67 91 43 82 41 86 29 67 9 63 39 11 68 21 84 78 57 7 73 74 48 99 59 85 3 98 94 20 11 42 37 91 91 99 76 14 62 73 45 35 57 7 100 62 79 74 66 43 48 54 88 28 76 92 55 15 51 43 89 20 28 1 95 81 35 59 41 44 30 4 46 41 96 89 31 47 73 2 25 11 89 91 54 52 42 99 77 26 42 33 12 78 96 16 53 83 53 66 79 12 78 99 85 18 86 60 91 46 42 1 63 73 13 16 42 38 53 48 8 34 14 97 8 21 32 80 45 84 39 80 14 54 96 30 23 32 42 52 98 84 99 26 53 17 60 45 37 10 14 32 47 62 73 33 36 81 92 71 4 17 48 93 41 79 54 82 71 58 53 89 71 64 15 46 8 56 18 75 6 40 30 7 63 87 16 16 7 84 31 16 52 20 95 90 89 79 27 65 51 92 73 2 66 68 53 83 26 70 74 83 43 3 69 71 78 68 10 4 8 55 98 79 53 99 55 55 74 90 84 37 44 99 86 76 28 42 17 9 44 76 68 22 79 71 100 12 41 66 2 91 42 39 59 24 23 58 75 56 93 72 37 77 60 47 67 90 73 53 7 29 55 35 69 23 88 64 95 32 67 28 22 5 20 18 36 4 72 57 76 80 34 47 21 80 83 84 95 98 91 67 7 87 62 13 35 92 79 75 91 78 85 73 12 44 52 82 36 29 56 50 35 85 32 4 88 17 36 95 94 70 88 37 45 53 55 93 72 73 0 41 59 7 81 27 26 88
61 85 70 42 94 60 87 77 49 93 21 56 20 85 46 99 94 59 53 49 59 10 23 88 63 74 78 9 82 11 83 25 47 47 1 77 94 63 88 12 70 65 95 92 100 26 71 74 96 82 52 16 77 89 60 28 34 0 73 32 47 66 76 56 94 75 68 0 34 98 85 33 23 71 2 28 21 77 79 98 86 47 85 56 65 73 98 37 60 88 57 58 33 99 87 88 96 49 49 62 73 59 47 100 100 7 38 48 42 62 86 37 10 15 2 45 12 23 35 30 54 28 59 76 100 70 41 12 68 100 25 61 78 10 15 37 46 48 59 34 15 30 38 83 86 66 55 75 15 36 0 100 62 44 6 90 49 3 90 63 62 56 27 78 7 24 72 42 54 66 13 91 26 70 22 25 35 93 72 27 73 15 51 27 98 62 15 63 59 33 11 11 42 54 29 37 75 48 4 80 58 84 25 29 34 28 48 66 55 31 6 100 60 23 44 41 46 78 57 56 50 94 94 2 38 73 52 97 61 66 83 70 69 22 19 32 81 28 93 62 96 86 26 90 95 59 14 25 39 26 2 41 55 14 26 94 48 31 91 96 18 90 9 56 36 94 11 74 75 93 55 54 18 76 49 94 93 42 44 63 49 95 76 58 79 44 50 39 13 4 44 34 74 36 39 77 55 70 98 94 4 76 12 16 17 16 9 32 89 94 58 28 54 24 10 83 77 69 40 61 78 36 27 21 34 14 29 16 56 39 44 38 75 84 77 51 79 6 37 15 29 2 44 54 64 22 65 85 34 45 94 65 19 62 14 32 8 25 98 78 7 66 65 12 12 31 61 72 73 30 58 19 22 61 43 16 45 63 74 65 100 32 17 65 1 6 20 71 45 15 35 60 45 99 36 69 56 55 54 14
82 48 78 77 24 1 57 16 84 97 94 60 82 67 97 70 56 81 50 34 79 11 82 5 76 0 67 73 87 2 3 93 97 6 12 98 99 43 87 3 59 5 22 65 38 70 48 3 31 10 88 91 61 2 42 67 24 40 96 51 91 90 69 45 42 85 89 79 34 39 79 29 84 86 69 9 83 64 78 73 20 100 78 46 27 69 61 88 34 2 87 69 58 33 94 96 42 65 98 43 90 89 14 75 95 31 60 28 58 54 98 98 19 0 97 20 62 61 96 99 48 43 13 11 32 87 25 19 79 85 85 22 14 21 37 86 22 26 36 60 53 37 65 84 18 39 52 5 87 53 51 71 6 1 66 57 100 74 14 42 47 51 28 53 92 86 75 18 59 35 33 8 85 100 88 1 1 75 32 1 29 95 70 46 15 36 47 4 71 45 18 86 69 6 6 40 76 45 37 61 93 5 74 13 39 22 97 89 96 43 57 27 6 98 87 69 64 97 52 60 92 3 27 33 83 36 44 89 82 20 16 17 78 57 72 24 25 57 96 38 22 42 51 57 28 18 18 53 63 58 63 74 22 27 29 2 16 41 75 25 79 98 24 40 46 2 65 91 71 98 43 88 15 52 1 70 60 81 49 10 30 55 27 78 86 45 32 50 46 62 9 59 28 56 74 91 82 100 11 30 41 83 92 19 69 62 38 59 70 57 83 63 29 61 71 66 45 21 52 87 55 40 57 88 24 20 57 87 29 91 75 65 2 51 42 45 33 41 35 68 86 77 59 56 53 44 70 11 2 57 8 59 73 48 8 32 46 64 72 68 29 62 13 61 36 70 69 40 38 34 44 79 70 36 59 3 89 50 64 64 90 43 11 11 88 68 15 1 27 10 79 4 7 58 13 28 78 61 26 44
12 86 73 100 57 15 82 54 61 51 68 93 48 2 32 73 21 92 51 74 61 3 12 98 53 37 39 35 82 97 38 78 52 59 10 68 91 75 41 16 19 85 61 5 76 73 90 6 74 10 45 42 71 6 22 66 46 53 42 46 59 92 81 66 7 17 18 88 91 30 79 58 18 4 75 42 69 96 2 25 23 91 3 13 81 83 34 25 21 67 37 74 18 54 98 56 13 14 49 83 85 81 65 10 42 65 27 7 27 67 16 22 85 87 16 72 24 99 70 80 71 90 22 55 66 54 19 18 81 5 22 37 44 86 2 18 1 40 22 82 39 10 63 37 14 56 0 39 58 74 91 49 53 75 22 51 41 5 49 86 23 32 93 97 88 79 83 53 6 6 96 30 41 32 33 63 6 62 80 36 22 11 15 93 15 28 82 36 37 78 33 79 40 24 94 45 46 88 0 37 85 82 22 36 41 64 20 29 74 75 1 63 96 76 69 60 62 20 94 53 38 6 24 43 32 41 89 57 40 53 16 41 4 25 20 95 68 61 85 55 80 8 1 39 4 29 89 63 8 62 58 46 57 3 36 8 89 50 86 3 40 24 15 66 62 84 79 34 43 63 70 16 85 44 64 53 23 77 85 26 24 80 74 17 5 84 35 26 40 56 6 68 66 22 71 96 64 30 34 33 79 58 60 44 50 5 71 96 25 46 48 98 54 74 41 95 82 36 62 41 73 6 66 74 90 50 40 61 62 94 95 95 93 37 18 94 78 61 60 47 87 57 8 37 81 86 99 52 81 39 73 18 11 78 49 0 91 57 65 70 59 91 6 36 100 19 25 82 23 36 83 33 0 71 74 60 30 70 82 53 69 55 56 0 12 68 68 50 69 52 35 17 41 49 93 10 98 72 98 19
85 28 64 89 10 27 46 79 24 64 64 47 77 19 14 1 76 13 90 26 26 86 4 52 94 53 70 47 16 12 36 87 18 60 8 44 1 29 83 48 55 54 91 50 13 34 30 87 67 28 24 61 29 59 31 30 84 52 78 88 27 60 4 79 8 34 74 91 86 27 90 69 46 85 97 48 26 48 95 72 6 0 95 70 43 63 0 88 67 67 84 21 5 30 80 12 70 72 12 80 7 72 34 60 64 51 51 67 2 97 46 83 99 16 70 21 100 10 71 86 83 39 6 50 100 47 53 74 32 21 21 86 49 55 45 0 45 65 86 89 95 59 16 28 58 99 13 67 24 85 39 53 34 54 80 16 23 59 10 81 88 97 28 5 39 91 11 38 33 65 55 18 81 26 6 35 58 40 98 28 85 78 73 97 84 65 10 22 89 74 1 71 39 40 5 83 81 32 38 55 14 9 76 55 70 44 61 33 8 66 19 75 15 69 81 7 71 48 27 88 6 37 74 0 88 93 24 89 11 78 56 70 89 79 26 56 95 29 9 1 19 3 47 25 34 93 49 78 43 96 97 100 25 26 44 62 66 8 95 81 71 24 27 87 52 1 66 76 55 82 55 11 45 41 23 75 50 97 56 84 46 65 74 50 12 63 9 38 90 8 59 17 90 67 83 32 43 49 67 17 68 60 18 54 71 47 35 17 16 70 83 67 15 93 4 74 5 64 2 0 27 17 5 4 25 64 34 83 78 44 18 32 0 33 4 76 64 79 98 63 48 93 13 60 69 91 87 30 80 88 95 67 69 94 39 13 28 9 49 15 60 69 50 83 85 88 7 98 25 76 86 59 84 81 77 46 50 0 31 44 51 32 16 27 28 14 32 5 80 48 97 80 58 2 76 61 90 86 72 31
100 56 21 54 79 58 30 65 27 37 58 68 85 90 23 43 2 41 90 80 83 47 96 68 61 5 36 41 66 95 23 22 23 46 2 29 33 92 20 11 51 15 56 54 2 93 23 61 75 80 62 32 39 80 63 77 74 39 2 53 25 69 41 82 2 81 22 0 59 61 2 79 82 84 69 69 51 88 93 13 42 54 27 44 55 84 29 56 9 74 24 86 37 1 95 62 19 58 39 50 16 29 55 98 87 43 95 79 33 84 40 30 2 57 64 99 87 51 77 29 100 92 83 49 10 9 55 38 92 96 70 77 45 86 13 52 48 34 10 88 54 37 12 62 75 54 50 71 6 69 55 75 89 34 99 46 9 22 26 3 76 18 20 40 55 11 47 7 44 29 4 57 78 98 39 20 78 82 3 41 76 46 7 4 61 28 5 79 25 7 19 38 46 7 89 60 38 73 52 61 77 93 53 91 27 8 9 39 46 91 63 62 91 83 7 20 63 3 49 45 64 70 46 89 57 1 51 26 31 43 11 22 85 28 44 2 83 59 73 50 68 35 13 30 21 10 55 83 84 42 88 74 59 23 84 54 89 81 10 58 26 87 3 21 71 93 38 86 2 60 75 42 77 33 91 75 74 73 16 55 7 78 61 96 5 0 87 21 14 45 84 12 8 25 73 58 70 42 81 13 67 15 55 69 100 34 2 16 42 64 19 60 66 19 14 33 81 69 48 23 32 24 37 95 2 0 50 19 19 18 93 59 91 23 2 30 29 88 24 26 18 44 3 63 70 78 81 63 89 23 55 55 47 21 77 38 62 42 56 100 18 75 22 57 43 73 26 97 23 58 74 23 29 38 31 70 28 70 2 33 74 79 71 95 52 16 94 100 49 93 92 39 83 60 40 30 80 30 61 8
20 59 56 98 15 35 82 95 11 85 62 63 89 96 59 79 51 52 72 78 88 56 99 80 75 54 64 55 38 16 29 0 100 90 32 80 50 11 81 29 18 32 48 52 86 76 83 76 73 49 24 61 2 89 21 58 49 9 8 2 41 56 86 10 78 90 99 18 40 40 89 8 65 81 91 72 57 67 12 42 2 81 64 54 27 44 40 15 68 7 37 74 15 67 100 24 75 88 32 33 5 7 14 84 82 62 32 4 65 14 79 10 68 42 48 95 65 26 99 68 93 81 37 91 8 15 27 31 60 21 21 77 8 40 51 12 62 60 1 28 41 39 83 64 20 81 30 16 13 89 82 51 98 32 23 24 67 78 85 77 74 73 13 76 22 30 27 23 31 27 68 92 91 92 52 11 86 86 28 95 54 17 16 54 40 87 34 86 4 75 66 48 85 81 63 20 23 48 12 18 100 29 82 89 1 20 97 99 36 100 97 0 87 41 71 3 37 67 48 32 21 56 95 34 17 8 8 71 93 48 50 72 22 36 92 61 77 52 39 100 93 35 99 49 74 96 0 9 73 45 6 74 39 30 80 92 27 8 11 29 98 77 68 6 40 48 48 49 3 25 42 46 86 50 75 20 84 77 7 1 96 30 43 57 78 50 67 15 3 63 59 91 1 53 40 45 52 47 66 71 77 61 79 94 20 10 69 77 65 52 1 3 92 17 84 6 70 75 68 57 96 84 18 65 40 100 20 26 56 20 84 74 20 87 72 91 35 63 56 30 84 26 36 51 78 32 57 37 87 82 77 83 79 91 23 13 28 16 43 11 66 6 69 100 98 3 18 1 97 77 6 68 62 63 48 68 79 6 32 0 46 1 74 91 55 33 24 63 51 98 69 66 19 79 97 1 98 29 56 26
70 13 31 35 44 69 5 42 37 45 26 16 75 69 55 57 31 24 15 92 14 21 53 21 54 89 55 10 59 71 60 8 74 55 71 51 99 42 17 95 70 99 31 73 78 75 45 20 35 81 44 19 39 4 46 13 99 0 94 11 74 54 37 71 63 58 65 9 3 12 58 32 1 100 11 9 98 12 100 98 64 12 21 7 60 64 6 18 66 73 90 92 47 4 17 68 62 41 9 69 83 24 14 100 48 68 81 20 37 27 8 45 56 12 79 90 33 9 39 90 21 2 12 67 48 77 67 34 96 40 72 53 67 25 61 66 71 46 91 51 67 26 7 20 95 29 34 1 46 18 94 33 63 68 34 91 98 97 57 85 53 86 38 13 51 25 99 80 47 42 9 0 53 56 6 96 92 64 25 17 38 38 9 24 67 87 4 32 8 60 63 61 24 26 83 14 55 4 22 79 59 44 59 86 22 99 58 51 42 16 45 57 0 45 80 33 31 71 46 39 69 6 7 13 29 83 73 77 29 61 67 22 21 92 11 50 96 65 3 71 42 73 98 67 54 29 36 86 56 15 47 34 22 56 61 93 55 60 15 34 21 19 17 1 83 36 98 19 95 4 95 28 31 45 2 36 46 74 28 46 43 71 75 31 51 3 13 89 42 53 95 63 66 49 24 56 3 1 54 49 83 87 85 49 53 80 38 24 66 35 92 55 48 29 19 2 18 62 65 56 8 45 52 59 25 96 48 82 94 8 51 32 96 42 8 85 84 20 58 54 59 27 55 89 58 41 93 49 83 76 56 40 81 93 71 94 91 45 11 18 15 57 27 44 52 28 38 46 59 55 56 40 29 49 36 50 90 73 63 84 84 15 79 81 33 5 100 84 55 48 35 42 57 61 85 30 47 20 13 81
55 74 16 83 99 97 100 53 76 63 58 90 98 67 92 91 52 12 18 67 70 91 0 87 66 86 39 54 85 15 20 8 30 73 31 19 66 7 58 73 95 52 4 81 1 18 81 49 97 52 12 1 25 45 66 35 95 38 71 51 66 4 10 63 33 84 84 12 37 27 51 8 13 23 41 27 45 88 12 46 81 22 64 56 62 24 43 90 85 51 37 71 57 99 81 28 54 73 55 29 54 29 86 4 7 24 100 23 30 16 31 88 37 12 41 75 12 92 69 50 35 3 65 6 45 14 49 29 96 62 56 65 31 82 77 72 94 18 0 69 56 73 37 92 36 75 79 38 96 32 44 30 7 33 54 99 28 29 63 56 2 8 88 36 30 53 77 55 10 58 4 69 80 30 90 5 18 55 60 15 35 95 8 44 79 36 33 23 27 86 89 12 49 66 56 11 76 7 24 32 15 7 57 39 50 98 88 56 84 43 80 26 0 21 62 97 23 98 59 24 42 31 92 64 22 29 77 59 8 96 67 32 26 89 88 39 81 57 24 57 13 41 44 72 32 53 63 25 86 40 62 36 94 78 21 6 31 49 29 99 63 77 45 18 83 4 16 7 70 42 81 77 76 63 37 32 17 14 13 54 50 73 72 97 68 0 96 84 11 20 92 96 38 82 32 55 29 0 38 7 91 29 97 15 27 26 79 37 9 52 38 8 67 24 51 45 36 23 38 59 42 43 55 100 43 50 13 35 33 63 14 47 64 13 17 97 47 43 80 68 10 52 69 69 1 30 0 5 19 94 83 14 26 46 52 82 30 32 49 98 91 0 54 98 76 45 96 68 7 28 27 48 96 58 20 33 11 37 34 61 0 73 1 22 11 78 65 94 31 35 71 1 69 53 89 36 71 8 86 44
88 0 77 74 69 93 4 7 7 12 77 78 9 50 55 61 76 67 5 36 2 56 65 9 56 53 33 68 12 5 54 62 0 54 99 36 62 10 78 80 46 48 59 89 17 62 79 19 35 21 74 30 20 68 63 11 69 22 67 14 13 8 22 50 8 92 28 91 70 9 60 69 8 33 94 41 6 70 17 9 1 60 76 84 34 28 15 49 95 90 89 66 97 93 84 75 75 91 77 69 71 35 2 69 72 99 19 45 100 7 53 11 19 93 18 7 3 34 97 15 23 46 23 26 86 38 8 50 0 93 90 7 44 61 59 85 91 63 47 74 95 24 31 57 50 39 75 4 96 25 18 74 54 5 64 98 59 11 11 92 85 45 35 29 69 21 28 79 20 83 68 61 1 87 34 32 14 20 98 100 5 9 80 35 23 85 47 63 29 64 45 8 63 43 18 100 47 83 48 74 45 7 89 87 76 63 98 62 98 10 13 0 17 27 69 49 25 68 23 53 37 3 70 99 16 76 90 51 53 16 94 40 86 100 65 91 52 2 6 84 35 81 90 84 26 24 35 26 28 38 66 75 38 40 80 2 74 91 25 81 18 35 14 78 10 28 76 95 75 40 50 8 76 71 97 61 95 40 47 66 69 85 8 6 0 75 4 57 34 79 89 9 54 74 3 59 79 29 23 88 68 6 9 17 97 18 93 64 13 8 41 100 24 12 89 82 89 64 79 79 64 17 61 25 39 86 4 80 16 85 84 28 98 63 69 26 12 16 76 20 82 70 19 23 77 100 69 70 78 41 0 34 90 15 87 24 43 97 70 39 42 10 64 26 99 97 9 65 0 16 78 65 95 0 72 47 32 100 16 86 18 96 19 90 39 5 87 28 57 88 78 21 4 63 76 56 92 50 41 91
65 78 40 98 64 94 25 33 71 92 77 56 63 20 68 44 99 41 83 15 56 4 70 98 78 47 22 41 89 0 1 70 32 19 25 7 44 7 5 7 3 72 51 22 31 63 23 96 1 20 83 50 1 86 27 66 29 9 56 80 41 2 6 94 6 85 90 66 23 60 36 27 14 83 69 35 36 21 95 16 80 61 78 31 79 25 39 23 96 64 74 70 6 18 70 6 45 32 31 43 68 46 98 95 20 95 91 35 95 4 79 22 42 25 4 75 61 46 90 65 75 72 21 65 48 71 46 7 69 24 86 44 77 36 8 76 83 87 10 47 32 58 95 26 94 91 52 41 95 88 57 77 98 54 50 25 87 25 26 31 45 8 91 8 66 40 88 97 57 1 11 36 38 14 49 57 5 13 73 97 33 39 9 1 26 19 99 18 16 90 19 19 55 40 19 90 33 64 73 24 39 36 51 5 39 32 5 30 95 87 38 66 4 10 3 40 37 93 84 60 97 57 36 19 64 88 76 65 57 35 93 74 0 67 35 72 49 46 40 2 64 34 24 43 95 30 29 85 29 92 86 3 58 20 78 62 53 69 70 40 28 37 37 55 12 9 5 38 46 65 35 59 80 69 81 46 52 67 80 86 23 93 67 99 32 99 19 21 45 86 41 77 42 29 7 19 83 1 93 100 95 77 37 36 56 11 62 6 48 70 19 83 55 49 100 65 37 44 11 86 77 33 26 11 10 56 61 9 54 9 24 50 67 86 52 37 26 55 69 47 53 73 6 72 88 30 37 52 11 80 57 96 18 72 19 70 39 1 1 11 46 62 94 12 39 75 34 16 26 47 52 78 90 63 9 11 49 45 87 18 6 74 36 12 78 19 41 26 2 73 6 100 80 96 74 86 94 15 62 65
82 15 5 75 64 48 10 69 25 76 100 26 49 49 47 25 39 58 22 59 53 15 37 79 12 52 58 25 71 91 76 60 18 27 100 6 25 90 43 33 54 17 52 2 50 37 7 82 65 35 100 41 59 72 22 63 91 92 82 84 100 13 49 11 14 68 74 7 61 69 30 37 61 94 98 51 89 12 58 57 89 52 87 35 95 8 86 5 56 17 100 22 57 95 13 23 28 3 86 78 25 43 49 99 7 25 36 17 42 91 95 30 97 58 71 40 8 68 97 42 30 100 41 35 8 73 13 1 65 38 21 34 6 9 3 89 64 77 77 27 7 66 93 90 64 52 38 80 80 83 77 25 25 2 20 84 37 46 45 62 92 61 39 26 78 89 70 84 76 43 29 10 71 27 69 88 77 41 7 87 33 89 11 18 21 92 71 65 88 88 6 88 61 92 12 57 7 28 61 68 45 58 33 26 45 52 69 56 29 74 53 40 26 80 100 29 94 73 13 73 58 9 58 13 47 82 97 50 97 13 23 43 53 32 46 26 9 67 63 79 43 51 99 48 50 89 18 21 73 12 35 76 59 65 70 15 56 92 73 24 13 15 7 62 92 87 1 37 81 42 79 93 21 51 87 21 36 21 12 40 62 35 46 86 67 78 66 64 82 85 52 36 62 77 66 34 30 86 98 87 8 40 45 93 84 71 70 79 72 83 71 23 56 75 41 24 90 63 60 63 17 23 78 87 9 59 7 88 79 66 30 100 52 47 17 69 90 73 71 10 38 14 81 68 83 23 14 14 35 52 91 79 60 4 7 65 26 22 97 90 24 2 41 61 90 83 49 15 48 84 40 83 62 13 58 100 8 30 8 18 76 32 15 100 33 68 3 51 52 80 38 86 31 78 94 69 87 13 12 90
64 83 97 35 63 12 85 98 45 74 63 19 47 79 9 37 10 73 60 42 72 2 94 73 79 24 68 6 16 69 31 64 49 11 90 22 30 86 34 32 74 6 25 39 18 30 50 55 47 47 56 3 69 97 57 19 84 44 96 51 55 89 6 95 0 100 40 99 34 9 6 6 59 60 19 25 100 6 61 58 83 62 9 99 23 71 85 67 24 54 62 20 57 94 25 7 29 36 31 83 9 3 0 78 18 20 62 25 56 90 70 91 35 44 97 56 12 40 73 44 74 26 88 75 78 0 10 49 84 80 60 81 65 19 91 70 60 31 95 38 38 39 49 12 10 73 81 9 2 26 41 16 4 38 76 29 33 73 35 83 5 27 86 17 83 73 60 40 85 6 12 27 83 58 63 9 8 36 58 34 49 100 43 43 54 53 16 13 52 72 15 93 67 82 0 62 95 65 30 73 41 40 1 33 50 9 89 35 34 82 79 69 5 89 91 29 4 86 12 41 35 75 88 51 70 37 92 92 95 34 35 39 72 85 84 79 23 28 40 49 79 54 76 90 99 71 60 46 52 58 61 50 46 5 10 72 34 41 89 57 60 36 70 98 66 95 59 42 1 21 22 51 99 76 47 82 6 50 33 77 3 86 8 20 82 68 31 91 6 95 49 76 4 96 21 98 97 43 27 2 12 32 46 21 71 44 69 30 18 40 98 25 53 36 20 63 94 49 67 14 73 88 26 19 19 5 88 61 97 88 39 25 46 4 43 38 49 20 78 13 68 1 31 34 89 84 25 62 40 74 2 5 67 20 38 40 33 28 39 85 90 77 7 62 50 78 55 89 35 34 93 73 43 25 19 45 46 100 12 52 54 9 46 62 26 36 48 76 38 43 75 4 4 25 4 55 76 10 89 63
7 30 67 43 57 3 59 29 0 52 91 28 86 14 15 56 68 10 25 90 41 53 46 10 5 78 14 17 91 78 14 28 54 87 58 75 10 78 72 32 53 53 58 52 47 53 84 50 40 31 36 38 81 29 22 40 23 83 100 43 65 50 22 83 94 25 95 51 12 46 5 86 81 3 59 73 35 23 55 16 85 16 25 49 65 85 29 39 31 63 45 23 86 99 21 53 95 31 23 1 16 52 17 1 18 41 78 9 27 42 4 46 76 73 26 99 28 53 63 11 3 23 1 83 43 52 38 90 29 95 23 9 96 100 75 83 83 37 52 25 99 28 100 75 74 26 14 0 73 50 58 70 0 96 68 27 72 50 71 80 66 8 64 9 2 83 90 69 33 91 48 40 37 54 68 36 28 68 7 44 1 18 18 7 89 18 8 53 62 84 8 38 87 61 24 15 3 33 45 50 42 48 72 78 70 26 25 30 83 33 68 38 7 90 35 3 22 4 50 97 51 18 100 85 38 11 10 95 43 97 7 80 74 13 75 66 80 34 4 90 98 40 87 46 56 11 53 59 39 38 72 80 9 48 67 1 67 85 65 92 70 78 7 91 13 54 92 31 65 87 65 21 81 84 26 89 77 47 56 81 82 23 89 43 32 18 0 83 98 75 31 35 15 34 3 52 52 30 78 90 6 71 89 95 2 5 16 68 19 95 40 45 85 81 60 75 76 46 44 82 12 57 30 41 80 75 60 41 95 75 78 97 25 78 66 40 15 41 10 80 95 85 38 60 36 61 84 21 47 33 98 92 61 1 2 97 75 85 35 63 6 14 35 4 24 27 72 29 98 13 1 87 43 86 42 34 21 34 53 80 60 72 81 81 56 46 36 57 90 39 48 36 28 90 29 15 50 37 23 84
15 33 82 6 2 17 97 6 97 58 79 68 80 47 59 78 37 56 95 87 11 13 55 74 61 8 42 69 89 68 66 26 56 89 43 37 60 29 63 2 52 1 28 7 69 92 35 67 25 22 19 54 12 9 50 26 2 54 41 34 36 89 27 25 40 59 31 36 83 50 25 0 100 83 51 17 3 65 71 49 12 19 26 18 12 95 24 75 5 65 59 28 10 94 70 2 23 27 10 43 90 78 15 33 92 7 13 41 33 86 11 64 27 24 56 79 90 43 60 50 7 29 42 5 25 12 85 13 29 85 86 46 6 72 23 23 20 49 48 98 64 41 63 33 69 15 93 74 80 84 79 56 73 76 23 75 28 88 23 93 35 10 76 86 61 4 80 81 93 84 8 96 77 79 3 32 42 47 52 8 53 59 2 3 43 24 87 72 97 90 95 14 60 58 27 61 8 15 42 16 37 18 65 50 89 56 36 61 17 36 1 26 24 71 51 10 3 44 38 32 75 67 78 2 70 68 47 88 98 83 12 83 97 52 12 64 95 57 24 30 13 0 32 18 86 96 62 29 13 99 46 51 3 22 64 1 63 72 48 25 3 98 62 68 95 40 38 58 0 45 65 40 34 18 62 54 58 0 34 13 83 8 24 99 65 56 6 38 100 74 10 45 2 60 21 53 22 56 95 23 89 74 74 29 74 40 15 32 74 31 16 13 13 42 59 64 69 56 79 7 48 65 89 70 51 19 16 99 68 5 64 76 72 84 2 73 3 57 98 30 75 98 79 40 20 36 13 75 33 60 80 73 16 40 96 79 87 35 4 36 62 18 23 35 12 8 14 55 69 61 58 21 80 0 68 44 37 98 29 68 17 99 81 32 89 5 50 65 63 44 79 78 40 97 74 29 58 31 81 96
24 93 60 9 81 53 66 53 32 43 59 51 97 58 53 6 98 54 5 13 43 80 33 24 74 58 47 34 55 56 25 8 89 14 47 5 47 48 77 18 82 4 11 44 93 79 24 33 67 52 84 2 99 44 58 22 94 82 48 48 89 94 68 88 16 55 65 2 26 21 20 88 66 98 49 29 23 36 62 93 54 49 68 19 36 90 61 45 92 67 74 2 96 27 2 44 70 85 2 49 87 47 28 25 11 64 2 82 9 40 57 24 80 24 0 95 68 99 91 73 34 10 3 36 98 69 95 80 12 98 68 59 15 16 0 9 90 64 17 38 69 28 51 2 37 39 55 30 74 80 63 24 19 60 18 100 63 24 33 77 8 49 2 45 87 100 66 53 93 17 22 33 43 35 30 83 9 86 13 62 27 56 50 54 77 88 42 77 54 22 84 94 60 16 71 92 85 89 8 64 4 42 60 37 10 80 13 53 47 0 91 98 44 67 14 42 32 62 35 2 32 96 1 11 85 93 66 15 25 98 52 94 29 18 84 88 20 25 28 45 69 79 48 40 44 69 65 1 45 81 84 74 27 46 95 69 45 64 83 54 23 4 2 97 6 61 71 5 6 97 87 31 36 79 46 48 7 41 34 89 3 39 33 48 49 9 12 1 14 88 89 60 23 8 80 89 96 56 34 78 85 88 63 13 99 34 87 81 87 75 81 39 98 71 38 67 31 14 13 9 47 98 98 5 15 85 83 79 72 63 44 47 53 15 41 68 53 48 91 99 41 24 32 77 20 5 30 48 47 93 83 57 31 29 84 35 65 99 21 86 1 75 13 61 47 42 52 47 29 53 98 20 46 82 83 42 44 76 85 90 62 82 58 53 47 83 26 71 70 25 87 41 3 84 76 97 33 58 89 26
95 44 92 45 64 93 82 23 10 85 77 59 99 88 21 40 1 4 59 83 82 22 57 20 86 20 44 39 76 42 16 3 67 40 63 49 9 32 1 36 42 19 66 80 69 78 58 34 95 37 61 55 95 78 65 63 69 1 56 70 51 52 92 98 42 31 6 54 31 72 92 50 69 6 18 80 85 86 29 100 82 29 74 29 77 47 2 37 49 78 79 47 70 34 69 51 80 27 84 66 87 97 36 49 48 100 48 43 9 73 48 2 13 37 49 16 42 43 5 41 39 23 13 87 11 16 91 98 20 36 91 50 67 10 79 94 76 52 35 7 64 83 17 22 91 81 25 25 1 24 34 56 93 90 42 33 37 71 70 95 25 34 67 67 83 34 88 46 67 67 29 57 51 87 42 51 33 11 3 94 14 10 11 24 31 34 88 93 50 31 26 19 2 48 0 82 62 7 32 82 40 9 74 42 11 17 65 6 71 10 42 63 25 73 72 83 13 26 51 26 44 75 57 96 92 72 32 90 48 74 87 41 38 45 50 27 51 90 78 66 17 77 84 49 70 62 49 61 63 41 71 69 45 92 56 8 50 81 47 70 33 42 1 34 34 18 63 11 74 40 77 1 44 74 54 64 43 70 71 44 10 50 59 45 7 9 66 60 61 81 80 3 74 80 94 55 1 32 71 63 46 81 12 29 88 5 42 29 85 6 35 23 63 47 32 78 18 49 34 85 0 28 35 86 9 28 80 14 79 27 95 89 42 39 49 42 32 69 72 17 85 71 74 60 88 89 71 96 77 78 22 81 35 87 0 23 28 42 30 89 14 42 48 80 11 64 93 42 13 90 46 47 36 85 84 66 48 11 90 53 10 24 51 88 5 83 92 34 61 23 19 73 22 58 6 28 34 42 27 91
100 52 37 38 49 59 0 11 82 76 24 25 61 100 51 22 5 58 67 29 94 97 67 57 2 16 53 86 50 77 48 78 30 32 80 47 47 72 92 19 37 74 86 56 56 22 44 36 38 82 44 60 82 10 22 100 79 79 36 29 3 90 22 66 5 1 23 78 64 93 44 55 46 47 93 92 71 70 51 89 29 21 64 17 66 24 100 67 31 74 56 53 28 100 50 38 92 42 81 62 41 50 94 44 74 28 57 54 10 57 88 26 65 0 30 74 69 29 40 16 100 84 8 75 17 37 76 96 54 10 22 17 32 82 43 9 4 58 35 72 19 76 6 84 94 17 4 49 54 97 55 83 2 75 77 46 19 47 28 41 27 41 5 60 72 59 70 36 30 17 23 78 45 96 61 3 88 10 44 24 24 37 86 34 71 4 13 58 15 63 37 56 26 83 73 55 53 61 99 7 24 76 30 43 15 59 28 6 19 38 52 89 42 60 61 14 15 83 82 52 81 0 39 95 94 80 80 5 86 91 66 22 15 85 26 3 97 4 42 65 67 35 59 94 79 81 69 19 94 26 70 84 43 76 19 3 37 59 98 60 40 29 47 38 46 81 50 20 61 9 19 22 46 57 25 34 2 95 61 71 30 29 35 81 96 45 4 16 46 26 72 10 4 53 17 4 61 47 11 35 6 71 5 77 49 10 98 26 92 17 64 16 4 54 35 1 82 74 34 74 83 74 69 37 54 95 16 56 65 77 25 92 36 24 84 95 73 59 85 25 0 50 79 6 95 52 85 55 50 97 44 41 41 23 13 71 99 20 22 39 53 26 83 58 98 39 21 29 37 96 18 13 52 86 82 31 17 61 35 68 13 72 51 68 30 77 34 35 60 75 63 79 77 98 30 90 37 8 39 21
22 11 43 77 74 51 40 41 85 97 31 12 87 52 39 39 57 97 24 57 39 92 95 71 69 53 85 28 92 95 31 16 54 93 36 0 58 4 29 15 97 29 48 44 75 14 39 14 38 18 3 6 58 96 52 5 61 20 78 91 97 78 3 57 86 99 4 10 47 93 100 23 48 53 2 32 2 2 28 15 56 84 45 27 82 66 63 9 84 4 65 52 57 17 54 12 25 26 19 80 46 46 24 96 3 27 82 69 76 93 40 29 27 70 49 15 51 76 9 49 44 3 59 1 33 65 87 55 83 59 54 68 69 54 35 87 24 14 80 84 94 21 64 43 48 59 71 11 75 21 68 13 80 65 44 61 49 54 0 28 14 70 52 83 99 27 45 45 45 99 64 49 12 58 23 87 40 20 90 87 20 78 36 4 10 40 24 72 16 88 33 64 6 8 53 17 28 48 23 63 57 23 22 66 69 68 99 32 16 75 40 52 65 83 26 5 90 98 59 16 44 32 17 29 78 65 22 33 97 42 55 65 37 94 79 40 80 34 38 19 56 80 53 89 74 21 88 64 24 90 16 49 64 40 90 14 2 93 34 78 89 1 71 75 6 34 6 82 70 72 29 32 26 61 70 3 26 69 99 24 78 59 89 91 59 80 33 18 50 27 88 96 27 57 98 60 39 13 45 79 25 74 98 45 83 10 33 37 71 85 82 45 66 73 99 11 23 62 66 82 49 5 34 89 55 7 39 18 46 97 76 20 14 0 57 59 66 82 99 27 94 45 37 90 85 74 48 24 22 22 57 29 32 49 33 89 60 22 91 20 20 75 25 30 83 97 56 35 4 35 51 45 64 52 47 74 9 42 9 77 1 97 13 64 98 22 30 65 41 13 98 52 60 43 5 6 63 84 35 50
22 56 81 60 46 28 99 66 55 10 83 11 18 3 96 62 43 24 66 41 31 66 52 66 97 96 91 69 11 41 81 31 43 5 43 74 80 60 75 42 54 67 65 22 99 55 2 63 48 75 21 44 76 68 35 32 44 67 13 71 41 47 60 45 0 71 1 21 20 83 7 40 67 89 72 55 71 37 60 67 38 90 74 82 69 36 82 79 83 79 8 68 24 15 5 48 58 56 52 46 92 50 19 1 90 84 76 25 37 49 84 46 31 32 74 14 54 51 67 32 94 17 55 83 26 13 26 58 70 75 88 56 63 98 75 66 74 65 80 59 89 59 71 94 57 30 68 87 98 48 69 82 58 18 13 28 43 83 78 59 4 21 44 36 27 3 90 36 40 29 78 100 52 30 90 62 99 83 84 4 94 57 82 22 71 90 98 28 68 90 60 37 65 89 30 34 88 55 1 64 33 11 30 31 82 4 48 69 30 37 36 25 19 81 49 79 18 83 62 44 88 4 1 33 11 9 61 14 5 46 89 91 92 53 8 20 75 84 59 86 3 94 90 96 44 11 7 30 95 2 70 14 72 56 48 31 96 89 67 4 40 19 28 91 43 63 77 52 33 91 63 83 94 42 49 92 96 60 61 10 86 34 50 79 73 24 69 99 18 0 69 50 26 5 64 27 82 53 74 97 71 95 5 69 80 64 14 34 74 12 62 62 37 33 62 57 37 46 85 18 41 18 74 61 36 93 88 93 56 89 52 50 89 85 94 51 11 68 90 86 31 37 2 87 22 100 21 86 28 42 54 83 68 41 47 68 13 50 59 12 56 11 89 67 86 54 98 19 75 34 10 30 14 59 52 15 71 45 49 31 65 15 50 60 3 85 92 56 63 9 74 75 65 59 45 49 80 41 19 43
82 89 29 58 38 37 36 21 76 49 92 18 10 73 64 71 68 47 4 83 8 28 55 57 52 73 35 41 92 48 80 2 80 32 87 73 38 92 54 41 39 57 33 4 31 51 31 10 5 82 59 34 75 22 97 7 11 3 39 73 56 41 58 16 49 53 99 86 49 74 23 72 88 59 3 28 84 63 91 91 13 61 77 95 4 97 10 57 24 70 60 63 56 62 85 58 43 97 51 37 99 20 33 90 48 6 35 42 41 44 89 93 68 54 2 3 27 90 94 21 16 85 36 55 91 96 12 78 71 83 5 13 98 14 31 94 81 81 52 28 21 39 77 70 89 96 75 56 20 53 17 32 75 42 71 40 62 65 29 15 69 70 24 89 59 2 2 57 24 38 19 83 71 26 16 100 42 13 52 20 69 68 61 0 52 26 28 90 13 18 51 82 2 8 70 52 79 95 47 96 71 51 100 3 52 33 56 100 7 77 66 21 23 49 74 24 35 94 64 30 3 91 31 21 73 38 57 63 26 48 96 95 33 53 44 40 14 99 88 40 96 71 58 18 32 88 83 54 77 41 63 63 54 93 48 14 75 52 89 4 92 92 49 5 32 8 96 49 1 12 12 45 14 69 87 74 25 64 17 32 51 81 65 58 83 44 73 2 16 0 8 51 22 36 71 61 85 34 65 28 88 36 48 29 30 39 93 96 96 65 100 20 45 57 53 35 81 13 27 10 21 7 97 10 98 81 3 68 100 52 82 59 71 85 44 84 51 38 11 86 19 99 22 55 12 34 98 80 89 83 93 72 57 32 93 60 78 95 93 36 10 27 98 93 13 47 67 97 74 18 6 73 11 39 69 4 39 26 38 6 45 35 70 88 91 0 34 35 90 50 61 51 43 96 95 71 91 45 50 3
96 55 87 19 90 80 84 97 13 99 65 74 57 5 36 75 80 81 14 32 22 55 65 48 66 37 53 67 72 87 98 25 50 48 35 70 60 18 5 16 15 56 40 75 11 2 3 28 78 23 56 39 11 14 47 80 92 43 34 40 42 47 24 81 52 93 94 32 95 88 43 70 57 49 68 82 40 16 48 49 57 96 23 70 55 81 5 34 76 86 97 20 76 49 31 100 57 24 0 38 61 27 23 69 72 30 69 6 35 36 81 51 97 93 30 21 77 42 50 96 59 100 98 50 2 5 100 49 1 44 37 45 32 17 26 7 53 100 57 42 27 52 100 20 80 63 82 75 23 46 2 99 50 64 71 12 80 54 36 27 30 29 24 93 32 73 7 79 6 63 32 99 73 100 62 27 77 36 87 63 38 60 89 15 26 92 8 32 46 92 25 52 0 39 42 16 46 75 10 46 3 45 96 13 89 25 53 14 81 52 96 70 94 3 64 59 58 86 76 82 33 51 59 51 50 2 75 84 24 83 17 35 39 4 38 78 92 47 52 40 66 91 43 63 83 31 36 83 13 0 94 79 47 89 14 58 68 97 59 81 89 21 17 38 46 81 88 44 15 61 93 9 64 64 72 11 39 5 1 57 71 21 11 28 51 11 46 62 87 83 70 60 74 15 37 35 31 55 0 39 47 89 64 52 84 54 24 44 86 50 77 90 97 61 87 51 0 53 51 21 43 7 90 6 62 43 40 92 40 95 92 62 32 100 48 59 79 63 21 52 77 41 55 56 78 45 21 2 23 87 89 18 37 44 23 77 61 53 70 41 12 27 94 84 9 19 90 84 50 22 96 62 54 75 87 24 83 17 34 77 23 51 52 17 56 35 63 77 38 93 95 49 42 42 2 84 71 89 83 66
41 99 56 41 10 6 33 51 27 26 10 55 68 22 98 37 91 6 43 70 40 55 83 74 10 19 95 15 22 18 8 81 96 68 60 10 53 11 100 61 69 97 66 13 49 69 71 35 61 87 68 20 33 65 39 3 14 77 87 44 33 8 61 85 15 88 81 44 93 55 72 18 73 40 51 74 34 23 10 30 31 15 66 46 54 51 16 45 18 32 16 51 37 23 40 91 40 73 56 71 54 87 43 62 57 75 51 87 21 24 16 67 68 61 41 55 1 89 33 88 1 22 56 82 59 51 36 85 20 44 62 18 47 31 45 41 50 22 61 48 34 29 25 61 59 73 30 96 0 2 93 6 66 71 73 81 73 62 62 48 43 94 22 53 36 89 71 11 9 55 46 6 51 91 72 10 85 91 92 0 80 11 44 10 0 39 24 65 48 48 20 95 59 77 56 67 1 28 27 58 71 5 80 4 97 30 69 37 56 9 81 16 69 6 62 37 41 44 98 27 36 68 30 15 82 17 54 50 25 19 67 38 37 50 70 43 50 69 70 99 49 58 78 89 72 74 81 28 73 90 67 33 33 56 57 27 25 86 94 33 24 17 0 56 10 26 90 50 89 90 15 83 96 72 48 81 21 47 55 80 3 79 17 71 32 1 84 35 66 98 4 82 17 69 50 69 32 31 24 18 84 72 84 51 34 80 54 94 30 71 16 23 96 93 86 53 50 0 92 48 39 61 90 80 75 44 36 60 39 78 80 69 77 50 28 97 46 42 51 82 83 95 69 76 40 44 35 68 33 34 59 59 75 85 26 54 41 28 32 26 25 86 63 88 8 24 14 49 17 41 20 65 3 80 18 20 90 68 42 81 14 87 40 3 92 2 8 73 22 44 79 37 85 27 94 24 72 73 95 73
44 12 51 93 27 53 20 68 45 82 81 41 1 85 56 58 10 17 59 7 2 4 48 17 3 80 40 66 48 100 55 56 67 80 100 19 73 55 9 56 27 4 0 7 1 39 91 25 76 25 42 20 37 0 54 50 8 81 77 7 5 88 68 13 20 12 1 89 61 8 20 55 48 11 50 31 63 39 41 62 21 25 88 96 77 89 34 88 29 84 82 92 30 50 65 99 47 100 90 92 73 4 8 44 53 70 60 98 60 49 81 13 14 15 92 22 17 61 97 44 57 13 21 77 92 73 64 27 81 34 32 31 52 12 49 27 84 16 35 71 30 57 76 89 86 34 69 5 55 48 82 73 30 12 37 5 68 48 2 55 91 49 56 58 62 53 92 91 74 2 43 10 71 44 46 69 2 45 43 61 62 79 38 62 82 23 77 42 4 76 97 71 89 9 9 84 56 21 78 34 53 67 42 0 96 73 2 24 22 35 40 94 27 100 98 10 61 36 91 4 75 58 94 69 6 97 60 91 14 84 78 79 55 75 83 88 19 62 98 6 38 82 20 92 50 17 27 86 30 76 15 22 33 50 55 89 36 50 37 21 38 16 23 88 15 51 77 62 1 42 49 13 53 7 100 0 21 39 97 78 41 49 7 86 60 39 27 10 17 44 73 8 99 46 77 24 45 59 31 79 96 0 38 59 2 72 92 41 13 92 88 62 49 8 90 52 64 98 65 12 56 27 6 15 33 99 38 31 23 15 40 48 19 0 14 9 26 68 56 78 71 14 31 93 37 97 87 19 70 43 85 26 75 78 16 15 92 55 98 85 6 22 97 0 95 65 81 1 4 63 3 84 70 98 79 83 34 9 43 93 65 72 73 10 83 88 33 80 84 47 25 5 74 74 82 6 22 55 27 55
36 5 76 30 32 51 33 20 42 100 49 26 73 54 39 69 75 63 82 1 27 76 33 13 53 64 28 27 55 70 66 26 93 76 55 24 92 58 92 10 19 23 57 96 81 9 3 75 20 70 7 23 81 7 82 67 73 20 48 19 19 90 22 10 10 40 35 18 78 79 79 28 14 57 4 46 90 57 25 42 32 86 65 29 95 22 29 10 24 92 34 36 14 28 80 59 73 42 75 90 9 28 68 66 3 53 53 17 33 69 42 14 35 5 73 65 23 52 6 47 26 67 42 76 25 85 53 92 50 32 47 61 27 40 75 41 84 60 15 49 18 72 59 50 89 76 19 44 89 52 19 60 38 81 56 71 32 12 42 24 39 11 17 5 97 87 14 89 56 62 26 2 39 79 42 33 95 84 56 16 95 65 31 50 56 13 83 85 100 10 58 16 31 91 54 34 20 86 8 68 8 90 84 27 77 81 71 64 47 69 34 71 94 30 59 98 90 15 1 47 65 1 8 72 58 36 64 56 44 33 86 21 25 19 46 83 39 23 57 89 55 14 81 36 26 54 25 58 46 73 82 20 40 2 7 85 78 27 67 93 50 75 87 28 36 86 67 7 84 65 17 20 86 12 69 12 35 19 98 72 29 77 55 58 91 81 50 64 97 5 68 44 45 69 17 77 78 82 24 72 40 14 0 86 14 55 23 61 38 53 91 21 8 76 44 88 1 86 23 58 64 91 3 18 74 87 70 91 75 48 46 93 46 4 50 87 83 16 52 70 38 12 54 8 18 29 62 22 93 23 52 66 80 48 68 93 29 61 81 68 23 71 67 98 5 9 60 29 42 87 93 75 36 13 37 72 88 5 4 95 26 66 91 92 58 23 34 54 77 88 73 62 87 17 45 44 84 2 68 31
14 37 34 100 83 31 25 58 7 82 47 91 34 34 32 98 48 65 94 70 85 69 59 16 46 28 2 73 33 93 90 46 61 79 13 72 7 36 86 82 61 88 19 24 87 57 95 34 70 61 23 88 87 94 91 83 2 97 100 98 75 8 90 26 92 72 8 63 31 17 55 39 36 95 74 74 7 7 46 33 58 41 48 31 82 3 16 48 26 19 56 12 30 89 80 47 14 48 21 87 92 51 64 32 24 89 42 88 18 23 62 64 44 78 65 90 54 75 2 76 92 16 85 93 70 95 4 34 49 1 93 38 34 1 28 64 58 85 78 23 98 86 78 20 99 79 46 64 13 20 62 18 47 6 35 35 10 1 11 11 2 10 1 32 49 23 65 5 50 89 72 77 16 7 84 75 5 14 34 55 7 6 4 98 69 78 26 100 29 33 56 87 100 96 77 93 17 56 1 8 35 31 0 43 72 85 93 61 98 98 65 67 75 55 43 37 33 29 24 80 84 19 5 50 39 99 66 6 15 71 3 58 69 100 55 63 87 86 48 10 68 23 37 99 13 50 12 87 29 90 57 73 50 65 10 7 91 32 39 30 14 27 65 5 55 24 27 14 90 75 32 86 81 23 77 82 0 93 33 55 56 3 6 28 26 89 68 89 13 42 99 9 41 27 22 99 7 39 62 53 18 65 54 67 32 61 27 25 22 20 78 45 29 32 24 64 96 54 12 74 8 95 49 85 8 58 36 24 83 81 32 98 83 99 63 90 18 52 75 94 31 93 3 96 0 53 45 81 13 50 2 15 62 25 69 23 98 25 51 9 100 85 59 71 50 67 3 88 94 82 26 36 48 33 32 87 55 55 46 51 92 78 88 33 7 46 54 50 92 70 87 11 43 64 20 72 0 19 16 4
34 21 78 56 44 83 87 65 5 13 51 71 65 43 67 5 53 34 37 96 37 54 42 83 32 1 27 67 13 93 96 85 33 95 46 22 24 73 31 77 19 41 34 53 8 73 16 0 55 76 49 90 53 45 93 12 26 85 54 36 40 55 35 45 13 16 92 3 15 66 29 89 95 25 56 92 98 67 66 24 39 78 53 96 9 78 74 17 36 36 91 7 67 56 85 58 24 37 14 59 71 22 3 33 77 54 50 6 20 34 42 21 89 50 18 12 100 76 87 84 87 66 2 53 61 58 69 68 99 84 58 27 24 84 10 58 76 70 28 70 5 41 93 4 27 97 63 35 37 83 54 57 23 47 66 39 88 98 7 44 49 16 86 79 33 58 80 81 79 75 34 86 24 54 29 66 26 65 23 18 5 72 47 90 96 91 88 90 14 32 70 12 16 99 27 93 47 76 25 18 98 39 56 5 27 100 79 50 36 100 31 55 63 78 53 66 88 71 43 82 94 77 50 59 88 31 39 4 34 93 66 42 100 47 33 79 1 0 29 80 71 24 93 3 30 36 71 26 65 80 26 21 61 37 78 86 38 88 99 24 53 95 48 86 42 29 40 47 74 70 56 51 70 94 85 75 100 43 88 34 37 68 44 88 7 100 45 61 68 53 55 20 75 15 56 85 10 7 38 67 42 97 55 26 78 50 5 2 9 72 63 94 25 88 100 88 31 1 26 86 56 67 46 51 98 94 32 15 18 12 83 69 92 1 0 3 1 2 24 67 69 10 92 26 14 52 31 35 41 73 77 99 45 16 92 86 70 54 46 35 50 75 63 52 82 83 6 37 56 21 83 18 42 75 17 7 63 24 29 84 98 32 13 12 25 42 39 44 94 65 57 29 95 68 65 69 90 90 91 49
44 84 31 8 53 53 82 88 41 8 54 90 68 57 88 53 90 94 94 94 75 59 44 86 24 34 60 60 74 66 18 67 48 32 79 24 48 58 21 15 100 8 22 29 40 77 32 9 41 48 34 26 0 69 32 62 55 39 36 69 29 100 21 81 53 62 33 39 32 12 11 93 46 43 23 59 3 82 52 33 97 36 22 75 81 9 36 70 73 73 62 72 89 8 22 2 70 91 1 87 82 42 27 25 35 29 89 99 93 97 66 60 15 31 46 90 24 59 80 37 68 57 36 6 51 83 34 93 52 22 48 56 2 49 88 44 99 68 72 45 22 19 82 20 43 80 51 32 25 28 91 45 59 22 12 17 42 92 4 30 32 20 25 19 33 12 83 92 19 17 83 38 20 86 25 63 3 36 30 52 20 6 14 88 28 64 67 89 49 43 55 56 41 62 13 5 28 33 31 53 66 98 60 36 82 21 68 15 11 88 16 25 82 57 16 39 39 90 50 92 48 75 14 16 81 8 34 59 34 48 85 40 76 54 30 86 81 60 6 71 56 9 82 73 10 93 17 28 59 6 86 19 7 100 39 43 38 8 10 98 84 14 52 39 95 27 79 87 76 88 61 47 22 82 76 83 98 80 11 96 86 85 60 48 91 84 100 27 89 59 78 18 42 84 86 60 69 1 9 34 69 3 48 0 76 34 16 82 99 4 73 17 77 66 86 55 88 72 77 42 24 37 27 37 98 81 70 57 45 50 72 39 84 19 28 70 91 90 23 40 61 72 3 61 94 96 100 57 46 64 23 5 63 18 34 62 6 69 47 91 54 77 63 24 53 48 75 100 44 22 40 97 98 56 68 50 10 52 69 70 90 35 45 96 98 42 82 90 55 100 56 12 78 20 63 33 43 80 49 99
89 60 11 93 34 80 38 84 95 17 54 75 10 83 62 37 33 89 47 39 36 88 16 51 71 87 4 61 76 40 85 41 56 43 32 24 36 51 48 86 74 41 93 45 90 52 60 46 14 72 35 41 13 38 46 54 47 45 15 46 15 98 33 94 86 74 18 95 59 48 47 82 100 61 9 4 77 93 31 60 33 99 3 95 8 47 29 24 4 57 77 63 89 67 85 81 59 57 54 66 50 41 4 2 12 30 66 90 76 11 82 66 79 61 45 0 68 48 78 82 7 38 68 17 78 25 15 21 33 39 67 75 23 10 51 63 53 24 65 81 57 74 20 70 7 74 1 43 26 95 98 18 32 73 34 46 96 43 51 95 20 45 73 97 88 23 66 55 99 11 6 68 89 69 93 30 33 61 5 1 69 99 59 28 33 7 19 41 83 83 7 2 79 10 7 18 100 24 16 85 88 93 23 41 88 32 65 18 96 79 77 99 53 43 53 65 70 42 27 29 62 83 6 79 88 82 62 52 21 34 68 48 15 94 29 34 78 32 38 69 84 7 36 9 10 69 43 55 34 27 76 31 37 46 96 73 54 35 40 99 54 68 80 88 5 99 36 62 18 71 35 60 94 19 7 51 56 41 13 12 23 76 66 26 62 97 6 86 87 87 91 32 57 88 84 13 44 44 78 74 0 44 69 81 76 14 25 44 87 90 59 32 3 67 71 97 57 59 19 91 100 18 50 65 29 99 63 33 52 9 32 67 99 13 2 18 55 44 77 71 6 19 87 13 55 100 45 34 2 3 51 63 77 57 66 100 9 74 39 76 32 2 61 17 72 98 38 94 93 97 48 5 80 98 60 88 46 21 56 71 99 23 6 24 21 20 95 4 54 5 95 89 54 69 71 24 50 23 15 2
74 88 51 61 37 76 40 6 36 92 92 36 95 13 94 61 4 44 33 5 7 6 49 41 77 75 11 58 33 99 33 8 14 79 27 100 50 52 1 63 99 99 56 18 84 6 47 80 40 82 4 73 54 90 64 89 20 73 24 28 40 100 26 63 19 24 95 19 73 84 87 27 85 43 99 84 54 28 99 14 95 51 70 78 49 67 85 91 33 48 78 31 56 47 10 70 28 65 4 91 3 81 43 59 55 96 89 51 65 33 3 72 94 44 15 75 10 68 53 96 27 77 83 22 31 4 68 22 91 97 1 72 93 19 79 0 3 57 73 21 81 90 7 73 98 81 65 91 4 45 71 54 21 40 26 82 33 96 20 86 33 85 35 59 67 91 80 67 99 100 56 74 61 56 11 59 80 49 34 18 59 34 72 86 35 65 1 37 88 45 22 68 59 1 11 39 39 15 0 19 31 20 66 54 64 9 71 38 86 3 65 53 82 78 40 21 24 49 80 38 41 45 31 5 14 75 43 18 26 93 8 19 42 4 68 54 37 51 23 16 55 9 41 53 39 56 24 38 11 91 14 11 6 47 45 98 19 37 11 16 29 54 92 45 45 22 93 45 34 97 35 98 85 97 77 84 45 83 88 44 8 50 90 17 64 52 98 32 90 55 92 79 92 36 2 71 46 7 9 0 12 54 57 62 56 85 42 84 59 92 28 97 78 58 39 32 84 86 14 61 44 12 0 87 74 57 78 35 42 2 53 52 27 1 46 57 25 2 19 44 15 95 4 82 25 75 55 63 91 81 92 85 65 22 1 6 28 21 52 2 1 6 94 76 68 61 32 7 16 27 31 97 96 14 22 92 71 78 6 76 91 93 11 87 5 25 28 55 8 24 21 53 69 75 26 55 92 87 18 64
47 59 40 97 93 3 26 88 22 41 91 92 11 77 22 57 49 63 71 89 59 50 23 10 88 67 11 64 7 80 60 5 78 97 76 77 38 94 64 76 98 31 52 13 59 24 48 23 58 14 71 45 91 27 23 5 95 64 6 82 22 32 79 40 88 1 4 96 74 46 1 81 12 46 44 1 39 73 99 75 77 58 73 44 90 29 85 86 59 80 0 96 93 22 71 15 61 63 85 83 81 47 48 34 75 100 72 53 29 49 60 1 6 79 11 19 91 27 4 90 82 37 25 80 16 58 13 78 39 84 42 86 76 87 76 49 25 1 94 27 27 60 90 64 50 64 46 50 5 89 58 2 46 2 57 20 76 19 27 28 7 11 67 66 45 10 49 78 71 75 18 72 89 60 44 74 7 41 99 24 10 79 6 49 11 0 75 55 22 75 92 30 46 0 13 3 44 9 66 66 17 51 78 8 93 91 86 60 53 99 0 5 93 16 11 85 70 75 36 42 66 100 9 25 62 26 42 23 15 61 44 47 27 68 20 63 51 37 30 89 88 35 75 46 77 68 94 94 4 36 37 56 75 46 44 0 77 100 46 66 66 31 25 13 69 40 14 74 25 39 98 14 72 76 16 91 72 84 74 80 70 85 78 66 75 22 86 89 47 88 71 65 26 22 78 96 58 23 96 61 14 76 54 14 21 26 73 71 24 17 4 13 3 84 3 85 45 6 6 15 14 55 63 73 33 29 98 20 5 29 98 89 96 4 100 26 17 93 98 1 42 65 49 68 42 44 16 21 23 98 6 29 79 14 95 33 19 64 36 17 46 51 28 28 10 49 31 67 0 52 10 98 37 54 41 25 21 84 16 16 46 22 6 27 13 84 32 46 37 95 65 88 2 68 19 36 56 85 93 49
4 20 18 17 23 14 40 54 9 41 32 64 43 74 72 65 83 83 20 47 21 95 1 67 84 63 59 17 21 69 26 97 81 50 84 97 93 92 70 1 91 7 94 53 88 58 6 65 53 22 87 27 50 25 76 22 55 84 96 22 91 20 26 81 42 70 69 44 64 39 51 1 4 52 68 84 96 91 91 83 7 95 27 47 95 8 14 26 15 14 49 76 36 93 60 23 45 91 29 79 55 68 85 26 53 88 64 30 50 100 55 24 76 32 49 79 39 89 45 89 13 51 3 48 95 54 22 35 42 54 86 76 66 91 61 55 90 73 77 57 19 90 94 44 2 34 53 7 37 89 0 54 22 45 70 6 41 88 93 93 65 83 42 64 20 11 66 75 63 59 40 76 98 0 97 49 90 71 45 78 16 99 24 21 19 17 26 59 5 51 46 77 41 38 91 78 68 59 37 52 36 84 84 5 16 93 55 76 59 89 46 76 45 32 51 5 88 37 4 98 43 64 90 78 82 50 90 30 98 41 25 67 94 83 67 73 41 47 81 87 78 14 0 87 52 27 46 44 92 96 94 37 75 5 41 24 47 20 17 100 99 93 25 74 90 9 6 58 63 53 7 3 83 39 30 95 1 98 3 14 29 25 44 62 43 0 64 35 34 59 25 91 18 5 80 100 40 34 44 95 48 23 96 65 85 66 21 94 15 93 29 78 50 4 54 29 22 49 92 75 25 97 19 40 31 14 0 79 65 99 76 42 11 54 92 7 78 30 52 36 50 21 10 9 90 80 51 56 67 65 10 13 38 41 98 10 41 80 13 21 46 76 21 16 95 15 10 74 3 85 16 37 6 32 45 31 0 64 58 42 47 26 18 87 92 21 63 83 78 83 54 55 36 24 91 0 16 98 11 98
94 85 83 83 10 64 65 79 42 47 38 56 61 4 73 40 37 70 1 77 83 11 71 76 18 79 93 86 35 70 48 92 2 57 91 89 50 21 58 81 47 58 87 52 96 28 51 79 95 9 47 95 23 63 7 90 51 99 87 98 76 2 58 81 84 8 59 17 6 7 67 27 37 10 97 68 80 6 100 4 49 59 38 83 15 19 23 66 95 71 33 97 29 55 44 67 30 18 96 45 34 89 29 57 98 0 100 92 4 16 78 12 99 98 20 75 65 33 95 65 38 59 37 89 33 80 41 37 42 21 36 69 7 57 54 46 61 13 45 87 2 85 72 59 76 15 87 2 74 11 14 14 71 87 38 45 14 93 16 61 99 17 20 31 83 5 70 10 9 1 70 20 83 51 14 29 61 32 55 73 100 89 64 33 33 42 72 61 5 1 0 61 76 2 84 90 58 64 76 10 53 3 70 53 89 70 47 63 74 83 6 99 100 91 54 1 37 75 9 61 93 1 11 93 56 22 0 87 7 57 58 87 46 43 23 46 89 96 27 77 22 80 34 77 6 84 98 74 17 75 99 95 2 0 25 91 1 19 63 99 82 95 19 64 30 65 66 65 85 77 90 80 27 18 71 29 56 26 56 19 54 20 50 25 4 88 35 66 17 8 48 80 95 84 22 78 54 0 90 50 77 84 73 46 86 27 52 74 92 21 2 49 88 86 95 43 83 92 19 78 81 44 97 33 68 28 12 78 91 61 21 66 17 8 74 61 8 56 8 58 13 91 19 25 0 67 100 26 0 69 74 1 74 86 67 39 11 90 17 15 75 61 46 29 84 75 15 83 28 14 47 8 81 33 39 53 37 3 4 48 9 8 4 1 65 3 3 47 66 80 74 22 91 83 6 49 98 75 75 8
55 3 89 21 89 68 40 65 22 37 2 95 20 42 3 48 24 94 17 40 75 32 34 16 90 96 80 61 79 98 0 48 31 0 26 37 84 22 27 39 40 99 89 97 96 29 33 95 68 83 45 32 79 41 49 29 25 56 51 4 49 85 20 84 63 45 83 61 11 50 26 95 81 29 57 83 4 62 98 92 19 38 6 82 28 19 68 87 82 27 44 66 67 83 50 59 77 47 16 97 37 39 65 39 31 66 18 79 32 5 8 22 56 49 57 92 51 9 55 40 47 93 56 40 88 13 48 94 77 27 68 67 29 60 95 90 83 16 64 69 18 70 75 69 32 17 28 57 4 29 61 35 86 95 15 77 5 34 88 23 76 17 26 49 58 28 61 38 4 63 71 86 85 66 79 76 40 6 97 53 9 38 34 3 76 55 26 82 34 91 47 7 57 51 68 68 18 25 69 35 73 62 46 1 14 11 81 76 27 75 22 79 35 2 85 0 80 0 69 49 93 92 76 84 68 94 16 44 31 40 23 3 2 3 58 79 66 29 48 27 57 12 15 78 10 50 25 77 12 34 23 22 82 96 41 9 6 97 43 44 73 39 79 99 33 66 81 25 41 78 17 12 27 61 99 40 79 76 11 83 49 59 17 87 44 24 21 88 38 99 75 40 20 89 7 74 64 71 83 19 4 31 59 44 69 38 29 33 62 87 18 16 75 18 3 69 33 22 55 10 0 50 12 83 62 64 76 15 76 3 77 0 71 9 9 37 11 61 99 94 7 73 40 10 63 34 77 87 82 19 65 79 32 69 54 8 84 59 63 38 24 20 17 25 90 32 1 61 26 79 64 43 87 82 82 6 86 87 14 5 40 6 24 72 42 21 64 25 30 9 38 44 95 76 82 41 46 80 22 11
23 26 35 32 96 87 20 17 81 7 75 12 63 5 80 66 9 38 37 82 75 66 79 40 45 22 24 83 57 94 5 10 95 75 67 26 77 86 67 10 37 80 18 48 82 86 52 76 58 62 58 85 9 46 19 90 31 2 48 53 66 38 98 12 54 8 8 51 36 12 36 46 12 80 14 49 20 0 93 29 59 54 19 3 54 8 92 82 40 0 86 25 56 55 79 71 54 89 2 95 80 1 21 82 55 59 29 39 35 85 54 96 36 82 7 11 2 85 4 33 7 81 49 40 97 55 57 0 85 85 57 2 74 53 87 82 45 59 94 97 17 9 6 38 32 49 61 44 62 96 95 59 42 30 30 15 15 40 62 49 29 55 13 75 79 26 25 70 46 21 61 32 57 80 28 93 39 3 21 42 100 41 71 13 76 31 94 100 29 3 80 18 61 96 12 37 5 88 53 26 4 22 67 19 66 55 51 58 28 63 21 14 100 69 4 74 4 9 85 84 39 78 51 61 13 98 96 19 57 31 26 26 97 47 25 81 31 31 79 93 78 44 19 4 20 26 47 47 7 5 92 73 87 95 88 17 8 4 53 39 6 47 44 97 58 16 81 58 27 24 72 70 3 97 1 81 3 23 35 81 10 84 77 38 89 8 44 19 9 91 4 6 44 38 32 83 100 4 67 19 61 12 73 16 96 43 87 85 33 90 9 41 12 41 44 44 58 14 27 93 49 45 95 62 41 1 65 86 81 77 74 45 69 43 51 71 31 70 80 9 6 51 25 91 27 3 26 36 64 22 95 15 66 78 47 41 90 88 5 97 28 42 43 41 42 72 0 12 95 47 34 27 89 76 79 79 88 25 32 45 34 60 100 12 44 59 54 0 40 48 13 46 95 68 87 98 32 84 77 42
56 21 99 35 13 35 91 77 59 87 17 75 73 81 58 46 36 100 49 46 41 30 20 76 56 38 58 38 38 80 88 5 39 97 72 33 14 49 53 39 20 47 1 41 97 77 58 35 54 23 88 57 6 1 82 33 27 23 30 57 17 59 98 54 67 81 60 79 98 5 55 78 72 20 26 92 30 75 93 41 25 41 12 9 73 17 15 9 13 83 27 24 35 92 64 15 59 61 29 52 58 6 13 49 31 0 99 8 42 96 11 0 95 100 52 94 80 64 90 45 56 30 70 3 42 50 39 7 72 39 35 68 70 79 38 80 0 41 28 71 92 77 47 65 34 20 75 39 69 46 8 11 53 3 1 35 47 41 16 47 24 4 19 16 94 40 91 98 24 73 31 48 14 92 83 97 81 86 75 19 6 84 21 13 68 64 69 61 21 67 15 3 13 71 88 4 41 82 68 81 3 69 55 38 74 98 53 46 1 6 6 96 22 33 88 16 33 86 56 14 39 75 88 95 44 69 16 25 55 28 50 41 46 67 9 67 0 9 90 64 80 21 87 77 93 82 37 87 96 21 95 12 74 51 96 45 31 54 97 18 64 97 89 69 62 73 72 95 31 42 58 33 22 71 98 64 15 57 3 6 59 80 4 16 15 16 56 36 37 61 31 99 71 4 99 11 29 75 39 43 71 42 11 45 32 90 13 35 18 74 4 15 79 88 6 88 5 66 5 58 66 99 51 8 17 29 17 75 82 67 89 38 36 26 30 68 97 40 33 32 53 5 21 62 12 42 47 88 81 21 41 27 12 14 88 65 13 40 29 76 8 70 60 44 80 97 37 24 69 81 63 0 97 64 62 5 9 32 43 95 56 59 75 54 8 5 77 89 48 18 44 74 13 1 20 64 74 48 27 2
2 3 34 66 50 63 83 32 54 72 32 60 60 96 82 95 94 75 41 7 19 20 96 18 74 39 10 33 35 68 58 21 89 68 76 43 24 81 94 31 89 59 66 79 93 72 68 16 60 62 28 13 94 3 17 40 73 24 13 61 15 50 11 85 20 9 100 97 57 88 67 29 31 25 38 39 98 81 32 17 68 85 23 38 69 22 47 38 7 21 53 10 70 99 98 81 21 3 18 97 93 93 74 77 66 5 77 25 21 52 57 74 75 59 70 11 13 2 57 41 41 64 81 3 65 56 42 20 54 46 81 31 33 7 41 57 88 29 28 62 42 87 94 79 35 4 37 87 22 59 94 65 10 16 47 49 52 55 67 59 24 12 21 55 71 45 59 23 14 100 18 68 92 27 45 100 75 89 30 86 21 87 89 53 41 11 69 47 33 67 60 3 89 31 15 51 86 13 40 29 80 90 42 10 39 8 28 72 44 47 19 13 45 43 26 28 90 90 100 6 89 32 24 86 53 35 51 5 81 12 88 79 32 25 71 19 49 14 4 59 45 87 34 79 14 42 69 6 67 44 97 74 48 82 14 46 56 79 77 19 85 47 2 23 68 3 40 22 96 38 69 31 3 95 82 47 8 84 100 80 28 71 46 40 46 88 22 40 36 22 63 100 48 9 68 98 56 35 83 36 47 36 58 12 58 24 50 88 89 83 94 38 46 49 4 23 40 53 22 62 34 58 31 60 88 87 54 72 88 80 84 69 50 18 58 90 75 35 92 59 24 42 40 82 67 70 14 75 70 5 36 81 59 44 19 60 24 58 3 99 32 55 81 33 57 72 89 26 2 52 23 78 59 57 79 60 5 54 95 52 76 100 97 20 79 26 1 32 78 23 79 89 48 81 70 16 91 21 1 99
67 72 37 19 44 24 21 6 99 82 63 24 61 9 92 35 18 32 38 19 20 5 63 1 39 37 80 51 73 20 76 40 49 32 0 84 40 83 75 51 57 41 91 100 90 35 44 19 22 37 30 38 22 30 84 65 67 78 55 79 7 20 68 67 59 55 88 67 84 97 22 35 78 46 56 29 68 65 14 22 20 28 63 74 79 95 79 93 25 30 69 94 6 47 89 84 26 24 33 93 92 2 73 49 18 86 61 70 78 98 32 24 91 51 57 7 5 43 62 65 86 54 71 91 31 99 24 68 45 96 84 12 64 96 86 6 97 36 89 68 31 9 72 57 62 23 28 70 55 81 89 98 17 43 60 0 11 25 68 89 86 11 31 63 2 79 27 60 84 6 9 52 28 17 65 92 26 23 38 52 67 50 62 59 53 9 44 21 54 19 37 6 35 91 91 68 50 55 11 8 36 70 18 77 52 64 46 72 23 3 77 94 13 80 63 45 7 9 25 76 18 44 39 72 55 36 47 87 23 81 82 1 74 58 44 100 8 5 73 4 73 9 72 92 94 91 31 97 71 28 11 51 45 83 89 80 47 60 2 0 58 12 59 16 6 91 29 14 77 56 32 7 36 96 86 15 29 84 84 37 80 41 83 73 39 54 4 31 30 12 28 85 28 15 51 1 20 27 61 49 9 62 65 70 82 41 69 73 68 4 2 4 66 58 28 96 36 24 62 48 57 57 79 50 16 5 88 97 43 50 74 40 72 52 96 24 56 18 52 23 4 67 79 50 68 56 11 57 56 49 44 62 99 49 58 48 68 17 4 91 18 13 48 20 9 69 75 33 9 22 56 9 91 22 91 34 28 15 95 59 45 3 8 45 93 88 38 77 90 50 14 61 15 50 72 68 52 100 81 8
37 55 54 44 25 19 84 56 11 93 24 81 33 56 43 75 92 6 82 42 67 60 62 45 99 67 3 30 98 4 32 77 92 85 9 98 17 12 15 53 94 29 72 43 1 88 13 11 68 35 13 64 44 38 14 97 26 20 31 35 62 91 15 46 15 73 43 7 70 93 97 11 9 26 44 77 25 32 82 80 19 55 65 45 35 28 54 81 66 69 61 79 4 22 63 2 38 21 18 43 87 62 6 7 79 15 93 28 35 58 18 63 89 55 50 79 55 38 48 91 16 73 73 91 36 15 55 51 32 100 55 84 90 21 66 65 51 88 10 33 86 93 61 97 24 25 53 12 23 37 99 80 50 42 93 20 90 60 55 95 74 4 43 26 29 29 36 86 70 49 0 19 50 99 51 42 26 2 95 17 86 49 25 5 42 47 29 68 42 8 87 18 100 72 21 95 69 20 95 61 16 22 35 94 57 46 66 0 76 92 96 99 8 55 4 28 95 81 32 61 85 31 24 55 4 68 76 53 4 86 39 81 0 34 82 94 93 97 45 5 13 38 0 13 70 74 84 27 59 39 35 25 31 27 2 68 52 96 34 62 85 94 65 68 96 56 3 73 5 91 34 2 48 23 3 75 12 7 90 15 59 17 35 62 94 93 79 25 29 59 19 5 36 44 22 18 80 76 12 36 42 100 96 31 60 34 79 23 99 30 32 100 49 79 26 52 41 25 3 51 70 11 100 75 22 75 61 83 20 75 51 82 65 5 48 70 46 64 21 73 51 40 68 12 34 35 58 56 22 38 82 84 75 85 14 38 50 15 65 68 16 63 72 16 11 17 93 38 45 77 11 13 87 89 5 15 50 92 6 55 25 0 18 56 1 24 95 82 16 68 72 46 84 76 8 60 56 95 76 66
72 27 29 13 73 9 42 90 59 79 85 90 79 57 85 68 16 62 94 92 2 4 40 49 41 67 73 10 36 19 21 65 62 48 57 49 39 66 57 37 88 90 20 12 41 18 44 100 87 41 54 76 23 86 78 33 15 100 22 33 49 44 17 35 73 60 45 77 2 88 99 39 87 30 86 12 18 49 12 64 88 7 85 83 44 39 27 77 25 76 97 94 40 86 41 73 7 57 35 17 5 98 85 12 64 92 91 77 90 82 60 51 25 30 34 39 65 82 16 79 12 84 13 86 39 28 80 13 75 62 66 40 25 3 90 3 43 82 40 97 45 56 2 21 99 87 9 19 44 58 13 72 62 71 13 5 2 94 16 67 78 25 1 2 78 49 50 7 12 22 91 28 57 53 80 7 74 70 79 55 44 95 42 58 84 93 53 65 73 80 32 20 34 74 13 62 15 79 35 85 4 44 32 88 82 91 72 40 27 4 36 67 9 35 22 54 18 70 44 67 21 93 28 69 19 77 12 86 83 18 91 36 37 50 34 55 44 0 65 44 66 68 43 80 97 1 1 97 10 56 21 6 78 67 18 75 55 76 4 21 77 96 85 99 57 41 72 16 67 76 43 47 24 26 36 23 67 43 38 8 16 51 93 2 94 59 61 97 42 97 43 44 76 52 41 44 36 66 99 73 60 29 87 23 2 29 65 79 13 81 62 20 3 96 64 100 6 29 19 80 20 17 96 41 8 84 48 31 63 80 13 86 0 85 30 1 37 67 3 76 65 18 13 68 77 77 44 2 76 4 74 43 25 36 39 56 21 69 47 66 37 31 26 85 13 0 26 46 39 45 77 87 53 63 23 16 51 36 78 23 50 62 73 96 67 41 73 44 33 2 94 43 61 54 78 80 15 19 84 56
26 11 85 30 19 62 27 27 6 53 73 25 1 88 12 38 83 10 51 31 47 71 97 54 96 99 0 67 36 0 91 88 7 11 52 3 88 51 46 29 37 44 44 46 90 77 63 84 74 65 55 77 74 41 60 28 31 49 4 6 7 50 75 62 33 96 86 72 75 18 9 46 27 6 16 85 65 28 54 84 93 86 68 27 74 95 69 13 30 44 21 32 27 75 46 50 24 51 76 5 88 10 24 31 33 61 43 27 11 67 42 7 6 40 95 42 28 19 22 98 77 66 75 32 9 10 15 5 33 87 65 41 30 30 50 81 33 21 71 88 97 78 75 53 43 23 26 51 79 88 74 86 88 47 79 99 56 4 91 59 68 87 47 5 68 50 24 21 57 96 81 68 70 31 38 91 65 0 44 56 4 30 13 25 25 78 8 16 39 34 70 60 95 98 13 71 55 84 60 55 94 33 96 52 83 36 17 75 54 88 58 62 42 24 99 10 80 64 69 75 9 8 98 0 56 56 47 51 95 2 87 19 17 52 79 31 8 68 32 71 1 9 13 19 25 70 12 17 20 79 31 36 85 46 84 95 76 20 0 7 7 59 27 48 73 12 39 29 89 43 35 80 73 79 69 6 45 96 80 27 29 49 24 57 1 50 8 66 80 79 5 2 90 26 70 82 97 2 57 84 53 34 58 51 49 29 2 44 71 89 44 46 74 2 31 81 28 4 81 56 54 78 47 9 35 23 56 14 8 27 99 74 79 59 100 62 100 58 96 96 92 11 96 100 0 84 100 18 7 65 34 33 54 52 30 82 13 84 67 26 0 1 9 34 29 35 54 19 95 2 60 5 77 58 3 11 16 65 15 13 85 78 66 66 91 72 19 73 73 42 69 40 51 38 42 70 32 44 92 47
80 18 65 40 23 94 7 42 56 58 18 52 9 10 9 92 22 15 64 72 32 73 63 66 28 16 43 90 55 70 16 86 67 55 81 61 49 12 92 45 73 67 51 67 17 5 32 24 58 43 79 15 6 71 70 78 97 17 91 1 15 9 55 7 86 39 9 7 84 44 68 17 54 4 86 55 19 81 7 57 55 22 16 16 77 21 9 48 73 61 93 49 86 7 59 100 98 81 46 94 44 87 61 1 98 14 22 62 27 61 95 47 82 94 84 82 6 58 94 87 29 26 10 41 5 24 95 10 88 85 85 34 31 2 70 10 26 24 5 42 21 41 68 32 46 71 51 88 93 5 79 89 67 93 61 67 79 32 14 59 87 44 8 7 79 73 76 83 33 10 76 86 22 15 91 33 66 86 30 20 15 65 97 72 29 71 50 79 41 43 87 66 87 9 91 5 67 54 69 69 10 16 77 53 78 33 45 90 60 59 54 82 92 2 84 30 7 31 91 23 46 84 33 19 95 64 74 22 11 98 37 72 20 59 55 73 16 28 73 8 62 31 75 66 64 38 46 68 74 26 100 35 21 10 39 93 77 89 48 92 29 13 19 63 61 93 35 43 46 49 19 50 43 11 92 21 32 53 5 46 54 15 44 57 14 34 81 91 12 54 25 27 12 77 97 6 99 30 24 5 25 8 96 73 73 0 84 0 41 61 30 95 31 27 91 12 20 19 98 38 32 42 98 40 19 16 5 49 85 51 56 64 81 48 35 41 69 24 57 70 0 34 83 72 0 10 79 19 16 23 100 90 24 90 15 80 22 88 48 37 35 30 41 43 7 58 62 14 4 34 13 70 28 40 75 96 31 45 47 12 48 52 89 77 71 47 14 88 55 69 40 40 69 36 9 14 68 53 22 15
68 69 23 79 96 43 68 25 14 97 2 64 94 21 99 15 67 34 40 31 65 96 16 53 15 51 37 84 21 5 71 82 84 69 0 36 41 72 1 19 98 68 46 76 24 19 97 25 42 74 35 35 76 37 38 32 62 24 87 82 98 55 88 10 98 84 47 42 89 36 20 57 40 69 94 29 100 54 19 25 11 72 29 9 21 64 77 100 9 62 43 38 28 0 51 83 96 28 70 3 86 43 34 30 98 50 13 88 40 56 92 92 96 11 13 66 87 44 8 0 36 14 97 80 51 27 8 70 34 30 39 64 11 58 74 37 25 41 55 54 34 36 98 16 57 28 24 72 12 22 46 68 70 14 96 90 89 17 92 78 27 42 84 9 64 61 88 10 47 78 35 69 43 19 100 30 55 52 34 31 36 77 14 59 58 62 92 94 54 33 100 1 38 58 37 22 74 16 16 91 92 67 30 8 57 67 67 46 29 16 6 89 50 93 35 80 95 27 36 19 26 43 52 57 72 33 30 42 80 10 55 11 15 87 54 29 83 39 76 51 14 15 43 88 17 73 40 29 4 15 49 95 42 55 11 73 80 54 20 28 13 95 94 100 57 28 41 2 83 63 48 83 66 78 43 56 97 65 13 78 67 46 46 97 0 0 100 25 62 95 4 14 6 77 97 0 8 70 31 40 35 26 46 24 57 38 50 80 78 23 57 0 26 5 94 48 4 72 94 25 20 58 1 47 58 81 6 72 78 37 100 20 51 82 66 10 39 20 60 77 49 33 96 47 68 16 94 13 9 4 46 52 41 7 70 46 46 34 92 61 31 35 94 63 67 40 32 88 72 51 41 11 54 12 94 90 61 62 50 89 79 54 62 79 100 20 99 24 62 30 5 16 89 14 77 26 11 24 22 68
27 35 64 76 35 36 71 61 18 7 84 93 66 58 95 35 40 13 36 47 12 72 92 69 57 6 27 0 28 31 90 56 94 30 30 96 18 64 3 65 91 23 35 69 20 71 8 0 21 95 39 22 66 55 34 61 56 60 69 82 37 28 7 69 2 46 84 4 62 25 57 12 35 22 43 4 47 10 30 48 1 51 26 72 96 43 12 61 49 5 60 90 25 35 29 62 28 32 11 84 42 40 69 78 93 72 50 40 84 67 99 61 55 8 48 75 10 59 59 44 13 87 15 18 83 64 45 87 56 14 69 2 18 20 2 66 100 29 71 11 30 37 82 66 10 53 67 74 62 58 0 5 75 82 74 14 34 40 53 57 30 59 79 75 77 98 13 46 38 53 60 64 17 60 97 40 42 4 68 44 54 39 22 80 6 65 31 46 81 94 51 52 24 55 25 33 53 89 29 10 73 3 88 4 47 58 66 59 1 64 18 80 97 71 51 83 89 26 20 53 16 4 59 44 22 84 17 62 53 53 42 98 63 37 18 54 49 43 84 77 60 46 22 48 18 26 42 36 7 23 88 35 71 42 59 4 46 52 69 23 95 88 40 89 59 30 16 61 36 60 43 25 14 79 36 1 17 37 26 85 53 3 8 78 79 5 2 17 75 32 24 8 31 50 30 65 35 11 89 4 17 42 78 75 14 76 22 48 27 37 91 86 3 4 39 19 24 56 55 6 72 91 38 54 6 40 35 9 17 42 39 92 59 99 48 64 37 1 49 69 74 94 100 84 39 47 29 91 8 86 68 70 58 37 8 11 0 26 59 19 40 57 50 94 93 46 14 100 79 39 37 44 57 73 95 7 33 61 89 85 22 26 35 45 65 79 55 18 90 11 80 5 80 89 30 72 26 23 30 75
64 65 95 58 38 92 22 43 24 57 76 95 60 92 73 65 50 46 56 84 63 82 73 67 63 52 82 26 41 71 85 40 41 26 7 52 43 63 78 40 78 99 20 66 55 30 20 37 34 62 62 73 19 33 96 24 33 9 15 98 50 22 20 53 11 80 65 60 10 91 89 68 90 61 37 42 55 3 59 40 89 87 32 94 3 17 16 13 23 21 28 93 59 100 68 31 25 45 34 29 86 2 40 63 0 69 76 85 48 12 47 71 43 74 77 32 22 9 37 94 90 13 14 63 98 98 73 1 9 92 4 67 15 7 85 58 37 14 83 41 20 15 79 27 38 74 4 61 14 29 39 50 40 34 97 34 47 28 26 86 74 50 38 30 65 19 96 23 23 90 40 70 82 79 100 22 25 65 99 55 17 4 93 25 90 54 17 60 26 63 99 93 34 33 53 8 99 64 56 5 22 1 85 49 10 70 60 17 27 79 100 43 95 77 52 71 1 56 42 47 26 92 84 90 69 91 7 28 0 33 96 56 28 99 62 14 81 100 81 90 80 39 29 63 73 82 42 84 90 63 13 26 42 43 45 97 71 36 12 5 71 87 86 45 10 37 70 3 92 79 93 22 76 87 78 26 94 73 85 27 4 78 92 21 63 31 15 33 49 88 19 18 33 63 59 83 24 25 82 72 100 26 26 64 32 52 58 29 88 60 30 43 98 94 1 22 22 10 95 26 11 74 78 71 71 15 2 12 13 45 53 21 77 19 73 18 9 94 48 6 23 6 21 9 30 34 79 11 34 94 25 72 57 0 84 67 42 58 63 83 84 44 85 14 45 10 54 39 70 11 47 24 90 76 77 89 85 90 23 62 61 86 50 74 18 96 80 15 36 65 78 49 81 96 72 37 3 24 36 43
74 24 60 71 29 25 15 45 90 35 27 58 30 39 56 44 19 81 25 9 19 13 11 73 18 27 74 94 46 74 2 77 96 63 29 84 8 21 100 0 24 1 22 46 35 81 49 29 25 22 71 38 87 15 99 87 4 9 21 61 58 93 1 21 65 38 95 87 86 65 73 82 46 19 44 5 48 90 82 86 86 25 88 99 55 94 66 43 6 72 43 53 43 68 60 6 15 44 56 89 56 81 49 27 26 1 51 96 69 14 77 76 81 59 4 63 51 17 19 63 50 74 3 50 73 29 98 76 98 96 89 21 0 23 54 60 25 75 57 39 87 93 11 70 28 24 16 90 72 43 6 18 23 12 55 68 76 15 2 38 56 16 19 76 97 59 54 98 90 67 55 80 48 51 85 9 50 79 13 58 37 23 86 38 75 13 96 65 5 6 30 68 41 33 50 42 76 19 1 25 63 16 96 49 29 70 33 46 39 68 2 62 69 21 46 12 92 90 91 54 90 53 8 39 27 19 70 80 2 45 48 65 84 83 4 90 59 52 35 62 30 24 8 99 15 91 73 51 78 68 79 59 31 32 37 0 27 12 30 41 73 52 51 71 22 35 31 61 51 38 88 28 84 33 79 95 18 20 58 78 69 12 16 42 71 67 42 48 26 9 78 58 3 99 37 60 58 18 24 62 37 73 1 78 78 49 47 36 60 52 60 82 69 18 14 46 36 60 70 4 49 82 22 18 60 64 68 10 37 3 4 33 89 61 55 88 91 9 53 13 86 50 61 43 23 7 68 63 51 43 44 35 78 17 31 4 44 12 50 0 29 100 15 86 39 97 64 80 66 68 80 49 45 13 41 45 70 59 56 48 91 13 96 99 61 53 57 82 41 67 42 70 52 1 12 59 4 72 29 9
79 70 76 99 22 57 1 65 14 89 36 83 11 17 52 96 99 43 26 73 59 55 11 90 53 99 15 8 62 10 80 85 40 71 98 63 4 99 47 80 63 78 1 15 31 3 39 96 31 56 70 83 4 61 2 72 23 6 26 32 30 74 64 70 70 92 15 34 9 74 6 93 94 78 70 94 17 83 3 12 40 74 83 50 94 52 74 11 42 6 79 51 58 42 28 100 14 88 88 71 59 35 33 39 1 80 13 49 98 89 82 78 4 45 47 40 88 79 23 77 97 27 87 87 40 71 91 55 4 53 75 77 10 42 96 25 14 75 19 100 62 42 56 53 11 54 23 63 66 44 86 46 19 43 63 66 8 40 27 45 41 100 74 38 5 15 44 61 76 88 80 75 13 79 96 82 8 63 7 10 56 100 10 74 35 30 23 62 66 52 24 78 2 39 18 82 22 70 11 66 35 58 70 10 42 38 82 8 32 25 71 62 88 42 18 89 84 69 62 99 42 57 2 22 74 16 29 7 42 4 75 49 20 4 24 12 3 47 41 72 45 68 31 33 88 50 61 90 73 32 15 89 52 66 11 70 80 71 72 46 67 52 96 22 93 19 32 84 2 49 94 0 13 5 77 99 77 71 60 9 2 71 80 69 5 92 90 17 83 48 72 45 86 75 84 15 100 46 36 49 90 100 13 57 78 60 42 75 38 66 98 95 69 59 24 70 10 72 23 36 74 53 3 13 59 57 58 35 98 52 2 42 31 62 42 80 21 79 94 61 62 80 63 25 42 95 60 42 96 51 6 45 3 15 40 35 47 0 6 54 18 26 78 72 77 4 59 73 31 38 11 79 68 97 25 41 75 83 64 6 56 44 20 23 74 57 22 12 4 93 99 100 28 4 19 54 74 16 23 83
99 82 25 21 44 73 83 23 80 35 9 95 31 56 61 4 57 39 48 99 43 66 61 80 63 24 4 91 63 65 24 71 8 28 40 45 50 57 65 19 38 56 92 75 62 73 74 15 31 31 87 0 41 83 77 66 57 67 90 53 98 18 15 68 75 21 66 58 97 82 93 67 55 46 20 0 71 60 72 26 8 99 53 31 84 22 65 22 71 73 85 23 71 88 49 11 19 100 58 80 9 69 83 59 38 95 6 98 96 67 8 54 50 86 13 58 69 96 63 4 41 92 3 31 67 76 65 27 70 67 97 85 79 84 30 49 97 61 65 36 3 28 99 42 97 9 13 95 100 46 88 94 18 56 76 49 99 80 10 39 51 92 68 20 43 15 71 96 21 82 38 21 13 44 31 27 24 39 41 63 64 95 7 56 18 67 77 95 87 86 18 30 39 99 2 71 60 28 0 78 27 80 11 55 37 73 98 71 49 71 74 27 84 0 48 97 60 14 90 59 47 77 97 2 52 22 6 9 51 56 10 86 49 86 76 6 53 84 10 34 41 20 21 1 84 56 27 75 16 21 86 24 44 69 92 62 61 20 21 45 65 41 88 76 33 95 27 18 83 81 35 82 42 4 23 3 2 54 13 35 15 17 69 30 72 20 96 55 16 89 97 100 31 58 65 58 79 18 100 97 18 63 2 93 52 87 43 15 16 58 49 18 86 31 68 94 68 21 53 61 95 4 39 51 33 85 96 80 74 30 65 4 77 66 5 94 54 53 16 16 81 68 29 67 38 15 37 41 50 6 61 4 10 85 58 42 65 95 21 44 5 37 84 34 18 94 24 50 26 15 77 94 82 15 18 70 26 42 91 25 17 42 68 25 2 59 51 58 85 90 35 14 7 83 11 58 75 62 33 79
2 94 75 11 98 38 87 27 26 64 65 13 12 81 100 21 13 5 63 37 9 96 77 67 7 35 79 13 62 14 62 50 11 16 47 25 10 57 39 74 93 37 36 16 10 49 15 26 63 81 19 23 80 30 31 1 47 10 44 50 58 21 18 62 48 81 16 49 13 40 88 14 33 46 57 93 86 93 100 26 44 54 68 32 68 12 44 39 23 41 51 4 0 52 31 89 68 41 29 23 78 16 23 10 85 30 99 68 67 85 0 73 73 93 77 97 26 26 84 85 41 31 65 79 23 100 100 29 87 9 71 9 69 64 2 89 4 33 68 70 69 20 36 59 30 99 2 43 98 83 38 86 66 3 38 25 43 67 20 81 30 14 18 87 49 51 98 19 25 82 60 22 55 24 72 48 56 8 27 31 77 27 45 90 53 13 74 67 61 1 64 15 53 14 24 67 42 56 52 29 46 86 1 3 32 39 40 44 62 56 16 85 51 16 81 13 38 97 81 56 22 63 1 21 68 92 22 61 82 68 53 46 72 0 84 79 74 60 95 91 14 54 88 25 56 66 50 45 6 42 11 69 27 2 70 82 23 5 57 75 45 28 27 86 36 74 88 43 30 57 57 45 26 92 6 19 50 93 90 53 35 64 60 53 87 0 58 36 9 52 14 98 94 27 39 91 66 58 71 11 33 52 0 86 85 2 89 92 77 51 91 5 41 25 21 77 39 29 68 73 93 34 75 47 38 6 20 24 26 63 23 93 21 73 37 68 95 42 49 72 20 82 36 11 12 3 50 65 56 21 79 52 33 68 52 54 88 99 94 75 70 31 28 29 55 89 22 100 47 94 20 87 40 69 16 2 89 0 86 16 56 87 36 77 78 4 98 53 14 47 79 66 95 76 94 31 31 62 41 11
0 17 14 81 54 90 91 30 26 76 78 89 48 69 46 83 7 100 6 40 29 39 36 96 66 98 68 23 33 87 10 96 20 3 98 8 57 47 51 69 26 50 95 52 30 35 61 5 48 71 22 76 9 44 57 12 7 41 73 95 17 84 31 68 84 70 40 25 8 46 78 13 3 65 13 21 37 46 52 32 66 9 24 31 86 76 78 20 1 42 77 27 94 21 26 68 31 31 92 74 49 82 86 21 99 65 10 64 9 40 71 12 76 7 35 65 69 25 7 5 88 93 97 92 42 44 17 12 11 87 70 21 32 100 29 24 71 0 60 10 80 38 41 83 61 48 57 15 93 36 50 75 79 58 49 34 93 50 87 54 20 64 17 50 90 84 18 39 2 86 67 59 37 4 70 58 82 30 90 98 75 14 50 76 43 18 45 70 67 61 33 34 36 2 54 94 20 49 39 65 20 51 42 51 94 9 28 29 66 15 83 94 75 97 2 0 16 12 87 91 70 10 58 92 34 10 2 39 33 1 98 31 68 79 4 98 72 25 40 60 23 54 58 22 83 62 99 9 55 44 34 50 89 75 69 53 60 67 100 56 73 31 9 98 48 73 13 99 47 70 12 16 97 11 50 100 84 43 95 20 17 88 99 82 55 100 76 89 24 36 68 99 13 70 79 6 8 7 22 13 65 85 75 18 95 70 29 7 16 76 36 49 83 86 83 99 1 8 84 78 92 83 90 17 52 51 65 42 52 11 15 19 35 4 6 47 5 9 75 38 34 60 94 13 19 18 53 100 60 100 44 4 8 87 84 32 76 53 38 52 2 30 12 21 14 94 39 67 82 92 9 45 9 90 20 82 72 44 68 65 53 7 96 96 23 8 80 75 71 24 91 84 99 13 29 86 60 90 79 46
36 4 25 61 5 41 62 71 90 3 1 30 99 10 34 89 95 61 27 80 21 98 95 46 69 91 41 54 20 76 43 30 76 16 86 93 13 66 47 15 32 61 3 79 65 95 4 60 63 16 91 20 44 8 77 47 23 27 47 30 60 22 98 49 17 10 58 23 48 52 30 76 31 57 17 18 62 41 81 91 73 88 87 32 57 83 0 90 56 49 31 37 91 39 69 18 90 63 76 22 8 82 77 4 93 6 52 2 92 83 95 15 96 75 14 66 30 30 20 31 31 84 56 17 94 15 30 8 47 25 55 31 21 38 100 31 61 24 90 97 72 79 57 19 36 49 24 73 47 91 12 42 14 4 96 62 65 11 32 18 42 85 14 73 92 71 3 85 15 67 4 11 27 16 61 34 53 64 45 61 2 91 8 6 14 45 42 12 97 100 50 62 42 96 54 73 89 87 5 63 58 36 48 96 22 97 47 82 68 58 78 30 56 49 19 65 45 25 34 78 72 70 6 6 42 5 87 15 17 63 2 60 27 19 13 80 89 81 90 94 69 31 45 26 15 14 53 74 36 40 56 19 12 47 56 58 23 20 93 87 57 43 46 68 14 64 79 87 98 72 35 63 14 92 67 2 76 54 54 8 12 68 81 75 51 67 61 68 37 31 31 94 29 76 97 8 32 84 40 70 7 65 41 17 84 52 86 92 14 30 44 33 21 30 31 23 6 97 44 21 66 81 72 71 4 86 33 76 14 32 70 10 37 2 25 37 0 24 15 26 64 95 47 39 17 65 91 3 84 82 32 13 95 100 100 22 50 21 72 74 65 47 74 18 28 51 14 20 67 66 2 72 14 32 56 100 74 68 95 3 79 35 80 74 40 29 38 19 78 63 83 65 24 14 54 14 80 96 26 95
25 31 67 0 23 84 42 50 58 89 17 32 32 86 40 80 19 62 89 12 81 97 15 41 1 38 45 63 80 50 64 14 93 68 60 23 42 100 10 35 25 36 48 98 37 32 95 36 4 29 35 50 31 67 94 29 63 4 43 84 100 47 87 39 24 8 23 53 58 42 82 97 48 64 1 57 55 80 37 89 100 33 10 45 48 76 15 49 83 33 2 90 84 15 30 60 30 53 1 82 60 97 40 7 93 76 5 5 87 82 18 76 54 73 11 22 20 45 57 34 87 99 63 80 27 20 45 100 24 65 19 50 77 77 17 50 34 47 14 97 71 97 84 39 49 78 90 23 95 48 100 14 95 82 61 90 61 45 68 12 61 95 7 78 43 33 41 98 52 23 33 66 85 88 8 61 6 87 21 3 44 87 8 89 26 48 57 14 99 85 61 31 38 89 33 98 100 42 32 47 89 65 62 38 1 70 79 36 42 51 14 88 86 64 45 5 94 44 18 77 71 67 69 79 62 64 44 74 32 97 85 26 1 53 2 24 65 52 82 24 63 34 48 59 15 59 96 100 92 90 6 46 70 61 36 7 23 81 96 56 27 72 81 2 96 25 11 100 41 25 100 47 64 29 58 39 13 46 100 31 45 14 7 93 73 15 21 81 82 8 56 61 1 24 76 43 2 29 92 13 46 27 41 49 73 44 22 67 18 82 75 51 18 34 74 70 98 13 15 33 37 94 15 67 8 9 100 99 44 30 8 56 99 50 76 82 44 55 57 72 67 55 31 72 71 9 20 27 55 52 11 11 91 70 49 19 97 44 97 35 28 44 71 41 87 55 93 35 43 98 4 58 13 60 73 21 64 98 11 5 91 3 63 40 22 54 1 57 10 21 75 68 44 46 18 78 100 34 7 46
97 39 90 43 67 69 61 93 96 78 56 99 85 5 16 56 80 100 84 36 76 27 73 60 100 46 67 65 99 97 21 48 44 16 11 6 15 64 11 89 88 7 10 35 8 10 40 40 53 56 95 90 38 87 8 99 6 97 44 16 8 51 13 81 14 11 39 44 59 55 74 38 41 51 46 81 43 53 40 88 36 6 43 97 58 46 55 93 53 60 99 10 17 91 7 86 58 85 24 27 80 11 56 28 49 88 23 40 34 1 17 7 11 49 22 82 46 66 72 93 81 76 55 91 71 32 74 31 18 11 76 14 38 90 47 95 7 12 81 68 99 38 2 91 100 78 19 43 99 49 7 49 20 16 20 72 31 86 22 75 26 5 26 59 63 86 61 9 21 31 5 33 39 5 40 65 18 59 25 67 16 93 38 41 90 17 33 83 31 27 32 1 6 87 20 15 88 98 4 58 91 51 9 65 26 56 39 0 54 27 89 95 99 100 53 79 62 94 62 91 14 44 77 83 61 47 56 14 93 96 31 89 13 63 3 45 51 15 29 61 39 14 6 9 39 70 24 66 52 21 9 62 30 15 37 35 16 80 85 16 9 85 50 60 83 36 59 2 7 22 92 47 13 45 60 33 62 47 4 68 71 13 20 71 14 45 10 42 89 77 3 57 12 57 72 73 78 69 58 12 78 10 97 43 70 89 0 44 44 72 100 90 40 19 68 27 38 11 46 1 49 36 33 7 33 67 74 11 12 99 44 81 6 77 76 67 55 21 87 29 1 59 65 71 12 64 8 13 85 30 57 36 40 86 55 48 20 41 7 48 50 74 63 57 72 73 43 63 11 50 38 88 55 77 49 89 60 21 55 96 18 26 15 98 10 94 100 32 87 6 13 9 44 48 76 39 87 20 66 22
57 35 89 15 5 5 79 8 67 8 98 99 73 60 8 7 90 67 53 35 17 27 32 18 85 6 41 69 36 86 20 21 92 26 1 60 21 37 54 31 37 16 33 90 87 96 68 16 93 84 89 3 51 3 11 92 35 26 0 64 78 94 87 59 20 60 38 34 56 18 32 4 82 85 2 86 13 62 94 76 10 31 10 6 66 90 14 24 85 87 3 41 91 100 7 97 51 44 88 44 57 94 0 32 8 54 16 5 76 77 89 47 19 77 87 19 79 29 52 43 28 18 88 95 90 38 85 96 75 88 24 86 79 91 50 60 69 67 3 7 10 63 5 75 5 31 89 11 34 62 56 82 41 33 65 11 7 97 66 54 7 44 75 0 97 9 25 64 32 17 45 19 62 41 57 67 94 68 82 55 1 10 76 100 29 31 57 100 43 42 78 80 74 73 16 24 93 9 44 44 74 46 100 75 32 99 5 47 51 50 83 73 99 97 73 25 25 50 18 8 37 75 90 69 34 73 41 37 19 63 25 76 13 29 5 82 81 39 93 99 76 25 50 77 0 41 86 78 69 36 29 67 36 17 5 31 22 5 64 97 84 44 64 70 98 13 3 31 94 26 35 79 57 66 22 63 57 21 95 29 50 64 55 47 10 26 28 82 62 53 20 67 96 99 16 88 7 73 90 10 80 25 93 27 73 38 93 77 92 96 97 1 10 78 36 32 38 53 33 37 66 25 75 100 100 26 19 90 47 80 45 48 76 67 8 95 62 41 89 66 98 55 38 76 62 29 70 27 30 37 27 63 91 48 55 72 19 70 47 48 31 25 46 61 81 73 43 61 39 35 3 37 94 73 27 89 10 47 32 1 84 93 55 30 63 29 24 99 18 56 60 44 28 73 56 73 9 24 69 48
1 4 46 17 63 0 59 74 90 91 34 59 12 39 31 5 10 64 41 7 2 15 45 32 1 45 24 83 14 24 0 14 15 66 47 33 11 46 34 25 58 84 35 7 61 18 59 35 44 16 0 86 85 89 53 66 16 11 63 60 99 82 80 35 26 66 89 74 84 87 95 78 32 39 56 34 82 26 44 2 43 70 79 19 7 89 52 42 95 51 48 74 94 83 14 0 28 83 62 82 87 9 27 44 46 95 24 93 53 12 87 21 42 44 73 70 63 76 27 43 23 22 56 54 28 73 40 31 75 58 15 97 54 98 27 90 63 69 73 47 25 79 93 90 74 94 41 16 40 21 90 93 36 82 60 32 60 65 99 61 22 39 88 6 70 92 10 37 22 48 59 65 32 24 49 11 95 56 15 1 84 18 34 40 47 31 28 59 40 96 98 38 27 50 42 30 32 95 44 98 27 37 0 85 67 98 70 71 87 66 31 54 9 23 53 21 12 99 59 81 84 78 33 37 65 100 19 19 47 100 36 28 11 84 63 92 54 67 59 3 94 17 29 35 37 16 77 72 43 40 33 25 1 37 41 3 58 27 23 48 5 64 76 51 1 44 57 1 62 85 71 49 81 82 19 94 99 47 71 76 80 5 72 90 89 29 97 21 82 82 9 40 60 96 41 33 75 67 37 61 76 12 57 95 53 8 81 95 10 98 8 61 0 68 15 94 55 60 53 91 75 76 71 62 11 90 91 51 49 31 40 44 46 50 81 58 99 25 9 16 32 16 58 59 75 8 5 32 8 62 57 62 20 58 39 31 98 11 65 61 2 84 49 19 31 9 68 3 59 70 9 91 27 67 3 99 78 28 72 38 9 50 59 74 3 32 74 80 5 92 7 29 69 21 60 79 55 14 28 1
86 89 34 97 87 82 53 63 62 36 45 4 4 17 30 58 28 2 62 71 37 42 89 22 56 53 43 55 87 0 20 68 11 47 51 84 78 67 20 3 76 24 50 24 34 64 82 46 34 64 14 99 37 71 25 75 61 7 44 66 23 51 93 83 46 2 32 70 89 69 92 16 13 76 17 4 79 29 64 79 93 8 99 89 5 95 15 71 51 87 9 90 32 91 80 68 81 84 1 50 81 77 17 69 98 35 30 74 51 85 81 2 9 77 84 32 9 35 89 17 33 50 8 68 60 31 57 85 2 82 85 7 50 81 46 63 46 70 87 64 86 0 72 51 86 80 80 64 50 64 65 74 95 8 70 72 75 27 89 21 24 25 98 9 54 45 45 2 23 31 83 9 29 98 32 11 98 59 37 73 43 46 86 35 50 14 61 13 39 1 40 21 90 8 64 27 61 45 19 54 12 21 13 6 45 83 43 60 64 9 18 52 71 56 11 0 7 45 0 86 62 52 16 94 27 32 39 74 47 6 42 92 2 20 78 85 7 64 43 90 88 86 12 41 91 9 42 43 92 47 74 46 94 31 8 7 48 92 10 20 29 7 72 87 12 52 37 15 57 37 49 49 4 94 65 71 93 83 51 5 10 36 75 57 88 14 20 93 15 35 6 42 8 98 40 73 53 72 86 52 3 56 98 68 58 58 42 23 32 63 5 9 8 12 71 77 98 63 88 71 93 83 66 38 5 49 48 16 16 93 13 59 37 93 67 15 71 18 89 6 14 12 11 51 60 44 94 17 35 2 80 71 28 40 8 18 22 24 71 74 57 87 89 8 19 17 65 38 42 30 12 48 69 87 92 3 10 72 67 49 12 40 85 90 64 55 39 21 93 44 2 55 94 63 13 55 57 23 12 42
35 67 2 93 80 53 19 44 16 93 12 39 53 44 13 48 15 64 38 62 24 19 6 54 86 21 99 89 18 16 49 11 1 8 39 41 38 27 16 14 95 30 57 21 67 74 62 58 22 98 72 52 83 67 9 31 45 28 81 9 100 68 100 75 32 70 4 82 1 28 49 44 89 6 68 72 53 96 41 58 17 38 62 8 25 64 1 91 94 70 41 29 48 68 3 46 85 9 70 80 23 62 2 7 67 74 94 87 49 52 57 55 70 34 3 19 45 2 67 16 44 65 97 16 99 84 89 55 89 60 62 3 4 19 95 80 18 23 24 80 7 69 37 85 70 88 61 58 66 99 46 89 65 58 45 42 13 42 44 6 44 99 82 32 97 49 97 89 4 80 78 44 41 47 26 3 6 1 23 33 6 23 13 56 8 84 7 6 51 57 61 97 5 18 99 11 84 82 6 9 5 2 71 64 54 30 54 16 7 54 97 67 13 47 42 5 10 22 90 29 13 62 61 33 87 3 70 30 98 60 80 32 100 36 20 37 44 11 89 71 97 64 23 48 35 38 63 96 86 32 84 81 87 93 7 33 5 70 15 39 20 30 71 47 94 67 68 10 9 85 52 45 66 44 87 60 71 95 5 67 38 64 40 100 5 84 28 72 22 55 71 60 5 15 52 46 40 88 85 56 30 73 13 32 16 83 42 99 28 63 58 88 70 41 79 69 33 48 88 10 5 38 97 30 27 92 84 84 20 42 79 16 72 18 10 46 50 47 86 90 10 2 54 20 52 36 79 7 29 21 28 31 28 73 85 83 59 0 4 74 93 53 75 37 34 30 51 88 9 25 10 13 72 12 31 1 66 5 83 13 54 92 22 85 13 54 53 25 53 26 98 50 77 37 21 20 88 35 18 2
4 95 94 100 65 52 23 15 49 72 16 78 6 86 49 24 32 59 87 31 71 31 83 76 37 99 56 74 11 73 11 84 87 24 0 72 81 30 88 40 88 27 72 22 51 49 61 42 64 8 89 22 57 23 25 87 9 52 88 58 44 98 21 23 96 14 42 65 36 40 32 63 57 2 13 36 61 24 22 97 56 41 38 67 16 83 23 53 10 28 5 86 86 29 53 42 16 100 91 80 15 52 58 14 80 55 6 0 77 23 48 76 92 64 61 23 30 55 88 23 76 83 81 73 99 13 11 85 87 99 25 2 50 72 20 74 11 16 33 11 84 56 53 34 40 97 95 58 88 92 11 50 12 29 46 84 16 53 90 74 86 91 92 35 22 86 74 91 64 99 66 77 61 13 78 46 84 59 16 77 50 65 27 94 80 18 11 24 42 23 83 100 29 78 42 17 87 60 81 29 30 57 81 2 13 64 81 17 30 6 34 80 80 75 36 67 0 28 26 14 55 72 36 79 92 45 18 55 56 0 48 15 45 85 68 61 94 64 92 52 80 50 94 33 16 30 14 87 39 86 26 65 4 82 23 15 62 43 39 55 71 96 53 31 56 60 66 22 26 73 33 27 27 6 22 65 61 49 13 30 49 92 40 23 29 8 10 59 1 43 12 94 74 59 96 56 81 76 65 59 68 84 89 94 15 41 24 10 8 20 9 81 7 39 3 86 85 22 48 61 41 51 88 45 1 74 93 44 74 82 6 87 3 63 92 61 43 27 80 69 86 15 35 13 90 14 20 19 27 60 96 69 48 38 43 27 44 9 93 39 58 5 69 57 88 14 30 74 13 99 5 58 58 18 80 92 49 65 47 10 87 24 23 3 81 6 71 19 43 17 41 12 65 82 58 44 66 100 32 32
92 18 58 82 55 34 88 59 5 93 27 62 30 52 86 31 22 65 14 33 36 79 81 59 60 40 53 16 68 99 72 17 85 56 23 34 58 11 34 38 3 29 57 43 29 49 16 86 83 81 32 57 32 90 16 52 100 75 100 97 84 40 86 61 33 87 82 32 96 12 70 29 36 60 23 56 57 12 76 9 46 3 0 20 53 74 38 53 52 36 74 72 84 8 24 10 42 38 75 41 40 36 37 14 14 67 1 76 74 21 100 34 21 31 44 27 60 1 63 64 81 92 6 31 99 23 66 5 35 96 67 89 48 45 65 30 64 99 45 35 38 88 48 98 68 41 29 88 73 58 79 93 1 93 73 56 1 34 62 30 84 59 76 74 84 72 77 20 31 78 75 66 32 100 70 64 71 80 83 54 19 36 53 11 13 98 25 2 40 6 74 20 46 31 64 77 23 0 59 66 58 10 77 26 50 91 65 87 100 31 44 90 41 61 54 85 93 85 17 36 38 61 66 77 39 95 56 51 59 8 69 76 14 52 46 31 100 39 85 7 70 95 28 29 82 31 15 10 92 41 15 41 4 86 54 90 14 1 57 90 23 16 89 16 29 28 28 98 57 99 30 66 64 92 32 3 26 20 7 78 84 21 44 75 75 11 87 11 17 33 66 9 22 15 85 35 76 2 63 100 77 88 57 38 48 87 0 7 41 9 71 61 82 79 58 89 72 37 75 26 48 46 26 98 67 42 56 52 95 5 87 28 75 8 25 93 95 52 54 1 82 84 21 99 36 24 28 84 43 38 6 57 49 83 39 18 19 3 26 58 100 5 63 97 49 73 23 81 80 13 81 55 31 84 92 53 4 59 22 11 90 62 0 80 49 43 60 65 90 22 36 91 7 61 71 91 42 60 12 65
68 73 12 57 49 6 89 91 43 44 70 99 5 78 43 67 81 43 9 36 15 37 78 95 43 83 44 10 20 88 72 36 32 6 38 97 90 79 71 91 52 98 96 58 31 31 52 59 96 53 74 88 47 57 57 27 8 47 3 84 22 0 84 67 55 46 45 44 40 46 67 97 60 28 3 86 30 95 8 43 58 74 45 79 23 75 86 39 51 7 29 94 13 25 78 52 45 58 81 21 27 33 40 50 53 17 100 18 22 38 96 67 85 80 11 91 54 72 4 27 80 88 77 49 35 87 71 16 90 46 28 39 0 34 56 90 15 53 67 6 11 99 40 37 83 62 43 26 16 90 65 23 31 3 77 26 92 45 6 36 64 4 0 21 72 6 89 64 57 92 32 78 74 70 68 43 50 91 49 71 31 30 72 24 30 91 57 11 96 41 27 13 12 6 18 27 82 6 85 20 11 2 67 52 98 2 45 16 76 98 52 50 4 89 95 38 33 35 75 45 18 82 26 34 64 33 46 96 38 32 64 31 60 12 62 47 31 7 22 35 81 88 39 2 82 100 24 49 75 73 30 40 74 50 30 25 26 11 24 74 7 73 68 20 46 7 32 74 7 30 61 36 92 2 19 7 52 63 21 50 2 44 67 53 28 0 28 17 17 75 5 98 63 15 97 47 91 69 62 41 99 50 22 95 81 92 69 92 26 81 99 98 14 53 32 59 56 80 73 73 48 75 14 25 24 71 54 27 69 43 9 41 26 78 92 16 31 14 8 71 9 78 14 72 16 10 12 32 31 18 85 39 84 9 50 42 37 32 39 61 28 85 8 68 16 99 13 11 94 21 6 57 30 97 7 74 6 27 99 86 11 63 5 18 43 40 2 62 54 2 15 71 27 94 21 8 36 50 98 99
23 21 94 2 19 4 25 42 5 20 9 87 97 61 96 85 39 44 23 45 68 9 61 34 76 58 53 4 97 41 38 38 1 72 91 68 3 40 12 95 72 59 54 72 8 53 22 14 97 35 10 37 12 46 87 22 45 5 49 97 83 67 33 34 48 13 2 95 36 0 46 47 74 86 73 56 15 29 5 56 5 83 33 95 29 64 19 49 14 23 21 45 53 75 95 94 73 20 64 58 90 78 84 23 73 95 27 27 20 99 99 9 54 34 57 15 24 46 95 99 0 5 93 30 44 57 43 12 2 100 70 18 29 74 79 51 36 46 61 64 81 19 25 55 49 71 4 52 91 35 74 98 26 80 78 71 82 5 30 66 21 20 80 29 17 48 35 79 31 2 83 7 4 7 97 68 72 39 51 13 30 29 4 65 65 84 46 20 15 20 59 80 86 38 1 94 1 2 97 5 13 42 23 49 47 88 85 53 80 45 10 68 31 49 32 51 53 60 72 66 98 41 100 53 99 33 19 43 31 80 20 26 66 71 0 40 82 20 53 26 26 19 58 1 51 17 94 80 100 22 40 39 43 34 88 46 13 31 78 95 59 99 32 99 80 5 31 2 81 40 59 19 16 28 49 70 33 84 1 32 98 68 47 42 2 83 55 96 22 0 74 28 0 52 31 63 54 30 65 27 25 83 47 29 6 39 94 54 43 42 48 87 22 2 56 56 12 90 87 99 45 85 38 14 86 74 7 27 88 66 64 18 81 84 3 80 87 45 79 78 24 46 8 83 5 100 24 44 74 37 32 87 25 73 82 20 18 50 6 16 26 73 76 70 23 59 23 99 43 85 6 96 96 49 18 40 68 18 85 85 42 94 91 49 59 69 89 88 48 37 75 49 58 61 50 27 45 38 12 58
55 51 88 74 39 69 18 50 80 67 79 94 75 45 33 87 30 42 71 2 19 93 100 89 49 16 82 88 19 23 58 30 26 62 46 4 79 98 49 60 50 97 23 23 59 49 19 35 67 54 9 81 10 96 66 28 83 18 84 35 92 66 91 28 11 99 78 25 3 56 70 95 85 44 77 0 10 90 89 14 3 95 75 45 51 65 65 74 69 59 57 19 38 13 27 93 78 85 3 12 61 5 74 75 17 80 97 70 82 59 63 73 39 2 87 86 98 80 72 58 15 95 77 31 97 44 48 57 56 42 55 27 77 93 27 11 90 28 66 4 87 92 15 27 77 78 30 41 55 25 17 95 17 99 40 34 95 61 2 9 34 90 75 64 79 79 97 53 73 55 85 75 46 93 82 99 81 91 82 88 14 43 75 10 75 29 21 33 73 53 92 41 47 37 21 24 75 88 81 35 71 29 54 19 55 51 97 73 13 18 74 38 29 33 3 66 13 52 46 92 38 60 25 11 80 0 75 29 96 100 98 23 45 30 77 75 82 94 84 95 43 72 34 90 17 58 23 58 15 97 55 11 77 60 90 74 28 71 46 7 98 20 49 32 81 88 13 94 33 13 31 95 88 94 48 40 50 10 92 32 25 82 48 35 72 96 60 86 38 97 56 28 10 45 0 72 27 62 53 11 91 64 19 55 40 60 62 26 54 29 58 23 1 7 98 43 16 22 63 39 37 89 36 51 27 57 48 32 26 7 9 61 76 96 8 45 22 86 42 78 51 23 47 59 27 14 29 12 42 96 79 32 66 67 56 7 94 45 25 19 4 68 49 77 87 54 89 89 57 62 70 15 61 98 91 66 9 93 86 1 83 53 23 25 94 37 22 76 70 98 7 38 91 32 23 77 28 5 91 53
37 14 37 16 53 63 56 58 33 13 29 2 98 25 2 91 66 76 50 21 80 14 28 20 62 98 41 21 60 29 77 18 68 28 25 69 46 42 3 12 95 9 19 75 16 25 47 65 75 55 54 75 39 58 2 87 94 88 92 68 96 63 75 8 53 84 0 92 4 26 32 81 58 71 81 58 87 80 96 61 58 86 15 26 86 82 74 50 78 83 1 76 81 41 37 55 65 70 49 92 72 37 10 52 8 86 90 80 82 44 53 36 36 32 97 51 81 100 62 80 75 70 8 22 19 46 0 60 79 41 99 6 94 68 82 51 9 2 16 40 59 40 83 66 4 7 64 80 77 13 61 21 28 80 34 85 18 42 93 54 6 4 49 71 45 6 83 78 57 9 38 86 72 6 37 7 99 86 64 64 54 47 54 34 38 49 26 48 10 53 42 1 28 7 100 9 72 48 58 12 18 87 98 84 12 23 14 26 17 36 31 85 48 61 89 48 96 34 9 84 91 42 37 37 1 90 51 29 76 44 82 92 96 55 77 56 29 0 52 22 79 14 26 83 90 63 13 53 68 80 31 38 56 32 77 6 31 86 20 25 82 33 39 80 34 69 91 15 41 2 25 96 9 37 36 49 96 85 22 96 0 51 58 11 10 76 99 65 27 100 81 59 36 35 96 57 84 29 67 61 25 84 11 49 48 16 18 44 38 23 85 8 70 6 1 59 82 70 0 46 97 91 91 80 9 69 9 100 34 55 73 49 72 78 20 40 96 14 95 100 98 24 64 17 20 99 11 40 65 97 47 32 11 50 41 50 60 5 73 26 23 15 84 86 13 42 69 0 58 56 14 85 54 49 36 52 54 53 60 22 29 98 100 32 21 79 89 35 87 41 29 80 83 79 47 78 92 88 21 34
96 84 80 15 84 90 42 41 70 73 11 67 2 50 81 62 61 48 58 54 53 69 58 64 25 86 26 94 61 54 85 33 13 49 25 45 44 98 82 13 10 19 22 60 87 52 45 23 88 6 1 12 86 72 54 48 32 25 45 81 60 66 77 89 89 32 100 45 33 33 91 92 55 71 40 98 30 64 20 3 15 97 94 80 80 33 94 35 6 12 78 26 73 5 5 47 86 85 72 13 30 31 60 47 81 75 36 42 59 37 65 13 55 9 38 2 21 51 47 75 43 75 28 99 70 69 61 42 53 1 70 6 60 26 31 5 9 47 11 19 43 18 90 23 17 90 64 56 45 28 19 15 59 31 99 5 0 91 97 26 25 7 25 69 56 78 20 76 88 63 55 20 11 96 68 64 14 27 12 1 38 9 10 63 37 81 51 8 46 66 21 29 4 64 71 43 34 98 36 28 94 38 38 46 0 73 91 14 9 92 35 2 5 23 21 7 16 4 29 58 33 62 18 24 58 31 89 88 19 1 34 4 8 83 60 79 32 45 63 96 6 93 95 79 87 71 86 96 21 73 58 9 38 46 22 17 28 11 6 73 1 87 9 86 91 69 17 26 20 23 65 13 26 33 83 3 80 76 62 51 16 18 69 26 75 9 81 78 27 46 25 94 25 35 74 7 79 93 91 47 0 47 7 93 35 27 85 18 27 59 87 18 100 28 21 58 26 53 57 89 96 51 83 6 19 69 47 77 69 69 54 32 42 16 39 66 50 79 58 43 84 31 42 36 0 15 62 47 77 100 89 70 73 43 42 17 80 58 80 6 6 57 30 35 29 24 94 67 94 12 73 25 74 98 71 34 75 54 1 43 16 55 4 61 63 41 14 90 7 71 45 51 71 53 31 44 21 30 66 74
92 65 84 95 98 58 87 30 5 31 45 95 91 8 38 56 43 12 9 81 46 76 25 24 91 58 68 92 90 25 45 49 19 34 39 66 94 35 38 81 55 25 49 37 7 79 45 57 85 83 54 49 90 61 83 86 44 3 5 19 2 73 55 87 47 17 77 84 46 82 2 88 47 68 5 88 8 95 30 80 43 24 58 86 63 43 69 23 48 77 68 95 55 64 26 76 92 26 51 37 64 14 8 36 87 76 98 59 91 49 55 11 96 98 32 73 40 68 45 94 92 21 44 46 61 30 32 50 43 71 65 14 2 80 65 63 20 70 27 83 45 60 55 83 70 70 78 91 75 61 75 49 14 42 56 27 41 55 85 85 78 93 91 46 67 88 3 43 67 86 78 90 89 50 94 31 79 47 99 80 58 32 11 59 41 42 24 39 39 41 69 14 53 60 83 94 77 58 74 95 16 36 80 22 74 19 72 35 58 75 98 70 28 8 2 11 7 88 34 91 86 32 38 50 49 50 0 10 50 44 97 97 39 87 70 2 56 86 57 92 38 43 25 52 72 40 95 88 48 45 44 14 81 29 71 5 60 2 81 32 86 8 12 95 64 38 7 56 36 39 46 92 70 17 3 70 74 24 60 21 57 22 80 92 90 25 43 68 47 75 48 95 55 66 60 32 45 100 41 85 20 86 38 75 86 13 29 9 52 12 37 26 43 100 93 69 42 82 25 49 76 65 67 29 86 6 7 14 61 40 80 82 92 88 66 22 51 60 97 80 25 52 74 25 22 37 44 37 18 34 9 5 59 33 32 92 59 82 18 4 44 46 22 18 92 18 26 53 97 88 67 65 35 3 88 30 35 93 23 20 98 96 73 52 95 36 28 8 76 77 92 6 1 64 34 32 36 30 32 75
60 84 52 17 3 8 49 2 81 10 37 3 35 83 77 39 49 48 7 13 55 36 79 82 59 66 84 51 54 71 98 38 31 39 77 31 57 66 7 55 48 31 16 5 36 65 91 37 21 53 64 70 17 48 47 57 85 90 99 84 11 34 35 21 81 71 66 5 3 27 88 13 64 51 72 91 71 71 90 63 14 1 3 71 94 20 25 18 77 70 71 17 66 45 20 52 52 7 83 29 27 18 82 19 50 84 76 43 9 85 51 82 58 88 64 81 15 56 8 90 11 29 78 44 71 1 7 28 98 98 50 34 12 47 29 55 70 44 65 86 38 79 22 40 46 82 92 16 1 82 10 19 68 70 34 79 33 99 98 86 88 51 15 92 24 28 11 17 92 72 65 3 94 3 61 7 69 72 18 55 97 44 2 23 40 53 86 38 66 85 46 17 99 84 28 87 45 38 15 3 0 79 13 50 3 28 74 91 2 0 43 8 2 83 64 2 25 82 70 46 25 30 25 63 20 31 68 14 63 6 72 66 74 22 15 55 15 48 18 43 76 33 62 0 53 66 91 51 36 87 58 37 72 35 89 88 20 48 24 74 46 92 43 84 42 33 93 9 86 91 65 87 72 95 21 55 79 5 20 45 21 98 70 55 4 7 19 62 78 13 47 85 42 48 66 95 39 7 27 39 9 85 80 95 24 12 45 58 7 46 11 43 75 91 30 82 5 71 93 93 40 48 55 100 62 92 8 54 25 72 17 32 19 66 68 84 65 46 48 63 78 68 59 63 65 49 34 78 83 42 5 9 3 87 66 59 9 56 0 1 89 4 18 6 2 75 52 32 19 89 35 26 57 86 93 22 8 16 83 87 81 47 12 69 67 72 11 4 26 52 38 0 71 62 5 44 90 77 14 41
57 39 5 37 2 43 23 7 48 47 42 45 68 23 18 86 18 74 19 95 36 41 22 15 11 6 15 11 96 25 85 79 78 36 62 10 15 60 94 42 57 98 50 91 82 100 6 41 97 87 34 30 93 13 98 25 55 78 5 67 23 2 78 11 97 63 63 76 96 70 90 95 43 25 35 9 54 66 30 22 65 84 84 60 39 33 81 81 31 23 70 88 82 65 12 100 55 52 37 90 90 8 16 75 31 79 88 29 85 77 19 77 61 83 94 13 3 69 60 37 82 43 57 67 8 19 58 98 66 7 80 68 22 27 78 71 74 87 65 100 71 18 79 93 28 94 32 22 77 68 33 93 1 85 42 24 49 22 84 49 94 26 97 12 67 86 91 93 54 88 73 37 92 41 33 29 75 14 74 40 6 12 30 90 42 15 75 5 25 25 83 53 4 4 83 12 95 87 72 64 18 99 8 92 42 7 36 66 34 11 42 5 76 97 21 34 75 24 76 52 40 26 66 80 57 56 17 78 10 27 8 98 24 4 37 86 65 89 51 74 71 25 12 75 19 33 82 28 5 32 67 17 58 14 16 26 58 46 56 1 53 40 21 59 8 36 72 80 47 79 88 84 81 33 82 6 18 49 13 19 11 65 50 29 69 74 62 28 96 13 6 46 84 48 75 61 50 38 35 44 75 72 29 85 44 11 97 27 78 38 93 94 4 19 99 27 15 84 5 29 9 95 85 47 24 7 92 62 98 45 1 72 56 44 48 89 0 36 38 35 61 30 10 2 10 51 92 79 100 92 91 46 66 55 64 7 70 100 97 79 59 67 14 63 33 71 8 61 84 92 58 38 45 84 79 83 54 8 65 47 16 11 32 12 46 48 98 86 40 83 45 17 43 43 2 73 41 100 15 8
57 26 17 41 24 54 17 99 18 90 3 10 90 63 62 14 21 16 80 31 63 6 54 94 39 45 50 60 33 69 17 25 93 33 28 23 99 79 58 51 29 60 76 28 13 87 72 88 44 65 15 19 18 28 98 82 23 35 31 0 6 24 35 93 11 63 3 89 6 35 41 23 24 33 80 44 26 15 97 1 94 45 8 25 13 63 84 65 23 22 18 37 79 39 29 70 67 45 43 38 96 86 28 11 41 77 63 94 46 16 28 82 25 4 65 88 22 54 7 32 92 12 33 80 43 24 47 47 37 21 56 9 28 34 0 77 50 76 79 9 13 56 36 31 22 49 53 38 15 15 50 35 53 30 9 97 17 24 56 13 97 39 93 38 25 77 15 7 74 97 22 95 88 14 3 76 68 69 44 61 1 1 6 4 56 2 73 99 33 17 9 55 29 94 95 19 63 21 47 55 71 52 82 29 38 7 83 16 90 82 33 50 18 69 36 22 34 39 57 97 90 37 11 81 96 19 3 26 97 53 49 8 31 14 79 53 12 21 29 99 23 29 15 5 20 44 67 52 88 12 87 63 99 7 40 11 15 60 70 98 51 31 89 30 44 73 80 90 76 72 88 12 83 63 3 50 75 17 71 99 79 9 21 9 94 86 29 0 15 14 27 68 38 66 49 73 55 47 41 90 37 40 33 31 38 83 63 64 30 83 60 25 95 70 45 65 20 84 9 95 67 6 1 66 97 95 47 78 93 15 2 64 47 30 97 47 22 27 51 0 96 36 58 83 85 91 24 96 75 15 36 79 63 56 73 59 63 70 90 54 78 22 48 99 68 2 38 26 48 60 4 72 67 93 53 57 33 68 49 70 66 99 19 96 42 39 9 94 98 79 50 99 18 41 25 90 62 44 17 20
37 96 62 77 57 77 83 27 70 71 96 7 89 18 56 52 91 27 24 15 20 16 36 11 69 68 40 19 68 9 99 6 82 45 100 15 98 75 28 61 40 77 29 30 37 18 88 54 7 83 96 92 62 93 34 86 19 93 0 77 74 18 6 39 18 69 74 68 93 25 2 90 21 9 87 60 30 55 3 15 79 16 93 91 90 87 50 11 44 38 50 45 13 7 95 64 75 81 58 34 47 22 10 66 57 66 13 37 22 100 77 38 38 59 2 70 100 3 80 100 22 1 30 32 4 16 74 28 76 95 94 96 75 56 28 51 80 60 17 100 93 64 57 95 44 84 45 30 10 6 4 2 25 22 8 87 62 29 98 23 93 6 56 33 86 22 65 84 84 16 95 35 7 55 51 82 29 99 21 67 79 69 54 62 62 53 94 1 39 60 99 66 12 67 77 63 98 9 47 76 25 31 65 99 16 46 27 55 46 69 8 67 24 84 11 39 66 73 90 51 94 71 66 37 17 69 6 33 5 18 73 92 33 33 50 65 91 84 46 80 1 86 59 58 46 13 48 18 14 48 77 18 73 33 85 82 53 44 98 46 62 1 95 94 16 7 61 46 93 16 76 62 53 17 100 29 56 4 82 36 76 34 63 7 89 64 61 76 11 86 6 18 61 52 13 25 80 99 85 23 56 73 75 51 70 0 80 90 41 76 50 52 23 5 73 84 45 91 47 65 17 56 27 58 63 58 23 82 45 21 90 39 23 19 96 30 89 42 58 84 88 86 36 96 30 46 35 60 30 78 93 3 100 51 44 23 75 70 11 13 27 68 7 19 3 63 1 0 40 39 80 22 11 28 24 91 72 24 2 19 54 85 47 60 86 74 6 42 0 50 37 42 84 49 44 72 62 57 58 9
74 47 91 24 6 82 78 71 8 78 68 23 14 94 64 35 3 70 15 15 90 72 16 86 19 13 81 49 55 79 11 67 50 90 89 78 21 74 76 93 8 13 40 1 1 20 7 83 93 64 26 61 59 97 64 11 15 16 31 7 96 73 71 55 86 12 11 25 95 96 60 5 10 26 57 97 64 75 53 31 17 59 55 53 72 33 16 24 10 37 15 17 92 58 95 28 79 16 12 39 77 78 18 76 30 69 99 35 32 93 1 77 53 96 55 50 94 74 60 28 79 91 25 2 64 72 49 14 69 44 82 12 38 18 60 41 100 70 88 10 38 94 50 34 69 58 32 62 80 79 46 81 22 95 45 50 15 30 16 6 13 25 5 75 94 81 8 91 88 27 73 58 85 69 32 1 72 46 63 9 43 85 41 44 8 82 28 36 55 52 74 7 4 60 7 53 98 20 99 94 60 76 76 48 70 1 82 90 12 27 35 42 70 59 9 47 82 42 20 80 29 30 63 92 70 41 85 39 94 7 87 69 91 75 50 7 18 5 56 6 11 18 1 57 19 83 60 3 70 94 68 67 75 38 59 69 55 82 22 38 10 15 53 9 62 52 96 16 4 32 38 11 60 21 30 73 3 44 39 87 23 2 74 12 96 18 37 30 47 43 80 84 17 82 62 30 23 67 4 91 3 78 74 99 36 23 5 2 80 67 23 69 85 35 42 53 35 75 89 19 68 90 29 6 26 36 66 95 23 39 48 36 58 31 31 90 19 26 12 8 8 21 45 94 53 76 16 37 38 63 4 8 82 88 95 48 70 55 14 82 36 33 64 56 70 35 93 58 57 27 92 1 25 86 5 6 19 93 0 42 50 38 54 91 80 67 66 37 81 18 68 93 11 58 93 71 96 87 9 75
14 56 82 3 67 14 63 70 3 96 51 64 30 67 20 53 64 8 46 42 45 59 61 4 41 100 27 55 53 50 10 13 75 100 93 62 99 66 6 87 48 63 41 91 37 87 89 0 54 76 3 29 84 24 82 87 52 53 73 63 94 38 33 14 23 78 36 46 30 57 2 87 53 34 31 18 99 34 68 11 61 39 96 87 99 15 52 37 62 36 57 63 23 56 3 3 5 50 5 23 41 50 73 29 7 44 76 36 53 63 46 21 73 61 35 22 0 20 90 50 70 60 63 13 90 43 11 97 67 37 71 88 42 94 77 30 78 58 18 55 93 86 60 0 89 14 84 48 64 60 52 9 10 67 11 75 40 80 45 87 26 6 98 94 2 69 36 92 37 62 61 38 0 62 96 98 47 36 78 22 71 74 48 68 33 14 0 49 61 29 37 98 14 39 18 98 71 16 19 80 54 47 50 91 10 2 13 7 65 100 0 95 72 66 71 20 13 37 73 14 76 40 49 37 49 5 67 100 76 99 57 67 40 41 74 2 84 27 13 48 49 2 6 80 25 29 40 16 50 48 74 75 52 93 5 74 48 51 8 0 99 76 37 5 26 67 67 75 71 62 94 17 65 43 58 30 18 85 97 41 75 39 45 40 89 81 95 86 58 0 93 81 7 93 59 54 87 65 70 37 2 12 76 14 100 39 97 19 45 32 57 57 28 51 92 47 27 86 36 23 55 62 40 9 31 0 55 94 58 69 75 49 41 83 12 70 52 52 26 92 16 70 90 50 9 78 79 89 13 69 24 25 91 87 5 0 92 24 63 74 46 61 75 60 87 89 68 41 37 3 81 63 26 87 52 17 53 10 28 21 54 13 30 83 61 8 41 28 33 98 27 18 95 21 97 79 60 77 44 75