55 97 39 16 23 75 91 74 45 65 34 10 72 59 11 72 18 81 20 99 61 21 83 71 29 78 48 33 21 11 30 59 39 26 88 29 41 43 1 18 40 91 59 13 45 30 99 86 49 75 66 42 57 7 9 98 65 51 64 33 80 17 90 32 22 95 39 53 75 45 29 52 66 29 13 54 22 97 64 69 52 15 46 59 76 92 29 89 71 92 10 12 64 54 51 12 11 96 89 29 56 10 86 45 54 16 20 42 99 19 12 79 75 65 96 0 74 73 69 59 5 15 35 61 25 33 7 98 16 24 66 24 64 48 21 61 6 63 88 16 86 94 47 7 23 83 55 3 35 26 28 3 57 16 90 35 41 52 19 81 24 6 88 17 12 44 75 37 15 42 9 60 51 35 88 36 98 10 55 69 3 24 69 95 87 98 92 28 77 6 99 72 40 41 94 66 41 8 17 58
30 11 98 80 73 17 62 21 77 86 23 55 47 10 8 2 20 73 14 39 32 41 35 47 60 34 87 4 65 10 20 50 58 19 49 92 67 84 33 40 9 64 38 95 54 95 50 5 1 96 31 64 86 23 65 17 64 31 36 66 4 27 56 77 32 94 17 37 53 23 44 43 71 87 68 51 42 59 16 80 8 82 45 22 34 36 65 60 100 33 65 47 59 28 37 32 42 59 60 42 69 92 9 26 19 92 96 90 60 77 95 67 84 57 16 97 71 92 15 89 20 75 49 22 52 17 21 46 16 97 74 70 24 71 27 36 73 33 62 35 22 35 88 0 47 92 47 43 72 17 49 76 79 51 50 10 5 52 46 25 34 37 71 31 28 75 63 93 90 60 26 71 7 60 15 37 9 26 9 70 92 14 46 14 13 45 99 95 38 29 56 50 33 10 63 29 28 33 3 6
60 76 9 63 19 37 13 50 72 83 83 96 19 44 93 95 37 21 28 29 56 44 88 33 11 38 86 17 76 52 41 82 3 93 21 25 14 78 12 31 85 77 71 61 69 38 24 15 74 66 64 73 65 26 5 95 78 3 93 49 65 13 100 81 40 6 28 41 6 16 13 49 73 26 14 69 96 70 75 18 29 12 66 80 30 76 58 11 19 14 31 87 66 9 49 50 67 4 64 33 74 33 20 83 83 7 5 57 75 94 24 21 99 24 6 37 33 7 15 0 58 47 39 52 36 83 9 4 68 25 44 20 34 23 7 18 49 34 59 56 46 15 86 76 69 58 41 23 19 46 54 75 19 56 73 87 1 24 77 34 41 27 74 18 89 24 60 46 45 43 1 36 78 11 65 100 37 62 37 49 68 87 93 36 30 77 97 77 84 78 18 69 68 62 35 96 61 15 30 16
36 62 57 17 82 27 12 30 34 3 34 76 33 90 82 88 69 47 14 30 62 13 45 45 89 100 44 29 72 49 86 9 18 58 61 10 47 47 21 95 44 16 15 38 58 10 83 21 13 6 48 97 73 91 84 62 0 23 50 83 20 60 94 16 10 88 29 50 21 76 81 26 54 43 69 82 80 62 4 48 50 67 91 48 50 8 4 95 96 66 72 47 96 22 91 44 98 1 53 92 23 91 10 23 97 88 90 88 32 10 31 71 87 54 16 59 39 42 27 82 45 56 40 57 70 39 31 48 92 33 49 1 19 15 21 76 87 91 25 20 12 28 81 10 74 25 59 49 91 13 98 7 99 33 17 98 29 35 69 71 35 69 2 34 20 95 30 21 11 97 57 37 99 41 34 61 63 51 46 84 72 53 57 44 77 56 33 7 17 91 8 68 9 27 73 50 17 52 14 89
11 46 8 94 6 30 39 77 2 59 18 60 10 62 19 94 75 2 94 35 44 67 9 98 38 13 87 27 59 27 10 78 79 58 24 72 64 20 88 38 52 19 42 12 84 27 72 35 96 21 28 57 92 76 44 81 21 97 33 77 10 34 12 75 15 0 75 45 34 91 49 78 74 58 65 31 29 12 33 60 95 77 61 36 44 100 87 25 56 58 30 60 55 89 83 59 19 14 23 41 62 11 65 83 41 3 10 25 97 35 72 68 77 84 14 76 63 20 1 54 92 86 54 96 82 27 54 21 83 75 29 89 1 77 42 87 94 23 31 20 23 81 67 75 44 95 46 34 1 80 93 30 76 42 90 41 54 21 74 56 36 99 39 26 30 60 32 54 20 23 68 5 18 28 8 84 54 6 64 73 91 34 48 89 71 97 27 29 92 78 38 31 4 52 7 78 87 72 0 62
55 8 46 89 41 41 8 46 79 67 49 76 31 44 70 41 47 48 47 42 42 15 58 83 35 82 80 19 95 82 54 50 62 89 35 14 76 64 74 87 83 38 88 1 62 3 93 24 14 23 90 91 35 81 43 82 4 1 7 81 41 48 70 88 35 3 51 97 27 80 16 51 81 85 3 54 24 73 71 1 71 41 52 97 30 81 91 95 96 35 51 80 27 78 28 58 18 75 5 8 38 64 95 10 56 48 84 77 76 49 17 52 85 21 30 68 5 99 22 84 39 33 18 97 70 52 5 39 12 22 24 5 25 45 40 35 32 8 66 5 24 17 81 52 31 80 24 81 23 68 96 51 2 44 71 64 99 19 71 36 4 15 57 95 66 40 66 98 48 27 86 35 40 10 77 97 49 39 75 1 68 94 12 85 7 11 44 82 36 24 84 93 31 79 19 62 66 94 56 65
29 94 6 18 39 95 57 50 19 89 56 18 67 33 4 57 97 80 53 70 60 11 67 66 4 82 42 47 89 20 50 58 32 87 8 55 34 26 78 84 73 75 47 51 23 76 91 85 75 78 74 93 49 48 57 95 87 38 9 97 78 15 18 60 73 11 92 9 57 77 44 79 62 1 36 96 32 91 47 9 24 50 23 10 99 80 61 77 93 62 56 76 78 70 13 98 45 82 90 42 14 41 63 21 23 25 16 18 88 13 10 31 25 96 20 32 81 80 91 2 70 9 96 19 22 79 88 71 20 63 23 91 93 80 36 35 22 32 25 58 16 53 33 53 57 18 84 90 1 14 30 3 65 29 69 35 54 12 61 44 72 22 76 32 23 87 60 88 93 61 20 75 89 58 7 78 97 8 35 40 9 25 24 89 22 95 31 68 40 70 88 34 21 68 3 70 19 52 81 99
66 95 48 3 63 28 10 10 77 57 53 42 48 2 93 100 64 20 70 85 65 51 92 47 29 77 10 30 61 72 46 53 6 45 87 57 93 45 17 19 88 93 35 47 65 95 49 5 59 77 57 6 87 72 72 99 4 38 16 14 72 11 75 49 13 3 48 11 98 20 3 13 96 87 1 65 22 96 25 93 65 32 52 61 60 66 71 90 24 88 91 15 40 49 75 42 65 10 98 48 41 64 29 88 90 45 42 64 31 50 75 57 57 9 48 18 84 74 8 48 62 38 57 42 84 94 22 88 78 95 11 15 76 92 46 28 57 64 43 52 38 56 30 82 13 41 35 47 67 96 8 71 35 92 88 39 12 24 6 54 32 53 83 36 68 99 35 75 85 74 10 37 33 0 30 74 58 17 6 69 19 51 28 64 35 16 37 83 79 22 62 14 29 46 71 9 97 95 73 23
75 67 95 49 57 24 60 37 65 8 89 92 19 83 1 25 55 31 29 64 86 21 60 71 64 57 80 31 31 40 40 70 60 91 50 80 16 8 44 75 38 84 66 60 54 8 77 62 23 66 6 5 50 70 81 17 7 66 13 50 57 59 5 57 4 27 45 63 23 89 86 2 81 39 43 63 36 87 34 86 67 93 62 1 38 56 47 59 67 84 14 34 70 14 35 36 81 34 42 92 55 66 19 46 22 43 52 99 58 95 30 72 23 55 70 93 98 13 78 50 93 77 7 59 58 71 13 67 30 67 68 55 18 36 93 97 21 5 11 42 24 92 12 97 40 98 59 1 47 83 56 60 22 23 64 78 20 19 86 30 33 96 67 98 46 100 58 45 97 41 34 16 3 78 43 19 27 10 63 19 64 34 29 30 1 86 11 25 9 64 47 23 93 16 20 3 51 62 81 42
35 50 7 97 38 85 92 86 53 7 7 28 35 52 94 37 10 93 11 33 5 95 89 76 59 29 98 51 72 19 13 60 97 77 77 65 94 34 45 32 28 50 21 21 93 86 44 29 92 25 58 43 84 10 40 44 66 91 59 31 39 70 69 90 18 16 17 22 81 17 82 31 92 10 68 38 89 28 74 59 23 93 4 14 48 25 52 50 69 19 53 22 96 29 66 79 59 2 42 60 59 11 66 92 83 1 34 67 37 47 20 38 61 56 46 80 89 100 4 55 27 39 57 64 21 39 63 17 69 87 44 54 41 18 14 37 55 90 4 0 30 83 30 19 23 31 73 56 86 75 90 34 95 2 95 81 31 78 25 71 15 97 47 69 30 41 37 69 93 68 88 60 73 32 24 58 25 87 8 0 73 47 38 57 38 27 77 71 33 47 47 79 60 75 67 43 30 73 53 13
36 90 6 35 20 6 16 14 67 5 39 1 66 13 21 60 9 13 99 90 46 67 2 45 59 43 23 5 45 59 66 16 66 78 83 33 12 81 100 100 80 99 45 67 59 59 12 21 5 31 67 27 16 56 77 82 66 21 90 43 79 32 95 12 83 66 66 67 53 69 7 92 22 76 7 93 11 92 12 59 65 76 31 3 25 61 78 95 99 91 14 10 60 86 44 46 69 0 90 27 51 35 31 59 36 4 90 2 47 54 49 94 46 97 3 96 100 70 28 27 39 34 29 22 0 90 56 36 58 79 98 8 72 10 63 56 67 70 31 71 97 61 10 72 45 84 18 63 31 81 25 10 22 60 2 35 10 94 54 64 95 33 8 31 86 25 8 95 11 81 58 50 0 10 37 13 45 73 97 43 74 52 59 3 81 59 59 27 80 60 100 16 24 76 68 100 30 26 15 30
44 92 0 78 37 8 89 73 69 58 45 83 67 16 15 92 59 0 70 43 40 21 67 70 5 26 6 78 82 71 62 41 14 11 60 15 31 28 39 69 2 93 66 42 17 63 62 18 48 6 87 70 6 47 5 99 71 59 36 96 91 43 72 13 40 59 22 65 56 14 35 95 23 8 5 1 25 78 63 63 96 5 1 90 81 95 44 32 28 70 88 16 89 94 41 20 92 53 65 61 7 17 29 44 49 51 57 29 84 31 68 30 54 91 88 9 86 95 30 23 78 19 0 26 83 41 48 90 15 6 70 0 60 60 87 74 30 26 72 53 46 10 86 11 76 49 73 61 11 83 85 49 67 89 41 99 72 53 6 67 32 89 41 69 70 50 42 13 9 34 63 36 71 43 96 71 18 48 56 32 41 42 20 52 6 42 32 29 16 84 30 18 81 57 12 76 78 27 66 40
1 5 52 98 62 10 24 87 30 89 1 78 74 47 45 99 88 64 94 20 1 39 77 49 56 9 3 23 58 76 73 34 10 95 71 56 50 2 50 14 87 61 80 41 36 37 6 39 45 29 36 17 36 92 30 18 43 26 44 82 99 38 81 9 67 60 55 100 62 4 78 76 82 56 5 16 8 58 17 14 12 50 17 7 0 79 32 79 52 100 62 54 71 67 65 58 2 69 51 65 22 92 37 6 50 29 79 12 24 68 29 37 11 92 6 8 46 69 83 15 83 77 97 86 83 19 23 53 60 38 83 36 41 33 99 40 81 66 43 47 68 41 15 73 6 74 53 18 77 84 91 46 96 81 11 58 76 14 18 14 41 29 94 79 83 70 10 18 44 35 37 64 72 42 93 19 63 11 12 10 70 56 11 61 52 98 19 12 31 96 28 89 40 74 62 2 23 42 93 30
60 72 61 17 10 40 31 30 3 9 92 20 28 79 38 70 25 59 60 85 89 64 56 55 16 76 95 12 43 25 19 41 38 43 34 73 13 16 53 31 52 95 24 2 85 91 79 58 20 70 53 40 97 71 45 20 85 30 41 24 59 32 17 94 55 1 65 17 78 54 70 3 52 76 92 72 4 3 43 5 15 93 6 51 37 71 6 41 12 43 55 94 67 81 81 25 38 97 67 81 20 63 97 56 46 49 25 69 4 40 17 20 8 41 62 52 30 39 5 9 1 61 38 2 13 95 30 99 41 64 71 100 90 51 5 19 32 7 87 11 1 99 73 87 48 36 57 26 18 23 54 0 32 74 42 43 19 92 21 61 80 73 68 57 64 70 48 77 47 17 96 47 77 40 26 47 42 31 96 80 47 33 96 82 10 68 39 62 65 67 89 18 41 91 90 86 66 5 49 89
35 72 43 42 87 93 92 67 62 64 58 1 21 29 29 73 44 85 26 94 81 58 60 61 22 32 2 36 13 27 83 32 75 81 27 7 45 95 54 80 87 55 70 68 39 46 93 86 49 71 85 30 43 25 22 40 12 5 97 25 74 89 85 97 26 77 65 34 1 44 3 68 64 73 76 65 40 61 70 77 52 72 94 19 99 84 22 94 63 45 71 58 33 86 99 62 78 92 99 19 12 21 39 32 39 73 60 37 72 65 12 77 74 51 100 49 90 93 52 49 41 84 34 3 42 47 68 44 46 96 45 38 52 74 72 4 54 15 96 70 5 74 55 0 67 8 88 4 27 96 92 86 74 70 57 30 75 69 44 12 34 78 80 93 45 77 70 34 17 41 87 10 23 78 98 48 34 50 40 30 67 38 58 98 9 95 65 76 9 28 29 37 5 13 93 71 14 34 51 40
28 98 27 86 6 41 92 47 59 8 71 66 47 80 71 51 63 85 47 86 65 58 95 0 59 74 1 56 52 48 99 88 20 10 47 74 67 50 65 54 55 34 77 69 18 68 47 52 14 77 70 50 86 11 100 51 39 29 76 38 53 27 47 14 8 89 43 75 95 1 99 99 70 71 53 22 52 23 84 2 4 67 58 95 1 91 64 17 52 97 28 98 3 94 83 13 37 84 35 46 87 68 70 6 17 70 63 65 31 67 49 0 66 70 66 58 45 19 13 20 8 32 15 18 68 85 62 8 43 87 37 1 63 83 23 17 78 16 24 80 47 75 40 4 25 34 75 46 48 94 42 20 90 6 67 30 4 3 67 29 25 58 91 7 88 23 5 77 46 42 67 10 2 61 77 78 20 68 84 4 5 1 70 40 15 45 57 28 87 88 83 44 99 12 96 88 17 49 5 14
57 59 88 75 6 16 77 24 68 69 85 72 77 51 38 64 53 32 61 52 94 90 65 33 28 58 24 100 7 57 4 50 65 64 46 98 42 31 39 42 0 10 39 59 14 33 38 25 93 8 87 48 22 15 73 31 37 97 89 57 15 65 51 68 12 60 65 35 37 79 64 3 41 24 89 70 34 37 51 27 23 77 74 2 70 6 27 21 75 67 19 82 58 100 80 41 96 94 41 40 19 79 63 95 52 64 85 13 74 66 66 77 93 53 81 71 81 37 75 88 68 25 81 45 31 20 3 22 96 19 89 47 30 55 59 21 7 10 45 36 90 69 2 64 77 37 65 73 62 1 64 0 53 62 7 29 72 62 81 30 28 88 33 51 0 68 44 47 58 41 13 92 85 91 37 71 57 60 25 100 7 73 74 74 40 46 15 13 16 93 16 22 13 8 37 66 28 75 61 45
6 87 32 35 59 75 71 13 32 96 44 19 95 100 53 41 16 59 83 82 50 42 10 59 65 26 69 72 94 100 68 36 50 41 27 85 15 76 9 22 24 0 84 46 21 36 36 96 62 48 3 49 75 13 14 54 80 23 20 70 86 56 47 80 60 84 68 74 91 71 47 17 28 21 22 75 41 62 51 45 66 10 32 64 71 65 68 23 84 34 4 91 97 22 3 66 30 4 37 35 75 83 64 61 49 20 81 52 19 26 68 6 90 9 28 80 27 21 30 15 88 74 72 24 37 69 55 81 81 42 58 42 73 61 55 71 86 9 35 84 98 15 6 26 59 13 21 14 82 71 40 22 26 5 38 34 65 12 95 44 48 54 25 81 35 39 80 69 13 42 53 69 29 23 69 7 68 9 87 10 56 28 56 98 41 44 6 32 70 0 58 27 26 84 37 59 66 31 87 49
95 92 28 64 60 32 93 92 98 42 60 25 23 77 8 89 18 46 27 14 50 4 59 49 63 46 2 10 76 53 19 31 34 63 88 90 68 63 4 51 7 5 27 73 4 44 96 20 83 3 4 90 71 55 17 41 91 15 58 43 43 25 94 22 3 16 95 62 0 6 28 12 99 55 88 42 20 55 63 82 91 36 93 48 54 11 29 11 17 87 87 80 98 80 13 97 78 80 75 2 29 59 73 35 7 34 78 22 89 4 39 50 20 13 46 47 82 77 2 46 14 55 16 32 23 51 4 94 69 7 99 33 34 79 40 4 32 57 37 11 62 66 2 11 61 55 82 19 72 6 45 43 6 99 93 63 11 35 19 79 59 96 91 35 18 73 41 58 13 82 82 98 98 28 2 77 25 49 32 2 88 14 73 37 25 73 4 49 8 82 87 28 35 18 15 72 75 13 79 28
20 72 8 54 100 51 87 81 66 9 7 33 26 79 60 62 35 85 83 39 85 10 70 77 54 26 54 53 48 8 64 31 3 19 35 15 92 2 52 77 36 32 63 62 23 67 12 77 16 77 50 17 48 56 52 75 34 89 20 59 52 49 42 9 15 15 25 84 87 50 62 78 74 61 18 30 44 74 35 68 61 33 0 34 87 60 35 64 70 54 6 6 86 23 83 57 96 4 79 27 45 95 71 84 10 2 82 2 43 33 62 28 20 27 10 79 7 48 69 57 57 34 27 4 48 14 56 83 66 99 100 48 68 63 35 72 32 49 52 70 81 69 7 68 36 24 5 40 71 56 7 1 37 95 74 100 44 34 7 18 58 47 51 36 31 15 6 31 7 83 88 21 55 89 43 20 71 28 48 68 99 65 9 24 71 33 82 95 9 37 42 63 28 86 75 39 20 0 88 34
79 38 39 92 22 50 44 40 56 100 15 34 69 0 98 72 30 92 77 10 93 98 93 73 24 4 50 21 84 9 59 41 34 61 7 9 7 69 50 8 68 23 100 36 99 1 34 64 43 66 78 0 51 84 5 25 79 26 78 63 41 32 39 70 50 71 82 41 81 45 89 97 16 65 28 75 28 72 20 97 82 3 99 36 31 25 46 61 79 19 34 23 94 29 73 18 21 44 59 79 68 0 49 72 53 96 50 23 9 45 50 12 29 0 64 74 66 29 80 63 82 71 63 33 33 48 49 71 64 90 94 88 21 34 96 8 77 52 42 65 6 51 69 58 79 85 12 36 31 80 69 35 25 52 96 41 64 45 95 16 45 65 38 80 59 19 97 26 80 88 33 83 89 63 43 98 32 65 66 11 54 95 42 77 65 48 32 31 36 32 62 52 70 49 80 20 4 76 89 13
32 74 80 70 19 59 58 96 35 61 49 92 83 62 30 29 55 39 71 1 94 12 22 61 17 45 9 51 85 59 93 67 13 94 65 74 33 89 72 6 13 15 44 87 51 89 80 59 49 32 27 14 36 83 62 38 64 98 19 56 43 11 11 27 12 94 90 65 7 80 98 13 23 22 53 13 26 8 9 92 60 80 20 65 99 23 18 49 78 64 48 43 87 5 76 92 59 91 19 50 96 44 39 29 65 51 79 62 85 61 0 29 80 35 52 4 36 63 89 14 89 91 56 48 59 24 2 3 11 88 35 32 8 53 90 82 14 50 80 52 37 82 32 38 19 63 35 23 73 56 41 57 67 79 32 63 7 40 64 63 89 95 2 92 16 78 32 3 55 25 25 70 8 0 27 76 29 29 36 62 52 25 48 83 98 75 34 16 97 63 57 14 50 29 34 97 68 74 85 9
91 51 73 65 33 97 61 63 44 71 65 88 41 99 66 54 100 94 78 73 79 98 10 89 26 43 42 27 24 60 98 26 75 15 70 53 28 20 46 64 96 78 18 51 70 69 89 13 54 77 46 100 10 88 73 95 0 15 71 8 83 21 24 34 15 57 38 37 64 95 60 31 8 39 32 32 38 80 23 76 96 34 47 79 94 100 28 97 47 92 72 31 79 35 14 8 80 12 38 58 32 45 57 50 48 11 30 23 94 14 12 2 95 73 11 58 67 3 21 40 51 53 63 39 53 17 100 13 42 5 81 30 83 47 80 26 84 70 48 18 12 4 74 46 14 52 87 38 60 84 31 44 99 12 30 28 63 21 64 44 32 58 28 80 53 54 35 81 45 96 73 18 43 22 67 38 61 69 57 58 97 39 37 40 93 2 100 26 13 34 13 34 56 77 31 43 56 45 1 90
8 40 87 53 1 7 52 56 36 3 23 97 88 86 2 51 85 70 0 17 23 85 1 95 35 34 88 6 10 7 62 20 2 35 80 79 40 9 63 8 84 34 44 25 72 19 56 9 34 61 50 40 93 10 54 100 3 8 43 2 6 51 97 10 65 92 33 85 93 50 1 40 4 15 16 20 63 87 86 68 51 15 57 12 86 40 43 10 10 53 51 84 35 78 47 89 79 58 17 45 91 20 60 13 22 17 95 65 27 99 54 19 49 33 15 14 3 26 52 99 93 64 14 11 53 96 3 31 98 16 20 47 49 49 52 44 41 20 51 82 53 25 20 5 95 51 71 79 13 60 100 90 29 62 31 64 39 21 49 32 38 19 38 83 17 1 2 16 73 85 50 49 62 62 8 67 60 3 64 50 91 53 40 37 24 9 7 50 53 74 61 9 86 81 21 18 75 22 85 46
93 63 21 72 42 56 91 71 71 99 66 2 56 26 26 49 82 83 3 1 76 57 60 28 65 27 34 48 88 70 59 93 15 45 98 85 50 38 29 99 13 89 34 0 46 55 67 51 72 79 79 19 86 32 73 79 77 92 35 72 60 37 12 16 13 24 12 20 67 47 53 92 11 32 21 1 49 21 76 49 82 15 30 26 25 63 16 61 94 91 82 8 83 6 42 68 88 97 48 15 68 91 73 28 61 37 20 71 16 79 37 34 53 90 12 96 80 8 37 8 42 26 11 71 42 34 83 60 32 83 47 85 5 95 97 14 17 15 19 45 53 90 64 91 27 7 78 33 74 62 85 99 23 89 95 100 87 69 58 78 42 63 86 34 4 2 64 88 55 29 10 13 26 65 39 39 55 73 54 61 100 29 21 55 62 38 97 96 84 44 87 30 94 70 43 92 98 73 25 96
77 7 21 76 60 66 44 25 32 12 58 59 72 3 42 24 30 14 50 47 6 2 23 34 49 50 72 50 41 35 40 24 29 30 85 81 14 27 63 83 13 97 20 47 12 27 21 40 62 74 37 11 64 76 53 83 100 25 99 97 20 64 70 89 19 98 76 34 51 40 94 87 74 24 57 32 57 75 49 93 32 73 72 97 55 69 85 57 47 81 18 42 6 33 2 50 75 15 47 7 5 10 76 1 34 10 14 100 26 8 21 98 30 93 62 30 61 77 39 76 79 16 67 72 88 0 36 47 0 4 26 35 20 92 77 84 6 62 37 85 8 43 2 33 59 66 77 1 19 95 82 81 67 12 52 40 61 53 87 68 72 0 67 15 46 54 40 83 38 42 89 46 65 26 85 44 2 30 16 9 35 32 31 48 65 18 86 70 1 4 90 74 64 95 1 39 23 69 86 28
79 45 39 68 23 65 67 69 68 37 88 25 86 86 23 79 29 68 83 59 76 54 58 91 100 71 89 77 49 58 28 57 83 15 54 93 8 85 41 50 78 94 95 88 96 74 22 53 16 34 23 10 10 0 32 0 68 47 56 33 42 49 37 81 55 46 100 13 16 8 9 30 82 0 31 42 95 31 94 92 14 62 81 47 18 34 73 8 52 80 100 87 34 6 74 77 95 89 53 94 24 21 37 39 77 76 76 89 27 63 26 63 2 85 24 65 87 6 70 14 37 67 66 65 46 55 77 72 69 81 95 51 42 51 25 15 39 78 99 63 58 61 88 36 23 54 40 12 69 23 99 87 26 74 74 63 96 4 17 57 81 51 37 65 94 37 3 76 62 69 29 84 60 99 86 79 25 43 69 23 67 62 14 15 81 72 66 91 59 77 80 7 74 13 71 67 75 63 9 34
66 7 31 84 55 24 81 5 17 96 59 47 44 7 80 0 1 93 17 76 20 50 50 89 48 18 6 75 11 61 5 50 54 46 58 8 35 16 5 4 20 66 42 56 58 42 54 5 42 38 30 79 2 39 19 63 50 74 79 90 31 53 32 93 69 91 24 54 95 86 58 56 34 50 62 33 60 60 85 35 79 43 82 47 39 62 6 46 27 79 7 90 72 19 36 71 40 14 3 64 31 47 55 86 38 43 75 22 95 69 54 56 91 78 62 89 70 98 35 81 36 36 76 77 8 17 11 40 83 69 32 80 6 35 58 52 36 54 4 33 60 49 47 36 99 45 50 28 92 61 36 49 38 12 50 44 53 2 36 18 35 40 75 80 91 0 50 35 48 77 9 24 58 91 58 80 7 71 84 40 63 48 27 6 76 45 41 6 14 93 35 69 92 66 37 41 28 64 78 72
83 52 92 65 91 30 98 49 56 18 6 64 19 74 69 90 81 84 47 23 1 50 76 82 20 66 95 6 16 90 8 55 44 29 75 73 50 41 45 13 78 32 6 58 54 56 73 27 91 33 21 3 43 36 54 48 52 65 49 6 87 3 73 27 4 86 50 68 6 46 79 8 69 96 75 25 32 23 47 34 73 53 88 4 96 76 85 97 83 52 48 13 22 71 90 39 39 33 98 69 30 81 1 62 95 86 31 71 11 5 6 52 22 71 56 5 13 67 18 32 49 92 43 75 44 31 63 43 16 95 74 60 42 97 62 70 14 99 96 97 39 83 66 70 27 87 31 13 25 66 28 84 7 65 94 26 62 66 26 3 13 57 77 46 22 45 74 58 12 76 35 23 83 37 32 45 46 43 5 47 50 60 84 91 52 55 75 85 75 90 51 61 34 92 53 100 27 10 20 0
66 60 100 85 6 6 74 51 40 77 42 35 85 48 32 96 44 67 34 82 72 35 52 93 49 98 26 1 19 26 56 22 70 96 95 48 57 77 57 24 87 86 21 99 53 34 80 82 34 16 0 65 41 88 85 80 56 70 94 43 42 67 12 6 48 60 92 17 40 37 33 84 0 25 65 93 62 68 94 35 96 99 90 25 58 32 99 54 29 65 72 82 79 45 37 54 15 2 90 12 96 28 61 80 66 62 45 88 48 64 79 25 10 7 43 97 2 89 94 59 60 22 99 37 38 63 79 89 59 100 51 75 92 13 55 7 7 51 83 76 66 46 88 60 68 15 29 74 12 13 80 23 51 36 98 76 45 16 99 74 77 72 100 75 35 4 60 44 47 91 99 53 68 54 52 62 88 39 59 95 26 19 56 66 51 83 39 8 73 15 55 71 11 22 35 59 19 94 54 78
44 40 80 79 25 33 40 40 33 99 23 59 56 56 91 34 20 53 29 61 58 43 90 94 57 100 24 49 80 100 44 76 19 16 49 34 53 91 26 52 96 66 67 36 9 91 29 67 51 56 30 73 2 98 55 59 75 56 65 36 13 89 81 56 9 14 16 3 18 6 26 77 84 7 24 20 28 88 14 13 74 23 59 11 9 82 20 35 25 46 83 6 24 10 1 80 29 60 63 63 38 90 55 9 5 39 97 98 7 83 96 52 90 44 98 43 99 0 100 75 80 47 88 4 11 78 33 43 78 77 96 6 8 12 95 28 84 59 97 98 69 71 10 71 67 94 13 2 21 44 45 94 84 88 7 37 50 25 81 88 29 51 10 55 0 54 84 87 29 99 60 25 66 52 19 57 37 13 32 75 73 53 100 69 46 69 1 48 34 94 28 18 2 12 0 8 99 85 28 56
100 23 55 36 69 68 0 68 83 9 66 74 9 28 80 48 61 18 94 95 47 18 37 56 91 47 45 33 24 49 6 58 48 70 71 85 82 39 43 72 100 3 14 3 67 65 75 50 46 88 78 88 87 24 72 59 35 60 20 78 79 22 38 66 59 40 70 24 89 25 62 23 57 98 98 75 61 69 50 89 50 37 91 67 20 19 8 59 17 46 83 92 30 100 76 92 55 3 37 85 28 68 77 81 44 15 86 67 94 25 81 12 72 13 77 72 22 52 24 32 87 6 32 72 1 22 64 60 7 96 42 55 33 6 16 95 27 54 93 12 53 21 32 76 32 78 28 82 91 40 62 88 71 63 45 13 42 46 69 61 93 97 5 15 99 20 82 25 98 88 9 21 92 74 91 47 56 35 68 18 20 64 11 66 22 47 73 60 38 94 31 30 68 23 77 64 2 41 4 36
54 33 30 0 97 23 42 47 88 68 58 39 71 47 43 23 20 46 65 5 25 40 82 23 51 36 47 70 72 40 31 39 41 99 13 0 97 91 55 81 28 4 73 20 62 99 67 72 14 17 32 39 77 32 55 5 88 14 64 33 74 9 78 3 58 22 23 27 56 1 52 73 53 76 83 83 5 78 72 27 41 96 21 16 59 18 88 13 12 60 93 79 90 7 61 41 96 21 60 94 98 34 35 58 11 78 29 86 60 90 90 25 77 30 15 98 39 29 75 88 52 12 16 40 42 92 10 72 15 94 17 71 97 38 14 13 87 70 88 61 41 69 83 72 85 15 31 92 60 72 32 39 50 50 43 3 37 68 61 67 44 62 98 45 16 31 29 21 46 43 22 21 54 0 87 15 66 54 46 12 18 89 4 44 71 67 40 19 36 26 58 34 0 66 42 73 2 86 0 45
0 74 49 61 71 96 60 40 89 13 83 80 99 39 30 39 81 73 90 72 10 13 95 0 33 11 33 3 0 37 43 9 74 8 57 31 74 20 49 60 55 36 80 86 66 51 47 85 27 1 65 64 55 43 10 66 27 24 82 10 14 85 67 3 82 80 31 94 87 40 42 80 22 72 69 44 9 66 82 24 96 91 41 12 85 48 19 56 65 90 62 33 86 59 4 28 92 35 41 98 35 94 59 81 37 68 1 73 4 90 73 56 10 73 52 81 17 28 95 52 80 97 93 57 47 20 30 57 65 7 91 20 61 48 44 33 52 16 37 32 84 59 69 1 52 11 52 94 91 56 90 88 97 30 40 36 10 22 63 83 100 9 59 21 89 2 63 66 66 4 63 81 30 52 71 27 6 63 0 26 10 100 29 80 91 80 51 34 74 6 7 87 99 3 50 26 65 58 56 25
60 86 2 55 4 22 83 89 76 69 61 80 79 16 32 42 6 39 57 30 53 71 57 8 23 17 95 15 59 47 61 46 82 54 30 30 86 25 37 60 16 33 74 41 86 39 81 78 2 29 89 9 7 44 28 42 86 71 59 36 4 19 94 82 48 11 9 25 2 93 5 45 33 57 52 43 15 77 84 0 19 25 42 5 35 67 100 75 36 49 72 41 13 7 7 15 23 19 45 81 77 33 35 30 39 14 92 70 46 67 34 33 76 1 55 86 47 49 47 93 9 45 11 44 45 1 78 15 29 5 96 90 50 28 18 66 6 93 25 80 95 27 62 42 82 2 85 94 51 20 2 65 0 41 20 95 91 11 13 39 44 32 62 13 40 64 48 91 70 55 66 94 48 94 50 35 81 36 82 37 79 78 5 94 60 90 16 91 42 97 51 66 98 23 45 57 74 92 51 3
64 33 100 50 0 60 36 15 23 43 31 56 67 31 83 82 39 37 56 27 75 100 43 90 69 78 19 96 57 5 5 96 93 21 58 49 10 76 94 48 27 93 94 38 20 0 49 10 88 30 20 78 47 63 2 31 94 53 88 34 95 77 18 22 47 98 85 15 8 99 12 3 62 84 28 32 48 59 82 86 35 98 42 79 30 84 28 76 40 80 56 77 44 9 22 56 53 52 84 36 35 21 11 30 70 23 94 44 72 27 84 61 92 34 8 50 80 38 72 34 16 29 79 12 91 39 55 48 39 72 25 90 98 76 63 31 52 3 60 76 62 47 47 44 21 80 76 60 57 39 3 17 92 6 46 5 31 23 28 73 84 65 19 51 11 93 83 32 25 56 90 20 23 94 86 62 39 17 85 8 51 49 23 73 94 75 71 12 13 47 97 82 24 73 67 74 64 23 40 45
83 32 47 24 94 20 16 54 19 90 52 51 69 6 96 1 7 73 5 14 91 58 0 57 65 60 92 99 73 35 19 23 39 67 77 12 100 15 41 81 74 69 64 3 91 69 97 58 37 29 84 83 64 21 26 99 45 11 92 51 98 83 71 91 79 35 29 87 60 93 9 19 1 46 8 11 25 12 6 91 96 11 26 58 1 8 6 33 14 69 12 19 78 65 32 99 70 16 45 35 86 16 9 83 5 2 35 49 26 38 86 34 77 60 23 23 37 2 26 90 18 41 24 75 45 63 35 56 15 7 20 73 31 39 18 48 70 21 11 73 45 27 96 32 15 10 6 26 90 10 24 10 14 57 82 100 18 74 71 9 17 87 57 9 20 68 39 87 29 97 90 37 35 18 36 63 92 31 86 22 81 54 83 39 25 35 38 7 57 3 92 90 68 1 39 54 33 62 54 34
34 75 31 92 27 51 27 21 45 29 77 17 14 27 79 73 8 24 28 56 59 74 78 89 86 25 77 69 22 7 53 25 25 73 57 42 99 20 61 18 73 42 99 36 15 32 51 85 57 41 100 10 67 93 7 27 53 36 13 21 45 17 70 39 39 54 64 35 32 22 45 47 17 9 79 0 77 73 60 92 1 71 68 76 100 43 76 100 74 43 69 32 82 12 30 41 20 91 65 80 89 12 34 98 42 32 71 45 79 45 2 67 14 48 45 12 40 66 14 36 51 73 46 21 71 63 82 68 70 95 45 10 48 75 19 30 84 67 83 94 61 66 6 84 7 54 63 100 96 31 81 62 81 3 30 72 39 91 50 27 36 3 22 5 0 37 91 30 88 8 95 27 3 41 15 49 68 9 17 83 90 40 19 55 5 44 80 11 55 82 31 36 20 23 14 54 88 30 52 82
86 37 98 41 36 32 56 70 30 45 39 29 95 68 74 61 62 16 12 67 68 100 1 23 12 19 44 0 69 52 73 93 57 95 22 44 54 98 100 29 60 13 10 42 64 100 36 15 30 68 2 70 58 87 65 20 70 80 20 54 7 43 5 44 6 39 86 0 13 69 78 75 4 33 73 78 20 86 81 24 90 8 17 66 33 34 42 99 10 86 40 78 25 38 68 71 77 66 93 43 16 91 60 58 12 61 13 26 92 82 44 73 13 93 10 93 68 98 83 66 18 89 7 23 0 73 82 18 53 22 87 35 50 46 10 11 91 49 28 69 73 62 35 91 23 33 55 56 4 97 46 97 93 7 65 62 88 73 77 66 53 86 31 23 36 53 16 55 15 41 60 51 14 92 1 67 91 77 86 53 60 51 3 20 84 33 68 88 30 71 43 18 0 76 31 39 8 95 22 50
94 43 88 59 13 98 46 5 14 41 36 71 47 40 86 57 60 99 55 53 78 67 21 66 38 66 21 45 26 46 18 70 70 11 38 65 16 45 11 52 42 89 24 82 8 71 89 53 39 88 73 13 25 91 91 8 14 3 52 27 69 100 17 23 75 23 90 71 78 100 47 35 39 51 33 72 77 39 3 81 69 56 50 75 84 23 28 84 34 96 48 99 60 28 75 73 65 68 30 12 77 91 35 75 52 90 31 35 18 9 58 38 3 83 94 28 86 42 94 23 38 54 16 78 88 28 30 67 27 4 63 57 30 83 49 75 99 96 5 60 69 13 30 31 58 33 84 64 82 22 38 26 78 43 57 43 53 74 54 94 97 63 84 30 9 45 61 61 11 84 46 84 6 28 87 18 78 50 1 48 1 36 74 49 8 38 23 41 74 17 82 62 100 68 49 64 26 17 78 8
4 60 86 18 79 11 94 2 68 66 94 88 73 86 67 16 0 14 43 39 27 91 36 27 26 94 96 29 3 2 61 46 31 26 2 10 48 2 75 24 3 23 84 49 20 72 73 9 51 42 2 44 0 33 1 90 56 20 57 43 41 80 83 17 46 0 83 100 59 27 26 88 18 71 42 77 15 32 91 32 70 38 26 76 70 12 9 33 18 84 90 93 40 12 91 48 35 51 23 33 75 71 68 93 14 65 84 23 19 25 6 40 19 73 95 27 94 17 45 15 89 93 8 32 14 52 13 31 13 59 2 12 88 1 48 1 84 40 44 1 56 23 36 50 69 4 11 75 12 97 11 44 45 32 57 80 15 77 92 35 86 14 28 50 82 100 63 37 37 4 45 80 36 7 71 5 81 27 90 79 23 91 43 15 98 14 71 67 2 29 10 98 63 70 89 92 17 65 90 21
58 8 6 44 32 14 74 11 79 69 66 77 95 57 32 45 50 46 10 45 36 86 64 33 3 8 81 93 16 23 84 36 73 36 57 18 77 65 80 53 89 20 61 25 70 3 77 70 14 55 60 63 12 77 71 84 7 34 40 97 18 18 71 25 11 27 30 92 53 32 27 35 87 36 13 21 32 43 55 92 69 60 28 36 15 98 90 55 62 90 39 5 40 50 75 50 51 61 28 65 64 49 80 65 25 84 81 36 95 27 70 54 43 33 62 27 47 58 55 17 40 29 15 18 26 100 31 94 0 45 55 11 50 78 63 76 34 86 86 19 73 90 10 85 41 9 68 99 99 6 85 90 56 94 95 33 42 86 55 53 55 43 1 81 7 66 23 16 73 100 52 14 76 96 74 50 10 70 94 18 39 42 34 27 8 57 3 57 76 60 57 23 71 82 71 9 81 34 99 47
10 47 71 54 34 71 31 94 1 100 72 13 25 65 61 7 27 60 23 30 69 3 42 11 20 86 49 2 83 21 83 59 4 41 15 94 29 74 57 78 17 56 15 10 27 77 14 61 86 20 50 3 73 95 20 94 4 77 99 80 66 77 87 69 55 15 31 66 87 22 80 11 12 25 70 98 73 26 33 77 14 52 5 5 78 83 61 48 62 0 74 76 67 83 42 7 79 78 17 88 84 25 7 96 24 7 70 63 69 83 82 71 100 72 23 63 34 16 68 95 95 10 79 22 53 25 87 41 92 60 48 47 75 31 3 13 36 42 33 52 48 38 57 72 26 36 80 27 67 17 43 41 32 69 92 1 17 12 22 65 73 57 80 40 39 86 10 50 51 72 100 36 84 39 12 15 85 3 90 44 85 91 84 73 24 35 14 36 92 17 8 12 26 22 23 23 63 7 59 17
10 17 21 55 99 37 86 8 99 69 16 7 52 56 66 90 8 15 89 50 23 2 24 53 45 13 97 95 13 28 71 90 11 52 13 60 87 52 0 84 1 81 96 96 17 49 42 24 92 26 98 4 19 56 91 90 89 61 10 14 81 56 23 8 13 6 58 36 93 78 34 35 95 79 13 75 97 78 58 16 49 41 19 86 19 33 2 95 98 49 1 33 83 46 97 12 23 31 77 27 50 48 78 55 19 29 31 47 17 10 13 25 63 11 44 20 43 29 58 65 4 63 74 100 2 99 98 63 6 45 61 86 61 56 99 86 91 33 31 89 94 16 58 97 67 74 13 54 66 63 21 20 65 15 74 54 48 96 12 6 53 23 9 79 84 91 22 79 32 74 91 100 49 14 61 18 21 23 54 49 58 77 89 94 19 3 41 9 14 28 53 20 40 78 27 67 4 47 23 95
12 24 10 63 99 74 67 32 63 48 17 58 11 92 31 19 67 1 100 54 40 31 90 33 9 23 20 80 85 19 16 85 48 21 65 10 42 58 30 90 11 35 14 42 38 38 28 43 79 59 30 72 69 56 3 47 54 19 60 64 24 98 20 1 87 59 75 38 22 78 5 15 27 19 96 67 83 45 78 43 27 75 1 62 50 6 48 82 82 87 40 58 100 73 84 29 50 1 38 58 63 18 67 48 13 95 83 100 59 94 42 37 47 46 97 83 26 55 10 46 90 99 48 43 64 28 34 30 51 2 73 77 97 15 29 9 94 8 78 10 16 63 17 33 74 7 16 52 68 34 78 93 25 65 67 78 58 35 55 74 80 24 50 23 55 70 65 88 75 22 33 98 14 20 97 92 82 97 19 60 27 45 73 53 67 74 28 22 54 39 47 29 32 10 23 7 90 17 42 60
70 84 94 19 58 37 81 5 43 91 93 46 74 65 45 23 75 97 5 40 87 50 37 15 6 63 6 38 70 77 62 52 23 86 60 55 42 21 0 8 87 53 55 100 34 63 45 83 74 70 61 83 28 6 4 14 75 3 18 57 70 36 8 23 39 89 69 75 85 9 34 60 85 98 96 82 59 94 19 55 57 32 19 55 49 54 93 21 78 31 66 15 60 44 64 77 50 88 61 84 52 83 69 30 99 97 100 4 16 20 67 89 70 78 18 98 53 36 96 76 23 85 80 23 77 10 23 47 58 0 59 21 93 39 45 4 87 72 21 83 86 89 100 17 52 15 1 60 92 3 57 3 1 93 4 34 87 19 80 12 89 79 75 24 69 51 48 39 43 55 15 52 50 49 97 49 55 56 2 92 98 89 78 50 55 52 30 46 25 27 97 20 50 80 35 93 46 17 33 70
90 34 67 45 51 83 19 42 87 94 67 35 38 47 36 19 41 58 5 70 90 43 66 84 36 3 90 53 29 51 8 87 98 67 61 41 14 83 98 56 62 78 34 2 43 19 64 86 84 34 96 72 92 14 53 82 34 28 86 32 94 68 59 27 48 6 84 66 81 94 42 65 97 49 90 15 31 77 38 64 30 19 9 16 98 27 14 89 39 67 36 29 97 32 1 34 4 95 15 31 62 21 32 38 96 14 1 56 77 59 7 48 94 33 81 49 50 29 49 53 79 61 88 48 20 66 26 24 28 50 45 97 47 97 98 50 3 82 75 0 8 52 7 39 20 27 33 42 22 55 12 59 52 52 72 30 9 73 27 47 80 22 51 55 80 49 7 25 79 87 18 38 57 64 70 59 55 65 65 96 55 67 15 79 94 57 74 78 18 25 49 26 36 70 19 1 7 85 32 1
77 95 65 88 33 48 74 71 47 65 19 55 20 30 2 1 10 99 87 53 19 56 65 18 6 43 45 27 28 41 13 13 13 23 51 9 28 30 5 97 88 65 73 81 34 90 87 12 99 1 41 49 1 14 29 30 47 66 44 3 35 31 16 27 22 82 76 16 77 71 60 54 16 22 43 8 25 75 77 14 23 35 38 28 7 19 28 50 60 48 33 69 1 46 57 2 58 78 40 59 48 40 85 15 71 88 77 61 90 44 8 15 72 44 58 59 16 20 16 86 7 95 65 20 98 92 38 61 65 41 37 41 72 62 45 12 50 68 71 4 72 39 0 75 45 69 90 6 76 81 48 22 79 52 41 77 99 67 60 5 35 67 94 35 79 15 90 93 17 97 9 99 29 50 44 95 48 56 27 84 73 40 83 27 76 57 28 92 52 17 8 59 98 67 42 10 16 4 23 45
54 52 99 82 45 94 65 52 91 89 82 28 26 16 21 58 89 23 73 47 75 4 55 67 72 86 70 68 59 9 74 72 51 53 22 93 73 23 100 59 20 79 3 87 18 77 47 12 92 9 81 42 22 58 18 76 4 57 5 74 68 7 29 83 98 68 74 51 51 77 61 68 27 4 63 67 28 84 19 50 62 29 64 95 53 83 31 91 3 54 81 5 37 84 16 29 79 3 2 48 23 63 81 7 100 51 57 54 42 81 50 97 57 43 54 52 9 67 37 32 88 12 93 11 8 94 22 39 4 86 18 61 97 88 79 51 3 32 74 28 11 36 65 57 83 10 76 60 98 59 59 26 49 44 49 87 41 34 62 90 25 100 59 12 95 8 100 32 99 46 68 7 10 65 32 13 21 23 97 39 29 74 69 87 73 73 75 32 29 68 41 70 93 69 83 49 28 17 42 77
23 45 94 42 40 49 56 17 77 35 43 87 64 51 40 60 20 14 51 100 25 56 15 81 57 52 25 83 71 39 37 2 16 16 59 27 18 32 16 35 34 9 82 51 74 82 70 31 24 81 13 74 64 85 75 68 50 31 78 2 58 83 96 32 23 88 30 87 57 95 4 96 97 74 25 52 50 59 99 8 5 7 62 41 61 7 56 60 28 40 34 84 74 23 75 8 95 62 29 82 19 60 89 13 84 25 38 14 17 13 34 14 87 92 49 40 0 24 40 36 82 79 30 89 94 67 2 89 64 85 62 89 51 20 94 69 14 99 30 46 68 4 20 26 24 53 15 98 50 72 84 24 57 30 17 18 93 84 21 55 73 77 66 76 8 99 8 15 25 41 29 19 80 47 63 73 86 53 36 56 63 15 26 23 47 97 9 40 48 27 49 92 69 9 11 36 100 60 100 92
95 88 19 38 54 72 59 91 60 23 77 44 55 35 31 55 100 16 7 38 31 68 30 77 7 20 77 68 99 26 44 88 18 10 51 47 63 19 79 84 58 34 86 24 97 85 100 36 100 11 29 92 91 61 38 56 77 10 5 44 88 63 12 42 87 25 21 98 61 29 48 97 27 58 26 34 9 24 79 19 89 68 75 31 66 74 70 77 94 3 87 33 39 21 27 8 70 19 20 78 23 84 70 7 53 76 7 93 25 57 5 79 92 36 9 91 63 97 55 49 33 43 76 36 20 67 9 30 5 2 30 83 4 3 16 43 42 92 26 22 76 82 20 5 70 25 72 99 46 63 14 9 76 7 51 31 2 34 11 40 58 67 9 16 34 54 45 26 90 14 90 75 16 35 54 36 31 62 35 88 92 80 24 53 39 43 78 4 50 42 92 64 0 35 89 99 40 97 67 84
37 4 39 74 76 88 83 58 93 21 78 57 99 81 70 19 92 34 44 23 69 41 83 73 24 50 93 81 24 9 84 32 38 62 100 49 52 10 14 53 56 49 73 72 42 84 30 64 4 31 41 55 62 66 44 89 98 42 64 45 24 2 42 68 40 68 87 18 16 88 90 50 8 5 43 10 49 94 83 10 39 25 66 9 14 34 30 3 64 69 25 76 46 38 52 50 93 50 70 67 4 38 88 60 0 99 63 10 40 98 43 15 15 56 55 29 37 97 43 63 55 89 42 2 25 9 39 58 83 50 97 5 43 30 23 22 86 97 90 78 88 59 68 63 55 0 91 65 77 100 85 78 66 77 70 69 52 44 24 94 51 34 46 25 96 50 5 79 25 67 54 18 66 84 28 79 99 37 19 90 27 5 23 87 1 6 22 87 52 30 86 54 39 36 59 78 81 80 79 77
88 41 10 46 35 1 88 44 73 21 81 74 48 66 66 35 3 89 8 92 27 90 60 57 18 84 13 79 91 72 62 26 63 18 3 16 41 6 40 42 6 92 62 23 3 53 40 48 94 60 51 48 22 75 17 96 90 76 81 31 39 47 78 56 99 47 96 59 94 38 75 6 31 10 94 6 89 39 33 97 26 26 20 16 14 52 11 1 69 22 11 31 3 99 2 3 73 18 59 82 35 93 3 64 52 30 45 48 4 97 33 0 28 40 28 74 21 68 90 4 76 72 52 1 98 69 78 17 45 12 46 15 29 70 91 51 50 1 64 29 9 41 50 35 41 3 77 20 1 100 98 98 28 89 45 30 18 7 17 32 48 93 87 99 79 93 50 71 13 91 80 13 54 96 56 32 3 99 76 25 99 76 18 43 77 41 60 65 96 84 65 40 17 94 21 48 13 46 32 17
63 78 58 84 22 100 26 76 18 7 90 30 84 23 4 80 85 72 86 26 34 70 34 2 78 23 4 80 31 98 95 81 56 42 89 53 42 77 45 32 21 95 24 5 81 35 79 77 4 44 72 66 62 57 57 66 24 57 60 15 29 61 59 17 30 16 20 80 89 4 61 23 30 11 5 12 62 65 87 76 34 25 15 20 65 15 89 22 17 65 67 40 1 77 46 36 23 34 65 35 87 45 56 88 14 5 37 69 4 77 68 22 35 100 52 20 5 91 78 75 90 96 35 90 35 72 76 37 100 97 5 72 94 4 42 29 56 11 4 91 68 12 70 55 68 45 19 5 11 67 36 3 10 59 32 45 46 53 100 66 78 29 7 88 17 81 12 80 80 53 100 20 42 19 20 47 64 53 2 56 93 61 12 7 80 81 19 47 90 74 39 33 47 38 15 30 73 34 3 37
18 86 83 77 29 5 75 14 85 64 57 29 15 86 86 86 33 58 17 72 20 62 54 60 47 41 97 6 50 9 83 27 73 37 92 88 72 54 27 76 61 75 68 2 47 50 48 70 67 2 5 97 100 57 40 91 10 98 50 2 16 29 39 87 54 77 100 58 96 60 82 89 41 22 79 42 53 92 87 90 30 25 28 54 92 7 100 80 75 65 67 47 21 40 96 5 69 26 83 34 71 94 72 95 77 31 10 21 28 65 60 52 65 83 75 33 96 64 50 70 11 30 8 90 64 71 31 13 9 93 17 67 69 90 32 16 43 63 31 75 17 14 73 24 65 3 100 41 88 1 50 9 96 11 82 70 81 41 15 31 24 72 59 55 26 32 88 52 61 38 23 41 1 70 71 24 57 26 100 65 37 27 87 43 10 22 77 23 47 15 10 8 57 6 44 57 68 3 12 47
50 99 37 48 92 42 24 34 42 46 15 39 57 3 21 45 95 73 56 85 11 16 77 18 69 50 95 43 29 26 86 90 25 41 94 35 10 20 86 96 91 81 33 80 34 44 63 51 70 100 77 84 44 78 2 93 30 82 75 57 89 93 14 65 69 35 15 84 58 86 22 54 24 19 83 33 79 7 57 54 12 3 82 55 87 36 4 93 19 13 60 8 72 93 45 88 56 32 3 16 65 64 91 91 16 24 97 52 59 20 77 31 57 4 36 34 62 16 63 13 24 45 84 1 61 62 5 8 11 55 68 16 95 13 93 25 9 6 10 85 100 91 90 58 91 23 91 20 59 15 62 58 17 85 38 96 39 71 63 66 87 41 33 95 52 98 28 64 2 6 0 26 68 29 47 78 69 19 18 27 64 96 12 95 37 100 67 61 98 18 68 78 96 18 39 70 100 56 95 70
14 89 69 38 30 82 46 100 51 51 65 19 42 8 62 84 15 98 24 94 45 76 55 40 97 99 62 37 7 69 88 71 63 44 26 98 100 1 49 34 66 50 60 27 51 0 28 31 99 66 39 54 13 47 77 2 64 49 81 18 20 11 86 86 88 26 72 1 40 58 3 13 49 70 20 8 76 87 63 31 48 71 95 18 87 10 21 23 61 94 18 46 39 92 51 24 73 69 4 67 42 86 81 83 8 46 99 66 46 57 22 48 38 31 9 98 71 51 65 23 27 9 5 80 14 76 39 92 90 6 75 95 8 31 59 54 0 17 23 19 14 55 87 32 69 45 27 31 40 58 78 54 8 51 20 48 98 60 33 71 16 53 67 49 83 55 99 12 43 16 31 41 38 86 34 25 88 31 37 83 41 100 60 72 20 71 88 29 51 83 69 78 49 14 85 28 52 54 65 84
5 6 62 70 11 89 92 58 3 90 98 97 30 26 46 33 83 16 12 80 49 60 25 1 68 67 97 1 16 45 90 19 13 31 97 93 35 20 60 89 31 22 94 55 42 63 1 65 9 19 4 2 37 16 80 4 6 38 71 46 84 31 100 73 12 33 74 93 2 12 45 24 34 13 43 22 20 31 72 10 41 31 5 11 9 82 27 44 53 60 31 9 55 94 60 30 58 45 11 23 66 38 26 38 97 5 89 34 47 0 27 83 77 98 52 52 50 67 42 23 66 64 100 90 21 77 88 69 35 51 47 26 93 83 40 54 43 71 49 49 62 86 24 51 43 9 27 5 2 74 12 0 61 94 57 53 57 61 0 8 82 99 4 6 71 82 21 64 57 66 49 54 87 34 41 96 77 21 25 51 9 93 27 6 23 43 60 11 25 6 79 73 63 100 27 59 68 3 4 42
89 74 41 38 78 44 57 29 97 59 91 94 62 70 69 35 91 59 41 50 64 55 10 47 77 75 54 49 7 5 71 49 91 9 66 13 27 31 15 3 13 63 14 82 95 82 37 5 84 50 73 40 39 4 46 94 67 33 44 56 15 40 93 26 27 95 47 97 5 45 37 99 29 75 8 69 21 33 65 62 70 69 64 36 42 46 16 83 5 11 49 24 33 48 0 29 4 48 32 43 53 78 68 6 68 69 78 25 8 49 10 97 70 99 67 8 32 39 9 50 88 72 66 84 43 52 9 6 99 69 18 56 9 27 17 22 68 8 94 25 82 35 12 76 76 94 88 33 97 99 28 5 31 14 11 8 26 100 31 96 63 14 66 63 27 4 8 75 23 17 10 87 12 13 5 19 83 34 17 0 85 16 89 83 17 24 71 52 70 55 97 6 43 99 52 57 37 9 68 14
6 60 94 64 51 69 13 64 7 14 88 92 52 70 61 79 72 100 51 73 33 2 60 36 76 82 55 29 4 29 72 18 54 30 23 26 27 54 37 35 21 16 72 78 21 88 0 47 76 97 36 91 88 99 75 24 54 37 75 14 35 13 37 47 21 30 77 35 95 60 78 85 67 8 34 63 31 69 95 53 14 87 50 14 50 74 61 51 83 42 56 17 85 83 32 72 3 58 25 75 45 100 52 45 40 72 92 16 31 22 5 13 80 88 89 87 24 96 49 10 56 11 36 30 34 31 20 44 97 83 69 5 91 96 87 23 56 48 14 3 81 73 3 73 58 8 39 39 55 81 42 40 40 92 32 31 16 89 71 74 29 15 100 65 70 42 92 7 88 19 94 5 29 76 6 0 28 72 41 82 11 38 90 57 72 59 60 42 64 9 22 81 36 34 32 11 7 52 29 10
46 30 43 57 89 48 51 3 68 4 49 81 26 43 66 63 32 98 91 54 100 19 8 37 42 25 93 53 77 20 37 10 94 68 59 4 88 5 6 50 89 49 32 72 44 14 19 2 36 87 14 43 13 69 44 47 23 19 35 49 92 34 81 88 94 29 91 52 84 18 64 96 78 24 73 53 31 12 12 74 33 25 41 29 72 27 90 79 8 5 100 70 22 81 94 82 99 86 29 67 31 39 45 47 84 31 43 42 92 10 26 18 81 93 100 19 66 99 13 10 45 18 95 90 9 15 65 27 66 67 15 37 83 5 5 6 74 17 26 35 91 20 9 14 78 4 11 11 0 93 42 42 63 61 44 79 99 22 17 30 62 98 91 61 75 13 28 1 91 37 71 36 36 77 88 13 69 68 70 88 90 16 89 26 9 18 83 64 59 74 37 64 58 34 46 17 18 59 58 61
83 33 18 38 91 69 30 57 39 91 99 47 36 1 64 21 57 84 1 68 14 94 33 73 61 69 76 94 64 33 100 10 18 10 41 41 40 93 0 74 54 83 90 50 50 88 43 42 56 24 34 56 25 100 60 24 74 45 71 72 85 9 95 6 66 63 82 61 90 28 10 42 33 79 83 17 65 88 38 80 93 10 37 67 65 28 90 30 43 47 92 94 71 78 92 32 25 99 27 23 45 56 37 52 57 52 58 29 50 33 86 4 34 50 27 75 34 38 89 83 31 52 76 19 0 26 1 46 1 22 34 89 26 46 53 62 49 23 85 17 37 89 67 99 24 34 57 78 62 44 95 67 45 60 38 42 49 50 56 60 40 72 87 23 16 97 22 10 10 92 63 45 51 93 50 11 73 50 100 46 90 19 29 76 35 46 52 24 64 61 34 8 30 96 26 21 22 29 84 28
56 87 84 27 93 18 93 45 10 29 82 28 41 73 69 50 95 91 74 56 4 39 79 27 69 8 69 7 47 19 79 64 96 31 86 17 37 10 55 91 17 37 20 79 77 91 10 20 83 50 75 100 12 28 77 84 98 74 33 46 74 74 67 7 12 82 80 77 94 59 19 49 72 1 68 48 49 17 63 0 44 93 95 99 47 11 32 6 58 58 7 1 66 96 72 46 56 87 44 90 71 29 12 66 49 84 91 74 26 62 48 78 51 11 48 76 68 4 85 80 98 29 67 61 45 30 4 36 80 60 3 41 33 78 70 87 4 48 73 62 84 60 32 92 29 6 14 0 70 65 69 27 78 54 34 65 73 35 53 69 17 71 16 70 91 94 97 93 39 2 12 26 81 82 27 21 43 97 13 44 20 14 99 47 19 30 63 2 99 48 65 27 80 4 71 22 19 95 8 56
64 72 33 2 12 62 50 44 76 68 35 37 63 29 23 77 54 92 48 70 95 73 88 95 61 50 14 51 94 32 75 78 35 79 23 91 88 36 19 95 6 71 2 100 35 41 36 51 99 11 80 55 0 93 55 19 89 97 49 64 16 85 8 69 43 88 36 3 10 20 51 53 78 74 20 38 74 95 92 94 73 40 59 90 63 39 70 88 5 47 11 79 51 92 62 21 50 13 36 43 87 38 10 34 20 59 46 32 32 50 83 60 0 17 77 87 17 26 75 82 28 54 87 42 70 49 24 95 26 4 86 19 19 90 86 5 82 44 36 43 13 9 85 45 99 80 39 86 75 28 37 29 41 95 91 50 35 48 34 93 11 56 46 47 36 24 90 56 16 42 65 24 39 21 18 78 28 2 11 54 11 90 69 72 73 64 9 15 91 55 7 8 94 31 49 72 34 41 58 38
79 16 63 22 94 14 8 43 43 86 95 65 27 14 16 80 22 41 25 42 21 40 9 45 41 12 48 20 99 26 77 45 51 51 50 24 50 89 18 67 3 78 64 4 50 72 8 45 87 46 67 68 33 92 18 0 10 13 28 24 86 97 93 96 23 27 62 68 81 33 19 20 98 59 27 42 6 31 23 59 10 71 31 50 80 27 74 67 68 99 29 99 89 29 66 11 56 31 68 12 68 7 87 66 48 54 28 35 41 90 52 56 99 72 54 37 46 11 77 42 80 60 16 18 4 13 5 31 22 22 14 21 94 13 47 12 97 68 31 27 34 98 20 1 7 14 23 83 2 26 23 78 87 19 20 80 57 64 79 52 66 58 88 1 53 49 21 23 93 52 97 85 96 62 97 92 21 42 34 95 81 16 15 67 54 23 65 91 43 33 69 59 84 25 20 65 52 88 79 69
35 99 64 26 73 56 80 36 8 5 45 81 28 85 32 76 34 59 54 26 64 49 89 31 28 19 35 46 97 71 55 73 78 69 18 48 50 48 94 41 71 18 98 41 74 82 70 30 46 69 44 14 53 25 95 86 67 68 55 5 60 15 99 8 56 69 86 14 32 6 6 39 17 31 79 51 97 46 48 39 66 49 52 36 57 58 51 73 67 19 95 68 66 83 83 31 12 71 50 60 20 95 71 89 31 5 94 37 29 58 94 60 38 76 32 77 54 40 20 36 80 66 36 39 83 81 37 59 65 33 40 8 83 9 48 75 33 47 84 65 68 95 8 21 33 23 86 5 100 34 46 34 97 86 88 9 9 87 59 30 89 28 28 93 16 78 57 21 11 63 85 53 1 16 98 83 50 73 25 78 4 94 27 82 34 57 55 79 21 13 83 66 81 10 9 20 81 15 41 15
76 38 92 22 27 89 37 17 91 93 65 36 35 65 14 14 84 96 95 26 77 77 91 64 99 99 26 90 80 20 16 40 76 52 87 57 82 96 4 52 92 75 69 25 3 52 90 87 15 45 59 91 0 74 38 38 33 93 14 18 54 31 78 31 31 44 88 11 45 58 83 22 49 66 92 8 47 49 78 23 83 83 97 82 50 28 81 21 82 88 28 67 73 95 50 75 93 3 91 75 82 8 85 31 18 24 53 87 87 26 69 15 56 84 41 30 22 15 77 76 43 66 22 80 78 29 92 83 15 76 68 37 65 91 6 96 54 37 21 5 92 73 33 52 39 89 80 23 61 75 72 82 72 48 100 3 52 3 3 77 83 28 63 77 24 63 24 53 88 75 86 43 26 71 84 16 89 73 58 89 68 82 37 54 91 66 95 3 69 60 24 86 96 49 74 84 81 50 21 81
67 70 45 40 82 91 16 26 0 46 72 60 23 82 51 50 20 27 66 85 39 47 97 82 11 84 11 9 78 16 44 99 15 92 51 36 72 0 72 81 79 73 83 89 10 14 17 75 33 11 51 74 49 63 7 4 16 48 11 67 17 41 9 56 77 8 90 3 34 49 19 64 71 71 74 10 67 13 91 44 29 96 68 49 6 3 11 75 64 94 60 30 25 21 15 14 56 79 54 1 20 88 8 43 27 97 16 57 81 99 56 12 59 89 90 23 57 64 60 68 88 16 68 90 98 75 34 89 42 17 43 52 16 79 83 21 34 7 12 64 95 67 59 39 90 77 28 26 87 58 3 19 21 52 46 37 75 33 67 10 20 16 54 14 51 87 11 2 44 88 23 67 25 3 36 81 86 16 26 64 100 69 10 18 73 13 67 50 28 75 81 27 53 70 0 100 9 69 14 72
71 51 100 42 15 56 26 4 73 96 55 22 58 39 62 46 20 69 19 44 99 75 50 97 98 26 44 16 8 47 100 5 95 41 33 85 71 93 68 25 52 74 35 3 65 58 78 7 52 54 54 51 36 70 66 17 81 91 89 58 37 59 68 91 34 25 31 35 72 77 97 39 30 49 50 46 66 47 41 98 60 8 17 68 69 96 44 49 47 9 3 63 40 73 72 11 45 29 62 95 46 59 78 78 17 90 23 10 30 39 24 100 76 62 96 98 1 14 30 50 51 47 68 36 27 23 82 30 98 77 53 62 68 15 45 37 80 86 70 43 91 23 38 42 78 46 29 34 25 59 14 64 13 89 56 30 32 58 0 86 99 95 42 19 3 24 40 42 1 83 12 38 49 37 69 45 18 62 94 58 46 69 94 90 41 70 17 55 36 88 46 37 13 72 7 79 22 97 50 82
67 16 44 49 95 56 47 45 66 53 16 80 95 0 76 60 7 47 21 33 14 30 49 4 17 54 7 8 49 98 65 87 34 12 72 59 41 22 10 67 95 90 88 31 61 95 69 46 100 45 38 56 13 18 81 84 32 47 7 40 13 99 5 43 85 55 33 41 1 50 97 100 11 83 53 41 59 12 70 47 32 53 13 84 66 68 13 96 13 30 25 62 86 17 43 86 23 53 3 42 65 49 81 89 70 94 94 33 47 11 99 12 40 12 48 23 33 27 95 91 81 87 38 49 51 62 65 48 79 2 48 22 67 25 100 40 32 66 82 25 45 100 40 30 85 17 99 82 70 100 53 73 61 47 65 69 11 32 17 35 42 86 93 27 33 69 3 69 35 59 10 82 27 35 98 78 30 5 48 20 68 43 30 98 86 28 69 50 97 25 74 94 11 62 5 22 58 94 35 62
87 0 61 66 51 7 91 68 63 21 6 71 35 93 11 35 11 80 16 70 39 82 100 5 53 82 81 61 34 56 72 12 8 52 64 51 27 24 27 100 100 56 38 66 66 15 14 66 26 36 21 15 42 27 7 34 12 84 24 74 44 44 2 21 82 77 69 57 87 26 82 10 99 38 57 38 90 29 25 90 74 63 32 59 94 37 86 1 25 61 2 81 34 28 53 59 82 10 34 45 66 20 25 50 51 75 91 50 71 7 6 36 21 61 52 74 44 50 36 17 18 5 33 27 48 9 42 38 50 57 1 10 55 65 58 84 27 59 28 81 78 0 22 78 36 39 88 45 34 1 57 38 14 81 77 48 45 32 46 18 76 26 94 9 6 60 96 65 51 78 19 27 72 19 53 59 67 23 71 82 70 25 95 36 84 81 86 94 59 7 69 54 69 76 34 29 37 53 13 10
34 45 81 8 57 40 65 49 97 79 24 30 94 8 94 38 23 15 38 70 86 34 64 27 29 76 19 100 100 91 73 18 100 66 56 78 60 66 55 60 21 84 52 39 10 67 92 86 48 3 80 84 5 31 59 56 55 74 88 84 59 67 80 68 78 5 27 48 68 63 79 55 41 48 71 73 92 2 38 77 35 24 67 52 23 5 95 97 55 63 22 88 70 26 89 91 56 75 71 3 1 15 8 78 76 90 37 58 3 25 39 28 28 0 50 2 38 48 55 27 7 82 7 37 20 11 72 30 97 70 7 17 46 11 41 11 61 47 0 40 34 60 15 44 32 55 30 81 77 100 36 34 31 6 12 98 0 26 40 78 66 18 44 6 56 57 56 64 27 10 56 43 52 80 2 18 100 24 2 10 87 86 26 3 20 58 100 9 91 74 42 30 76 14 55 79 84 39 59 30
24 34 47 35 30 98 46 93 48 43 57 33 29 27 76 63 50 74 51 64 31 80 23 41 72 87 11 47 32 15 70 62 68 12 74 83 13 35 68 89 72 39 79 33 87 50 89 51 39 57 58 99 84 83 57 51 45 7 87 59 92 32 1 90 68 79 29 70 31 71 9 39 70 7 87 62 54 93 100 55 89 0 38 14 65 51 45 71 22 98 36 50 50 89 78 79 16 23 8 81 55 80 24 90 84 39 70 66 45 61 64 82 18 5 11 40 19 10 57 58 10 40 89 10 51 81 5 8 89 1 5 49 79 85 16 58 94 10 99 71 38 74 73 68 68 68 27 77 42 70 19 6 68 84 1 7 64 42 20 17 96 38 36 75 71 13 90 28 34 71 12 37 79 45 49 48 59 13 5 92 8 11 91 59 25 73 54 86 56 98 75 76 91 86 74 81 82 4 9 78
25 17 21 23 2 41 90 56 61 12 3 27 4 59 5 40 18 89 26 87 70 67 95 37 63 38 74 3 95 97 79 32 20 85 25 19 91 45 77 97 92 16 87 90 47 36 2 68 0 91 75 70 61 24 9 53 57 69 76 95 5 1 52 74 36 94 69 13 90 7 39 36 12 50 45 34 99 25 64 76 36 59 100 9 95 65 20 9 50 73 16 8 97 33 4 26 73 53 60 16 19 59 13 16 33 77 25 66 90 13 8 57 90 11 17 75 10 40 85 78 57 38 25 45 35 40 54 94 50 22 72 95 36 88 37 71 1 64 80 78 27 22 21 95 19 32 45 39 4 48 53 15 54 14 16 19 40 19 86 93 49 69 93 78 4 79 10 79 2 58 28 15 94 15 8 46 2 54 54 42 81 61 3 40 11 4 7 52 52 40 98 10 94 7 16 73 96 9 58 55
33 67 86 58 92 11 91 14 37 16 65 50 5 87 19 78 78 61 17 45 56 95 53 55 55 13 31 32 78 19 84 99 16 35 55 46 56 5 49 46 48 67 62 65 54 23 58 46 100 67 93 84 57 72 60 9 55 16 13 21 84 87 19 98 66 36 8 73 85 4 23 74 76 94 65 18 11 74 26 55 60 18 70 0 63 37 4 2 85 60 55 27 30 80 80 75 29 34 17 57 10 2 92 24 80 74 88 98 33 69 17 56 29 30 97 23 40 51 4 12 36 46 100 99 26 23 35 13 59 58 100 92 82 52 33 43 99 18 65 26 2 76 57 89 54 15 25 0 36 82 91 57 25 2 44 19 82 75 74 90 94 8 30 73 81 20 98 85 25 98 10 28 42 43 83 61 1 91 55 16 90 92 25 73 98 20 96 92 62 85 82 36 92 14 96 23 60 25 7 91
25 2 15 60 37 1 15 34 62 97 12 68 29 22 91 15 100 21 15 50 20 22 15 65 18 35 87 96 58 55 83 5 11 86 30 98 77 58 69 3 36 45 57 22 93 17 86 14 68 5 63 31 91 31 13 3 39 24 66 43 71 75 65 84 82 2 58 30 68 27 54 47 17 91 20 88 17 46 25 3 14 15 14 42 52 54 68 26 33 90 23 26 24 32 42 81 30 96 90 84 91 70 11 12 49 53 100 54 69 38 18 32 22 32 19 34 68 67 3 21 31 51 55 21 60 8 18 0 74 88 24 25 45 95 55 55 81 57 42 56 35 84 65 93 45 36 74 14 17 13 61 36 83 95 15 65 41 43 15 22 15 29 6 70 16 9 91 52 77 80 83 33 82 71 84 95 61 22 37 75 89 68 30 6 45 11 41 47 24 87 65 88 54 77 21 9 94 23 80 83
46 88 42 91 93 33 94 54 44 10 5 94 78 25 75 97 79 62 87 55 96 16 81 23 58 55 30 64 33 40 31 88 86 20 100 75 77 0 48 91 64 81 84 47 50 64 100 9 55 20 2 72 78 0 62 82 51 84 87 44 64 10 43 10 23 5 88 8 53 1 5 14 68 97 71 86 12 100 24 94 71 76 99 68 48 55 77 32 42 100 46 17 79 75 9 41 17 58 21 70 12 100 78 25 32 78 35 59 80 15 74 37 8 49 5 88 63 47 100 24 52 22 73 46 77 48 12 24 0 99 2 11 16 6 43 45 66 58 31 0 68 93 8 73 74 13 77 13 1 63 87 63 78 86 41 40 75 19 6 76 70 68 57 88 33 52 3 62 26 12 62 3 32 93 15 5 18 71 89 15 99 18 53 22 34 33 36 31 54 54 14 66 33 16 1 32 91 65 45 15
55 5 0 27 83 32 43 88 32 33 30 89 96 32 44 16 4 94 78 85 94 22 64 7 97 96 39 36 91 94 35 6 77 52 59 23 28 13 65 14 38 33 68 80 20 53 38 88 7 35 73 62 49 55 53 89 63 23 90 14 92 37 5 19 51 60 57 78 28 4 22 17 6 34 57 39 91 54 70 43 92 87 78 20 51 31 60 24 14 83 66 9 84 62 10 22 38 40 84 10 38 57 52 61 51 59 20 7 81 61 55 34 87 78 81 26 24 40 15 28 16 64 40 51 61 60 39 39 29 81 37 0 92 30 98 20 69 78 54 27 64 49 71 97 29 13 88 55 23 85 100 54 30 76 24 62 91 45 77 48 36 1 24 7 23 100 5 66 54 77 57 39 67 65 36 69 48 40 89 97 37 94 32 92 31 75 83 58 62 46 50 40 32 52 46 35 73 51 73 71
13 41 75 40 18 50 67 70 91 88 11 5 79 87 61 16 21 56 31 79 43 59 49 100 56 88 50 100 22 69 33 12 23 18 37 97 22 40 93 35 11 70 68 99 87 72 95 8 4 5 44 24 45 17 69 96 31 27 71 38 20 29 62 53 66 33 42 31 93 49 75 84 74 47 93 2 97 43 98 91 89 45 5 33 82 78 62 82 15 63 1 52 17 84 7 6 75 42 2 54 33 95 30 94 16 29 62 51 13 30 27 23 80 1 8 4 24 72 33 88 82 40 73 98 23 72 86 61 51 72 64 4 66 48 63 31 53 26 13 9 37 13 36 0 78 6 1 74 24 70 37 12 59 24 100 48 24 42 41 70 75 92 24 58 86 17 62 43 58 32 13 6 71 13 38 31 63 54 95 92 23 81 27 92 79 13 17 64 59 10 10 47 31 21 49 93 64 85 80 96
76 68 65 61 67 74 73 18 31 78 79 48 2 90 68 83 95 53 84 95 10 48 45 25 7 45 28 6 72 17 27 26 80 55 83 20 65 99 18 57 38 58 65 30 53 95 75 55 73 9 34 58 76 76 91 52 24 26 96 41 97 4 48 80 35 65 11 26 70 74 86 38 94 11 41 53 52 40 70 79 12 13 93 71 54 24 41 52 66 25 69 96 29 73 48 57 30 28 77 95 96 76 62 93 25 38 47 26 26 18 29 26 50 19 47 76 75 97 86 9 45 74 57 1 3 66 82 77 7 2 95 48 62 35 99 25 4 48 59 18 50 13 50 0 10 14 48 64 8 58 73 16 87 88 68 93 46 41 49 97 74 97 1 97 6 94 98 77 46 69 10 97 58 10 40 18 42 15 20 69 53 11 46 58 52 39 44 56 81 24 83 41 34 19 4 27 29 89 98 85
81 85 9 42 43 81 32 55 2 3 55 17 87 100 12 37 71 72 31 49 99 38 20 72 86 43 59 23 67 55 14 10 24 87 6 23 85 78 13 32 71 41 0 25 90 35 2 45 74 38 68 68 15 60 2 88 31 14 92 36 59 57 5 53 27 35 13 96 98 65 97 54 94 16 4 6 79 13 34 44 32 87 30 89 47 18 39 35 6 22 15 20 94 1 35 89 73 46 95 35 44 31 42 22 59 88 97 97 69 86 95 39 25 70 85 79 26 1 9 22 48 81 59 45 2 62 8 1 53 71 81 96 20 49 58 63 24 23 81 69 17 19 97 38 6 1 22 2 11 97 6 11 21 37 74 90 99 53 73 50 18 1 57 96 0 100 100 8 57 92 88 66 0 76 88 94 61 77 13 5 57 91 93 68 19 96 30 28 46 8 6 46 79 20 4 24 59 24 71 24
31 49 98 33 56 64 77 45 26 77 38 38 56 8 61 26 88 25 18 74 62 90 68 4 42 97 50 62 14 71 55 58 13 65 51 21 61 92 56 8 34 39 19 50 25 50 26 50 62 75 57 80 79 77 4 48 43 98 71 62 18 19 29 19 48 20 46 92 19 75 4 18 43 27 87 42 21 98 27 6 55 71 8 42 56 34 71 76 79 59 74 82 93 86 96 30 47 65 86 89 43 64 46 39 22 25 91 39 69 100 29 45 24 82 56 76 65 98 44 58 96 85 41 44 91 84 35 43 50 64 46 59 18 88 43 70 3 4 17 71 26 96 83 5 84 21 49 5 59 31 30 40 24 10 32 16 74 79 89 43 40 94 45 39 29 76 20 21 71 12 20 1 81 78 13 55 88 82 3 65 85 31 37 94 36 77 42 56 71 22 16 100 73 63 100 100 33 43 10 34
76 5 12 38 79 59 71 37 22 7 100 72 21 42 100 5 94 71 71 34 9 33 47 24 99 14 33 22 87 42 0 37 47 98 68 30 59 82 62 100 32 12 31 39 4 11 84 82 66 92 92 21 89 19 62 100 25 10 38 38 94 12 34 18 98 17 34 3 53 14 43 66 14 46 22 53 10 32 40 50 2 93 52 79 89 64 60 85 26 59 35 8 47 20 7 9 23 32 45 80 30 68 13 23 17 24 16 29 46 21 20 8 79 63 54 18 13 50 76 65 2 50 4 73 64 84 33 93 14 90 3 51 50 13 47 77 79 97 58 7 70 93 48 34 1 14 20 76 93 1 67 80 82 37 28 74 39 14 76 94 77 53 13 83 68 17 92 83 24 79 16 70 83 28 47 81 100 28 90 47 85 94 65 87 74 38 78 96 14 58 48 33 67 58 13 55 68 98 9 58
50 73 26 52 52 64 14 42 58 72 5 42 46 23 75 0 38 89 98 99 24 90 61 43 56 41 72 94 43 55 76 25 42 86 97 56 90 25 71 37 11 43 70 94 44 73 65 94 13 9 94 75 75 16 85 58 60 0 0 44 56 51 20 22 44 94 38 76 5 14 7 36 68 64 50 82 84 81 30 24 30 74 78 41 27 36 98 24 1 78 92 49 96 91 53 93 51 14 38 86 23 55 47 67 5 17 18 32 25 19 33 26 49 61 76 11 14 27 22 83 61 92 18 47 26 95 77 38 2 23 30 60 34 70 19 37 61 99 65 95 19 81 53 89 36 79 40 3 19 24 48 52 30 37 28 22 42 47 89 2 57 81 32 43 25 100 100 98 89 27 88 8 0 23 53 24 55 9 45 16 74 15 89 51 90 60 89 73 44 72 63 39 45 67 12 78 23 4 28 68
3 39 65 51 52 92 16 10 99 54 15 63 52 76 37 81 74 50 16 72 37 19 76 32 19 69 81 64 71 58 91 70 39 65 82 25 93 34 88 77 93 49 50 48 73 31 13 87 61 51 46 53 82 22 100 100 5 73 83 5 75 60 51 29 77 0 43 73 80 81 11 61 61 8 54 13 98 74 21 15 23 60 9 42 57 82 79 89 82 30 33 72 22 13 6 37 74 15 81 97 62 77 39 48 4 30 61 9 91 60 2 21 65 97 80 59 46 16 66 24 60 72 13 64 84 14 50 0 29 72 13 93 99 42 90 68 53 61 18 75 45 89 83 92 65 58 0 90 96 39 17 12 96 40 72 24 96 55 6 4 81 19 39 16 35 84 30 63 33 24 58 93 3 28 68 89 12 9 12 71 56 98 0 21 76 34 54 89 87 49 96 21 56 67 48 76 48 11 60 2
65 52 30 85 72 12 59 41 50 42 53 16 68 48 77 25 45 53 21 49 52 77 88 48 82 8 72 99 64 20 100 66 67 81 90 38 39 2 84 80 37 72 39 54 52 47 29 77 96 24 98 65 71 35 71 95 32 97 6 9 22 95 100 98 69 40 54 40 72 11 22 54 68 92 98 49 31 0 96 75 4 93 4 77 53 97 39 66 14 73 68 33 86 84 80 0 94 5 79 29 42 32 61 14 51 91 20 93 20 42 42 4 36 31 31 17 23 30 93 87 40 57 70 3 61 95 70 9 7 25 82 2 40 92 89 60 29 10 55 30 62 49 86 29 95 29 54 56 77 87 81 42 10 12 95 83 46 37 94 27 93 96 60 52 92 24 37 59 62 13 63 94 71 10 17 52 32 21 34 36 87 47 7 13 85 41 75 15 49 45 37 78 68 70 89 5 100 49 43 17
49 46 35 91 44 88 96 51 64 22 92 61 51 19 63 9 68 65 56 15 94 52 95 42 12 54 16 31 81 21 71 35 12 56 46 73 86 8 78 26 0 32 64 92 75 98 10 57 35 3 1 73 88 78 13 51 22 73 51 22 20 53 65 15 31 41 26 29 5 56 5 20 30 31 97 43 38 4 10 73 77 79 2 44 99 98 15 78 16 13 14 93 48 44 2 37 60 50 99 59 32 0 1 64 30 21 91 74 8 95 39 82 34 49 44 1 6 2 58 96 12 48 74 17 28 71 63 70 38 21 36 98 15 37 47 67 43 3 6 81 7 29 9 49 63 73 47 9 2 3 2 21 63 2 29 87 15 49 21 29 0 66 29 88 7 38 25 49 97 12 85 29 89 10 4 91 87 66 44 72 38 99 4 37 83 17 18 24 93 5 67 54 40 66 81 53 13 92 99 46
37 99 47 25 52 58 11 27 0 6 76 12 93 65 48 56 95 91 90 82 52 94 86 6 3 79 83 51 6 4 51 82 60 71 40 85 89 47 28 100 31 73 83 98 4 8 39 66 35 27 71 46 51 9 41 89 79 50 7 95 39 71 78 50 95 37 90 63 45 94 65 58 100 55 62 27 96 99 6 55 63 44 0 55 5 93 46 32 15 100 49 68 10 30 79 46 73 80 11 54 21 97 5 13 10 81 18 37 91 20 78 91 20 68 88 48 50 62 86 37 70 36 80 26 93 39 81 20 2 5 28 19 43 26 87 8 81 19 41 2 93 25 10 75 69 27 68 29 92 86 83 46 20 43 70 25 70 19 97 6 64 81 99 74 6 57 0 65 0 94 75 48 67 69 50 49 88 64 85 12 36 71 100 88 34 65 77 72 75 42 70 2 97 1 46 25 61 36 36 71
60 56 43 21 18 75 88 36 70 52 70 97 21 54 20 80 33 19 77 20 49 63 31 71 68 66 84 68 86 5 46 99 84 61 87 53 78 39 83 7 19 43 2 56 70 49 1 75 15 34 65 84 53 95 17 37 38 40 82 82 24 56 100 65 42 24 34 79 89 74 24 59 26 90 62 73 79 3 2 32 13 45 90 73 83 63 54 34 26 20 28 46 58 71 29 53 100 13 72 57 14 12 55 28 55 19 26 78 81 32 38 35 15 54 67 11 27 28 77 71 74 59 83 93 59 73 39 94 66 79 45 25 85 33 6 68 6 23 78 16 20 60 27 37 61 28 61 0 89 22 62 61 64 11 35 99 4 32 52 42 49 57 28 72 22 21 44 88 67 76 29 28 40 6 75 64 100 60 48 78 46 5 44 65 89 34 78 43 17 83 88 75 21 40 0 43 100 52 67 48
6 81 68 27 37 34 37 45 89 17 38 32 76 8 13 95 60 96 79 10 85 71 42 12 91 20 42 99 44 32 19 92 9 92 26 20 60 76 76 7 46 46 42 43 77 17 25 79 95 35 62 64 29 67 59 49 35 82 37 49 94 38 33 51 26 21 78 85 65 31 84 25 90 69 24 27 9 71 34 65 53 30 71 19 94 51 9 92 25 40 20 80 95 78 30 70 71 88 1 14 87 18 61 6 8 33 90 58 46 28 92 47 50 42 33 30 24 60 91 95 58 50 69 56 7 33 24 83 95 40 34 37 59 30 50 44 15 42 64 12 73 2 28 46 65 9 6 50 82 96 22 54 5 11 90 14 5 17 73 59 58 96 89 5 42 64 55 96 30 27 40 36 9 5 6 98 73 9 73 45 49 90 61 16 16 84 1 34 82 47 8 67 1 44 78 80 99 92 75 29
68 73 57 82 27 57 4 62 60 79 63 51 47 98 25 38 62 36 95 19 18 56 94 47 12 89 31 71 63 46 65 35 19 19 9 69 99 79 8 77 61 32 24 26 69 35 71 7 55 87 52 93 31 81 46 50 59 93 47 76 100 43 59 21 38 5 7 47 95 2 98 14 88 77 66 47 3 6 86 65 28 99 59 77 73 86 32 32 14 2 91 68 49 76 87 98 39 17 7 14 99 27 75 2 22 83 14 30 73 49 86 49 34 27 77 85 80 76 62 68 69 1 27 33 55 2 49 23 21 94 59 51 91 90 67 73 100 8 96 42 58 78 31 86 48 3 86 54 10 36 59 28 79 73 95 98 34 73 45 59 15 31 18 55 47 15 37 93 97 43 76 97 79 0 98 34 61 56 75 34 9 77 93 96 72 76 45 29 90 5 60 76 52 59 49 59 33 19 75 1
69 12 2 34 7 92 15 89 22 76 17 37 66 11 20 91 16 67 22 20 84 77 94 19 57 72 1 36 84 95 7 20 40 77 82 80 100 90 66 17 48 55 39 99 69 90 67 78 26 44 91 42 91 53 91 30 59 8 23 28 25 62 93 40 81 42 15 82 3 31 39 65 74 25 36 38 96 37 39 57 56 40 28 38 99 41 72 100 87 62 65 97 72 24 64 15 89 1 35 76 67 26 78 90 80 23 45 54 39 97 37 94 93 95 59 61 6 26 93 26 18 81 27 78 50 22 55 36 46 19 64 96 73 86 16 28 67 56 26 26 81 28 95 100 28 61 17 89 21 78 13 67 34 42 11 50 38 66 80 64 65 36 56 11 85 0 43 56 17 47 71 70 4 33 65 27 84 17 53 15 79 99 95 46 88 94 28 27 44 82 59 1 62 38 55 57 85 36 34 57
59 74 98 95 38 54 70 61 72 81 93 62 68 71 28 45 25 35 83 65 26 92 67 66 0 11 3 78 82 85 59 11 31 37 70 70 1 59 27 0 73 43 5 71 44 42 6 79 16 68 93 21 15 23 97 48 47 97 86 24 83 36 19 60 93 28 93 95 88 29 51 61 88 90 89 47 7 97 44 1 85 80 10 95 17 62 22 38 36 83 91 41 10 6 8 85 55 37 84 89 98 61 89 45 21 33 45 62 64 61 96 19 39 94 56 25 35 99 2 37 62 91 90 48 57 57 22 51 67 8 1 59 45 57 79 94 92 2 3 82 84 2 58 70 28 31 97 56 19 27 69 21 71 90 56 36 45 66 41 80 96 20 33 41 5 70 88 17 64 100 91 95 51 2 74 23 83 65 24 37 48 75 15 18 73 70 77 73 57 30 61 58 59 45 67 42 42 40 15 63
21 92 52 9 51 52 93 38 8 39 87 52 62 90 58 39 60 70 87 77 6 89 95 96 39 18 37 73 57 67 32 94 59 23 99 34 95 35 20 89 95 84 4 4 38 4 90 50 53 91 75 87 64 78 2 24 78 100 71 75 52 87 78 95 91 43 20 3 69 45 87 50 84 65 28 49 89 24 2 44 37 82 3 69 28 23 89 36 17 96 2 67 33 12 77 93 14 94 0 16 29 40 64 7 56 86 91 38 56 50 96 59 55 76 64 65 37 31 87 25 75 55 48 30 35 19 31 0 56 30 95 7 49 2 25 43 11 42 6 99 29 46 44 5 5 19 90 2 15 15 67 24 77 15 37 9 26 50 99 49 21 37 75 65 87 9 5 38 92 49 46 59 12 62 18 34 50 57 0 58 97 54 13 67 92 11 30 87 40 38 13 49 84 70 0 76 56 3 51 58
20 30 54 37 62 53 64 19 31 9 17 5 98 24 100 33 58 2 78 96 22 22 8 85 6 6 40 70 12 78 13 23 14 51 99 88 67 49 32 0 85 73 13 73 25 42 92 79 57 100 62 37 48 49 94 27 24 6 92 18 29 6 6 4 62 5 75 13 2 6 97 83 94 87 24 38 85 52 9 78 51 38 26 3 62 17 32 21 92 2 54 47 27 46 39 58 79 19 41 38 22 44 14 52 87 60 44 15 96 76 21 86 43 62 36 100 52 91 92 53 42 80 15 78 90 19 26 65 30 24 86 48 8 0 91 79 55 3 32 42 5 84 40 32 32 53 0 44 40 71 98 66 19 49 25 22 65 95 18 51 95 5 59 6 71 79 45 56 79 93 67 25 29 93 58 15 8 86 73 42 32 83 88 19 79 52 17 24 83 93 42 78 47 32 63 37 59 50 14 12
86 5 97 0 16 79 44 31 10 73 63 7 4 45 31 47 21 88 2 88 31 4 19 3 86 65 31 42 28 28 49 62 53 82 15 40 29 59 76 46 16 18 2 50 14 67 93 16 37 38 14 47 12 98 12 13 13 93 28 76 20 48 30 100 29 60 75 51 46 10 5 38 13 24 0 9 15 95 46 6 92 17 82 21 38 50 77 59 57 69 1 74 88 3 61 76 68 14 41 51 67 78 44 37 1 71 55 90 66 85 13 11 64 88 52 48 93 62 57 74 71 88 42 45 22 72 97 75 22 57 6 34 65 34 90 100 64 83 40 29 8 74 70 29 36 51 90 66 76 76 36 89 88 38 50 25 24 88 17 59 58 60 97 14 75 59 6 94 94 59 86 20 95 39 88 27 81 36 85 90 89 0 94 40 4 2 41 19 15 47 0 75 97 73 68 74 34 77 14 11
31 62 17 89 45 25 35 96 16 62 51 22 8 56 52 36 9 31 56 88 8 21 56 42 69 25 99 27 8 14 98 58 16 84 15 8 14 99 88 54 73 48 71 35 11 63 14 49 66 59 97 48 88 33 93 7 40 1 57 54 91 12 38 23 51 86 44 43 0 92 1 52 87 8 64 29 45 20 51 51 20 58 78 90 27 8 59 92 79 61 70 58 98 40 81 60 48 39 66 46 28 43 85 85 25 7 92 80 46 32 27 62 59 68 100 48 59 82 54 65 34 70 3 82 74 68 23 20 22 96 76 68 75 0 38 64 46 35 53 80 56 10 37 6 83 70 11 97 27 38 91 68 66 77 4 36 30 98 35 50 99 61 50 9 12 65 60 26 57 26 87 41 52 33 34 85 70 75 57 76 58 34 51 33 3 50 8 62 4 51 79 99 8 86 75 87 81 11 80 90
21 87 58 62 51 59 25 37 98 21 23 27 75 29 30 80 3 24 98 78 41 20 11 39 91 92 99 93 75 40 22 10 94 3 22 7 64 39 25 75 2 16 84 6 84 86 27 8 91 11 28 60 70 35 33 41 96 100 60 70 70 32 94 78 9 18 62 60 46 7 70 12 75 27 76 68 11 14 100 23 49 54 15 33 66 90 24 7 10 32 60 39 75 83 33 71 22 21 54 74 42 95 35 46 50 99 8 48 3 95 93 0 2 98 29 4 61 64 39 19 57 7 7 50 25 44 9 84 21 25 60 44 78 43 30 62 12 93 55 89 82 66 6 55 62 51 45 89 94 90 20 49 88 97 62 54 3 7 73 78 94 80 50 58 5 78 24 10 37 52 29 54 40 81 25 2 91 90 59 65 33 100 86 40 32 68 98 33 94 2 29 57 33 41 6 84 5 59 6 75
44 75 67 90 75 67 76 20 41 64 2 85 6 53 36 84 65 22 59 6 99 94 60 15 35 71 49 64 25 54 93 72 98 48 44 44 44 91 71 12 92 10 93 75 35 26 48 68 18 33 97 23 95 17 20 18 91 36 39 88 85 7 50 62 29 66 40 49 92 58 72 21 85 18 87 38 30 29 30 62 19 89 19 10 60 75 58 20 87 59 30 46 69 88 25 44 16 75 38 34 34 81 12 5 24 1 61 43 83 38 38 71 46 4 69 78 18 79 82 50 16 81 32 81 15 38 58 73 25 31 90 6 48 34 68 97 65 97 79 6 79 98 35 20 7 89 28 84 75 58 97 66 74 44 18 6 31 97 24 48 50 0 23 69 79 57 72 4 99 20 47 11 83 53 34 100 100 75 69 53 42 9 34 83 25 34 88 41 63 95 89 45 66 54 16 13 98 4 67 6
41 25 17 22 67 5 16 39 97 61 24 53 8 85 74 97 52 7 42 97 70 57 64 51 72 49 95 70 46 36 9 60 60 99 86 90 38 86 59 38 46 46 21 29 34 88 96 7 82 55 74 53 43 69 32 29 66 60 87 37 93 70 58 80 74 83 23 20 72 86 39 94 35 38 32 73 69 49 11 99 44 38 69 48 69 63 37 0 89 70 45 15 73 90 98 74 49 7 58 93 25 46 34 40 73 12 74 99 44 66 100 78 65 1 33 35 73 29 33 28 61 43 58 7 86 16 9 26 68 78 13 46 42 69 50 64 45 66 31 42 76 81 27 5 1 42 37 83 28 63 84 49 78 51 29 94 90 100 95 13 6 23 50 44 67 63 32 65 30 20 84 8 84 46 66 97 1 87 96 73 2 71 20 10 72 74 19 97 18 30 43 87 30 12 51 14 23 40 30 79
67 16 88 99 92 22 97 4 41 17 81 7 18 28 44 68 4 33 62 17 82 69 64 10 28 84 12 12 43 49 90 47 7 39 96 43 84 66 56 50 23 67 90 35 94 77 8 89 17 93 20 17 3 20 43 87 39 64 50 100 47 100 68 11 64 58 23 100 53 7 32 95 38 45 80 26 69 42 89 93 67 74 27 16 7 47 3 99 38 52 68 53 34 66 77 3 71 13 97 27 39 73 37 1 53 62 15 63 43 75 95 95 67 36 74 59 75 97 3 92 56 15 70 3 99 53 55 8 77 32 17 44 42 100 13 81 59 36 58 14 3 41 15 54 85 25 34 31 71 2 43 79 44 98 37 99 73 46 32 40 29 44 62 94 100 18 65 94 74 23 15 71 87 33 12 54 29 73 68 12 48 10 32 82 59 59 3 19 22 29 44 47 84 82 3 51 100 90 70 35
88 76 43 5 48 77 75 100 85 94 73 6 10 53 3 99 77 86 31 30 8 71 55 17 9 12 5 97 79 53 28 94 29 25 15 84 29 100 90 56 3 53 9 5 38 52 99 25 83 9 61 64 70 40 30 31 3 65 89 17 51 20 92 65 90 11 77 24 41 37 27 98 66 71 26 76 92 2 31 77 81 82 50 67 49 20 63 27 17 77 66 85 88 43 81 9 8 80 64 22 14 5 92 32 40 99 86 27 45 99 53 79 59 24 48 72 31 21 14 4 48 79 39 54 38 13 12 36 27 30 22 28 8 98 3 2 77 68 51 97 85 96 0 82 92 28 89 79 69 42 5 87 67 33 69 84 12 60 79 32 10 21 47 72 14 91 95 39 20 25 60 43 49 52 48 81 79 27 29 25 16 14 57 59 59 5 21 0 42 44 36 54 85 53 97 3 14 6 93 33
95 3 8 60 66 69 65 35 38 7 10 81 22 96 39 82 96 80 63 30 85 82 65 20 92 91 16 11 32 31 18 94 89 80 87 80 14 44 65 49 6 96 1 98 43 88 94 60 91 46 96 78 77 58 5 83 59 23 24 14 59 40 52 78 72 82 47 28 82 71 62 91 17 1 95 25 11 72 51 81 64 62 38 82 72 33 55 52 13 92 29 77 73 73 35 54 71 39 75 12 68 44 89 51 61 83 31 12 29 71 71 33 44 12 74 65 86 37 4 76 51 8 88 53 68 36 85 27 62 60 1 51 86 24 38 96 74 45 49 42 52 25 94 32 8 0 59 64 61 25 25 53 97 19 70 44 54 85 32 78 43 80 69 16 5 92 67 23 45 100 78 36 50 25 92 10 1 84 64 79 47 17 94 89 76 100 1 91 79 94 99 2 16 94 2 28 55 39 57 84
72 26 66 40 88 67 6 9 77 54 21 89 0 37 100 24 28 62 7 31 65 75 60 97 17 67 66 80 3 66 51 3 96 42 38 64 84 18 44 89 100 77 34 15 21 87 55 20 28 81 33 74 20 32 39 66 6 94 49 67 13 1 54 25 56 16 38 39 82 12 23 34 10 21 93 62 10 23 92 93 31 13 49 38 40 73 94 7 79 40 66 81 57 6 11 85 19 65 17 4 22 39 42 76 44 91 25 91 86 41 83 64 90 36 29 92 34 49 35 77 50 94 93 52 95 50 79 40 90 62 54 15 97 6 12 90 49 10 87 86 66 55 32 91 61 15 95 33 100 81 19 43 6 68 0 0 43 12 14 19 72 73 6 36 97 59 91 89 29 53 70 64 11 40 55 42 64 14 25 90 45 57 70 89 66 77 54 1 14 55 43 19 57 7 50 63 31 78 95 34
92 48 45 55 11 53 13 92 54 71 8 62 33 54 88 67 62 24 52 27 42 61 23 9 14 97 69 36 17 5 10 40 79 97 56 55 16 34 51 76 50 7 31 25 94 82 23 12 77 65 66 11 18 13 82 92 91 65 69 48 40 86 36 93 87 31 81 55 48 75 89 75 14 69 76 34 80 21 6 53 30 45 14 72 90 60 80 77 63 40 7 96 95 58 26 43 91 28 53 46 42 30 89 17 93 22 86 23 15 60 97 90 65 97 87 63 10 45 21 38 81 100 10 91 55 16 59 91 47 96 10 60 26 49 23 76 12 36 34 44 63 58 22 88 58 20 7 84 3 53 23 51 22 30 84 33 18 15 29 53 42 92 57 17 71 5 58 26 68 86 40 87 82 30 77 30 0 95 85 7 54 13 2 61 76 53 16 87 88 79 80 32 10 22 81 80 62 2 48 3
82 78 32 94 20 31 90 99 83 24 22 15 9 32 71 70 42 98 34 14 3 59 40 3 71 96 18 24 99 56 87 44 12 2 52 3 40 72 72 10 37 54 21 94 94 26 35 43 54 96 3 30 50 63 60 86 18 38 50 74 85 19 83 34 42 42 75 82 18 38 4 28 93 79 50 4 69 97 95 72 29 93 99 25 11 79 40 61 2 63 4 17 49 56 86 15 82 81 25 21 37 58 92 49 58 20 0 13 81 20 77 20 31 58 51 23 69 9 39 60 47 5 83 36 24 65 64 44 74 61 97 22 32 58 63 77 61 46 32 80 23 93 61 71 41 84 74 50 58 86 36 92 23 95 74 54 14 10 33 64 13 64 43 53 41 76 11 70 59 14 91 52 74 86 50 14 75 53 54 40 100 21 69 87 7 84 49 30 2 42 5 46 36 31 9 31 43 26 39 10
34 50 17 18 11 70 27 40 96 89 14 81 60 10 29 56 17 48 72 52 78 11 71 6 82 51 66 37 6 10 25 76 84 76 23 21 17 87 4 73 12 17 93 74 99 66 83 68 77 2 43 8 2 62 98 29 19 79 29 54 100 56 87 29 92 59 0 58 71 37 78 70 1 83 64 54 33 32 98 20 51 17 53 66 31 94 0 9 30 5 83 13 52 12 91 33 43 90 13 84 69 92 14 54 16 81 20 66 41 54 59 20 94 86 69 86 67 91 30 84 44 42 44 62 44 14 59 24 5 99 55 56 3 28 83 89 66 64 10 60 59 41 81 56 82 24 9 2 85 92 9 30 15 33 96 71 17 49 3 40 82 0 55 55 54 65 98 75 89 87 93 54 75 97 8 100 21 18 74 0 18 32 36 30 86 78 87 15 11 11 69 70 70 33 44 91 58 3 37 65
41 27 77 19 32 85 47 38 83 19 2 69 49 12 19 16 100 54 24 85 13 20 22 95 69 82 64 24 16 2 13 25 37 35 90 53 65 81 93 20 53 42 10 54 44 37 64 58 4 80 70 1 97 99 64 95 77 13 89 6 66 82 94 33 72 15 82 42 80 45 37 100 1 20 18 93 74 62 90 43 8 15 59 99 99 14 42 93 9 29 60 81 80 87 83 77 68 2 25 36 15 98 45 95 3 66 48 59 51 45 62 58 3 100 73 5 35 90 62 42 59 2 34 68 12 58 33 83 24 70 23 27 53 83 40 28 40 25 12 22 87 68 57 4 4 75 91 83 31 57 58 12 0 89 11 51 23 89 11 22 32 74 46 68 46 74 62 29 49 54 26 17 65 75 24 7 62 75 80 91 99 29 17 77 4 37 96 94 53 73 38 90 13 17 99 95 26 56 28 48
82 9 9 91 59 91 89 47 91 21 70 84 63 85 69 17 31 99 21 78 80 89 62 23 99 51 3 2 1 72 66 1 4 64 35 39 71 24 0 14 49 98 78 49 27 60 71 27 84 10 66 46 36 5 75 68 64 58 71 89 66 73 68 65 81 90 52 90 60 50 55 65 36 40 37 3 80 65 47 52 3 8 33 37 83 52 61 96 34 83 64 35 47 31 68 57 29 58 3 48 11 80 89 75 47 64 21 82 38 39 18 52 78 8 10 48 45 34 47 40 87 26 9 13 61 49 33 71 74 45 95 40 16 1 5 87 15 64 95 65 31 20 48 85 79 91 13 4 43 43 35 90 16 33 8 59 58 70 73 74 37 95 4 85 48 49 64 12 48 16 13 35 61 62 55 52 15 84 81 39 31 58 12 11 36 36 88 20 99 70 70 23 28 48 0 9 60 27 32 21
67 63 24 30 14 15 99 20 57 86 96 25 9 46 95 17 57 36 47 24 63 14 56 66 96 18 0 95 42 11 79 10 88 30 17 44 17 86 68 69 59 83 77 60 51 67 43 75 58 34 98 53 16 52 86 86 59 58 87 13 27 28 54 51 26 36 95 63 94 11 85 89 72 53 73 4 26 10 77 90 90 94 30 25 91 41 67 9 60 53 45 45 62 21 20 7 83 85 50 61 4 11 79 48 63 50 32 87 90 40 45 46 25 84 76 38 61 11 66 93 43 91 84 91 62 82 99 23 47 31 68 28 72 33 13 59 40 51 53 39 1 61 77 63 73 98 91 42 38 24 22 93 68 14 72 82 52 37 69 98 32 12 83 73 63 31 99 6 24 67 55 80 31 76 85 44 6 43 96 76 6 17 24 65 57 98 18 81 57 7 25 40 65 56 91 87 89 35 48 50
34 36 52 60 88 5 52 56 34 95 28 65 94 14 38 36 53 96 74 76 8 72 54 57 14 18 30 72 72 37 63 24 64 33 81 94 47 41 28 8 50 49 0 68 29 53 96 15 26 32 24 55 98 65 10 50 64 82 13 50 87 22 56 56 98 80 90 12 50 12 37 10 4 28 88 45 33 57 91 9 0 64 24 78 98 63 13 79 0 87 24 64 27 84 32 67 84 68 20 79 39 57 77 0 29 5 16 53 76 23 15 76 54 92 38 80 83 32 50 66 1 87 87 21 66 88 95 32 19 98 55 100 45 27 82 62 37 78 38 32 17 83 35 91 52 7 12 66 22 7 1 1 22 34 70 1 24 18 18 38 32 48 57 84 69 22 69 5 97 44 1 68 57 76 100 20 5 22 74 25 28 34 12 99 26 93 88 32 54 83 50 5 76 90 27 32 0 23 29 81
30 91 59 46 89 82 4 61 70 43 24 43 88 21 1 63 25 92 10 1 67 53 85 10 90 19 24 66 0 3 99 55 38 13 67 98 53 99 77 88 5 51 93 7 7 21 92 68 10 55 44 64 90 62 38 13 21 91 49 11 90 100 13 47 1 4 39 68 36 48 3 15 75 90 39 39 4 20 95 45 68 80 31 9 10 74 30 78 14 77 79 31 70 60 96 24 46 47 88 78 24 92 26 100 39 6 51 84 7 22 53 14 54 63 94 78 39 74 68 31 27 58 82 40 27 19 52 96 12 41 60 74 93 9 71 65 28 82 27 89 45 23 15 96 13 59 27 46 0 66 9 5 14 6 91 32 47 34 85 7 31 77 19 41 13 95 16 23 81 37 30 43 59 87 23 9 59 9 85 3 77 1 44 42 1 45 13 58 82 64 44 32 4 50 93 19 12 15 2 78
66 74 87 45 94 18 97 43 37 88 19 87 100 58 2 71 43 80 50 80 45 38 37 44 37 54 58 47 44 38 48 4 12 68 28 55 41 74 28 34 89 49 46 42 88 2 72 43 46 73 88 93 88 3 3 45 43 8 43 39 12 0 91 79 25 80 39 81 99 15 4 60 86 53 57 97 72 96 24 23 95 51 4 79 14 0 22 76 19 90 56 44 64 17 98 2 32 95 94 93 1 11 15 49 28 65 92 30 91 57 18 6 32 36 74 52 52 4 51 62 30 93 57 32 33 43 47 42 41 89 80 71 96 53 92 33 36 53 11 73 91 41 16 87 76 28 63 3 100 70 5 80 97 67 30 37 93 24 34 14 7 35 80 53 75 54 24 6 66 36 65 58 94 8 1 33 39 9 57 90 82 26 72 16 59 7 49 4 1 53 52 5 3 99 7 96 34 34 6 72
71 46 53 32 50 32 15 80 42 46 53 82 4 50 46 67 2 53 53 76 92 27 0 78 38 67 43 3 36 17 57 5 78 47 7 77 72 27 2 48 60 14 46 96 100 17 56 2 99 53 54 29 20 0 27 83 76 14 8 12 34 81 14 1 91 33 57 66 46 10 80 2 16 20 34 11 56 49 7 26 48 57 33 58 75 77 95 44 84 96 8 59 66 36 98 73 4 73 14 97 20 33 9 42 79 99 68 23 28 97 3 91 82 85 68 52 5 31 15 7 78 75 5 73 81 10 18 59 80 89 73 35 89 74 34 10 56 0 96 97 11 97 51 1 21 32 11 22 21 17 72 89 92 79 34 82 68 73 29 17 3 19 29 58 43 82 49 0 2 8 40 24 92 93 50 85 91 21 71 38 75 37 15 48 88 65 32 31 91 24 36 83 45 76 27 40 62 4 75 77
89 81 40 7 19 23 82 54 81 38 28 93 11 75 84 42 81 48 21 87 73 63 97 72 0 46 27 36 89 24 96 38 22 28 69 66 41 30 38 89 31 35 79 91 35 10 16 32 50 55 32 30 69 7 97 80 56 69 25 21 33 6 11 9 56 18 94 3 20 18 24 77 74 70 66 47 15 63 99 62 71 43 87 10 23 85 1 10 37 7 60 9 76 71 73 45 16 94 7 49 66 39 44 32 31 49 5 53 88 87 76 28 82 47 84 90 26 21 47 77 98 63 92 23 60 57 27 76 38 21 26 96 34 35 39 61 84 54 96 19 44 56 31 50 85 32 100 61 5 87 61 12 11 12 59 82 52 82 30 65 58 83 85 5 92 2 27 50 75 39 21 36 84 49 18 87 6 36 54 78 98 4 63 43 69 40 31 95 32 27 30 80 40 18 96 20 49 66 67 5
78 34 95 20 25 65 100 81 73 46 15 68 46 78 81 92 0 92 68 4 49 82 8 14 49 35 8 89 6 2 42 83 40 89 92 27 74 69 69 43 24 27 88 94 57 89 32 72 9 21 80 95 48 12 99 25 76 25 96 38 3 74 62 5 30 24 91 67 52 30 53 19 2 57 11 74 13 35 100 6 72 76 81 62 59 31 87 80 58 97 9 63 92 63 29 79 82 25 44 5 39 2 71 1 60 71 15 84 55 12 87 59 18 38 47 14 81 82 35 69 58 26 32 22 41 71 35 50 44 13 5 53 23 87 79 73 5 5 95 77 49 59 66 75 97 32 91 82 56 34 14 36 0 68 39 69 95 22 96 75 28 69 99 78 37 30 35 100 89 97 24 52 4 73 83 98 20 59 57 53 70 5 11 81 100 79 77 12 1 80 43 87 11 31 87 98 27 82 60 29
87 75 47 44 7 42 75 47 15 56 18 65 49 71 35 44 78 76 41 85 51 65 14 44 33 67 94 83 5 71 44 84 42 64 15 86 4 13 44 32 19 25 86 41 72 29 75 63 48 17 47 4 4 91 62 12 86 91 79 40 59 32 26 34 4 21 70 99 16 17 34 87 57 81 73 1 72 2 92 19 25 67 38 8 78 74 15 45 30 96 39 21 32 83 81 8 77 65 13 23 45 16 81 61 77 1 37 90 9 79 100 83 87 12 41 45 97 77 67 88 15 89 69 55 52 56 77 64 78 11 35 33 53 41 80 23 72 93 54 67 20 99 45 70 35 2 49 67 84 25 51 10 60 50 99 26 95 94 66 11 9 13 98 42 71 67 71 95 74 23 1 99 69 77 22 91 26 76 86 84 93 91 83 64 44 12 46 25 100 100 10 41 2 69 38 45 61 83 0 8
49 88 16 41 48 94 59 51 57 38 3 94 52 1 25 30 0 60 36 80 87 26 70 72 96 38 96 15 46 25 60 21 26 70 0 68 36 93 84 7 10 55 14 99 16 58 72 88 34 68 33 63 9 70 62 21 2 25 20 64 82 79 80 33 62 41 8 84 32 91 92 39 35 79 44 6 42 57 60 85 49 60 16 67 7 57 77 25 47 58 33 81 27 57 86 74 87 96 82 24 27 33 74 46 9 80 0 26 70 32 42 19 43 10 38 17 30 90 14 42 13 61 59 17 83 64 8 28 32 64 96 71 88 37 37 76 45 0 0 60 50 15 10 9 97 6 81 7 19 0 93 14 36 84 92 87 57 12 20 12 43 93 48 28 69 20 89 47 50 39 64 62 98 54 72 96 100 95 26 60 20 35 41 96 73 0 46 64 19 71 7 34 89 44 27 39 32 5 94 54
83 77 40 58 40 93 48 48 31 38 77 25 51 96 11 75 14 67 22 10 8 16 66 26 8 11 15 53 11 7 60 76 48 84 49 18 79 30 66 33 12 14 11 24 51 13 79 65 5 12 23 89 76 97 74 5 83 17 0 0 0 67 84 38 23 6 39 90 13 81 74 39 41 37 63 0 6 6 67 30 63 40 20 73 34 79 89 98 52 42 50 8 3 39 0 79 7 73 31 69 19 82 60 93 33 10 6 37 21 71 60 34 47 86 23 86 9 89 76 99 73 94 70 88 94 34 41 31 72 87 80 15 20 63 20 44 28 9 45 18 63 51 53 84 95 55 68 6 48 13 69 21 61 38 88 15 57 93 9 64 98 54 34 59 17 47 76 76 46 48 86 49 27 42 98 28 4 2 81 26 55 50 29 23 57 56 24 10 59 71 81 92 19 53 25 46 93 47 26 24
52 71 51 17 7 0 17 54 97 47 80 88 87 26 69 98 28 95 61 68 61 54 35 34 54 64 69 46 31 40 72 84 80 35 47 21 31 64 45 52 81 6 63 33 100 77 84 45 58 6 83 64 84 39 70 24 61 99 23 60 70 8 53 62 23 89 21 80 9 49 28 67 16 48 37 16 65 0 81 90 81 38 80 65 56 74 25 71 44 58 16 7 2 2 28 97 67 74 23 91 45 29 73 8 68 19 20 42 37 96 28 22 48 65 92 92 14 91 95 51 66 85 88 50 89 36 76 32 67 65 78 76 94 37 57 58 64 68 87 40 93 84 46 8 1 50 20 64 56 3 41 0 22 8 11 8 39 1 74 44 58 95 81 20 14 19 10 54 76 37 39 62 0 27 24 48 93 32 72 100 24 49 56 95 17 74 94 2 40 85 27 81 90 82 19 73 4 96 9 22
8 36 64 15 31 84 37 6 19 81 63 99 63 42 26 78 28 64 66 26 30 74 37 49 26 55 15 34 73 74 81 98 67 46 29 30 93 7 7 58 99 65 46 24 37 21 68 50 62 8 18 29 16 47 20 68 20 82 80 55 0 75 77 97 97 30 55 82 5 60 58 76 96 45 51 70 42 27 2 90 3 19 49 59 55 37 28 35 7 97 26 38 14 70 38 10 26 2 42 98 36 83 22 87 41 93 53 38 27 10 98 42 64 87 66 46 71 0 59 26 84 96 93 48 78 39 25 25 73 91 7 90 65 72 48 53 69 81 53 99 44 1 63 53 12 84 48 99 5 46 2 65 90 97 58 100 48 81 63 97 99 67 88 17 41 35 70 92 83 32 51 86 9 19 53 35 35 69 54 86 96 3 81 28 6 20 11 32 16 20 20 46 34 32 12 1 16 7 3 29
95 61 46 43 63 5 73 32 82 24 80 98 93 14 30 46 6 50 41 11 74 88 22 3 94 5 71 82 13 6 84 54 71 59 2 45 80 86 50 83 59 70 24 99 77 100 83 7 58 84 46 50 28 22 97 12 2 13 20 63 43 32 12 31 72 99 27 3 4 46 89 8 38 83 99 9 10 93 84 79 56 69 26 84 82 27 63 59 62 90 24 11 0 8 16 55 41 3 51 43 11 0 59 9 84 87 44 81 69 10 1 44 1 77 48 6 43 40 2 94 5 73 43 32 92 68 3 69 93 51 64 8 76 54 89 85 98 63 65 60 84 67 23 63 26 0 49 59 67 86 2 96 32 27 13 34 58 44 35 50 50 28 81 33 54 17 27 62 4 57 85 89 39 94 53 17 42 87 84 17 86 57 29 3 48 71 28 49 66 56 86 30 39 72 85 25 62 6 67 40
11 55 25 82 55 23 17 78 46 58 42 73 73 96 97 76 56 92 86 79 20 49 85 33 42 34 80 53 47 68 10 26 80 62 50 19 19 87 52 88 21 79 86 85 24 79 37 79 84 92 27 7 56 19 30 72 30 44 94 22 43 16 8 69 14 2 71 96 49 87 67 39 85 16 14 67 12 10 45 49 93 20 2 66 26 93 67 94 100 44 87 11 22 73 93 53 52 8 3 66 25 17 51 4 92 24 52 22 32 35 98 81 26 62 59 27 5 17 31 76 62 91 29 49 100 31 25 66 95 57 17 67 83 34 80 5 21 45 64 58 17 78 77 56 44 47 28 32 8 29 32 20 79 20 63 100 46 86 31 22 23 36 28 14 13 84 60 28 41 29 96 6 20 60 81 48 34 29 9 55 24 3 86 33 58 41 90 45 41 88 86 35 36 6 12 56 68 89 34 92
68 87 75 87 12 100 82 51 37 66 69 32 69 38 71 94 49 89 88 49 6 98 95 78 90 54 59 45 44 42 56 64 55 91 54 10 72 13 33 72 20 43 0 82 9 96 73 18 47 72 65 91 79 1 12 14 13 85 31 91 89 44 44 100 75 96 67 5 17 51 93 95 67 5 27 91 41 69 86 7 20 82 61 48 42 31 28 78 62 85 93 94 11 39 10 67 15 73 35 52 87 15 41 99 3 37 47 99 8 61 16 99 7 29 19 16 28 17 21 12 4 71 30 86 30 5 74 28 66 59 47 80 41 87 70 58 26 20 32 52 12 9 92 88 11 43 26 19 38 60 73 39 87 40 33 18 29 42 61 54 30 9 57 52 35 76 32 71 61 57 77 58 14 25 84 27 85 57 16 35 3 87 82 29 93 97 58 3 27 73 34 21 36 41 71 48 3 72 86 14
97 35 38 25 70 17 80 27 95 82 26 65 75 51 40 36 37 46 43 61 46 13 87 25 24 24 59 55 25 46 93 13 49 71 70 31 14 2 38 78 9 81 84 80 81 67 12 74 40 26 45 42 3 19 60 10 69 55 94 7 45 14 93 91 24 57 58 88 53 66 63 97 1 87 98 79 88 61 41 5 20 59 79 65 15 39 34 47 59 56 60 24 8 85 84 82 6 100 94 9 2 2 75 89 10 61 61 16 99 3 22 76 2 39 81 77 60 78 58 96 29 88 64 71 100 30 68 28 88 37 61 18 96 100 60 55 34 66 84 90 52 94 66 6 54 40 92 25 3 6 26 67 32 41 8 20 89 78 32 25 16 94 42 45 5 84 15 21 97 61 71 31 64 63 37 43 43 46 9 9 87 70 65 77 16 4 52 69 43 85 50 23 32 94 90 81 61 21 4 87
20 96 60 51 61 75 59 81 81 25 81 38 65 32 99 24 81 66 26 86 15 67 13 87 45 65 98 69 61 84 16 78 63 14 2 17 23 52 15 35 98 2 13 69 39 55 54 63 19 73 68 80 62 88 43 24 87 55 75 52 84 71 51 31 63 15 60 24 61 77 43 55 90 96 5 82 41 28 66 22 34 56 26 95 58 43 37 52 95 86 83 55 94 5 17 99 74 9 55 7 20 38 92 19 2 68 48 1 78 58 93 34 70 36 9 32 45 27 12 69 22 49 33 11 49 53 66 76 40 63 34 56 5 65 35 40 95 41 15 22 65 87 51 73 9 75 77 60 17 100 22 78 91 78 56 28 30 0 14 85 17 50 64 45 49 8 21 83 37 59 14 69 67 53 14 83 62 66 15 61 65 82 100 63 66 80 13 3 96 37 5 9 66 29 0 34 3 72 53 26
48 73 96 57 63 37 39 3 13 82 38 98 34 53 62 59 45 43 18 17 81 75 19 42 66 97 50 7 81 57 39 47 67 0 62 6 28 66 97 38 93 94 31 40 66 44 93 46 81 40 44 22 78 80 33 1 24 89 60 2 63 40 78 98 87 39 13 43 35 59 31 94 21 1 43 41 36 11 84 74 85 20 79 72 47 6 14 69 73 90 43 73 17 73 10 95 62 1 59 90 97 42 26 47 67 25 98 50 38 48 29 58 98 40 90 27 83 48 57 47 13 7 30 99 36 54 97 82 14 61 81 6 64 34 38 8 94 6 31 40 61 28 77 44 17 80 77 73 66 98 26 25 25 27 15 61 61 88 15 68 5 90 23 52 71 25 68 39 46 86 44 98 10 33 22 11 72 19 24 52 64 57 87 97 45 39 49 71 1 90 61 67 57 55 27 65 64 30 90 99
7 96 87 7 85 28 26 54 23 53 61 44 87 69 28 91 59 23 87 85 73 47 32 74 54 82 12 45 27 65 45 13 75 90 34 46 79 68 5 41 39 29 69 5 25 69 91 92 74 37 79 89 58 67 0 35 44 81 95 32 27 42 11 97 1 90 79 87 86 40 3 93 100 66 70 57 99 99 23 25 33 16 66 50 3 53 58 10 90 93 42 96 70 61 45 37 18 76 8 32 35 63 49 43 91 66 97 93 27 16 19 79 42 6 53 78 79 74 75 88 1 86 33 44 51 98 72 37 28 85 94 39 14 87 69 55 59 46 1 83 72 6 82 44 84 57 11 76 48 80 34 87 53 55 54 15 76 40 90 65 71 86 9 38 10 43 9 26 46 49 6 3 97 40 1 14 95 40 49 14 73 48 55 9 27 6 70 39 34 60 46 15 42 63 36 75 64 12 41 35
8 74 70 90 58 71 40 97 77 65 68 12 58 12 40 28 51 78 1 46 16 43 74 6 3 0 36 86 20 91 57 30 80 42 14 55 53 62 33 76 13 95 4 90 22 69 79 93 70 20 10 68 19 25 18 16 52 90 44 34 75 100 29 61 43 45 37 7 78 81 36 0 88 76 17 78 61 75 22 26 7 75 24 36 35 34 15 79 77 13 66 77 25 95 0 100 78 68 30 25 69 87 26 38 78 80 4 74 10 61 21 86 85 44 33 37 42 94 27 13 27 52 29 81 90 34 67 10 89 11 91 31 74 14 10 10 5 2 37 5 39 65 17 35 25 8 8 36 0 85 61 92 91 31 100 12 43 70 90 35 55 4 47 59 59 85 35 70 36 76 2 91 81 94 79 94 48 84 38 85 84 97 15 87 44 28 40 64 90 77 86 45 1 77 38 84 33 33 84 86
24 9 80 39 93 64 96 61 59 67 36 64 26 87 81 4 97 86 7 100 45 93 94 2 26 13 45 14 64 88 35 84 74 0 95 63 76 19 1 20 7 76 54 89 61 99 39 10 31 26 74 4 62 82 54 29 7 22 51 76 45 50 41 81 1 62 98 14 93 22 79 77 57 86 77 88 39 35 47 55 26 30 64 47 96 7 38 67 1 47 64 43 35 53 97 94 22 40 99 19 8 19 24 87 12 83 6 52 98 57 54 72 18 17 71 61 29 51 52 40 68 57 60 92 80 42 92 52 1 70 0 52 66 57 1 25 47 9 43 11 61 99 6 30 51 100 33 94 20 13 65 65 52 80 94 68 98 37 30 23 66 81 82 47 96 14 72 12 66 97 16 57 83 81 13 81 61 59 18 61 17 22 17 47 7 8 61 12 26 38 14 10 24 22 40 74 25 9 95 65
79 14 10 9 6 87 99 97 46 63 95 5 48 76 7 26 70 63 77 0 21 43 54 20 71 17 60 100 9 60 75 38 100 99 65 50 28 86 43 7 68 55 0 48 52 83 30 25 6 20 0 11 100 65 45 81 91 63 95 13 56 86 99 71 99 43 1 71 28 72 16 79 85 45 66 91 75 75 99 15 10 26 40 20 48 74 75 53 6 68 2 93 2 62 25 75 65 7 1 21 11 48 42 47 42 19 41 65 10 26 39 30 45 43 51 63 50 86 56 11 78 86 9 95 20 4 76 3 2 4 94 24 14 90 31 22 77 49 57 26 6 3 99 86 100 38 24 8 26 56 5 40 93 26 85 34 26 21 22 44 57 60 40 11 95 7 72 41 49 98 89 4 48 20 77 62 85 13 88 45 74 2 28 90 59 13 10 29 17 57 3 52 82 63 72 20 59 18 49 8
12 60 93 61 0 5 14 5 1 87 36 82 39 15 10 71 8 43 14 24 86 96 42 51 24 85 70 7 16 32 48 78 26 16 95 76 68 30 46 34 91 11 52 78 95 60 4 6 4 100 79 75 24 50 21 99 33 82 71 80 35 62 91 45 57 32 27 40 91 66 83 48 77 20 41 41 33 99 30 68 55 19 22 94 87 11 65 23 82 65 50 78 36 12 98 8 10 26 47 51 55 22 37 45 25 8 62 29 48 50 57 38 85 53 100 39 20 62 92 48 22 92 92 32 4 99 43 50 50 68 52 54 0 84 93 33 91 78 93 35 36 73 38 57 70 59 23 99 65 73 63 58 13 68 19 37 91 88 59 77 75 9 17 44 66 67 88 23 80 30 91 67 27 32 65 11 28 17 27 67 55 4 36 29 67 38 87 35 1 73 36 13 63 16 28 59 74 33 67 10
39 56 15 70 32 85 57 94 56 92 13 76 42 99 78 56 66 21 33 85 100 71 4 63 42 60 23 64 37 60 12 93 97 75 72 98 70 86 1 23 76 71 21 82 94 47 50 47 29 35 58 11 32 67 17 73 12 59 27 66 77 68 4 72 9 31 40 60 33 38 36 99 20 84 57 3 96 60 24 79 52 16 38 63 25 72 12 86 8 49 43 91 68 86 75 7 49 80 52 36 57 70 14 14 83 22 64 43 95 4 91 32 12 56 30 80 73 91 59 13 51 23 91 0 40 82 17 58 97 3 84 35 30 79 32 4 23 53 39 79 17 73 63 14 22 41 12 72 67 70 42 42 30 65 77 67 6 95 27 71 60 17 55 35 53 79 90 46 11 40 73 30 63 53 38 84 16 38 10 76 24 95 30 5 79 12 51 9 61 65 64 20 78 90 0 5 40 31 28 82
26 45 34 100 1 50 51 25 83 94 59 17 77 41 56 79 57 36 49 16 70 65 72 3 56 46 81 3 76 17 85 35 56 84 14 73 46 70 66 27 2 96 91 65 33 72 90 98 4 65 93 53 11 98 71 93 52 65 60 44 9 22 58 43 18 44 15 30 77 18 22 50 47 90 48 92 47 100 4 84 58 91 27 81 91 6 40 28 79 42 60 83 49 91 75 97 83 55 92 39 51 98 38 20 68 82 27 6 57 93 31 89 11 71 50 60 7 57 78 56 31 18 26 6 26 93 25 7 27 35 56 99 31 23 86 85 53 18 7 6 36 89 8 40 13 49 51 86 94 42 12 28 79 24 56 14 14 7 61 56 21 11 98 14 18 92 59 98 42 62 88 59 94 70 11 84 70 42 80 92 65 38 91 80 22 29 90 98 23 52 96 18 92 73 70 18 23 15 48 8
25 7 29 97 7 83 10 57 66 71 97 19 64 11 34 80 49 9 77 24 89 20 52 97 3 58 14 71 13 72 53 77 100 78 72 70 85 34 72 14 66 78 49 28 91 29 21 17 60 99 29 53 69 17 100 49 39 79 6 63 44 19 92 15 10 48 97 62 71 60 53 23 41 50 64 37 4 43 10 64 0 66 21 75 48 32 6 89 62 18 80 97 12 24 98 79 54 71 53 24 99 44 66 35 61 90 20 32 30 55 9 96 98 56 38 10 62 54 8 48 34 22 91 13 90 87 76 28 36 37 38 95 18 19 9 78 75 80 14 86 20 80 20 14 48 8 42 73 12 18 67 77 72 47 54 20 78 33 4 62 77 8 62 16 56 12 9 37 80 60 37 16 59 14 64 49 38 41 81 48 56 48 13 42 92 22 56 11 50 22 6 21 57 34 99 76 49 13 4 9
11 43 96 61 91 13 1 72 93 98 62 92 28 47 11 25 64 29 49 100 48 62 62 44 39 72 12 77 98 31 1 98 27 57 28 38 23 42 15 25 49 99 47 49 45 68 10 53 46 89 24 23 41 93 67 2 7 24 40 33 21 10 98 74 38 86 76 45 52 27 39 6 75 64 61 1 38 82 59 47 81 68 84 74 95 44 33 90 39 56 22 100 66 34 63 94 22 37 58 82 100 67 19 14 84 48 79 86 57 7 1 29 3 74 67 7 55 69 41 41 54 14 54 99 87 56 29 79 88 29 70 8 31 5 61 70 13 86 68 84 58 87 21 0 61 78 91 0 89 65 97 41 94 74 39 59 73 22 74 66 95 47 11 65 79 7 76 47 46 23 37 31 90 85 62 67 49 18 83 27 27 56 42 84 30 48 13 35 14 85 65 29 35 81 32 19 95 46 18 100
47 87 58 90 75 34 75 62 94 70 37 38 42 38 13 61 54 89 15 63 8 78 8 18 38 48 87 74 36 96 15 89 71 28 3 14 92 91 21 65 11 76 89 10 28 68 61 36 72 53 68 90 82 17 86 96 87 43 30 47 20 84 38 18 76 45 75 84 97 27 52 31 91 93 51 7 5 75 22 81 49 46 33 95 81 50 66 0 62 38 84 67 77 24 95 59 72 86 39 71 66 35 86 43 84 31 72 24 7 68 24 40 35 24 84 53 48 29 56 72 96 35 7 60 34 76 18 60 72 65 27 76 55 95 98 63 100 71 85 6 0 54 81 53 22 43 71 20 79 79 57 54 37 16 39 78 78 85 10 98 45 51 17 44 61 6 98 48 11 29 72 96 75 19 18 82 61 96 8 48 73 87 58 15 100 27 68 0 88 16 87 92 84 49 93 80 65 47 49 94
11 70 3 57 87 60 14 34 92 61 61 82 80 16 48 94 10 33 50 4 19 77 45 94 30 56 53 48 86 13 8 72 68 94 74 48 44 77 47 9 73 17 54 10 100 97 93 90 40 33 14 30 50 97 44 28 20 95 4 53 27 71 31 88 41 71 90 39 75 18 28 31 76 80 30 82 89 65 8 33 25 18 12 4 99 46 60 67 23 26 65 66 74 17 8 59 1 72 90 79 51 90 14 4 72 92 96 91 84 67 83 16 75 2 25 47 95 79 67 65 69 37 89 64 99 48 19 77 79 62 74 3 2 72 1 26 98 29 43 38 54 97 79 34 82 80 17 0 31 90 95 85 53 64 66 80 65 99 2 22 73 63 86 34 99 32 78 33 0 41 57 36 84 30 58 2 41 19 54 31 6 31 88 61 9 67 52 65 58 0 76 53 15 79 39 72 45 16 28 50
21 96 58 80 12 94 33 42 78 33 90 70 10 100 18 55 69 79 51 26 37 54 14 89 22 93 93 71 78 90 75 46 5 47 62 71 72 48 85 59 18 40 65 19 5 14 6 44 77 66 94 78 83 10 69 3 54 88 58 8 7 33 64 91 25 78 90 7 84 74 53 3 77 53 0 0 0 11 58 11 69 74 58 94 11 39 11 97 30 88 42 34 54 13 39 88 92 24 6 98 75 8 58 86 52 52 79 25 0 97 89 8 24 16 70 23 60 14 36 22 64 10 74 43 85 43 85 45 36 100 61 97 59 14 76 21 42 73 60 91 52 33 53 28 75 25 35 52 54 5 51 67 16 1 37 10 41 82 77 65 45 67 9 61 74 61 72 19 75 66 69 85 48 84 17 4 1 13 72 38 12 34 59 47 3 17 23 32 99 84 72 47 74 61 55 64 1 78 7 75
35 88 46 24 28 19 97 97 66 75 31 58 69 12 70 72 96 74 29 7 47 49 18 97 18 43 99 29 16 75 69 69 71 64 79 44 64 87 51 32 72 78 10 96 76 29 78 62 29 92 36 5 28 28 86 65 64 94 37 6 75 52 97 10 56 5 57 1 91 4 93 98 35 89 91 97 41 43 4 92 31 17 23 71 41 50 17 60 93 89 28 84 31 61 20 48 85 80 6 51 9 74 17 35 83 5 16 0 32 70 30 23 21 65 64 67 77 92 61 43 61 62 81 28 53 83 65 33 76 86 84 1 53 1 42 42 54 78 49 13 98 72 69 94 55 67 75 13 23 3 67 18 20 4 18 33 18 35 54 62 83 8 98 90 94 97 1 92 42 91 64 49 35 44 32 35 83 7 9 42 61 75 10 37 75 42 57 59 64 79 1 75 35 36 20 0 53 84 97 9
68 70 31 85 79 30 74 76 81 42 62 54 81 46 14 25 21 52 48 16 63 27 22 49 56 69 63 66 81 81 30 43 28 12 2 78 32 43 11 97 39 40 45 33 6 84 28 13 7 82 49 24 77 6 34 95 31 28 4 39 43 94 52 2 96 70 18 5 31 93 48 98 3 36 63 16 87 76 21 74 78 15 6 79 82 42 45 0 29 20 79 13 54 48 77 65 16 20 58 45 40 72 54 16 27 80 83 95 42 19 82 41 88 36 1 76 67 84 39 11 51 36 92 89 1 81 96 9 98 11 71 54 49 75 46 45 46 42 85 31 43 3 65 46 32 78 8 8 26 42 35 91 13 73 16 18 49 66 52 52 5 2 53 85 62 35 44 51 81 86 45 12 22 9 27 97 82 30 12 91 91 42 81 0 86 52 70 72 12 31 75 58 2 40 37 26 16 49 46 60
42 16 56 44 34 54 13 38 83 5 13 29 13 23 98 16 100 52 38 86 73 86 17 89 63 76 18 0 77 19 24 40 82 30 18 16 86 61 18 100 73 39 59 32 76 87 51 58 14 93 69 88 14 14 86 65 64 100 78 34 51 76 8 56 73 56 63 23 25 37 62 2 72 20 64 7 87 90 48 0 49 5 85 42 14 13 34 38 66 79 8 74 49 80 49 18 80 34 83 42 92 17 91 14 24 39 80 69 72 5 21 25 11 27 61 29 38 73 3 78 26 73 60 69 41 26 10 30 62 97 1 57 68 3 41 52 19 93 2 3 21 25 88 2 43 47 81 60 46 22 78 21 91 37 19 51 98 57 76 5 24 68 54 46 5 81 55 72 98 54 22 69 75 29 73 21 50 81 24 85 40 75 90 4 53 63 14 1 90 35 80 47 69 26 10 17 96 26 37 50
42 39 98 42 72 21 5 61 79 44 96 13 82 76 42 88 81 29 81 22 54 18 93 28 89 43 87 46 52 24 26 80 69 42 24 41 55 6 62 62 81 82 57 76 93 3 55 19 15 1 94 61 60 75 12 52 24 22 36 94 75 73 88 10 74 67 93 100 4 9 88 44 55 15 19 91 65 59 23 7 38 18 27 23 28 49 41 98 65 6 34 25 0 94 81 76 10 76 21 30 19 72 26 34 92 32 23 70 9 98 84 13 80 51 48 80 96 12 41 19 6 44 44 98 48 56 62 60 49 13 46 27 52 49 6 28 0 7 51 45 48 98 85 35 57 100 52 64 7 39 66 21 43 44 50 56 51 98 87 49 6 3 80 6 60 58 8 89 14 17 56 74 11 52 27 15 83 63 52 85 94 15 74 62 39 58 59 40 11 10 36 4 80 24 5 78 84 22 6 32
41 37 17 74 88 55 85 14 64 47 2 30 16 90 38 39 29 73 94 93 60 44 86 43 82 15 2 60 39 4 13 67 84 38 61 96 63 62 94 18 16 15 75 99 40 81 20 82 32 82 80 32 52 40 33 5 27 49 52 53 73 46 41 48 5 48 36 12 58 49 12 0 10 33 66 53 73 88 39 38 60 76 18 92 90 14 88 25 19 76 93 48 52 99 59 81 46 6 90 57 67 4 28 55 50 53 19 87 54 98 42 31 59 7 22 25 77 8 42 48 15 39 83 67 51 2 65 83 93 91 56 10 15 65 22 86 80 55 28 16 29 75 2 71 89 95 23 93 88 99 78 10 89 23 23 78 2 46 28 20 17 92 57 12 42 99 78 13 38 75 37 63 11 91 89 55 26 98 57 61 15 56 39 2 67 8 43 88 84 9 39 4 26 97 1 1 90 5 54 67
57 73 3 20 24 0 6 19 40 65 22 34 6 42 100 29 17 57 56 82 47 94 60 98 19 8 76 10 2 24 97 7 78 15 53 11 25 52 38 91 15 52 49 58 16 27 67 31 35 28 40 55 63 83 88 69 67 99 46 33 33 98 14 64 93 65 34 88 39 58 76 86 39 38 84 43 50 96 73 27 46 62 82 25 30 6 49 24 64 69 70 37 64 38 79 11 5 86 80 62 22 55 23 73 13 1 96 43 12 37 100 33 50 21 62 12 0 34 6 74 59 98 59 62 95 5 98 53 98 60 43 4 97 60 83 59 88 92 69 79 46 94 20 95 97 28 68 32 99 36 25 88 100 90 88 21 17 24 1 94 32 79 1 78 77 35 100 6 1 52 65 20 24 58 24 89 46 57 47 72 5 70 85 8 47 89 55 2 37 73 11 82 11 94 33 48 74 49 57 9
63 16 78 56 3 96 26 90 10 78 70 60 90 63 38 62 84 31 9 67 83 19 53 49 88 10 12 80 66 76 89 39 2 75 0 27 62 36 33 71 46 36 73 23 6 70 3 33 44 42 36 34 20 1 30 68 87 88 22 44 36 59 58 61 100 98 14 11 62 3 100 69 29 44 36 40 5 93 7 10 90 76 72 83 21 79 62 65 73 74 81 72 35 23 28 12 80 82 72 13 27 40 51 42 92 23 12 61 99 91 91 12 98 67 30 51 30 52 17 63 98 58 20 33 85 96 48 45 14 73 29 38 70 49 47 55 15 94 35 67 99 74 43 6 64 41 13 32 85 74 28 17 13 84 60 86 42 10 34 94 21 90 50 47 25 84 62 60 37 80 91 0 5 88 32 75 7 81 34 68 72 8 42 91 80 20 48 64 79 12 8 37 16 61 52 1 63 85 69 53
99 22 52 30 6 34 44 82 15 33 1 96 6 92 12 60 94 11 64 50 93 98 35 87 95 43 88 100 11 100 76 15 66 68 65 85 65 39 19 29 12 27 17 44 66 55 35 69 89 12 89 64 100 78 20 46 94 30 18 66 21 47 65 88 80 56 94 18 48 7 31 8 13 38 99 24 4 63 51 29 48 34 22 66 43 64 63 1 28 1 94 26 21 17 66 87 3 19 53 12 10 61 97 94 18 17 54 7 16 22 67 45 35 47 44 59 15 17 14 5 78 53 21 0 53 4 21 15 42 38 65 70 50 8 66 86 79 23 76 65 88 49 87 69 79 53 37 9 46 18 15 19 18 80 34 74 18 3 96 94 53 32 64 65 70 51 6 63 38 55 20 71 31 24 51 47 31 4 51 18 42 63 96 50 20 76 35 61 8 85 81 81 43 87 46 47 13 53 19 43
9 9 50 26 64 92 30 70 4 55 36 75 58 88 89 83 36 45 32 46 87 98 87 78 21 15 69 67 43 74 5 68 12 98 70 20 98 8 65 70 64 62 62 4 12 21 99 63 69 16 99 59 24 49 7 48 3 73 63 27 88 19 81 87 92 41 2 63 57 40 66 68 51 65 10 41 22 16 19 5 50 11 71 24 77 71 23 9 14 16 37 81 69 86 40 89 31 74 56 92 14 48 85 42 53 42 33 43 99 85 49 52 49 8 15 43 74 94 0 2 100 91 97 71 20 69 70 29 71 3 42 35 53 48 8 2 72 57 13 57 73 36 35 15 81 60 25 83 54 46 20 95 76 79 59 21 1 47 6 47 77 20 26 4 38 97 2 13 37 84 84 16 69 21 43 59 47 91 75 98 34 73 12 38 11 100 51 67 8 16 93 99 86 35 51 55 93 95 54 10
12 55 57 46 44 57 55 94 22 48 26 83 36 95 18 25 92 61 70 4 18 73 46 40 55 92 39 41 100 49 54 29 31 78 72 98 90 21 43 67 60 29 95 76 81 0 21 11 12 100 84 91 34 23 76 75 98 63 30 27 63 68 73 98 9 68 4 11 36 56 37 67 76 22 51 21 82 81 29 68 7 3 55 37 7 79 22 72 57 62 32 54 10 61 50 38 97 25 2 37 14 47 9 17 2 86 40 8 46 77 82 55 9 90 54 52 22 65 82 43 75 15 47 68 96 17 94 93 81 69 98 7 14 95 15 93 45 67 46 22 41 95 59 86 82 30 68 57 17 41 20 8 25 87 25 11 68 84 57 2 11 86 93 4 27 52 34 95 47 74 23 76 34 70 72 11 56 89 70 27 63 70 20 6 81 0 97 40 82 27 99 55 37 58 4 25 63 44 83 8
56 21 10 50 18 64 17 45 79 13 63 78 90 52 98 58 54 82 57 37 4 43 58 96 20 92 76 51 63 34 52 84 25 51 17 2 25 51 92 39 2 72 19 70 7 29 49 2 63 16 82 17 56 30 89 55 89 26 47 61 61 30 89 91 80 64 47 9 24 66 85 60 30 60 100 16 66 4 82 90 36 28 95 42 79 87 74 73 51 11 77 77 91 8 29 12 17 93 53 29 83 29 35 83 65 18 27 41 77 58 8 77 62 25 66 42 36 54 71 100 99 10 24 72 49 20 86 66 96 59 18 32 43 35 99 39 35 66 62 6 14 49 35 0 5 82 85 49 99 89 79 93 21 83 100 22 61 59 73 19 68 21 36 40 85 80 95 58 65 50 81 18 32 3 24 14 88 93 36 91 21 35 64 23 33 35 68 47 78 16 30 0 43 5 6 81 53 29 43 38
48 63 45 36 89 73 21 13 39 77 66 0 100 7 87 62 100 34 36 96 14 90 53 21 6 50 29 45 25 33 20 52 14 70 17 23 82 46 79 48 60 66 90 99 13 8 97 5 85 38 26 60 10 29 48 44 19 54 25 88 16 30 26 85 88 55 1 79 54 30 82 21 35 10 55 59 95 60 83 81 54 53 90 72 39 20 74 57 33 13 76 35 52 56 57 49 35 65 52 77 5 8 65 2 93 84 98 54 99 49 73 3 60 80 29 2 39 75 3 17 20 71 39 52 78 18 64 15 54 60 43 38 69 88 55 16 79 14 85 41 71 23 41 38 74 72 34 45 51 9 81 29 89 85 71 6 48 37 51 78 88 40 86 74 8 66 66 95 29 95 76 47 83 3 3 21 8 88 84 66 51 66 98 59 44 22 25 8 32 37 6 57 63 27 98 27 14 86 9 67
15 20 15 55 52 55 35 5 40 8 97 32 22 32 90 48 98 73 6 6 61 12 11 65 13 74 88 4 35 5 97 49 6 71 17 40 23 23 33 51 18 58 74 28 27 0 76 45 88 65 31 27 83 89 76 58 84 22 92 60 37 87 87 29 6 6 44 36 60 37 2 43 26 64 30 14 21 55 98 86 60 94 39 52 55 46 47 27 76 4 18 97 65 58 5 64 11 11 66 57 83 85 41 91 4 8 18 45 53 9 47 48 86 46 91 22 68 99 100 60 77 33 55 30 70 83 43 9 26 37 27 2 20 47 17 23 41 93 65 15 18 67 77 82 57 92 61 92 32 94 28 59 1 47 98 20 30 5 66 37 95 35 84 4 25 55 74 48 67 59 89 71 0 29 0 73 30 76 18 78 66 41 8 59 95 84 35 70 44 34 68 21 24 89 84 19 50 46 87 31
63 13 44 48 20 21 24 46 29 44 38 6 27 11 63 17 14 87 62 33 92 58 16 51 96 47 12 92 14 97 72 45 45 22 19 69 15 48 63 24 88 43 46 25 96 19 71 87 10 39 100 70 7 38 7 7 34 6 69 64 16 56 89 4 93 57 53 66 80 80 17 48 7 52 27 31 92 52 95 62 95 57 94 31 17 50 59 61 45 5 36 53 72 41 30 17 68 19 30 97 98 77 43 84 97 59 37 99 64 5 32 66 50 20 27 29 89 6 43 81 47 65 75 42 60 78 70 65 60 71 78 20 24 89 73 28 94 84 83 57 21 38 10 61 43 54 47 43 72 22 27 23 72 84 28 46 84 14 65 40 76 62 38 10 40 79 6 23 60 95 71 16 82 64 48 84 12 80 5 49 9 25 60 67 53 36 32 86 93 77 97 10 34 46 87 55 53 47 72 20
19 74 63 12 43 62 84 29 26 41 6 13 18 99 3 41 52 55 3 65 51 86 3 84 41 86 42 15 66 66 13 77 37 2 96 27 61 55 40 78 75 27 70 50 43 15 62 70 19 79 17 23 67 67 39 10 15 50 59 76 33 21 57 83 68 25 37 45 71 9 79 34 100 64 89 84 67 54 22 59 88 44 62 44 70 58 1 33 20 6 16 3 28 89 60 8 59 91 71 92 21 87 50 56 53 51 63 24 51 38 8 24 19 49 25 81 92 60 20 40 7 18 67 58 58 74 46 40 34 37 20 24 48 2 29 15 14 63 43 18 93 39 37 86 79 44 24 74 44 82 98 72 31 5 76 43 19 57 40 65 49 15 6 27 41 56 10 82 27 86 43 90 95 48 73 34 97 66 50 84 76 7 63 66 76 42 6 81 32 27 98 17 88 60 37 81 4 18 0 13
72 45 42 36 55 80 81 58 9 75 82 96 44 87 100 54 34 67 52 52 43 2 55 78 42 52 10 24 22 61 61 11 22 44 51 7 80 99 65 44 98 47 37 10 88 37 90 80 57 10 38 12 27 31 0 19 83 42 36 7 86 6 61 32 69 70 51 1 99 82 17 27 51 4 1 57 98 52 77 43 3 79 56 95 38 100 75 45 86 92 12 77 84 97 2 80 88 23 17 16 47 56 53 73 8 55 60 31 28 6 56 7 72 58 23 93 100 15 60 6 10 71 59 15 0 9 35 31 28 10 40 94 44 7 57 30 32 62 43 20 68 31 16 92 28 98 35 45 25 97 100 0 26 81 64 95 12 89 16 59 68 85 89 38 82 36 71 81 56 81 47 1 91 18 58 65 6 2 13 71 42 31 84 100 0 77 37 100 57 78 57 9 39 69 99 45 91 54 52 89
0 35 70 80 74 8 25 81 22 29 1 74 37 69 92 89 22 86 34 80 61 58 76 16 98 41 7 72 64 19 87 23 85 14 4 17 42 99 17 48 85 48 9 22 71 86 87 68 88 42 36 40 75 70 45 7 60 44 78 8 94 50 70 35 63 13 92 85 42 42 75 13 97 46 100 61 23 15 32 77 49 72 31 69 79 88 40 71 45 47 44 34 13 3 43 89 83 61 17 6 7 20 0 41 90 18 42 58 55 37 44 84 44 19 53 85 7 64 13 31 81 19 96 47 20 76 57 80 55 9 50 15 42 35 53 14 48 10 17 96 78 57 67 53 86 19 82 84 70 77 83 80 99 13 91 70 19 8 73 86 93 13 34 36 0 10 63 38 94 18 54 17 92 14 91 16 72 97 67 9 43 38 36 93 45 59 9 77 48 33 50 9 22 87 95 92 68 2 91 35
56 23 65 57 52 79 63 44 47 43 2 8 91 33 9 0 42 11 5 20 27 35 11 69 35 99 72 93 22 83 24 68 71 51 93 4 86 85 32 8 74 49 73 66 15 54 52 86 61 89 12 96 67 31 5 8 4 13 74 15 72 0 9 86 60 88 2 68 8 89 29 65 11 62 29 68 11 91 74 86 10 22 1 9 51 78 97 74 14 14 85 83 21 7 34 2 65 84 2 52 25 67 78 32 46 63 36 71 20 61 93 49 51 27 33 60 94 99 12 57 80 15 79 54 8 24 86 96 62 14 11 83 40 72 94 91 61 63 24 82 60 89 71 86 29 74 24 88 76 49 12 59 92 58 58 58 87 63 16 56 35 53 58 2 43 31 28 83 55 53 29 31 13 91 66 81 24 16 55 61 88 95 32 7 12 17 57 68 76 69 2 97 14 5 89 63 56 46 3 96
65 10 37 33 53 49 87 56 81 10 23 68 69 66 78 23 50 40 39 95 60 2 41 68 20 86 70 59 22 6 21 32 20 97 22 4 14 3 24 9 6 21 94 13 14 17 40 16 37 48 9 65 14 63 66 29 31 9 99 37 98 48 58 48 66 8 60 20 14 99 32 14 73 23 51 44 93 41 38 42 1 38 32 68 64 53 21 48 83 54 22 5 89 78 57 39 38 72 30 45 34 35 37 9 34 63 76 59 43 30 65 34 86 39 34 78 29 24 97 4 75 63 45 0 24 46 38 12 26 60 1 18 67 49 79 79 92 25 30 78 55 33 73 56 30 16 19 0 34 92 77 15 60 5 3 18 21 68 58 2 32 55 43 28 15 57 29 88 73 86 5 6 51 88 78 2 31 11 12 62 85 22 88 46 36 42 64 81 44 1 73 42 2 93 55 72 96 5 11 41
23 55 20 89 44 68 14 31 91 97 69 11 51 46 87 88 30 16 28 12 21 68 98 79 49 2 72 93 7 58 88 92 94 36 25 58 63 77 43 100 47 28 69 29 52 58 66 15 92 91 58 47 18 56 2 76 33 65 44 7 98 1 64 41 82 80 88 58 49 20 92 11 15 4 57 99 60 74 95 89 3 89 69 87 82 39 67 77 12 61 36 27 31 65 85 56 27 28 19 44 34 13 39 44 86 2 29 20 51 18 7 36 71 63 31 14 55 86 72 66 3 60 79 37 61 21 46 45 59 0 37 46 99 72 52 54 25 43 16 68 17 36 2 1 35 97 61 12 85 15 64 5 28 82 25 12 2 28 40 75 72 89 86 46 11 88 5 81 30 30 40 33 88 1 87 68 70 98 99 66 92 86 23 85 53 59 36 61 36 85 16 91 2 53 71 99 61 58 47 27
4 66 99 56 12 47 0 71 81 89 87 76 63 59 74 90 1 19 56 56 5 29 63 39 21 55 9 58 13 11 55 42 41 11 43 96 29 77 23 86 86 56 63 48 95 60 40 96 7 62 7 68 61 61 19 9 69 33 41 53 53 41 0 57 75 39 33 79 19 1 25 96 87 40 53 27 82 19 51 26 44 77 57 44 56 93 33 17 99 55 87 74 17 51 14 23 94 52 58 26 40 23 50 19 4 51 74 93 2 16 25 18 57 93 14 93 11 70 33 66 53 1 47 15 8 75 63 94 0 4 53 31 15 12 10 63 19 15 4 18 12 21 74 64 4 88 74 63 72 97 77 68 50 76 20 81 81 90 84 53 58 96 13 38 27 96 61 75 32 69 1 11 12 50 5 3 46 10 55 100 34 51 60 76 25 24 17 26 22 29 17 50 99 0 42 2 7 96 55 19
32 24 53 20 0 4 36 85 39 45 39 82 27 31 98 2 7 74 74 54 72 24 7 82 18 89 41 95 34 63 29 14 6 76 74 51 88 74 2 23 80 44 59 29 12 80 4 79 21 56 70 90 54 62 89 75 37 51 55 19 34 11 52 17 4 65 29 34 30 20 8 96 55 3 36 58 67 54 18 39 64 60 95 13 33 10 38 40 95 80 56 94 60 38 23 48 0 89 95 43 7 49 33 73 100 66 4 72 24 78 10 63 94 34 96 9 34 93 83 80 68 58 76 21 91 56 97 21 99 58 76 84 34 42 71 27 59 33 16 78 65 35 23 51 61 16 65 53 64 99 92 96 58 48 31 17 76 38 42 97 18 99 85 52 36 94 43 21 13 52 54 98 31 65 19 17 98 32 57 71 3 60 24 75 19 93 10 100 54 66 88 38 17 96 76 67 76 7 16 80
61 29 14 1 54 55 74 48 11 16 94 69 84 52 13 53 7 9 77 24 30 4 82 54 49 32 43 73 73 8 91 98 48 11 16 35 54 39 34 73 26 22 77 38 14 98 16 41 40 21 14 90 57 38 27 65 45 84 33 9 96 80 35 19 80 51 34 29 78 77 3 59 29 6 81 17 92 55 16 69 16 47 88 23 97 78 58 29 65 20 75 40 15 52 83 86 73 96 50 73 0 81 62 60 62 23 34 45 29 37 0 95 9 19 53 65 40 2 99 70 19 7 95 63 70 13 79 8 28 85 43 50 29 90 34 81 70 59 4 69 36 60 59 97 61 7 32 68 36 43 40 56 8 77 21 58 43 73 21 77 62 86 90 45 29 37 10 62 33 83 1 31 78 29 30 43 93 65 59 68 41 59 13 69 52 62 91 46 86 58 56 86 96 22 64 94 96 66 2 6
22 6 25 70 62 42 47 14 64 3 99 74 58 27 28 100 54 53 22 100 83 16 1 97 56 64 84 18 3 43 21 42 85 14 3 86 50 99 16 24 35 49 41 95 1 31 49 56 33 93 73 4 65 7 55 28 91 22 43 85 40 52 5 8 31 27 21 40 31 5 71 67 27 21 56 69 10 8 87 41 50 82 31 79 26 30 79 38 77 91 76 32 13 93 51 52 78 23 11 50 70 36 76 13 25 78 9 92 83 62 77 70 27 71 30 42 69 33 26 11 53 70 52 70 18 66 38 45 25 61 59 18 75 77 10 64 25 60 49 67 82 87 67 70 49 75 57 70 4 8 33 86 22 84 67 71 49 44 68 26 96 6 96 56 6 97 30 64 15 98 20 38 18 93 44 29 20 40 5 42 86 77 22 57 31 25 80 98 100 55 24 84 8 92 66 60 74 71 50 76
99 61 83 24 88 35 22 24 3 74 64 85 78 6 87 60 73 66 63 4 52 67 88 10 20 54 18 33 37 73 89 50 15 74 31 1 69 55 62 54 68 22 80 51 15 72 26 36 14 48 12 48 4 8 45 75 73 78 31 60 27 70 12 67 90 70 85 17 97 39 32 58 22 9 7 59 9 76 87 21 89 55 31 0 53 9 87 18 86 26 42 16 76 56 80 18 39 42 87 42 67 64 27 88 93 67 82 86 40 42 78 91 22 83 68 28 35 64 100 38 95 40 0 44 92 46 91 33 31 31 96 15 18 58 19 34 80 51 42 8 71 62 14 36 51 4 95 80 98 30 61 91 35 14 37 13 60 44 67 14 65 9 58 13 14 74 80 14 15 29 27 74 85 0 25 40 56 14 99 39 50 93 20 26 24 65 43 47 99 89 90 37 25 63 0 22 85 44 90 31
69 88 84 77 56 55 35 74 92 87 13 79 77 27 90 63 61 2 46 66 18 76 41 94 62 62 79 27 70 28 53 29 16 91 24 98 72 39 98 8 15 27 91 21 73 95 49 23 62 44 84 66 63 54 32 62 58 72 47 10 26 39 49 94 73 36 66 28 5 39 54 86 55 69 84 78 44 6 3 0 45 56 8 37 89 16 76 78 94 31 41 47 58 10 27 68 52 46 72 98 48 54 33 58 35 13 3 84 55 27 19 66 32 72 93 83 85 73 80 71 41 91 58 70 97 74 65 80 8 56 11 60 20 72 72 54 13 51 62 26 82 26 95 96 98 50 14 78 30 86 35 67 25 53 97 75 21 39 25 92 72 66 70 3 44 5 58 8 70 81 77 97 76 64 79 11 42 39 5 80 58 74 1 21 42 98 54 5 80 51 38 94 27 42 20 1 18 40 9 34
96 12 18 97 35 33 43 32 100 89 16 13 33 43 15 23 6 81 77 20 60 46 1 47 7 32 46 87 27 37 85 74 45 80 60 57 32 13 98 74 1 90 49 67 0 23 35 26 80 78 26 3 11 60 37 88 69 26 40 17 98 1 65 32 68 86 95 68 35 61 85 69 50 56 83 40 97 87 87 0 10 97 26 29 66 63 23 1 56 24 99 46 6 36 17 48 90 72 31 41 44 95 89 80 60 6 10 24 100 4 47 61 43 87 52 52 3 78 87 76 42 57 37 36 60 60 88 21 3 93 91 70 36 4 6 17 32 29 53 20 18 8 3 79 41 90 9 75 41 36 96 38 17 20 86 39 86 43 17 89 59 53 10 17 15 1 88 50 89 5 79 100 52 8 40 38 88 86 92 0 81 25 47 10 96 40 96 37 23 75 41 34 15 58 46 5 35 95 42 16
41 66 37 59 67 59 88 38 40 40 97 71 39 6 25 1 13 24 29 12 52 97 28 66 92 86 66 49 76 14 72 83 86 1 84 94 23 50 23 72 60 33 75 90 86 42 45 37 94 60 53 49 34 2 10 91 58 89 69 22 98 86 40 90 9 19 19 81 85 41 84 76 76 19 86 71 53 93 65 44 90 76 99 1 32 81 93 60 77 0 28 52 36 27 37 33 97 36 71 96 32 73 89 35 88 42 78 11 42 26 71 38 14 94 61 24 58 53 41 81 42 16 64 92 10 22 54 66 19 78 42 16 38 57 87 68 3 43 32 31 76 27 42 34 36 29 50 40 19 3 83 17 34 81 61 18 8 22 55 70 53 39 16 85 60 36 8 62 38 8 41 100 70 55 57 99 2 13 91 26 100 100 40 69 100 21 82 66 11 50 48 46 35 0 38 44 28 24 45 90
60 96 84 52 20 96 82 96 87 21 96 5 50 38 45 12 50 65 40 12 50 31 45 94 50 39 5 71 20 28 87 85 78 35 54 50 59 19 26 92 18 50 10 46 84 38 4 14 28 8 65 1 41 28 41 64 5 78 64 41 29 77 80 24 85 76 21 4 19 25 13 28 83 22 38 78 44 11 19 18 48 13 55 44 88 26 53 31 25 59 76 9 76 37 13 72 31 46 75 87 32 48 47 88 100 98 40 67 84 99 4 72 21 31 91 94 90 44 6 64 27 80 17 14 4 85 30 93 41 71 32 36 15 5 26 2 42 85 16 45 83 60 45 2 21 84 96 35 84 22 92 39 0 99 60 44 92 72 49 8 10 69 12 97 69 74 65 29 61 87 48 90 25 56 33 97 90 37 48 88 39 99 84 7 69 0 94 58 90 10 10 28 90 56 3 84 56 7 26 72
96 80 71 94 53 97 46 94 48 1 12 27 83 43 72 13 9 53 31 21 53 81 75 77 38 71 55 2 43 77 58 83 26 86 87 17 44 73 99 57 11 6 75 52 72 14 95 64 87 79 5 2 12 59 4 22 25 35 30 99 64 73 21 64 55 38 18 54 60 73 78 12 74 38 20 95 44 13 91 38 3 17 97 54 95 24 76 22 87 88 17 24 89 13 80 96 3 11 4 80 1 6 96 98 39 13 20 49 69 10 45 65 27 24 67 56 67 89 6 65 92 58 1 60 79 64 92 75 76 75 51 23 87 60 95 63 59 68 48 11 66 31 87 36 49 85 22 82 60 9 84 40 26 41 70 100 1 88 85 65 97 37 65 12 12 22 44 82 99 29 87 71 4 43 6 82 47 26 79 38 56 53 27 41 31 13 93 56 76 64 58 44 40 2 48 54 44 93 15 85
27 32 27 0 5 49 3 9 0 72 59 73 54 29 74 90 94 99 19 73 59 14 88 69 91 4 89 53 52 29 57 41 32 100 96 95 10 97 95 91 80 63 53 56 60 34 7 68 25 46 38 15 20 5 59 18 53 89 79 29 6 67 62 91 81 68 41 80 16 23 4 69 14 29 8 13 65 32 49 27 100 8 37 94 70 61 82 24 45 58 18 69 52 52 91 52 54 66 92 18 55 54 3 58 43 69 6 86 77 90 91 59 100 80 6 90 77 78 3 33 14 16 15 28 100 28 63 48 55 17 21 43 16 63 91 81 19 17 58 72 38 87 39 43 10 13 93 93 98 67 7 14 73 17 36 22 66 7 43 89 14 96 87 80 84 6 12 8 60 44 66 38 84 47 14 81 13 54 67 25 69 12 23 76 29 57 51 31 98 42 16 48 35 58 38 42 35 12 17 24
100 76 38 59 12 41 56 56 35 69 98 37 30 54 85 50 44 12 49 63 51 13 37 42 61 55 44 55 40 9 88 31 69 39 0 13 25 90 83 47 96 51 41 8 18 6 39 4 0 29 1 32 60 26 68 39 13 26 8 9 3 96 27 77 68 91 65 97 51 11 47 82 4 68 21 70 12 57 58 59 45 36 23 26 12 10 82 19 99 73 49 33 19 93 63 50 56 70 10 12 60 21 2 5 37 16 1 94 72 18 31 54 79 75 4 66 20 29 26 8 60 22 33 81 34 27 9 61 2 35 3 16 65 86 14 46 24 23 5 20 48 75 13 4 85 34 34 63 84 27 12 1 24 44 35 93 80 16 11 72 38 21 63 46 64 12 13 18 44 90 82 83 16 59 79 14 71 47 98 18 72 19 88 74 34 77 77 31 31 87 17 67 9 38 55 17 56 35 69 48
49 71 11 35 2 36 30 4 53 66 96 58 17 76 73 32 34 100 41 68 33 67 3 29 91 52 59 36 67 56 96 50 46 46 44 63 17 94 26 53 30 41 37 55 85 56 4 80 40 39 39 53 56 40 4 58 91 66 99 87 85 20 57 10 17 69 14 80 75 23 8 55 18 87 31 42 57 35 65 92 71 63 24 71 65 81 60 9 45 5 36 56 16 88 68 46 85 51 81 75 92 62 1 9 64 22 56 85 50 53 59 90 90 30 75 72 38 52 74 39 12 81 91 80 30 4 31 70 54 72 34 20 84 1 39 14 63 53 35 39 91 80 7 21 16 14 95 14 85 69 4 23 45 12 15 24 83 84 70 4 23 41 5 29 78 99 24 85 56 75 75 89 71 11 45 50 61 72 34 82 23 24 5 28 16 82 54 18 65 70 67 86 3 24 75 41 62 3 39 55
7 58 14 11 21 56 2 81 48 100 53 19 3 13 13 18 42 21 55 33 94 30 10 42 41 100 27 64 58 16 31 49 100 65 74 10 19 92 96 64 34 76 99 54 41 80 13 12 37 16 95 96 91 68 71 98 82 13 11 71 77 59 35 17 35 32 69 99 64 2 94 52 2 67 33 90 43 96 80 37 25 33 36 89 3 48 58 0 84 68 98 33 24 44 96 46 77 91 77 43 67 35 6 46 44 95 40 50 54 100 42 3 86 29 11 17 26 46 88 33 10 77 22 16 92 82 12 45 99 17 58 46 5 83 61 54 0 42 76 37 87 33 96 42 66 86 39 15 93 14 3 77 22 79 97 20 60 93 94 69 58 8 84 93 19 82 38 12 21 84 12 59 18 8 56 56 15 56 2 87 86 8 43 41 49 5 55 58 75 34 27 61 49 69 25 14 78 36 18 45
96 46 72 83 0 55 65 47 68 88 91 92 47 44 38 99 24 93 12 36 49 96 20 50 26 11 26 42 16 49 52 88 99 21 92 75 22 93 36 47 31 48 73 57 11 0 0 71 57 60 42 72 98 32 75 8 49 67 88 44 29 5 79 56 63 60 84 81 1 18 23 43 29 3 79 98 82 100 13 15 80 84 49 59 5 87 0 20 57 91 0 42 75 79 79 24 88 15 15 30 69 71 67 55 31 74 95 52 21 3 76 13 21 2 19 64 76 41 36 91 85 86 89 61 97 53 96 57 41 57 90 73 64 8 61 80 22 85 70 75 17 28 46 42 70 66 97 27 75 76 19 4 48 22 25 91 34 17 81 76 80 50 65 32 41 55 38 27 22 96 67 16 43 75 44 29 67 23 66 13 89 62 32 59 44 45 23 38 11 13 46 27 50 34 39 76 10 45 24 63
14 6 46 85 20 12 5 73 2 80 12 77 42 73 61 10 59 78 30 75 43 32 38 12 44 26 70 61 32 28 74 12 28 76 99 19 30 60 54 44 80 14 0 25 57 47 54 7 97 82 77 74 22 59 64 13 93 43 16 52 35 47 1 71 77 77 31 16 47 48 50 81 92 82 5 12 88 54 0 25 80 28 52 69 38 76 95 45 41 14 64 57 62 11 58 28 97 42 37 37 89 8 20 35 52 4 38 27 22 64 43 4 10 0 8 17 72 51 54 93 84 37 56 67 32 87 10 85 79 48 63 0 95 97 7 25 12 28 52 98 72 65 62 59 75 70 66 65 41 60 60 0 41 57 22 38 48 59 12 32 57 45 33 30 14 36 57 22 64 18 34 58 33 26 70 7 92 86 4 81 18 94 97 33 86 15 63 9 85 91 34 97 7 12 59 76 95 27 41 65
27 69 30 90 69 0 20 36 58 9 42 1 26 69 1 64 21 67 19 91 52 38 83 37 29 49 2 63 35 37 62 62 8 67 99 63 0 85 5 34 82 68 86 84 49 40 52 2 53 21 84 76 76 74 85 50 77 59 94 36 70 17 7 85 14 65 51 61 59 55 20 56 41 79 43 40 53 63 53 41 58 77 60 69 47 65 37 3 87 82 18 32 34 47 70 16 39 37 26 98 50 33 75 28 72 36 79 64 77 8 85 83 31 24 96 51 4 52 59 11 63 100 52 28 78 95 29 1 77 58 43 86 17 66 26 70 95 12 91 21 70 0 90 92 68 90 94 35 18 90 54 100 55 18 59 15 75 31 2 21 51 52 38 26 72 33 11 74 20 77 65 66 10 66 2 96 48 36 15 18 96 10 45 43 3 95 7 68 52 87 100 12 50 52 74 0 28 44 62 83
31 82 74 45 36 15 68 88 89 56 79 60 23 32 34 67 0 8 80 80 93 55 43 48 67 32 92 32 76 5 44 62 52 46 70 92 50 7 16 71 81 60 21 22 21 15 68 91 37 14 55 77 1 83 76 29 43 17 19 79 25 88 66 7 68 51 17 73 52 23 69 13 59 39 45 70 18 81 33 87 25 70 11 55 1 27 39 31 73 91 9 73 79 4 72 94 40 65 97 54 42 87 93 79 67 0 78 5 76 13 46 77 64 27 6 75 48 28 41 58 63 41 100 17 100 37 0 30 49 5 31 51 7 84 7 35 80 47 90 19 67 61 30 66 73 95 16 10 66 89 37 20 72 80 18 52 63 23 43 57 5 88 96 19 3 95 63 87 62 4 78 47 39 82 3 56 5 37 80 88 49 77 27 41 0 48 65 95 24 24 17 77 25 87 71 46 37 85 19 83
54 0 50 18 23 52 14 50 11 49 25 87 57 56 59 93 94 76 75 88 51 47 37 86 10 45 50 95 88 65 100 93 92 33 22 86 94 11 1 95 23 46 62 96 61 52 63 21 45 11 38 82 11 87 10 83 85 26 12 70 57 14 88 38 100 10 16 29 73 55 51 53 3 34 46 7 21 31 43 89 27 54 3 32 72 37 77 96 88 9 91 24 47 54 13 82 44 32 61 67 58 16 39 61 65 37 66 85 52 37 24 36 11 36 64 11 46 19 24 92 94 53 74 10 82 60 40 64 18 53 9 19 64 29 31 30 21 61 68 7 74 64 58 12 13 53 60 17 92 79 91 62 31 72 11 73 33 85 26 72 96 44 15 80 79 36 70 62 57 69 99 79 49 95 71 65 69 44 18 85 18 29 42 94 12 63 35 80 16 25 2 58 71 38 16 80 21 75 20 18
3 1 30 23 53 30 1 72 96 63 56 64 43 16 60 28 36 4 63 83 45 50 75 79 75 18 73 83 89 79 53 61 32 58 56 87 88 17 97 94 8 70 93 26 66 11 66 62 94 31 82 80 73 52 47 30 35 96 35 7 82 97 30 45 15 71 0 75 10 29 15 36 8 49 62 36 30 81 8 84 61 53 65 33 21 54 82 82 84 37 92 91 93 24 63 57 52 33 62 83 69 74 70 61 95 44 9 65 52 83 90 82 35 35 55 61 1 97 7 43 22 2 83 12 71 14 1 80 9 80 97 45 3 24 27 31 31 32 20 7 58 100 63 0 1 48 26 90 37 4 65 79 46 79 80 27 98 84 91 33 12 92 42 27 26 78 68 38 20 1 50 44 38 17 6 9 39 5 8 29 31 8 44 38 56 86 97 57 41 29 22 55 49 7 59 33 17 7 26 12
5 29 90 81 16 67 45 83 62 41 83 62 79 25 79 33 18 100 16 100 95 71 24 55 91 25 22 92 59 60 55 2 30 41 34 50 97 71 9 32 6 65 71 93 46 67 94 9 63 26 9 26 4 75 19 85 59 72 60 11 16 81 79 10 85 100 71 19 89 74 37 35 63 65 24 40 6 4 13 41 10 95 72 16 35 91 0 28 91 65 92 20 18 47 11 30 61 1 18 89 14 43 91 71 59 82 37 26 26 44 82 43 83 58 14 14 25 14 81 17 85 74 63 55 32 25 22 68 53 55 50 9 14 30 96 73 72 71 67 71 16 60 51 87 59 59 50 9 80 28 9 90 73 23 80 18 4 14 55 91 72 19 0 93 2 21 57 39 79 70 52 68 76 80 21 98 0 59 37 11 37 48 91 80 96 95 55 47 44 89 31 40 47 11 12 82 69 92 1 99
35 0 1 6 96 55 82 21 70 7 8 100 63 42 96 48 27 41 44 64 36 55 65 26 96 89 53 92 74 83 49 87 48 27 43 98 51 79 63 51 5 83 16 50 94 14 3 74 73 43 97 30 64 34 96 42 20 4 45 58 94 53 24 71 49 7 14 7 73 74 37 62 2 15 53 91 30 47 59 72 21 23 63 80 32 25 72 79 90 37 88 81 50 89 65 59 63 33 92 56 59 23 68 55 10 51 47 84 79 75 99 72 91 7 82 67 9 67 38 35 52 14 23 31 45 54 11 79 53 78 29 36 55 67 38 77 1 77 6 26 79 86 44 39 42 77 78 18 56 77 98 82 70 90 100 94 81 72 80 9 83 19 72 12 2 69 69 70 74 67 94 87 15 41 34 16 33 88 24 31 3 92 46 5 51 48 54 19 5 36 39 75 49 65 18 31 70 97 56 25
2 89 92 79 75 55 97 0 7 13 7 58 20 40 59 70 59 30 60 4 65 87 17 87 86 31 85 36 9 25 15 97 9 59 29 57 35 36 73 47 26 79 18 53 11 69 18 9 22 52 77 59 68 58 40 65 66 16 5 89 91 26 45 59 49 53 26 37 63 95 65 78 72 4 26 12 10 85 38 98 97 67 37 59 39 49 82 47 3 16 73 7 2 80 78 8 57 71 44 5 61 22 53 48 3 13 33 8 66 13 86 45 67 47 73 17 44 0 26 15 94 74 25 30 83 36 15 29 72 28 15 85 74 68 43 61 25 47 14 100 10 68 32 19 80 17 37 7 37 4 24 13 88 6 28 90 72 54 50 88 77 97 89 86 5 7 13 29 4 92 29 93 46 23 25 9 51 14 22 26 12 47 66 90 10 31 78 93 34 32 1 77 77 0 69 12 71 65 62 87
22 79 65 99 22 72 31 5 48 74 75 32 65 86 98 55 6 84 22 48 58 77 32 49 89 28 28 0 16 31 45 61 29 25 69 96 60 51 88 35 74 3 13 44 22 0 19 22 93 35 56 65 83 44 49 32 12 33 13 53 19 47 29 26 80 100 18 65 0 69 79 11 11 39 62 98 26 15 91 11 1 78 18 54 73 51 77 24 31 25 100 34 77 66 29 52 44 13 76 71 89 22 32 81 59 28 69 1 63 53 54 67 28 68 20 87 40 3 33 34 4 66 0 62 82 71 65 59 69 65 32 46 44 49 15 99 14 94 28 24 68 64 89 67 20 58 43 64 43 40 44 10 5 94 64 68 84 52 30 59 67 2 28 58 2 69 10 67 75 59 92 85 69 100 85 45 81 30 44 55 67 93 91 25 18 26 39 67 8 28 26 91 84 59 23 98 89 41 64 57
7 12 9 15 60 65 61 19 62 48 97 32 100 71 74 11 95 3 69 36 83 82 60 0 70 69 25 55 10 49 0 42 85 72 5 57 32 3 16 13 43 40 94 9 69 70 45 50 77 80 100 53 100 46 90 69 100 82 71 51 66 81 75 61 50 24 30 76 59 42 71 81 36 1 38 62 25 92 17 97 57 22 29 87 50 85 17 35 36 67 78 53 18 70 44 99 73 13 84 55 90 27 47 65 58 71 88 89 17 85 34 3 73 41 49 59 10 90 14 10 75 38 3 38 61 44 62 24 79 33 92 13 41 91 39 48 39 56 19 42 5 53 17 70 34 93 77 45 9 91 92 1 32 91 88 4 75 33 49 7 53 60 81 54 82 1 80 5 68 62 24 48 95 77 99 66 65 17 92 12 29 78 2 15 54 66 43 35 96 59 46 10 91 7 63 37 76 97 12 16
54 66 84 11 92 34 42 4 23 39 73 30 73 62 96 65 92 71 93 2 29 90 86 96 68 49 13 56 57 26 73 61 78 51 21 24 45 86 92 100 95 66 71 8 52 71 64 31 7 31 58 33 26 10 94 17 42 64 6 71 10 99 16 45 56 77 77 67 61 50 68 75 85 27 78 46 52 69 25 88 9 29 11 85 62 75 51 25 13 40 83 40 88 86 45 40 12 1 93 69 15 2 75 85 64 56 100 3 90 15 37 1 12 53 0 33 30 68 19 22 54 76 79 38 92 23 96 86 34 74 61 19 61 32 87 54 44 70 50 3 30 3 99 98 78 10 73 98 25 68 77 77 16 80 82 80 81 21 4 22 40 7 64 95 95 90 32 32 16 19 68 95 72 69 56 65 67 29 51 2 57 72 20 73 8 74 97 51 16 73 45 84 75 66 1 35 34 18 82 37
40 13 49 83 51 78 71 13 34 11 52 64 14 12 27 9 55 11 8 61 53 80 13 43 86 98 97 55 68 5 18 68 90 53 5 89 38 49 27 18 66 20 68 38 21 22 28 42 59 90 98 51 3 74 78 4 92 61 25 52 70 31 22 77 63 27 35 9 46 82 74 93 96 84 28 96 5 42 53 81 17 48 60 90 39 76 3 50 36 7 73 47 8 78 52 25 63 38 41 33 18 100 75 73 43 38 10 3 26 73 38 45 59 34 99 52 33 30 46 98 59 57 80 16 18 94 61 39 51 26 47 54 3 41 23 48 40 34 32 54 38 49 43 84 42 31 44 0 75 29 8 34 16 41 13 31 19 61 26 72 5 50 99 45 42 5 74 48 78 66 92 92 65 10 95 93 14 28 82 88 2 30 15 41 40 1 57 99 30 49 66 95 49 63 36 40 53 13 90 22
33 59 2 33 87 87 49 59 46 65 39 31 96 83 57 72 70 79 77 26 57 44 57 2 53 84 56 17 65 29 13 50 19 87 71 66 35 18 75 80 99 4 95 91 77 58 73 30 37 100 55 34 2 68 40 70 86 42 71 18 98 79 33 60 60 63 76 14 42 17 40 13 87 54 18 52 29 73 37 98 91 97 89 58 46 8 6 70 62 98 7 36 31 52 13 31 62 1 56 80 67 89 45 26 80 87 35 36 45 35 2 88 74 22 99 44 49 54 73 65 46 35 62 54 79 52 99 60 100 18 9 88 0 81 54 49 46 8 23 67 32 54 72 0 2 62 68 7 31 37 82 80 56 53 58 48 8 33 60 5 15 6 84 67 60 18 91 34 7 88 81 73 41 9 51 60 72 8 99 26 27 55 69 16 54 8 77 24 31 87 53 79 81 4 76 73 13 46 38 85
59 44 99 53 9 0 78 7 44 79 14 49 73 41 65 55 46 84 95 36 28 1 79 73 57 22 37 69 43 76 84 52 31 97 44 54 13 23 98 97 82 2 70 9 18 92 39 26 48 55 13 84 18 85 97 8 29 54 60 75 7 18 80 2 42 60 31 0 98 88 83 10 39 89 62 28 26 88 7 72 40 2 62 9 71 75 91 22 24 79 49 99 23 59 39 49 29 59 65 68 93 83 62 59 24 36 59 73 24 10 92 85 97 88 42 11 51 11 79 49 17 48 34 60 34 71 86 69 100 48 8 16 48 13 36 62 9 78 73 19 45 68 86 47 30 76 55 90 22 8 63 2 89 87 67 26 67 3 71 10 51 48 19 91 39 11 16 49 24 36 94 85 36 38 93 78 93 49 22 16 98 57 20 100 96 72 99 70 39 33 28 67 98 46 7 79 13 38 60 9
63 58 59 7 65 49 99 83 49 9 77 46 48 26 4 60 97 43 45 87 95 9 72 81 31 76 9 2 16 35 54 72 56 92 38 87 71 81 0 89 23 89 90 79 67 27 43 54 2 74 85 49 13 49 80 34 37 24 36 15 97 23 61 73 52 7 22 10 39 42 78 60 12 57 33 89 29 54 32 80 73 38 32 43 95 99 56 84 25 16 38 11 19 8 72 78 88 81 82 35 76 54 56 46 52 84 65 77 24 92 14 38 29 88 46 19 74 1 49 98 10 38 16 24 52 11 88 23 91 4 6 48 71 15 94 36 19 19 60 7 38 93 57 86 81 65 86 57 11 20 64 69 29 98 62 51 18 16 49 97 3 84 94 99 97 43 7 51 68 1 64 8 45 64 90 6 46 99 85 14 9 13 80 36 45 35 40 42 59 51 44 50 59 13 24 95 19 43 83 84
17 12 17 35 6 85 12 47 18 62 84 93 96 0 41 6 45 41 77 59 68 4 96 80 82 73 93 83 40 93 26 14 75 46 88 39 31 93 95 0 68 78 13 91 0 50 76 52 9 49 51 54 36 34 50 4 49 53 38 51 23 16 70 88 59 40 31 82 9 30 41 91 87 95 49 84 41 8 72 42 80 71 41 40 48 1 73 36 57 8 81 57 24 27 54 94 98 18 13 94 75 28 31 98 49 49 69 51 48 41 74 66 99 55 32 47 56 99 0 52 68 24 6 96 6 63 10 94 30 56 72 7 22 46 3 38 65 93 47 25 95 69 30 97 98 20 99 76 17 81 91 12 95 100 21 64 23 8 53 58 83 21 35 17 46 55 17 14 90 47 46 0 61 56 28 75 61 39 90 4 27 84 18 7 29 65 52 70 13 53 2 92 45 68 81 18 81 91 98 97
24 62 50 92 44 74 72 42 69 94 29 100 19 90 98 45 60 80 40 36 93 18 80 49 28 50 67 57 78 87 11 99 79 18 85 94 97 59 90 88 39 13 95 19 35 91 60 12 10 83 39 94 95 34 65 33 45 74 96 8 58 19 36 42 30 51 0 11 56 5 52 28 53 57 10 89 52 2 18 26 60 78 3 63 88 24 38 84 46 82 89 79 91 88 5 24 27 55 78 84 84 7 29 100 86 82 30 38 37 28 2 33 89 58 1 54 34 15 53 40 76 46 13 27 56 71 37 49 9 57 38 42 21 94 64 36 13 41 65 23 15 65 77 70 92 30 6 37 91 79 9 10 77 64 40 85 90 21 81 13 72 89 5 89 90 80 27 22 38 58 18 40 87 94 48 17 71 13 97 26 39 54 82 81 49 38 56 80 98 17 95 47 95 24 76 31 56 91 48 1
96 90 91 64 8 52 62 58 81 20 9 79 82 83 37 28 16 4 90 2 82 54 6 80 74 81 32 92 56 14 16 19 67 96 57 78 32 31 42 60 50 90 24 63 90 79 43 36 67 58 20 46 63 12 32 66 92 16 48 0 17 18 77 15 18 89 19 53 71 90 77 81 29 97 1 62 16 63 26 0 6 74 1 73 56 87 29 50 99 47 0 22 31 7 90 45 61 57 62 45 11 30 35 77 84 42 89 82 90 29 25 46 63 47 77 49 57 51 27 21 34 80 22 57 29 18 28 82 62 49 6 64 100 69 56 19 33 84 65 1 90 64 6 17 25 25 85 16 20 33 72 52 23 54 12 30 16 71 22 12 51 55 68 90 90 88 70 88 75 73 16 87 83 81 62 80 67 6 80 81 40 44 11 19 85 21 6 42 97 43 85 86 96 99 33 100 47 69 75 16
48 58 40 15 74 16 34 71 20 91 85 73 70 40 76 91 36 50 20 91 70 15 58 64 23 64 15 6 2 81 6 2 25 49 77 63 3 70 35 99 44 29 48 88 64 83 81 26 47 14 76 50 13 55 41 95 25 75 97 84 33 88 10 80 52 11 85 61 12 83 21 33 22 87 39 29 74 39 98 20 56 24 71 100 10 6 17 43 96 50 1 14 17 77 49 97 4 83 74 8 2 59 37 18 24 19 86 41 70 62 48 16 57 83 40 38 55 46 72 80 1 24 84 92 6 46 11 54 94 30 87 36 79 77 41 8 51 6 68 48 38 99 66 24 63 65 47 56 46 83 61 88 98 85 73 51 72 94 88 50 44 94 77 90 17 59 96 59 92 67 57 3 20 31 71 87 46 48 51 89 6 58 2 50 95 46 57 73 12 61 64 56 96 15 32 55 35 88 66 15
98 99 20 29 92 94 33 26 83 63 35 50 33 86 22 0 93 95 8 26 35 19 77 31 100 74 86 26 71 72 49 15 17 95 75 53 52 14 40 68 77 7 5 3 7 22 21 20 14 12 95 82 23 58 77 71 46 46 75 24 25 75 62 88 61 75 58 75 96 88 98 8 89 27 29 69 32 43 95 69 53 5 6 41 34 80 56 81 98 83 6 62 82 83 43 53 97 7 84 24 84 99 3 79 44 0 24 54 41 94 42 25 31 45 52 16 99 41 91 77 47 26 30 21 41 68 24 97 40 36 62 78 38 1 79 63 72 15 78 22 39 61 8 90 56 41 73 20 42 5 72 58 30 15 32 44 25 97 64 43 67 5 22 40 67 26 16 91 88 36 51 57 52 98 90 76 95 63 83 36 85 0 100 98 79 7 55 8 21 87 55 98 21 100 93 62 97 37 99 46
27 92 91 97 67 49 92 76 59 96 11 95 91 67 71 94 70 22 70 52 97 61 9 44 17 52 88 68 97 8 94 60 69 97 41 12 27 23 86 18 63 41 31 32 11 22 60 24 1 33 59 65 60 47 51 16 29 97 4 63 8 61 79 95 43 88 43 73 55 7 57 27 99 35 68 76 95 57 20 12 51 3 51 18 6 75 10 45 60 98 84 49 88 71 25 14 6 13 91 39 34 92 86 70 36 41 86 7 50 2 13 25 77 92 28 41 64 94 64 50 0 94 44 78 51 1 92 35 66 99 26 9 0 48 25 50 21 44 46 48 67 82 25 86 72 92 68 92 88 6 52 75 69 84 68 47 96 88 60 54 0 46 90 60 17 16 31 61 37 4 36 67 60 56 24 13 31 93 39 37 8 31 94 89 41 27 4 89 40 25 87 23 38 16 47 64 6 65 6 22
33 40 19 29 73 52 98 46 6 26 36 13 33 84 71 58 64 15 25 90 5 3 65 85 10 9 1 20 83 63 94 7 2 40 77 53 3 41 7 99 27 47 34 46 38 57 98 68 50 35 86 86 19 74 51 16 36 37 90 23 79 94 58 91 13 0 14 20 93 61 1 33 40 51 47 73 76 98 74 59 33 17 94 63 30 10 53 9 79 97 13 75 65 31 91 100 33 83 88 28 90 15 63 66 79 53 100 7 71 68 6 12 45 73 79 1 55 82 39 74 1 90 78 35 25 1 79 55 50 62 26 14 96 95 89 3 4 71 22 71 71 54 34 35 74 10 64 41 65 13 21 8 22 84 66 68 46 50 41 40 25 81 91 93 64 39 45 94 99 44 61 31 5 95 92 93 49 85 8 49 23 23 0 48 4 29 62 46 33 30 24 54 13 48 18 59 27 1 44 2
99 35 57 95 4 83 42 67 39 56 42 49 99 48 64 47 48 78 54 51 76 2 13 62 95 59 43 5 4 63 57 75 48 39 24 79 66 69 5 82 33 12 26 32 59 97 56 84 94 79 74 14 28 57 0 2 67 49 10 50 92 64 5 99 13 13 0 7 88 98 17 0 26 13 82 35 85 15 40 38 41 13 88 72 87 35 30 52 80 75 56 22 90 68 57 43 56 11 76 93 28 19 83 77 64 74 87 40 60 43 75 17 86 77 23 54 14 42 70 53 82 11 43 78 29 99 39 84 74 50 100 49 10 46 88 58 98 37 57 42 85 86 97 56 74 63 49 79 100 18 80 38 47 37 56 86 15 12 93 95 56 98 68 76 43 72 64 88 44 61 44 18 67 17 36 54 65 20 32 30 52 14 23 41 93 73 68 74 17 31 42 32 27 45 53 70 68 69 31 19
93 33 3 50 75 1 36 96 78 35 50 46 47 55 49 79 58 66 22 95 64 57 57 28 90 87 27 8 1 16 55 33 10 41 2 16 87 0 50 100 7 94 58 56 72 47 82 48 98 73 77 77 65 38 44 86 78 43 10 4 39 54 68 68 13 17 13 3 47 50 67 33 50 23 1 0 93 24 2 97 76 41 89 36 48 64 62 28 36 35 86 53 35 81 10 34 84 79 30 23 68 67 3 74 13 17 79 65 73 49 50 70 58 48 96 96 29 47 16 46 51 34 26 58 11 21 40 37 68 67 5 15 1 64 8 63 81 70 16 60 17 67 41 85 7 50 90 30 8 25 80 11 61 8 37 77 80 98 46 14 74 80 84 17 82 77 30 85 74 51 82 3 15 84 94 81 41 74 91 92 9 14 3 61 58 90 50 32 96 49 61 91 90 13 83 7 94 56 0 100
91 60 84 32 46 60 100 52 98 23 60 15 99 82 61 22 70 50 23 63 79 12 67 23 1 10 27 52 17 5 9 69 30 95 32 47 77 88 82 10 0 16 11 1 68 68 19 46 62 47 92 27 33 81 53 38 17 25 0 75 26 5 54 52 87 90 13 84 17 78 68 54 42 32 0 59 45 48 11 38 43 78 62 80 42 71 67 42 51 71 81 79 16 23 47 87 75 59 42 32 78 5 32 22 34 93 24 49 6 84 14 14 88 34 54 51 47 75 11 7 6 47 77 94 51 82 44 45 79 7 53 23 18 25 43 49 6 51 55 44 66 60 7 22 54 18 78 47 39 73 9 31 22 12 52 68 73 71 1 93 11 72 13 27 69 13 15 46 94 77 66 79 28 29 25 62 49 36 75 66 18 29 15 98 52 9 38 9 30 37 93 16 71 13 34 75 6 43 72 39
35 84 47 22 32 8 3 83 37 61 16 45 47 74 79 14 35 44 76 45 62 69 91 53 88 99 83 20 18 71 67 77 72 28 60 51 48 27 89 84 4 82 36 0 36 24 66 56 28 71 56 22 52 36 0 58 20 53 93 5 19 9 15 90 65 10 31 20 54 73 3 56 71 85 41 91 81 68 29 80 74 61 87 33 99 88 19 17 42 6 54 57 17 13 22 81 93 49 98 69 13 25 100 71 2 76 14 29 56 56 82 54 80 12 3 11 77 36 28 44 75 43 91 17 86 11 88 64 87 76 52 30 20 35 77 33 61 74 22 33 65 59 84 15 21 79 74 53 48 39 90 10 18 28 43 40 18 40 72 83 34 62 97 31 80 20 54 28 32 54 67 91 54 20 28 67 50 87 87 83 65 24 52 44 90 40 72 31 40 8 79 75 92 99 23 86 41 42 78 26