74 75 71 70 24 86 44 68 96 48 75 79 87 93 43 93 5 85 30 76 37 33 62 81 60 32 64 20 1 59 53 77 11 5 37 40 55 50 76 58 38 72 61 64 48 42 75 84 3 59 42 63 63 68 46 71 70 2 44 63 50 77 35 4 71 14 71 6 81 73 21 75 64 12 25 45 78 60 77 98 34 99 90 59 2 39 47 81 71 84 4 39 26 20 21 65 79 4 22 92 97 80 73 52 18 77 97 11 38 55 39 86 79 33 73 28 47 15 53 70 81 50 42 86 27 11 36 58 70 2 96 72 5 89 73 44 90 67 0 88 50 42 60 77 84 11 61 28 81 49 5 64 5 98 64 99 50 82 37 60 80 30 64 89 53 90 94 75 63 36 17 27 50 20 89 73 35 87 95 82 52 18 7 73 9 43 75 73 38 83 99 39 93 87 99 36 24 14 46 71 59 68 6 86 42 40 49 48 86 60 59 84 72 67 7 75 34 1 37 46 55 19 71 56 16 83 71 44 91 89 77 95 85 27 99 66 22 3 1 84 21 16 94 59 55 22 51 61 42 29 61 15 99 23 2 43 37 96 18 48 18 88 79 50 81 22 35 11 71 8 81 11 68 75 71 66 84 43 98 93 15 96 18 19 33 55 49 87 83 51 61 86 100 99 77 1 36 22 38 38 66 72 92 24 70 67 72 18 80 62 98 84 22 73 98 73 94 33 55 90 5 92 81 77 81 63 12 96 80 89 28 40 5 10 44 72 86 0 26 94 14 86 52 81 16 13 43 31 10 8 41 35 33 33 15 60 3 96 13 37 0 89 25 12 10 32 59 86 71 85 23 14 20 97 32 68 77 36 96 33 58 31 75 55 83 82 92 10 79 32 1 83 40 70 90 75 34 98 49 88
1 88 70 51 84 69 36 59 84 27 19 0 27 92 68 74 49 26 28 41 29 34 31 57 51 36 27 62 0 94 13 18 30 67 70 3 29 92 7 82 2 44 100 27 60 96 84 76 37 33 60 9 50 88 46 3 83 20 58 55 60 64 9 95 87 65 25 6 42 90 86 65 40 89 78 57 28 48 92 25 16 20 81 66 22 81 21 31 4 100 82 55 53 0 2 26 15 36 96 45 75 0 7 49 96 35 11 32 40 30 62 63 88 19 61 55 88 42 20 35 76 34 55 92 60 42 72 48 52 39 54 88 5 42 96 14 87 49 87 43 60 89 34 22 0 74 40 96 46 1 39 83 87 82 82 42 15 52 68 20 8 66 21 88 3 62 10 20 42 18 93 90 42 9 10 36 64 73 75 37 25 23 24 49 93 91 37 84 68 9 21 6 75 88 20 87 82 11 42 78 34 8 54 31 18 92 17 20 53 92 55 78 99 30 76 95 25 79 2 47 21 83 29 75 96 53 2 77 58 41 8 19 46 10 45 55 52 91 53 73 72 79 17 73 36 96 10 4 32 1 25 71 26 47 64 85 7 21 86 17 53 88 77 71 80 96 56 76 61 7 40 73 61 52 10 81 37 65 96 26 69 16 72 94 70 97 7 24 55 11 21 72 10 16 69 7 10 72 92 4 8 53 91 94 22 39 34 40 24 41 36 92 9 78 36 97 72 63 71 33 86 64 4 30 81 63 59 67 53 23 11 14 21 7 74 20 38 3 89 51 23 15 31 83 64 24 34 52 89 50 59 9 53 74 22 28 41 0 23 19 17 1 13 78 59 5 81 3 3 37 42 29 91 22 89 17 10 27 5 52 54 48 54 36 24 32 45 33 27 83 50 2 7 55 88 26 13 10 26 94
63 85 4 8 68 69 28 49 7 88 45 56 60 74 35 29 94 59 84 45 19 31 77 12 29 29 18 74 70 68 48 46 3 45 42 78 15 75 31 29 89 51 20 25 34 72 56 46 0 11 98 4 1 58 85 11 99 67 25 64 39 22 15 83 18 78 83 64 57 89 75 4 50 23 38 5 93 58 91 68 78 23 82 62 51 7 56 90 17 66 6 72 44 31 45 62 29 44 28 58 88 92 15 90 3 56 90 24 65 41 91 53 0 70 38 15 45 48 77 23 28 53 53 11 80 50 38 31 6 58 66 30 3 63 17 29 96 89 34 37 97 14 57 3 78 6 17 65 66 69 59 99 34 73 72 26 46 90 12 24 20 6 91 44 61 65 79 85 42 100 10 91 45 71 51 57 72 72 99 61 93 57 14 63 30 5 82 97 27 26 5 96 71 99 92 39 88 48 5 22 59 62 41 9 78 94 52 94 35 10 68 63 91 25 26 71 80 1 56 64 67 26 84 70 40 94 6 72 20 75 73 100 13 21 20 50 76 12 20 75 9 97 30 38 30 28 42 87 81 22 25 13 29 17 72 98 84 15 38 41 25 100 46 26 74 61 57 97 66 55 67 29 1 91 20 72 86 89 66 96 4 85 62 99 4 44 99 19 20 71 16 5 20 51 81 31 66 64 89 69 19 8 32 60 30 90 100 80 85 69 79 86 95 56 1 86 22 30 39 56 53 11 29 26 49 69 63 71 54 31 56 79 10 75 98 55 10 51 32 100 52 92 38 99 49 13 63 20 56 61 63 40 55 94 21 6 27 22 21 13 51 6 69 94 95 69 2 23 93 76 87 24 18 26 81 44 31 61 22 43 13 59 74 85 61 88 27 8 43 61 95 41 64 28 35 91 82 25 29 4
19 54 21 73 61 97 80 23 43 89 53 35 76 100 58 52 9 78 80 16 96 91 22 5 83 93 43 87 43 97 36 46 23 75 89 60 23 17 92 18 26 11 19 19 49 97 85 11 84 30 91 89 87 78 1 32 57 4 10 70 100 39 53 59 50 62 48 4 43 24 91 86 67 8 97 6 20 28 99 54 30 94 61 15 56 18 9 59 12 44 54 49 56 74 61 52 59 25 69 94 33 57 60 94 37 43 90 67 78 69 94 62 40 81 49 8 71 93 16 40 30 60 58 20 15 60 68 34 12 3 65 21 34 60 60 64 6 46 28 40 6 0 34 42 24 12 72 38 68 50 28 47 3 24 93 98 43 13 0 48 96 3 1 34 60 19 0 0 78 36 8 20 2 97 26 11 36 55 44 44 64 66 10 28 36 35 44 45 24 68 29 11 29 22 25 24 19 35 3 88 11 83 17 25 19 87 70 100 14 42 22 7 91 58 86 53 29 17 6 50 32 83 22 18 69 61 86 96 38 50 43 36 66 65 71 78 2 65 63 70 1 64 47 56 25 41 32 81 81 54 0 10 37 34 61 77 44 61 50 86 50 11 85 87 51 60 43 77 52 13 25 67 14 15 34 31 35 92 43 40 1 11 1 10 11 63 15 14 38 31 98 56 45 96 56 65 62 71 30 69 83 48 50 84 98 14 41 65 10 15 42 9 98 83 20 70 97 68 14 39 67 12 39 76 33 44 50 59 76 13 35 74 90 67 27 72 42 84 2 81 51 20 65 90 94 51 6 82 4 50 4 99 67 57 96 89 60 58 100 49 65 71 91 95 93 14 55 27 8 19 96 86 25 62 12 12 48 55 1 94 62 87 71 32 79 66 14 72 22 75 12 30 75 82 62 25 40 27 69 26
78 21 28 22 90 74 59 0 92 71 49 73 47 2 6 80 41 73 49 11 38 2 61 80 3 30 98 62 38 30 31 14 61 15 60 89 92 52 17 52 66 67 77 30 18 94 55 26 34 56 89 5 80 13 91 34 40 65 42 24 56 27 58 81 82 32 65 32 97 30 1 31 94 26 41 52 4 77 28 71 10 43 88 30 32 70 6 64 91 63 28 86 10 31 13 77 94 8 100 26 1 92 21 65 57 82 80 56 24 38 35 90 39 56 32 93 81 95 80 4 82 87 28 32 99 48 94 75 93 77 48 38 39 62 71 59 50 76 35 90 1 38 75 64 77 99 80 20 47 57 11 44 60 86 67 56 68 15 48 99 17 73 96 79 84 48 48 32 55 52 74 13 57 39 32 70 97 2 100 75 52 6 7 9 10 25 22 36 85 78 84 33 63 83 24 62 20 63 26 50 68 25 67 91 14 59 15 59 55 68 14 45 18 56 77 95 43 94 94 92 4 38 84 70 82 69 57 29 98 80 79 9 67 39 63 50 21 60 45 9 41 24 93 18 54 85 79 28 34 19 29 38 15 89 63 51 54 55 24 19 30 10 26 91 41 96 95 12 22 34 28 96 58 11 59 67 49 90 11 38 20 90 76 8 0 11 85 13 99 21 99 75 100 42 57 31 41 30 40 34 63 62 17 59 61 20 23 37 79 2 88 23 99 58 85 89 95 62 68 42 57 31 55 17 41 62 81 87 89 13 46 75 51 94 59 42 95 1 36 48 54 31 24 82 12 11 11 67 97 27 73 19 21 39 100 23 4 27 19 51 5 16 84 26 91 81 63 85 58 33 29 100 98 91 59 59 1 60 29 5 55 91 74 28 1 95 66 36 26 39 70 84 74 90 70 27 39 68 51 57
95 58 41 61 1 42 46 56 88 84 28 36 87 15 89 65 52 37 16 85 86 79 67 26 93 67 6 81 6 15 98 41 68 81 16 73 92 31 99 76 71 10 24 20 22 8 69 89 59 8 65 85 59 73 91 66 96 15 50 92 64 11 20 61 38 9 1 34 3 89 75 26 0 29 4 6 37 39 35 1 28 46 53 96 59 98 25 85 14 32 71 96 35 65 42 47 1 94 8 82 62 64 91 70 7 25 14 6 48 66 66 26 58 85 18 21 46 30 11 39 48 59 52 14 74 6 21 42 50 12 24 72 79 67 23 67 99 64 11 59 42 22 35 96 0 53 87 1 23 43 60 85 61 39 73 15 83 0 39 89 59 56 7 87 9 43 90 27 80 13 52 96 72 74 100 55 44 18 36 89 53 71 69 2 2 60 9 88 4 30 35 81 95 94 68 29 67 58 76 24 92 32 76 97 3 29 91 10 26 100 58 56 32 39 65 81 73 20 55 43 2 5 5 75 9 70 87 97 6 11 4 16 58 92 81 60 24 84 53 73 25 49 19 89 41 81 57 32 12 13 56 44 20 63 26 36 65 93 57 34 85 96 60 18 45 71 61 81 21 45 18 55 99 0 73 62 61 80 63 37 38 24 61 12 9 22 94 80 77 82 48 49 3 14 53 26 74 9 88 20 52 50 2 61 57 93 38 10 67 45 6 38 82 63 21 79 20 65 100 75 23 25 67 11 27 78 34 19 17 20 85 57 82 78 15 84 32 49 74 71 57 32 38 43 13 62 55 37 62 48 25 86 53 99 93 19 21 30 88 59 26 66 29 94 47 46 12 25 60 89 99 50 10 27 65 29 74 69 87 84 53 50 8 1 48 52 98 31 13 60 58 83 27 21 68 8 25 0 26 47
46 51 23 51 2 51 71 88 30 62 61 93 61 3 88 62 12 68 16 89 33 17 6 99 30 32 88 75 48 99 87 74 88 16 64 68 92 45 87 15 8 81 16 24 91 6 75 30 20 4 43 72 10 5 6 21 51 35 39 21 60 49 74 18 77 81 56 41 67 92 80 3 25 65 63 15 55 18 98 52 80 24 100 84 34 1 77 69 46 18 6 91 92 77 14 48 31 100 89 47 91 58 84 34 73 52 36 30 9 39 24 84 93 55 26 8 34 37 30 94 39 51 53 20 79 68 43 77 81 52 83 95 33 65 58 28 9 35 61 17 19 91 57 34 90 88 89 55 61 64 5 84 80 39 48 25 45 17 69 41 82 21 39 27 11 75 55 2 40 84 87 83 83 78 16 86 70 35 63 51 65 51 24 74 96 79 47 52 82 45 87 77 49 76 75 18 58 70 28 88 3 45 4 41 11 72 28 85 10 58 13 12 34 57 7 94 36 44 72 63 46 75 99 31 35 40 93 39 85 76 75 87 90 23 80 9 70 9 99 64 30 20 1 93 52 14 49 93 41 40 35 35 6 75 14 9 11 49 0 84 70 1 61 79 32 43 75 77 88 46 21 20 10 26 33 29 67 35 98 30 72 45 99 22 100 64 91 29 94 10 35 13 24 9 62 39 47 19 9 74 30 41 43 71 54 30 52 66 39 78 12 14 82 73 31 44 77 0 44 67 69 36 78 82 48 7 91 11 85 50 61 18 53 82 59 74 23 69 87 54 87 81 44 37 9 33 43 16 61 31 53 69 36 75 81 48 99 24 45 29 15 19 60 99 6 31 34 42 43 19 66 1 89 40 53 83 53 66 54 11 8 89 56 5 52 39 43 40 43 14 100 65 4 6 58 30 64 29 36 13
70 1 1 26 80 41 41 98 36 76 63 82 57 1 11 89 30 21 29 40 13 31 22 76 66 27 38 4 18 45 50 22 43 9 68 48 37 21 85 43 96 99 73 5 1 84 89 29 68 43 51 17 75 33 41 13 57 36 44 60 45 80 2 11 58 58 84 26 42 31 36 11 87 22 77 9 57 50 75 46 18 91 43 64 74 21 39 97 78 96 96 84 13 90 42 88 29 73 56 32 35 96 70 68 92 60 92 36 69 31 38 50 37 71 51 61 39 59 61 30 17 38 67 70 8 59 0 90 14 70 25 100 47 42 73 68 46 96 4 79 56 62 25 63 85 5 45 63 63 0 29 74 97 47 78 96 6 21 32 62 56 87 77 23 1 23 43 99 42 37 94 77 8 58 75 10 23 78 15 66 56 52 2 100 6 82 68 59 39 12 1 6 77 75 14 7 56 8 30 29 27 30 100 6 25 23 34 41 100 30 63 72 74 27 45 30 99 92 20 33 93 19 77 30 28 34 63 28 29 37 26 38 19 59 16 86 32 20 93 63 87 23 0 25 18 37 29 84 4 84 62 5 92 11 7 75 72 79 66 30 23 19 41 18 16 85 82 26 91 46 24 56 13 29 73 17 78 5 19 23 81 22 98 14 59 90 16 72 68 41 71 89 89 56 39 94 96 71 77 70 52 49 38 51 71 74 100 62 62 10 41 91 17 93 24 80 62 65 71 48 99 84 15 27 1 47 52 91 84 74 31 73 78 23 66 74 28 70 88 8 72 89 91 85 80 70 65 65 70 100 74 22 26 15 19 47 59 25 61 99 87 66 54 50 1 38 97 49 5 7 80 61 45 30 25 82 27 49 98 4 57 44 21 59 32 22 2 79 89 60 33 21 62 39 14 82 88 24 36 59
95 25 60 73 56 36 41 15 38 30 54 22 73 17 85 58 62 5 37 88 65 38 58 94 63 12 100 64 54 12 27 99 12 2 89 37 62 52 3 78 8 61 54 57 14 49 29 29 72 90 80 60 15 39 1 37 45 82 6 21 59 77 69 92 30 98 61 31 35 57 17 84 16 53 30 74 88 75 84 5 45 53 24 38 45 49 16 60 28 26 57 64 68 30 52 8 72 3 41 49 67 8 79 10 10 18 74 29 70 50 98 69 19 97 69 64 22 44 41 32 19 38 37 0 94 98 17 49 50 23 84 73 59 87 88 16 30 85 75 31 84 28 15 64 9 86 30 22 97 11 44 9 22 91 15 72 62 24 41 54 71 18 60 17 77 50 94 47 90 8 5 73 44 8 88 11 22 62 78 87 9 96 64 99 84 86 71 32 48 4 54 1 76 52 32 46 15 74 15 98 63 9 75 66 95 59 41 87 69 74 66 74 96 9 90 61 5 26 33 61 13 40 38 91 53 80 36 23 23 45 10 54 89 58 86 73 8 65 34 17 74 18 71 29 4 36 74 27 85 54 52 66 17 59 92 9 22 30 45 49 25 14 77 53 77 17 6 17 64 25 15 16 91 60 63 29 3 12 33 44 89 96 6 84 80 80 79 53 97 6 37 16 68 59 70 40 3 59 31 87 74 56 50 12 90 34 99 1 60 72 74 92 30 9 72 46 7 88 50 30 89 37 6 1 85 2 100 2 42 58 97 61 16 57 32 75 74 67 98 58 33 75 98 28 1 77 14 89 42 90 41 61 20 22 77 83 28 64 16 98 73 23 59 70 10 98 48 79 59 49 94 71 38 75 86 31 74 50 9 17 38 12 36 82 85 46 21 49 18 49 19 9 60 74 31 83 75 80 54 48
18 24 19 44 78 30 18 68 56 77 15 8 88 5 69 20 76 86 73 70 95 59 40 36 21 18 33 52 6 0 16 48 76 84 85 24 59 75 93 100 8 66 85 26 96 1 28 20 13 48 26 63 15 10 6 4 26 14 51 5 77 49 82 38 77 83 79 77 12 73 19 19 91 36 64 92 51 31 12 19 39 66 67 61 18 33 62 60 39 44 34 70 67 68 44 80 33 71 90 9 97 84 64 5 72 3 45 75 72 39 38 1 61 95 11 42 17 3 52 92 5 15 53 5 88 10 91 18 63 40 70 55 29 97 27 34 65 47 58 34 64 52 44 24 70 48 12 23 72 37 19 86 29 21 22 97 94 37 99 58 36 62 56 20 41 75 19 32 15 48 79 30 3 7 11 14 88 82 44 9 71 68 86 84 45 66 60 36 6 49 76 32 26 54 38 99 19 55 33 87 23 6 33 63 71 43 11 23 79 40 48 17 28 10 23 42 55 74 19 88 85 49 10 45 59 95 12 63 83 22 34 3 69 88 73 78 78 86 25 80 60 26 65 34 23 78 81 71 82 65 10 96 17 96 94 84 75 54 73 17 31 38 32 50 32 26 45 57 27 28 27 75 74 25 33 57 82 88 14 18 85 42 69 58 48 80 1 63 94 18 85 61 71 57 93 40 49 49 83 72 89 28 14 98 74 78 89 21 32 96 27 0 74 54 86 41 36 2 30 47 28 88 57 60 8 91 12 18 73 89 26 43 61 15 8 66 75 42 74 17 58 31 4 46 45 57 68 96 59 25 9 79 31 50 11 5 1 58 46 21 64 14 15 65 90 81 0 84 56 73 83 35 95 25 29 88 50 53 88 82 11 4 34 87 67 54 65 47 71 81 82 72 50 39 66 11 46 50 6 50
35 73 92 48 29 2 51 3 57 38 45 92 61 94 34 26 45 47 61 7 94 42 21 16 18 38 24 26 89 77 27 27 81 39 49 48 100 14 83 4 52 96 73 94 94 43 8 95 93 23 90 88 63 29 12 29 93 69 97 78 42 88 10 53 52 10 56 66 84 4 62 29 28 86 100 23 43 11 11 42 41 17 69 85 22 8 30 63 60 45 41 71 18 77 68 32 56 60 65 54 12 11 10 22 67 81 73 34 55 0 22 70 27 40 33 18 64 6 62 78 82 63 14 18 28 44 57 35 33 28 34 13 26 5 100 72 9 55 50 78 62 28 19 60 80 16 46 24 100 81 86 27 52 25 35 39 13 2 53 23 15 24 82 43 42 83 24 2 86 40 34 14 86 75 20 9 8 5 81 56 11 13 26 99 70 36 39 47 59 14 6 96 17 71 81 55 21 57 1 53 46 70 57 81 56 55 7 16 78 3 16 94 84 49 77 15 92 89 70 21 86 67 36 22 46 47 49 41 48 49 94 12 61 51 51 39 75 13 64 42 29 58 48 13 26 99 57 68 60 11 23 42 67 33 96 9 49 18 80 96 41 98 14 38 5 9 17 44 87 24 53 6 83 96 67 25 30 25 90 70 94 12 81 95 55 59 77 45 54 33 10 26 30 16 14 61 43 71 44 33 62 36 74 62 24 9 95 62 25 99 27 49 43 45 60 12 6 54 81 31 62 92 92 19 74 97 38 87 16 31 13 9 99 97 47 93 63 84 28 28 65 80 35 79 82 1 13 40 94 87 11 27 25 30 74 48 41 18 76 53 24 52 44 45 7 41 89 99 24 58 69 30 52 77 32 12 65 17 70 50 54 68 61 76 43 62 5 27 13 93 22 87 66 89 39 49 89 33 49 98
71 45 85 43 18 75 38 23 49 93 25 22 22 27 89 54 7 89 79 74 36 68 57 22 76 55 84 31 86 63 64 47 73 74 66 19 20 59 100 46 21 16 35 17 69 64 85 99 0 73 75 85 6 60 79 17 21 32 0 98 71 29 26 71 0 99 64 94 78 92 39 61 12 48 15 82 97 98 39 2 84 99 78 24 56 32 28 61 69 69 41 79 16 78 85 52 59 0 9 50 28 85 25 98 78 22 47 40 4 62 44 37 45 5 77 62 54 34 86 4 19 35 96 10 19 40 6 15 50 26 94 55 83 0 1 81 6 82 79 32 30 12 91 78 88 17 47 58 53 98 10 13 92 65 95 77 75 71 75 53 3 100 46 1 10 93 14 89 12 11 31 58 76 70 71 74 10 39 67 51 59 28 52 44 86 74 60 57 61 33 71 14 18 73 60 30 67 66 95 56 20 8 94 84 39 1 53 7 30 61 0 54 69 38 49 97 45 34 32 48 36 88 69 30 91 87 39 87 42 80 56 69 28 36 47 11 20 96 27 41 19 97 61 75 61 20 52 5 11 9 85 91 32 60 40 47 38 69 75 60 61 75 6 30 39 35 35 79 52 36 62 100 17 4 90 52 7 18 85 85 19 71 21 41 71 25 11 79 95 55 96 94 46 71 87 48 75 15 22 98 32 41 10 81 40 4 1 33 26 30 37 37 82 50 1 35 95 97 51 38 71 36 38 16 95 33 91 98 21 48 93 64 53 65 18 61 44 13 26 51 8 70 94 15 97 15 42 28 75 63 43 77 73 45 2 69 9 5 35 34 60 14 99 71 64 52 4 96 90 78 35 99 1 32 61 31 74 67 73 13 58 73 89 78 19 93 38 57 34 42 29 55 99 67 53 62 58 48 8 58
24 67 64 56 61 79 13 14 64 98 8 14 15 100 0 52 93 20 44 95 34 30 12 70 49 85 43 10 62 32 29 16 68 84 75 86 82 83 46 96 99 33 90 82 43 68 27 54 71 32 84 40 32 76 25 62 39 83 78 99 90 96 84 84 57 94 9 26 99 13 32 58 86 50 45 19 5 82 81 33 53 39 84 86 8 60 34 38 72 60 14 7 4 2 2 94 82 38 9 48 83 43 33 26 23 1 38 24 55 95 26 2 1 18 49 40 92 33 84 22 34 26 98 76 30 11 2 7 42 45 68 43 23 16 15 91 13 43 47 16 43 45 68 36 87 83 80 68 37 26 57 19 52 29 83 97 89 70 14 37 29 80 95 55 46 87 78 76 44 69 31 3 58 58 51 7 36 41 21 51 69 62 72 2 81 95 99 14 59 6 24 97 0 67 19 1 40 91 48 67 99 23 2 8 20 59 28 11 23 63 47 68 75 78 65 79 39 27 56 80 55 11 33 89 12 34 5 93 100 26 41 39 98 69 15 54 59 57 25 99 19 79 4 70 91 56 46 41 54 11 0 68 12 66 3 16 83 57 52 6 84 89 67 82 57 93 11 22 21 33 50 31 69 39 36 100 82 96 33 91 94 5 100 7 39 80 73 60 43 12 57 4 53 76 66 56 7 96 42 48 24 38 87 8 95 18 18 88 57 10 30 24 30 44 9 72 54 12 14 26 21 47 10 0 41 83 35 30 5 84 26 30 14 90 84 22 45 4 20 0 97 45 71 17 50 58 82 78 37 36 80 28 20 24 2 30 61 3 23 74 25 13 81 2 86 17 39 30 31 39 64 8 44 53 33 9 21 41 90 28 36 10 65 76 96 37 31 61 33 16 69 35 30 99 89 79 79 41 69 39
16 30 86 54 18 68 93 71 56 46 47 48 66 92 53 59 30 23 81 6 98 46 82 58 60 98 9 59 2 45 79 87 91 42 75 5 2 80 25 37 6 96 89 99 52 6 46 94 10 62 6 33 4 51 41 44 76 54 54 19 30 52 38 38 53 83 36 12 10 41 91 88 59 20 15 92 18 5 42 0 66 52 15 73 48 77 33 79 7 23 51 17 69 73 66 60 22 42 54 69 30 76 34 16 29 42 40 19 6 41 16 48 73 93 32 34 17 96 92 82 21 93 72 87 99 63 34 74 43 36 36 31 3 17 65 21 7 20 73 0 67 91 93 52 33 57 78 75 42 10 49 12 7 47 6 74 58 58 67 32 32 25 85 50 4 42 0 74 5 24 33 20 21 48 7 67 74 88 91 69 59 23 46 12 12 3 39 13 14 76 5 80 47 59 91 57 25 40 76 36 96 89 26 84 97 54 6 16 49 14 84 65 33 73 79 82 99 95 15 97 50 19 88 100 56 75 77 14 76 6 8 77 70 94 36 84 14 26 60 4 45 78 28 68 46 99 5 25 94 11 60 48 23 38 94 12 79 75 31 0 99 20 67 92 52 61 55 7 69 3 27 1 43 77 68 92 9 35 92 73 41 50 25 26 83 63 62 15 83 5 68 73 62 23 48 25 41 17 41 55 51 0 93 1 32 92 18 47 88 74 61 1 15 17 21 6 2 83 69 75 68 3 34 77 29 3 13 3 40 73 75 25 23 45 77 81 96 72 90 97 6 52 13 18 77 38 57 43 30 80 59 23 91 7 35 9 8 36 32 56 68 53 80 61 34 19 11 92 19 58 84 66 62 3 3 96 71 100 77 3 17 61 54 17 12 13 58 27 79 55 57 5 32 60 81 22 51 26 96 49
4 9 89 84 100 37 23 99 34 92 32 89 85 6 21 0 53 73 21 53 75 44 39 82 64 6 3 7 63 45 73 19 63 7 4 84 74 44 56 73 68 17 93 64 74 97 7 83 39 31 38 92 88 37 24 39 71 25 29 22 62 42 2 14 7 69 37 15 96 92 42 20 62 25 21 39 50 83 22 86 80 18 37 52 84 60 47 34 58 36 38 99 54 6 84 76 30 7 27 30 69 19 11 81 80 52 31 100 44 45 35 8 30 88 7 80 17 49 79 98 82 17 41 22 51 23 22 1 26 98 99 25 45 8 43 33 61 89 2 1 99 95 62 13 37 70 13 49 92 56 44 68 77 67 56 8 81 27 81 86 4 73 10 77 20 90 77 88 78 89 55 88 50 32 5 67 73 24 56 87 46 34 47 21 26 55 50 99 26 73 96 57 17 40 8 66 57 74 97 81 3 52 76 38 28 56 89 13 40 48 48 69 35 64 11 84 22 38 35 25 77 60 53 53 47 17 93 36 86 31 87 66 57 47 81 80 52 29 38 26 16 49 76 90 28 88 98 89 22 73 63 0 69 62 82 53 92 48 21 59 5 17 49 58 58 70 28 11 6 8 70 34 77 79 42 22 70 1 10 42 2 22 91 72 46 46 56 91 31 0 41 75 69 17 14 62 76 20 19 90 18 100 29 38 49 30 18 47 35 92 69 63 66 5 90 1 61 35 80 98 33 80 83 99 93 44 25 31 3 48 62 26 78 33 35 88 72 47 99 26 48 56 18 72 54 72 84 88 19 63 40 94 39 96 43 74 11 0 88 31 79 14 18 95 12 56 62 56 10 47 86 86 70 3 48 40 66 47 28 89 16 7 14 24 76 100 10 83 0 15 86 81 64 96 58 0 50 91 84 3
59 54 79 97 77 99 82 61 37 61 68 6 59 70 21 95 38 95 19 32 46 33 65 58 47 32 36 16 48 12 54 72 81 66 77 50 25 46 7 72 52 48 82 79 42 53 42 56 18 74 64 30 86 79 10 43 66 51 21 45 85 51 61 76 40 15 72 22 83 28 20 68 47 55 51 0 25 73 100 3 12 71 51 51 5 68 50 7 58 22 15 17 37 78 94 44 70 31 28 86 36 92 60 16 50 1 12 4 86 89 63 36 50 33 63 88 4 61 91 84 33 73 42 68 16 80 23 19 78 63 22 32 49 38 3 8 93 94 68 29 87 17 20 45 22 97 64 68 23 99 8 36 47 99 100 30 36 55 82 26 69 82 59 20 100 47 45 11 13 33 23 5 38 32 44 43 35 94 84 98 35 4 79 56 96 54 9 87 88 81 35 90 10 45 12 72 0 42 84 36 21 61 73 67 98 8 2 10 74 6 8 31 48 85 88 74 97 9 2 8 100 99 56 95 29 29 99 62 66 94 75 31 48 2 65 46 25 20 5 96 40 59 84 46 78 24 23 12 87 69 74 27 79 55 42 1 17 91 55 78 88 29 61 58 90 82 34 46 90 38 45 77 66 28 98 80 1 68 60 95 10 55 86 13 30 69 26 51 10 96 97 84 69 68 83 20 29 82 9 99 47 69 58 22 73 76 72 28 56 57 24 56 2 98 76 23 82 96 53 84 43 53 96 83 17 4 66 55 95 46 77 95 2 65 32 92 64 29 22 21 42 91 67 0 2 65 51 45 78 82 73 34 43 68 27 48 95 76 21 5 29 51 49 38 31 58 23 7 18 78 1 54 49 82 70 30 20 48 68 57 8 13 70 51 56 44 25 12 27 50 43 76 82 56 52 97 28 47 20 3
71 8 64 77 4 52 2 13 57 41 41 43 25 82 36 26 11 12 76 11 59 37 94 2 99 58 29 7 100 15 21 76 21 89 67 40 88 63 78 80 5 52 42 28 83 73 80 59 29 23 12 53 56 95 85 33 1 61 31 90 19 57 54 59 62 32 58 79 14 36 5 25 20 66 72 72 19 37 90 99 46 43 39 17 56 83 82 28 58 17 16 39 34 21 88 83 86 68 48 74 36 55 1 61 89 90 32 73 82 99 20 40 36 83 23 72 2 72 72 24 59 9 36 91 90 68 50 33 61 22 2 51 95 8 27 29 18 16 98 49 24 18 62 37 76 9 84 1 67 52 57 13 45 41 76 81 20 1 30 94 94 54 56 72 24 0 88 19 88 75 78 54 52 19 47 26 10 79 54 26 46 8 60 81 95 73 56 77 98 12 89 39 69 99 27 45 92 66 79 6 57 28 20 14 56 91 35 0 8 19 63 92 85 51 57 15 14 21 55 61 17 51 86 36 11 28 0 27 89 85 83 41 73 86 69 9 55 2 94 93 0 77 74 53 4 7 20 23 53 21 95 75 49 82 28 70 25 83 59 46 24 62 5 29 21 50 17 55 9 44 30 81 85 69 78 91 7 68 7 74 84 58 54 64 8 8 6 38 75 49 83 1 15 23 95 3 25 39 91 44 13 74 20 87 50 18 11 6 59 98 39 69 99 76 69 46 15 51 42 42 85 87 8 53 95 43 85 36 20 56 86 4 50 80 43 74 15 1 95 29 70 60 23 94 52 33 70 5 89 37 19 70 74 75 4 18 18 66 50 63 54 17 5 51 83 97 58 50 27 79 37 99 59 32 85 49 39 25 14 85 35 100 2 36 31 36 38 42 34 52 30 45 32 28 16 69 90 35 1 17
96 63 88 58 2 2 3 53 92 45 25 80 79 56 65 94 5 72 31 99 100 22 94 10 46 35 70 9 84 93 47 47 80 32 71 80 64 21 77 12 46 54 31 80 69 8 86 41 36 17 54 54 29 52 96 90 53 35 34 87 88 36 41 41 42 17 34 22 91 60 2 33 47 0 100 17 20 43 74 38 94 82 4 86 98 36 74 41 72 68 99 88 79 8 38 17 41 66 14 15 56 27 7 9 22 43 85 93 45 50 2 89 68 29 44 74 8 31 91 82 2 82 48 9 53 33 28 7 42 100 31 2 86 62 61 54 97 55 41 51 53 26 62 98 9 26 92 19 98 73 39 66 27 27 59 80 88 88 72 81 28 92 54 20 85 88 4 24 84 90 43 53 72 38 97 18 37 30 82 35 57 89 18 54 55 88 21 85 7 76 59 61 23 75 56 36 98 2 10 72 71 97 13 86 14 69 52 67 44 37 8 59 1 93 38 37 51 47 57 41 47 26 80 14 30 86 3 3 35 61 58 89 26 50 46 65 96 70 24 30 50 72 80 55 72 30 36 69 26 14 31 40 36 86 63 19 49 3 57 70 10 88 63 48 93 47 70 91 30 44 5 46 91 82 25 42 67 25 4 15 83 40 100 79 56 79 6 35 78 19 97 47 96 2 34 79 21 41 33 6 91 10 59 96 27 25 53 47 26 89 39 21 5 23 25 19 27 6 37 43 22 78 88 20 77 91 53 2 30 52 48 77 13 53 56 46 41 71 20 81 1 83 0 80 41 49 96 82 40 50 93 27 22 39 73 47 62 47 86 54 42 40 76 1 7 49 66 87 56 90 95 18 0 77 35 71 7 92 69 48 80 16 17 18 37 40 23 43 39 90 45 40 86 29 4 24 20 59 87 37
85 64 97 76 53 13 48 95 70 84 35 86 33 58 87 50 97 32 12 77 62 62 71 15 51 56 99 17 3 32 33 66 68 68 43 96 56 66 100 74 7 62 69 17 86 14 64 8 74 71 16 69 62 30 68 54 51 53 38 25 79 12 78 82 2 91 12 62 22 79 66 10 58 36 5 79 89 50 43 36 18 93 1 57 0 83 49 78 47 14 56 36 30 92 46 32 38 80 51 50 15 11 90 6 42 29 32 94 1 99 35 18 79 63 14 31 83 87 5 86 97 37 52 3 18 81 96 54 21 24 82 5 77 97 79 100 31 80 58 41 6 47 68 80 28 50 38 15 94 55 84 6 55 65 2 49 77 75 67 97 63 95 5 57 74 68 54 36 35 5 11 5 31 73 7 65 11 44 87 59 62 98 26 82 11 29 25 16 83 1 59 58 58 56 22 6 76 52 0 1 19 1 78 88 21 67 87 47 97 94 72 6 49 68 62 49 97 81 99 25 24 55 56 8 28 98 30 11 17 49 69 73 2 26 16 10 40 94 76 17 4 90 1 31 88 13 13 43 55 99 79 94 58 79 44 81 15 82 40 37 15 84 43 63 19 5 95 39 19 32 40 14 80 62 63 75 25 96 45 98 28 37 70 78 25 63 22 37 2 47 74 61 4 38 6 90 59 96 42 3 33 26 65 37 22 81 100 31 16 84 15 1 11 8 19 40 22 18 81 58 51 79 8 44 44 6 84 92 0 22 100 89 6 57 10 33 50 29 21 41 8 42 81 82 42 35 14 29 50 45 63 75 28 63 46 74 63 60 22 39 11 57 78 6 68 37 20 66 29 47 67 44 8 36 6 88 78 0 52 21 37 25 54 8 66 17 25 75 59 69 18 63 84 49 74 99 41 74 17 67
57 73 68 46 54 2 65 23 80 16 89 93 66 4 85 0 9 53 23 28 13 28 17 0 0 58 69 72 15 15 3 50 91 91 77 29 46 30 33 49 18 40 68 45 24 44 67 36 59 90 93 22 67 81 14 98 28 31 31 95 92 9 47 4 82 50 6 15 39 30 11 71 52 9 50 1 24 68 90 4 14 94 14 17 46 6 97 30 42 43 33 47 6 22 78 43 99 71 51 13 66 73 98 60 41 49 82 46 72 45 51 52 27 85 24 27 70 84 97 31 19 73 37 92 70 48 51 52 67 19 25 3 41 0 56 100 93 33 56 46 3 53 81 10 73 54 50 1 63 65 43 61 90 79 17 42 98 39 72 47 79 71 72 38 26 27 34 11 35 71 73 2 22 62 19 68 45 82 2 8 75 35 75 42 15 69 2 73 93 45 20 19 54 97 95 58 24 81 15 6 64 45 52 56 74 22 8 64 99 37 58 86 64 67 67 35 69 5 83 77 5 75 89 50 79 25 17 25 39 34 93 59 9 8 41 51 28 82 3 70 1 23 86 85 55 52 23 38 89 46 33 29 57 92 81 96 98 22 26 76 92 81 13 19 64 96 42 83 62 81 97 85 0 63 35 57 86 34 43 92 100 0 57 18 81 6 33 41 68 96 54 96 3 39 10 74 29 25 3 62 45 38 25 32 9 17 7 22 88 88 40 0 81 96 82 98 73 92 81 9 47 0 67 26 79 14 40 68 26 47 13 68 14 100 93 89 89 6 66 48 19 49 13 98 44 62 22 95 18 51 39 79 33 34 67 62 99 75 55 56 63 45 15 37 22 52 2 77 16 2 13 39 6 82 42 24 54 47 95 22 19 82 43 95 92 53 70 24 95 78 31 30 52 20 78 17 36 99 21 11
88 86 67 14 76 54 1 3 21 17 2 9 46 43 4 63 26 9 21 71 25 0 73 9 69 73 77 63 37 1 26 1 98 22 55 21 25 98 12 66 12 94 84 58 10 1 40 6 29 30 90 50 28 32 57 74 91 16 37 100 51 65 28 53 13 64 72 90 20 83 76 65 84 70 71 99 76 9 83 64 16 41 99 87 95 69 93 43 21 96 74 67 72 95 70 19 78 91 55 24 58 9 63 97 79 31 80 80 1 78 59 44 15 12 67 54 72 61 19 56 9 87 22 61 34 41 34 80 41 90 36 89 27 8 95 86 58 59 86 100 52 34 34 92 70 83 0 88 81 85 36 69 79 26 46 79 52 54 30 20 29 29 4 54 31 97 15 25 1 96 12 46 32 13 42 90 79 58 6 91 59 23 35 87 95 97 61 52 5 53 50 60 25 46 10 17 99 98 85 21 67 68 80 74 46 29 37 44 43 9 80 87 73 81 59 100 62 17 86 1 0 92 93 84 3 69 65 32 45 31 0 61 26 45 21 34 25 78 39 88 87 73 72 5 11 91 59 35 72 36 65 75 58 44 1 59 67 0 11 19 45 20 62 5 90 16 6 24 36 92 69 83 62 55 55 58 1 68 1 63 39 43 34 93 22 91 17 40 55 33 45 6 78 45 80 80 47 20 25 36 89 35 66 14 48 0 34 32 91 65 10 95 87 27 6 64 48 84 24 2 99 38 63 27 93 91 0 2 68 87 89 1 92 49 22 30 100 61 80 62 19 17 15 22 41 9 95 31 20 45 97 72 14 73 100 74 3 13 97 74 32 79 21 89 99 18 3 16 91 19 35 29 34 33 27 90 79 7 32 43 13 91 2 97 3 56 87 9 23 100 9 75 93 54 83 45 57 23 23 76
26 4 67 37 43 79 37 65 31 50 69 67 47 69 0 66 83 50 59 29 22 86 55 52 85 41 98 2 9 78 61 60 1 19 64 96 49 78 63 9 97 20 70 77 67 40 64 40 68 71 10 14 66 9 18 40 70 76 82 74 93 56 40 72 35 38 83 58 89 93 63 93 90 86 95 67 57 3 13 5 42 68 84 72 51 96 67 64 23 70 36 56 65 5 58 64 95 78 8 62 24 95 30 50 49 33 88 50 48 24 29 61 31 43 32 99 53 2 59 94 18 51 24 92 89 93 86 39 8 48 82 18 55 2 29 14 100 57 17 16 68 30 71 41 84 73 83 73 10 19 57 84 47 76 88 80 8 88 43 65 5 68 21 72 64 71 39 59 90 13 58 69 87 4 78 60 93 52 66 82 80 87 87 76 55 46 15 30 0 14 47 7 27 59 64 42 77 52 32 53 81 51 12 6 76 87 33 26 63 41 30 38 85 92 99 71 69 91 83 29 83 28 68 28 29 46 68 28 49 23 58 37 87 94 51 19 61 69 52 27 65 97 20 77 3 37 81 55 27 48 88 82 62 9 41 71 75 92 63 54 92 83 29 95 65 92 44 98 56 19 21 75 72 34 12 13 30 10 100 49 99 10 25 34 40 78 38 62 82 75 64 79 60 99 50 26 19 56 57 86 95 73 5 53 48 92 48 84 8 28 79 92 43 30 87 0 84 8 57 98 16 7 49 82 47 74 84 77 70 5 38 14 55 31 15 51 31 84 100 57 28 99 0 0 19 31 90 57 65 52 91 56 100 4 55 88 18 90 23 78 47 52 71 47 89 55 19 82 48 58 2 97 24 7 39 89 15 30 26 74 88 77 6 9 52 25 19 44 57 51 75 57 10 46 86 50 8 94 15 69
80 8 80 56 84 6 89 64 39 17 5 33 15 97 43 32 36 65 39 13 35 52 12 44 28 33 80 15 81 22 43 73 47 51 11 37 12 49 84 35 44 77 60 54 12 66 72 29 65 4 94 97 25 23 33 45 55 78 10 77 49 5 10 60 61 95 96 88 25 61 7 74 73 14 42 59 84 74 18 38 94 38 6 70 14 28 9 8 70 48 67 59 79 19 39 3 36 46 31 47 2 9 25 80 58 31 86 48 5 0 55 57 72 93 65 97 22 59 44 13 0 92 93 55 58 7 65 6 44 57 98 39 67 41 55 36 41 6 88 35 74 26 38 59 27 5 88 10 6 100 3 85 54 26 52 17 57 88 69 23 64 68 27 57 45 1 2 14 61 90 26 67 100 5 17 68 70 44 40 70 70 86 72 74 78 52 84 60 75 90 95 81 12 12 60 79 23 74 66 43 35 84 4 100 80 73 49 1 8 59 66 14 51 19 45 23 15 90 65 40 33 49 53 85 20 13 85 61 71 38 92 37 41 62 66 75 96 53 96 76 54 41 90 82 44 41 2 97 67 60 99 13 65 95 31 74 31 35 52 38 10 6 32 25 96 88 83 35 86 99 49 48 55 80 10 96 75 90 42 10 14 77 82 22 48 74 99 44 98 92 13 72 64 68 95 93 57 96 5 96 12 79 88 15 49 98 56 30 95 38 49 32 7 50 22 21 10 84 87 74 12 17 69 70 41 74 12 68 95 81 15 70 20 6 32 71 49 79 81 91 65 10 10 18 1 27 97 43 4 20 90 0 15 41 11 86 36 100 0 84 85 40 54 7 14 18 51 11 16 77 2 64 66 11 26 34 27 34 17 94 96 56 39 81 53 79 42 69 61 82 68 32 39 93 66 7 85 19 9 80
52 97 66 22 54 20 8 96 92 12 65 69 64 15 82 69 32 14 60 70 33 99 51 18 85 23 55 69 64 10 46 79 99 64 67 17 24 79 35 5 9 30 66 92 71 58 36 57 13 66 33 67 77 45 53 52 0 26 23 20 38 56 72 76 26 63 64 95 64 63 62 30 48 47 34 94 12 78 96 6 47 59 69 0 26 29 97 0 25 100 67 47 49 51 74 64 29 79 69 51 43 29 88 74 96 39 37 95 94 62 21 75 67 85 10 95 47 0 61 45 98 57 61 97 23 93 40 44 21 35 17 5 51 48 34 64 66 90 87 1 3 7 72 77 55 79 63 79 49 33 18 43 41 71 84 19 90 12 84 81 44 27 69 46 19 35 42 31 29 100 19 34 81 59 31 75 19 14 48 51 97 14 98 26 37 100 52 61 23 23 88 20 98 24 66 56 78 1 24 98 69 21 9 70 73 13 60 84 65 67 37 84 66 45 81 62 0 9 71 26 39 68 29 27 17 30 9 76 87 15 24 0 98 89 51 81 51 27 90 58 35 31 78 7 5 7 90 7 17 18 10 81 65 86 56 53 27 20 52 93 64 67 43 18 70 82 20 27 58 96 23 91 3 83 47 24 58 32 40 51 96 67 4 77 87 67 69 42 59 20 69 90 34 92 73 39 78 72 61 95 38 36 53 75 26 6 23 62 5 30 29 27 99 9 6 80 64 53 70 27 60 18 99 35 18 27 11 42 56 99 33 21 78 10 29 29 27 79 39 64 89 13 79 33 97 68 60 12 68 87 40 48 97 81 55 92 53 26 56 42 25 31 100 17 9 21 85 17 17 72 35 70 90 18 72 17 88 92 23 58 46 57 95 62 8 100 54 60 41 13 3 15 47 98 97 93 42 79 8 58
47 83 6 3 22 1 35 94 66 11 24 85 86 34 32 69 19 38 25 49 45 4 3 82 6 33 46 95 83 55 61 6 68 60 79 36 65 85 74 17 18 65 66 66 82 48 24 13 35 68 65 23 86 26 24 79 17 5 36 61 60 77 97 90 29 23 33 5 69 11 60 90 81 91 79 15 93 65 86 18 36 95 69 0 22 17 58 44 90 66 71 45 80 55 90 72 95 84 72 24 39 97 6 38 25 71 1 17 62 40 33 14 56 58 35 53 84 42 3 84 50 8 34 33 91 81 46 52 41 82 37 39 60 34 87 11 85 96 71 43 1 51 88 52 67 78 45 82 57 21 81 9 86 7 11 100 36 2 9 45 50 85 76 83 0 96 31 91 96 29 84 44 40 0 65 46 18 9 64 8 30 11 39 35 75 65 49 86 57 97 82 99 26 28 54 13 79 32 75 62 56 26 47 20 100 12 14 45 18 51 60 95 7 69 52 95 97 98 20 16 9 5 44 1 55 86 57 47 69 85 95 69 62 39 93 77 6 97 8 41 18 55 87 73 7 21 96 80 59 90 25 27 61 41 82 54 90 47 0 79 81 88 8 56 21 65 84 61 81 95 6 56 67 23 78 36 24 61 1 17 12 9 69 22 47 24 99 17 11 72 34 80 22 49 80 11 57 59 66 63 25 80 42 33 65 32 75 10 31 82 33 91 4 0 37 72 9 51 91 13 93 81 81 89 4 97 12 81 87 84 91 64 47 30 4 39 4 30 2 71 30 73 75 44 50 5 43 48 77 86 12 41 42 4 86 12 16 76 30 22 65 81 81 17 75 96 72 98 93 87 87 36 17 53 13 68 35 3 74 44 42 34 34 84 20 79 22 19 91 89 7 30 22 76 54 92 45 55 79 57
7 80 42 79 6 62 37 48 2 22 23 21 70 30 13 33 48 98 98 23 27 46 14 50 85 43 13 42 41 88 22 70 75 71 86 30 75 67 2 62 17 82 31 45 57 1 94 1 73 55 56 31 63 30 64 36 37 64 27 97 60 30 94 40 92 95 75 25 30 42 66 36 44 83 20 51 75 55 32 42 64 1 49 62 93 49 68 7 33 51 41 1 82 63 29 21 66 43 96 67 86 39 47 3 74 62 26 50 39 100 19 6 14 44 3 57 50 91 8 23 52 35 94 8 63 86 40 30 26 16 100 96 6 96 54 31 62 48 98 57 17 56 86 48 74 11 92 76 11 90 24 92 15 27 44 79 83 57 74 90 61 64 6 21 22 53 90 55 66 43 9 27 80 89 12 17 76 82 38 41 60 49 13 59 37 40 64 1 98 59 52 24 33 61 96 23 16 35 45 70 1 30 98 22 66 23 29 62 10 66 5 45 29 6 13 58 97 65 98 33 64 69 95 15 17 47 35 52 15 46 32 59 76 0 70 60 71 78 5 43 34 55 13 78 90 35 68 78 40 24 28 51 5 92 73 94 27 92 70 7 71 12 89 21 66 68 89 74 89 51 56 83 21 44 25 33 24 81 41 54 2 96 83 2 80 35 2 2 14 47 100 67 82 86 92 17 98 65 47 83 87 23 58 59 90 30 92 84 29 62 80 67 56 94 14 77 73 15 77 51 81 77 34 56 76 9 9 55 61 85 54 42 8 28 52 45 14 34 70 37 94 54 99 78 63 64 45 56 62 93 31 84 27 82 35 13 71 42 31 92 84 77 73 60 41 53 16 91 30 78 7 15 96 59 42 49 41 97 22 25 3 49 34 95 35 47 97 72 68 71 18 84 40 31 28 43 83 97 54 23
49 25 19 42 84 43 79 92 78 53 78 86 6 66 38 20 21 81 32 60 14 10 55 95 90 92 87 21 95 96 32 81 92 21 64 97 25 68 70 76 4 86 91 73 49 43 93 88 13 39 63 27 94 41 55 15 77 90 23 99 82 89 15 97 87 22 26 39 63 44 39 50 57 71 34 24 58 78 56 5 84 41 55 71 8 0 86 66 99 98 84 70 83 75 69 49 67 56 11 50 91 47 80 100 9 88 13 16 33 89 45 79 13 33 96 93 5 45 25 18 37 99 47 46 62 52 26 56 15 4 6 6 77 1 50 98 54 44 8 67 40 78 22 87 24 76 15 16 97 49 61 44 89 8 63 93 38 42 46 67 25 97 8 54 45 18 16 86 58 82 58 23 34 76 68 79 11 22 92 11 5 7 1 47 88 49 99 65 59 83 74 8 3 71 38 44 94 1 58 47 56 24 45 3 55 17 35 29 6 55 60 98 4 66 17 9 35 34 91 77 21 7 94 85 55 91 11 98 74 100 13 1 91 48 17 29 41 85 6 8 78 23 99 15 27 40 72 76 26 2 18 65 71 79 81 62 19 94 24 29 9 99 40 81 100 35 15 41 59 49 4 75 73 30 52 15 44 32 73 9 42 65 14 36 26 63 43 55 64 25 21 76 51 93 96 39 6 4 100 72 99 14 35 72 17 40 54 42 60 39 41 70 86 84 98 4 44 100 74 25 6 45 15 38 25 3 78 41 62 44 69 18 44 25 68 90 28 99 31 32 11 19 100 56 73 55 15 8 70 36 33 31 27 35 65 34 26 99 92 34 33 3 23 24 85 77 46 13 82 22 8 38 2 38 9 9 82 32 30 5 55 79 80 25 95 95 76 30 100 86 24 31 71 19 63 58 60 52 61 20
23 54 97 45 97 52 84 26 57 60 13 57 90 31 100 87 16 90 40 83 87 56 88 98 31 85 83 34 33 96 52 56 44 45 98 83 45 52 22 20 59 79 5 30 39 57 44 39 31 48 38 44 53 92 7 23 24 15 30 57 31 1 42 47 74 19 3 21 70 74 5 12 95 2 38 17 89 65 49 21 60 98 58 15 86 94 78 4 100 16 16 32 0 57 14 69 98 67 14 24 64 79 97 77 31 25 11 100 100 51 97 32 90 17 49 34 54 56 19 17 23 49 38 27 97 3 39 11 5 43 97 54 48 98 66 45 47 83 3 50 90 71 50 26 43 14 22 68 95 40 59 72 59 26 40 23 36 2 34 67 76 93 77 99 77 76 76 0 73 65 79 17 94 51 51 39 40 92 64 51 68 73 25 5 83 58 14 73 6 20 76 15 80 92 39 98 80 89 78 16 61 34 19 28 84 15 13 37 13 47 56 40 96 13 6 30 12 3 80 19 100 8 12 38 60 45 36 36 42 32 67 74 0 90 6 9 24 48 13 17 6 16 77 48 42 67 34 14 97 54 63 41 6 98 91 79 3 13 75 3 50 11 27 9 59 82 26 3 83 82 77 13 36 51 32 13 8 40 69 70 46 75 86 43 72 56 76 80 29 34 14 72 2 55 55 40 24 37 48 64 47 55 86 53 1 51 30 100 65 67 15 96 78 86 78 70 54 25 75 55 36 13 42 1 25 6 47 42 98 25 90 47 28 51 40 88 92 98 5 1 73 17 25 38 95 89 26 12 55 6 68 2 45 32 62 4 51 53 32 12 83 34 62 45 44 74 46 25 20 89 59 5 24 2 96 35 55 1 30 50 34 24 95 0 42 79 90 22 97 66 73 72 5 3 71 5 1 51 40 64
67 68 19 5 40 81 42 51 55 56 50 45 93 18 47 13 63 67 96 17 73 32 70 86 63 100 57 36 48 6 92 1 71 12 3 76 6 20 55 21 2 3 64 78 60 15 36 30 83 77 22 10 11 100 68 75 94 26 7 64 86 85 53 40 76 59 68 51 27 61 41 16 56 11 28 65 70 75 83 44 79 37 46 28 4 91 9 95 75 58 17 76 34 39 10 69 83 78 69 96 44 62 75 42 79 25 96 52 59 20 25 56 17 80 69 83 48 2 37 61 14 25 92 1 57 58 12 75 78 28 54 81 14 0 2 63 14 59 93 97 49 82 21 5 94 22 6 63 84 50 58 25 65 55 59 76 23 29 40 1 19 19 24 81 18 10 2 36 97 37 15 24 76 26 2 95 82 27 58 34 68 88 10 66 12 42 93 90 7 97 94 90 43 63 49 44 75 14 78 88 4 23 65 68 55 35 90 11 46 33 78 93 26 76 42 21 65 54 94 21 21 22 86 47 95 63 70 86 44 61 47 53 4 60 89 39 66 55 32 100 61 81 24 86 5 70 57 39 9 71 90 54 12 56 22 3 100 40 91 18 78 3 93 77 86 58 29 43 70 88 82 3 88 74 76 21 96 4 87 39 14 72 9 48 40 52 25 59 43 69 86 100 80 24 37 56 23 66 60 24 62 43 7 24 88 2 83 20 56 3 84 79 92 91 0 87 3 98 8 7 66 65 35 53 72 26 67 86 45 61 75 44 53 23 15 87 18 69 53 88 76 12 92 76 79 47 18 90 96 51 100 98 67 36 20 27 64 63 47 2 0 48 33 69 47 92 72 67 50 55 63 19 77 82 100 96 26 81 98 80 77 24 38 2 48 97 14 92 52 72 45 59 30 83 7 6 2 25 79 53
90 93 38 85 49 76 98 78 76 9 4 100 1 66 26 70 10 83 92 93 33 100 99 88 80 51 63 6 2 11 58 33 12 19 15 86 95 13 73 81 39 24 44 74 30 74 25 38 66 19 53 39 50 67 75 20 19 38 77 6 37 84 63 84 11 25 36 79 37 31 26 47 27 44 6 13 2 21 0 4 76 18 96 2 3 5 42 31 60 27 34 2 74 73 78 71 33 34 53 2 23 85 66 62 66 12 69 44 57 57 90 31 37 23 84 39 50 74 43 40 30 79 98 97 58 45 21 54 93 72 26 52 26 63 88 50 28 85 28 68 47 28 96 50 98 55 1 23 87 78 24 72 85 16 29 5 13 19 64 99 13 40 60 100 0 10 47 100 17 60 42 68 87 52 40 52 73 27 4 76 45 69 92 81 36 73 28 98 77 1 73 39 31 75 54 56 12 83 10 65 70 70 0 51 34 35 84 33 82 43 43 92 49 23 75 100 79 26 84 3 69 77 66 90 30 24 55 28 44 57 8 71 54 19 24 41 82 48 31 96 54 94 14 70 94 76 4 0 69 67 1 55 28 41 23 49 40 52 45 78 69 77 72 60 81 34 5 96 51 14 24 65 77 14 98 65 39 32 29 12 77 61 8 22 76 17 9 91 64 31 23 57 37 5 17 74 49 69 52 34 57 16 12 78 0 1 34 84 78 85 30 58 63 36 31 37 88 41 75 3 39 43 25 80 78 40 70 66 36 21 7 41 5 95 24 87 30 20 87 52 69 55 58 71 71 54 62 7 49 44 29 35 82 69 24 96 29 62 15 83 92 22 4 52 21 98 84 34 3 37 11 69 24 57 79 80 54 47 4 7 87 48 50 56 53 6 74 34 46 27 67 33 90 92 84 85 84 38 99 39
58 92 18 11 79 92 95 40 62 99 23 56 32 72 28 40 79 58 64 95 12 14 85 6 34 84 62 48 84 80 17 55 72 89 16 91 81 26 89 41 50 14 21 61 73 72 58 44 14 55 71 10 84 20 64 88 26 46 83 96 93 5 3 76 46 36 86 9 0 81 79 4 12 84 7 19 89 70 64 6 55 85 50 21 79 88 93 98 56 82 27 85 95 56 17 99 77 43 71 75 30 64 90 96 1 0 35 36 34 3 2 11 5 34 10 56 92 65 82 86 55 58 85 51 95 66 5 39 56 12 11 10 64 82 8 10 35 70 2 48 32 64 66 100 26 96 43 53 31 90 2 64 36 100 93 100 40 97 45 4 97 89 32 9 43 17 43 58 13 13 40 42 61 58 63 53 47 79 9 23 42 19 84 9 70 26 59 86 64 54 0 4 84 6 70 97 13 77 0 37 56 34 2 63 42 64 81 40 90 49 76 52 54 92 15 79 4 83 43 98 27 35 49 71 92 45 13 38 0 51 58 45 3 64 43 34 11 44 7 27 18 25 59 65 33 83 69 11 28 9 41 69 69 75 67 21 92 52 10 41 65 45 33 24 69 39 57 2 2 47 55 9 41 75 99 16 18 90 41 34 63 32 23 54 99 52 27 87 62 12 93 28 30 49 28 76 20 46 22 53 50 5 99 83 91 1 47 42 35 18 90 71 15 26 24 71 59 26 13 88 94 54 71 35 42 90 96 31 83 99 70 56 22 24 88 50 8 29 76 2 78 67 70 43 79 64 67 4 48 91 100 73 37 87 1 97 76 94 55 64 28 52 49 34 97 90 89 11 78 77 33 6 54 50 92 80 13 47 97 39 98 19 55 96 24 42 73 25 69 28 12 70 14 96 60 57 98 24 36 24
77 26 90 22 29 38 67 51 82 34 24 11 39 90 87 32 32 7 76 58 50 32 71 11 51 62 36 91 85 43 8 63 53 62 33 47 92 77 80 98 55 79 34 72 94 27 21 17 6 38 46 61 70 62 81 63 27 33 2 67 42 92 74 76 23 13 26 87 11 46 80 38 42 0 8 2 61 77 12 91 70 59 3 85 69 36 51 72 39 7 22 68 92 93 29 84 3 45 50 79 57 63 28 79 99 96 39 96 28 67 3 100 20 82 38 8 45 4 35 87 74 12 84 67 11 34 62 99 35 33 44 61 11 4 67 50 62 48 70 40 49 96 88 6 4 39 3 89 84 19 83 24 82 26 70 10 28 85 66 54 92 55 63 70 47 79 88 57 29 59 78 16 44 6 9 92 3 50 6 4 84 63 3 89 42 64 24 58 27 11 49 6 23 40 1 95 73 63 67 49 31 31 100 74 5 7 93 66 37 97 50 40 71 59 84 24 28 80 92 7 18 66 5 86 24 3 78 71 15 37 84 12 40 87 56 10 31 14 23 84 61 14 12 17 45 69 18 31 99 27 4 64 100 84 12 2 60 6 31 37 59 1 16 77 36 30 16 82 100 38 76 14 73 71 57 1 45 26 10 58 16 27 97 10 20 92 88 64 22 14 77 81 34 92 47 49 98 41 37 76 62 0 8 44 50 61 60 12 99 38 95 5 32 58 8 48 7 65 97 29 45 16 87 56 33 65 72 91 41 83 84 44 14 53 26 10 90 89 95 16 100 15 46 4 80 81 97 0 18 62 32 36 51 60 47 34 8 43 21 30 76 3 81 52 23 27 61 35 4 43 39 59 73 93 90 15 9 78 39 41 39 19 97 25 30 48 83 12 40 31 96 26 70 64 92 35 58 0 7 68
37 38 3 95 73 41 97 22 93 67 57 54 82 76 94 68 88 34 44 21 14 43 81 23 2 44 92 17 54 46 12 4 95 70 25 33 83 59 64 51 95 47 87 50 13 93 80 23 96 46 65 5 51 89 87 90 3 13 91 94 60 96 81 40 98 96 73 27 91 2 54 11 48 22 96 67 13 25 95 11 77 74 44 26 48 51 93 48 6 91 30 86 43 86 96 80 19 40 8 0 67 90 27 78 20 77 75 71 85 99 23 46 97 4 98 70 27 54 11 89 91 87 81 76 62 26 50 38 45 67 100 51 89 69 95 50 99 37 97 94 79 72 53 89 86 61 15 7 51 99 47 58 37 99 26 17 6 97 11 28 74 67 78 76 72 51 87 80 72 35 96 95 85 95 27 26 94 91 61 90 66 72 59 73 57 27 97 3 96 97 24 4 50 64 86 82 34 12 1 36 74 15 80 10 71 11 18 27 27 51 80 88 87 46 38 28 63 85 42 93 28 57 43 43 99 79 88 3 64 63 30 76 84 33 70 71 9 82 63 48 100 60 63 29 4 32 13 46 38 23 23 36 91 57 89 61 81 24 26 22 95 32 21 98 37 53 67 50 46 0 92 83 63 32 96 60 19 90 74 30 29 31 32 83 82 21 96 99 56 22 16 58 52 82 94 8 9 49 30 33 55 23 93 2 38 10 25 14 53 12 3 42 65 0 89 3 30 97 36 63 78 85 6 22 88 29 58 89 73 40 0 17 68 54 55 93 70 29 2 37 57 53 38 60 53 13 35 34 56 95 4 38 66 39 8 31 92 31 83 71 45 61 2 80 97 13 8 23 91 47 0 19 68 74 16 96 16 96 96 26 39 61 60 70 26 65 95 28 10 62 11 69 32 15 60 8 21 80 7 84
66 44 15 55 1 52 42 9 48 14 85 87 87 17 34 96 80 79 70 91 90 46 0 91 92 53 53 42 7 80 97 30 79 20 33 7 58 71 100 26 81 5 55 17 73 28 46 1 15 16 92 8 20 28 0 87 74 22 24 95 63 24 95 61 70 53 41 71 40 0 14 99 47 17 8 46 48 17 56 33 51 9 57 58 21 82 28 73 99 52 83 1 11 53 28 80 30 6 74 35 88 31 78 38 92 13 82 89 63 91 59 82 54 41 43 68 8 97 43 80 59 56 48 42 70 70 97 14 99 31 29 46 60 26 99 8 19 71 78 8 50 83 39 49 83 48 61 24 83 67 56 95 58 77 4 47 53 31 50 87 22 46 25 5 44 58 75 27 36 31 30 57 54 71 21 76 93 87 58 7 44 23 51 35 71 77 3 70 19 35 49 32 73 50 19 56 47 79 75 14 0 33 10 42 2 43 64 92 18 20 70 87 78 72 71 15 79 13 23 7 8 30 77 19 32 3 74 100 52 52 31 40 69 67 0 15 91 15 94 41 69 68 83 4 65 89 28 54 63 28 39 56 51 35 95 98 24 76 30 67 54 16 10 88 43 61 62 80 34 40 54 83 10 54 33 21 66 43 22 99 27 35 25 36 1 40 18 85 26 14 32 75 30 48 51 85 4 50 9 97 95 66 90 100 48 4 60 60 51 0 54 85 68 59 19 72 49 6 2 83 79 20 0 43 44 14 6 85 46 12 46 17 90 6 39 69 94 58 24 14 49 33 77 3 68 3 16 46 32 69 55 95 16 29 68 14 29 87 79 36 2 63 97 3 34 75 69 7 6 91 82 52 26 86 4 75 48 45 59 67 45 97 93 23 39 95 93 61 36 20 27 65 3 6 74 84 93 28 91 8
97 99 76 47 98 41 47 44 21 57 63 100 66 21 8 62 64 48 34 69 66 91 88 80 4 57 39 48 49 73 74 21 50 11 53 28 14 6 46 16 38 55 96 37 96 97 62 35 82 8 83 75 35 67 14 35 46 91 64 80 78 19 86 57 64 52 46 13 91 98 99 7 39 20 36 13 26 57 83 41 76 68 98 43 68 11 78 93 48 37 7 66 90 44 98 50 44 64 32 53 74 16 85 43 4 63 74 12 76 87 67 80 11 81 47 4 37 96 5 74 11 63 0 69 63 79 76 16 68 19 56 54 58 15 3 21 50 24 66 23 53 7 20 48 77 37 5 33 25 2 76 82 44 95 58 2 59 56 65 22 2 83 61 72 13 89 26 13 50 44 71 16 59 84 7 50 25 37 45 5 50 22 38 76 14 52 7 14 76 35 10 28 60 100 20 6 68 8 60 98 21 100 2 47 10 29 3 31 41 70 48 63 88 33 7 94 14 97 27 54 5 69 95 6 51 28 88 74 26 12 32 20 64 20 81 63 11 49 59 100 19 78 84 5 17 98 46 93 19 63 1 0 33 47 23 31 49 89 27 8 6 33 78 65 37 9 81 87 13 94 42 95 67 50 28 12 4 3 62 95 4 31 49 95 95 30 79 93 66 56 34 44 9 66 23 6 38 28 38 33 84 60 99 72 51 23 40 62 88 96 27 63 39 50 69 16 12 4 65 40 21 30 37 77 75 61 74 50 9 64 21 0 71 41 15 91 9 27 4 23 75 61 65 34 99 83 31 17 78 72 60 84 28 30 33 29 45 57 42 97 17 80 54 15 95 29 82 95 59 8 37 4 10 28 30 11 42 4 87 57 2 74 1 64 74 9 44 26 47 25 66 43 40 58 23 32 13 19 54 31
83 13 12 34 66 51 58 87 56 42 2 48 34 67 83 47 41 64 100 60 50 71 72 65 1 95 44 58 54 44 13 1 17 22 96 7 50 28 38 22 75 89 84 72 50 50 72 39 43 4 33 0 40 12 67 54 52 86 30 46 18 95 37 43 29 66 22 94 12 76 76 77 5 43 7 23 55 47 60 12 20 82 62 16 89 18 39 53 70 33 74 50 53 18 6 93 44 22 95 37 10 86 65 30 28 20 65 63 41 66 62 56 97 70 86 51 0 81 61 15 61 92 27 8 78 49 37 1 20 34 43 9 68 78 7 48 71 44 98 30 62 40 88 16 13 98 15 77 89 85 10 78 12 72 82 22 5 15 34 11 91 82 42 44 20 1 40 38 66 67 100 11 46 80 98 64 32 5 43 44 66 48 29 48 64 96 96 47 80 34 56 41 99 90 25 35 86 44 80 71 17 41 52 12 49 8 48 26 70 78 67 85 75 79 32 43 62 2 25 7 55 55 7 50 85 14 75 34 45 21 10 9 82 97 58 61 30 92 7 53 22 81 51 27 48 91 92 7 12 23 34 16 36 1 23 86 33 47 72 74 34 37 1 39 33 31 50 10 51 99 75 16 70 17 61 53 34 43 48 85 33 61 46 67 8 6 99 76 65 11 2 36 4 51 68 37 56 40 39 84 18 18 10 2 96 64 16 54 91 45 76 37 32 43 37 57 19 68 4 19 86 15 84 48 13 76 93 26 33 74 43 31 21 5 59 89 54 0 61 32 21 14 47 79 69 4 6 99 29 1 14 4 42 86 63 25 93 28 53 11 38 77 100 53 53 38 99 1 84 58 25 38 26 49 90 88 15 20 8 79 4 5 0 58 29 78 100 65 40 85 5 68 22 53 47 24 82 41 15 55
4 75 63 1 96 15 37 31 69 66 30 86 5 34 91 67 2 64 24 31 88 13 71 87 49 40 37 66 71 11 67 54 36 69 5 25 59 73 51 30 91 24 3 61 24 70 64 65 19 19 16 60 63 55 91 97 90 100 88 48 60 45 59 98 29 63 86 42 44 14 84 32 4 53 18 27 51 61 11 76 15 13 18 25 97 37 63 51 40 99 67 20 27 48 94 86 13 15 76 33 35 9 75 77 23 73 89 47 3 67 7 81 83 64 52 11 56 55 75 90 31 81 2 90 56 33 56 9 82 36 63 81 27 67 97 67 27 97 30 95 6 73 10 4 87 59 56 97 23 64 22 53 3 30 96 44 8 59 73 58 9 73 26 74 36 95 28 3 73 99 71 17 5 97 33 63 83 42 83 84 15 61 59 21 93 83 40 97 6 48 72 52 71 49 9 39 32 26 36 39 35 26 46 72 79 94 45 68 40 15 52 17 35 64 47 60 59 15 19 47 29 99 26 22 78 30 87 8 33 39 77 40 59 28 94 62 54 11 64 91 91 12 77 78 87 93 6 70 45 31 25 32 49 80 84 91 57 86 60 49 52 82 21 32 51 56 33 45 67 87 40 97 81 100 45 94 1 4 41 31 57 81 15 83 98 89 98 3 18 22 16 86 64 8 31 11 71 1 26 93 8 37 8 37 62 8 60 16 83 13 24 86 63 17 54 44 82 10 48 44 23 40 9 24 53 99 43 65 38 27 47 55 66 50 82 28 2 58 62 65 1 69 41 30 99 41 24 76 55 37 47 41 69 60 69 86 75 47 57 49 26 98 37 15 8 20 71 19 35 45 84 46 63 99 0 63 19 88 83 97 64 0 38 53 74 49 10 65 13 10 74 46 73 26 47 28 69 43 64 66
62 79 76 41 25 97 90 94 35 66 17 79 99 23 42 37 18 77 60 28 47 56 53 11 13 41 88 97 55 95 76 13 60 74 12 84 74 25 87 77 69 63 38 41 27 13 60 21 20 0 45 56 69 47 81 15 18 8 90 59 12 22 73 85 85 15 84 52 54 16 17 39 14 4 93 62 5 55 63 35 64 57 96 34 64 79 66 94 58 5 83 95 5 37 73 38 27 80 69 100 57 22 66 98 68 97 13 59 79 58 20 49 48 100 72 13 45 62 86 90 87 26 4 1 44 40 59 4 94 46 21 37 5 8 22 83 62 42 26 10 62 69 14 23 91 93 74 18 65 81 93 72 43 25 7 59 38 64 81 37 16 90 16 57 93 39 38 39 10 93 14 98 91 45 77 62 93 46 6 94 56 92 11 45 58 5 11 81 75 70 12 44 19 49 16 63 46 55 86 49 47 86 54 58 71 3 12 97 77 99 86 11 73 73 26 48 80 39 93 73 85 30 35 45 76 28 50 55 51 83 43 46 22 25 6 76 73 12 20 86 77 28 78 24 65 78 58 35 29 73 36 20 80 90 30 65 37 57 10 54 78 72 39 42 63 90 28 27 81 65 14 77 71 13 38 77 37 7 35 14 100 34 49 62 88 73 40 26 5 69 4 57 16 15 13 96 10 58 90 68 91 89 36 47 29 2 1 78 39 83 77 58 20 12 86 36 76 12 59 64 23 94 88 15 30 71 10 94 91 82 7 100 65 83 30 37 62 83 57 22 85 61 100 79 24 99 5 84 9 12 57 26 75 83 51 88 12 93 8 96 22 63 87 21 65 39 31 96 48 10 53 83 1 0 35 58 55 36 32 87 65 66 57 80 35 53 53 21 97 79 73 93 100 77 47 35 21 45 11 52
21 55 53 58 54 55 38 82 29 97 45 57 6 45 79 27 90 23 34 29 81 58 91 32 55 16 98 88 68 34 77 77 50 79 85 73 33 63 31 65 68 40 57 89 16 19 6 30 18 45 45 8 80 19 95 58 87 94 6 27 14 48 97 58 21 97 65 9 30 3 26 53 53 76 89 40 94 99 73 23 63 73 18 0 61 50 94 15 96 72 77 44 52 93 45 77 72 20 30 54 22 27 41 31 52 22 46 99 29 66 14 64 47 9 29 0 45 86 100 61 16 55 88 69 55 59 32 1 5 13 72 85 7 6 64 96 60 11 26 22 95 72 57 24 92 93 81 83 29 50 16 28 21 51 28 83 10 62 59 81 67 2 73 59 25 58 45 74 18 13 42 46 99 54 98 55 16 51 16 71 27 75 98 71 3 58 10 98 30 70 79 88 68 18 21 51 85 12 31 82 97 83 47 93 45 68 89 53 86 78 75 22 57 29 23 22 62 56 20 24 100 34 84 6 74 38 32 46 39 73 24 26 3 25 20 79 47 4 95 90 7 49 89 24 20 43 21 65 35 80 5 53 24 61 23 34 47 99 26 43 18 90 97 55 37 19 90 83 82 87 53 94 7 37 73 87 62 7 69 51 55 64 38 94 61 19 86 98 88 35 57 23 32 47 12 19 100 56 28 90 77 72 43 3 25 66 48 12 3 87 68 41 95 50 10 28 27 77 39 0 21 68 45 75 2 19 91 13 98 84 27 61 50 45 49 23 52 57 8 76 5 13 41 26 44 73 50 82 24 1 26 16 49 98 75 11 40 40 89 4 98 32 77 31 36 98 41 49 32 48 78 5 8 17 100 14 2 35 83 52 82 59 78 7 16 10 54 25 87 33 55 78 73 89 67 77 57 45 17 51
12 12 75 82 11 91 59 97 9 7 19 32 42 44 32 15 74 43 22 57 88 78 46 52 74 59 65 11 84 9 12 54 20 30 40 59 33 13 80 94 30 40 5 40 67 95 100 97 71 85 50 16 92 7 76 47 70 75 0 98 31 69 29 78 3 63 74 54 7 20 87 32 41 91 70 68 67 26 17 71 34 9 97 24 43 89 1 16 69 81 79 44 71 21 87 62 53 23 45 25 45 33 71 57 92 7 6 32 38 17 64 49 88 48 12 93 22 49 21 8 42 34 39 22 34 43 94 27 58 16 58 82 41 92 23 29 46 99 36 78 64 47 0 37 85 84 59 60 44 61 87 29 52 92 84 34 53 16 78 0 11 83 70 34 58 2 46 31 15 25 11 89 27 88 48 18 86 32 33 23 85 51 73 32 10 16 1 32 30 24 67 20 92 86 78 34 59 51 94 52 31 35 19 68 36 19 72 97 37 85 36 51 100 4 1 52 77 39 5 23 33 90 38 50 81 40 37 83 84 27 40 3 100 12 28 45 47 15 69 47 25 7 26 90 36 55 26 55 54 44 46 97 7 67 35 68 68 37 32 99 2 23 31 47 68 27 2 64 29 61 14 68 57 43 92 53 51 91 23 97 9 99 50 60 15 47 49 43 88 48 25 11 10 79 23 8 56 46 64 16 55 99 8 43 20 50 67 55 97 45 8 39 30 58 63 50 22 98 8 34 67 52 4 28 38 27 18 40 79 96 43 82 74 48 100 27 83 32 96 89 96 10 91 80 60 39 31 53 71 3 72 75 80 46 97 63 31 100 54 51 48 49 64 24 61 100 90 78 72 97 79 12 60 42 25 71 79 53 82 73 47 62 9 29 48 3 65 92 72 51 57 50 43 9 3 18 80 2 8 21
15 55 61 81 19 12 18 54 61 73 42 26 3 71 46 49 45 46 39 70 49 51 17 35 10 53 73 57 91 17 69 43 40 14 89 88 36 69 27 20 71 96 26 75 82 56 94 66 1 76 10 90 22 54 42 5 70 28 67 28 27 37 49 25 79 5 67 79 77 48 33 21 16 77 56 37 95 27 71 50 62 75 4 25 54 22 33 69 93 16 89 87 8 54 79 48 14 94 39 61 42 46 54 86 7 56 50 30 42 100 81 19 94 13 1 9 44 73 0 25 60 62 94 11 30 45 20 30 89 39 51 51 13 35 28 8 61 13 6 46 18 75 18 47 30 92 46 46 45 23 95 11 67 93 84 77 74 30 31 9 21 62 63 91 68 87 74 88 71 38 31 54 99 71 84 10 97 20 21 57 72 19 30 63 5 84 7 50 41 56 41 85 95 69 93 17 85 50 16 27 19 30 64 31 6 35 25 71 70 76 35 77 25 84 87 9 7 11 87 43 100 90 39 13 44 100 42 71 66 35 95 35 50 54 3 25 39 76 11 22 98 92 37 58 94 49 23 70 96 90 51 5 62 4 57 10 19 55 31 13 15 59 90 97 77 74 55 55 81 73 25 71 75 47 59 4 24 36 54 52 81 52 83 65 98 46 13 55 13 61 82 52 48 82 79 57 36 65 45 86 34 11 43 36 42 59 77 28 63 79 92 30 9 76 69 1 79 43 15 64 77 23 36 8 75 82 12 42 59 1 72 59 8 75 5 79 17 55 0 38 63 0 12 94 56 37 27 64 93 55 66 52 52 67 64 84 80 78 41 76 61 73 47 86 12 9 69 51 39 7 48 40 12 57 63 21 50 59 100 6 63 55 78 5 55 68 87 28 9 35 60 73 56 10 7 52 44 47 3 60
27 61 72 14 29 88 1 68 91 36 0 50 17 61 75 53 40 59 79 99 54 4 75 5 85 22 97 62 88 56 35 31 16 38 46 36 17 31 12 72 30 93 63 66 96 69 38 18 27 27 12 23 69 7 8 73 22 62 54 28 39 54 95 5 62 24 50 56 2 49 70 52 80 93 49 41 47 56 24 76 93 90 20 84 41 69 80 46 34 81 97 1 89 50 53 30 46 64 8 19 47 31 45 88 1 95 96 82 78 65 70 98 84 16 67 58 21 75 55 3 33 50 30 44 98 95 100 36 15 66 62 15 5 18 77 30 98 29 13 7 13 25 65 82 98 14 79 52 37 58 35 93 56 69 16 70 11 2 13 31 42 98 72 21 69 64 10 38 36 58 22 91 63 94 14 8 30 41 7 89 27 13 49 29 49 9 84 46 47 21 49 32 82 94 34 4 2 79 64 26 41 21 8 61 1 0 60 94 29 93 5 7 12 62 12 72 68 11 17 49 2 95 31 37 50 70 9 50 79 99 63 63 26 26 92 8 90 73 56 32 57 27 34 52 5 55 69 29 0 70 65 40 65 72 76 32 91 35 31 71 66 94 72 39 65 61 54 42 34 77 23 88 1 95 73 44 60 85 58 68 13 18 13 42 49 47 63 28 57 17 31 83 21 91 7 31 56 1 72 37 35 50 81 81 10 48 100 69 77 68 100 97 39 10 25 37 8 97 93 94 88 78 96 40 40 27 50 20 99 11 11 76 70 46 36 63 89 17 96 55 85 82 25 55 67 82 51 86 75 49 35 55 8 54 77 20 65 50 78 79 59 14 35 93 44 92 50 0 22 77 28 37 64 17 94 13 89 30 59 87 99 29 10 60 79 57 82 34 51 7 17 56 85 83 19 88 97 83 3 54
58 17 51 58 31 90 53 5 91 99 23 83 29 98 64 6 23 39 41 91 62 90 33 96 32 57 53 5 100 10 69 84 56 17 44 73 42 12 24 82 4 83 70 91 90 36 59 62 23 11 3 52 29 92 49 9 88 16 52 30 62 70 57 57 14 24 85 68 95 11 23 98 66 56 20 41 20 69 88 83 95 34 65 24 25 51 89 11 12 22 97 36 86 46 68 49 17 35 20 41 25 72 61 48 19 45 6 57 78 100 2 69 49 26 86 50 93 40 19 83 73 9 23 33 38 9 33 56 59 4 69 20 27 24 61 4 3 46 40 31 82 95 85 91 91 1 46 3 94 53 55 83 21 77 62 75 100 52 29 30 85 12 68 27 90 46 46 56 87 91 57 25 5 75 13 90 80 39 35 88 67 32 6 19 35 17 100 54 40 76 65 6 64 20 47 38 34 20 52 10 37 44 89 38 40 82 68 28 12 26 23 20 51 68 51 63 95 47 17 35 8 83 11 87 48 28 80 60 70 50 32 18 25 50 79 67 46 49 77 52 56 62 14 78 82 8 0 40 62 31 62 84 95 16 100 85 25 84 54 20 9 35 88 58 47 45 3 74 16 67 70 65 15 39 29 71 9 84 75 80 71 97 6 72 60 65 20 55 27 43 45 21 74 62 0 52 83 96 54 0 60 52 45 83 61 66 89 61 36 82 81 39 95 21 5 64 68 40 98 56 12 64 66 88 30 13 24 18 99 98 92 42 57 58 62 24 16 42 18 14 65 28 55 15 27 71 90 49 1 32 50 63 66 33 14 77 7 9 74 60 98 23 11 54 61 89 1 93 84 99 16 41 37 80 15 45 12 47 57 19 26 55 65 97 71 15 26 85 0 11 45 47 71 33 69 48 16 67 68 68
88 59 17 18 78 6 65 57 37 66 35 21 49 42 69 16 79 94 73 43 6 81 88 21 41 12 90 43 36 18 91 50 23 41 62 10 46 63 26 76 92 80 26 97 42 76 55 74 6 1 6 91 52 38 44 22 74 97 42 66 5 86 61 49 43 78 67 18 34 93 73 72 92 91 46 45 54 0 93 38 60 98 28 98 69 72 66 44 23 4 99 49 48 92 20 7 8 39 8 66 45 72 7 92 91 82 61 90 90 42 21 28 45 17 72 46 94 19 33 0 35 19 94 40 9 22 25 74 48 2 93 73 90 17 25 9 5 56 29 94 45 50 9 51 9 62 56 98 56 72 27 68 17 51 23 17 80 48 91 62 99 8 2 72 80 54 7 69 33 53 55 65 24 33 46 97 61 44 4 59 41 36 3 25 2 24 72 95 39 31 23 74 5 60 16 78 8 75 64 90 94 55 13 59 20 65 21 26 3 61 57 78 94 82 27 85 24 37 12 77 24 58 57 27 85 76 52 62 92 1 28 93 96 97 43 92 87 65 94 68 98 35 83 68 42 33 11 68 49 72 17 52 58 6 4 35 42 14 8 71 71 4 12 37 19 13 70 57 77 75 12 30 50 59 82 86 89 49 100 60 51 57 24 83 63 8 91 79 70 73 72 24 43 51 7 66 90 91 80 90 22 90 0 60 49 13 13 63 38 94 35 4 56 67 16 1 17 71 83 91 94 84 61 24 19 89 85 77 45 11 98 97 43 80 93 47 77 30 69 66 89 38 61 25 58 65 95 39 4 21 24 23 89 37 90 18 37 85 87 25 90 78 83 80 85 50 73 32 78 81 59 56 78 5 15 25 42 66 30 22 61 68 27 96 75 86 47 31 12 91 74 50 55 48 72 80 69 32 10 51
78 32 39 6 1 50 67 99 41 15 65 49 50 42 21 73 83 0 61 28 91 25 47 99 81 65 39 45 93 13 1 96 55 48 54 56 16 18 97 65 62 89 74 80 97 67 51 57 77 58 27 59 31 93 22 84 73 31 50 47 38 78 85 57 92 80 38 98 8 10 10 27 72 5 30 29 91 92 90 85 39 44 15 50 98 45 26 93 13 84 76 2 19 42 87 74 100 57 21 1 76 48 65 41 83 29 35 90 67 18 48 68 29 54 51 16 45 97 61 97 100 17 87 43 96 36 14 94 2 55 2 31 62 1 26 7 38 68 52 87 14 19 39 44 30 5 70 12 19 46 58 94 33 55 78 83 22 72 22 93 31 3 88 51 82 82 45 36 38 42 39 25 4 94 75 79 70 25 57 25 5 87 100 12 4 94 44 18 80 8 31 27 22 85 90 23 50 93 94 66 28 12 99 0 87 94 31 91 57 36 28 81 55 28 71 15 36 35 32 15 85 69 72 17 87 81 42 39 87 16 12 23 32 84 55 37 73 1 57 69 40 49 88 91 13 44 91 55 90 78 75 4 67 53 15 38 45 58 40 100 21 35 69 18 94 48 19 50 25 68 83 98 69 37 76 50 97 2 30 97 62 77 41 60 48 74 56 98 26 36 66 35 47 61 69 2 27 73 94 97 6 42 43 64 24 97 58 57 18 94 98 74 47 53 16 82 70 56 7 51 1 97 19 80 45 69 38 66 58 42 35 23 97 21 70 80 76 56 66 35 23 50 74 79 93 99 37 44 96 81 15 73 95 56 46 99 52 99 10 53 40 16 54 76 85 58 8 47 77 55 41 27 32 72 0 19 37 22 41 42 18 20 97 85 33 37 21 8 24 61 65 22 56 79 62 83 6 8 35 60
15 86 57 35 14 47 41 68 18 53 57 10 24 87 19 33 51 94 92 62 37 63 87 52 78 27 3 98 53 72 88 53 42 63 73 54 100 26 19 99 6 16 73 71 96 28 88 59 38 96 93 94 89 71 96 94 73 51 35 86 99 29 76 46 82 33 71 86 52 7 51 9 44 100 62 57 45 82 21 11 6 81 79 17 40 70 84 96 37 87 87 21 18 17 82 42 42 81 26 10 1 28 60 16 36 75 9 7 49 60 9 76 85 45 86 38 80 12 8 35 56 11 36 80 83 46 10 33 13 48 13 90 97 8 52 17 87 96 40 16 13 28 83 40 20 0 51 89 69 45 91 35 28 34 26 31 64 70 88 21 33 22 65 100 84 0 73 95 50 54 75 57 70 22 55 82 87 24 81 39 92 57 44 27 86 49 47 37 22 77 16 29 62 61 4 72 15 66 17 5 8 95 49 3 95 32 21 3 39 66 4 95 1 35 10 14 27 27 37 15 29 72 84 49 83 57 76 51 38 52 92 78 39 27 71 12 5 41 36 2 85 23 43 69 23 55 31 81 32 81 13 84 59 45 12 1 0 57 5 5 25 78 32 0 44 53 57 78 4 66 2 3 2 39 3 31 83 12 75 81 1 5 84 81 80 95 87 65 54 98 11 99 3 45 1 31 40 82 94 43 0 60 74 41 76 6 13 38 31 41 69 10 66 52 45 29 78 92 74 73 62 76 92 56 85 54 1 64 31 66 73 29 82 96 62 16 24 22 50 98 22 43 69 41 97 51 89 63 79 34 9 2 73 54 32 98 7 94 81 71 8 40 70 54 54 39 49 50 74 64 8 9 64 62 8 43 4 90 37 49 31 6 65 32 25 28 16 43 0 74 15 94 60 7 14 12 33 81 90 66
10 68 16 60 13 34 80 100 87 79 55 32 66 69 65 10 9 49 64 39 0 18 76 46 94 77 37 35 7 86 68 42 30 16 34 59 26 40 52 55 89 19 62 16 74 61 8 52 89 58 49 41 55 3 49 73 82 58 30 3 17 26 2 56 68 45 32 11 89 100 30 49 72 30 50 83 35 63 70 85 18 64 51 85 100 83 34 74 96 48 24 12 58 17 40 71 15 14 70 64 10 50 84 36 78 10 8 19 61 96 48 21 77 69 36 99 4 60 70 89 15 1 77 87 50 67 3 3 64 42 26 55 37 82 24 20 34 0 41 68 73 66 87 66 52 94 49 2 65 85 49 47 53 63 35 55 69 92 26 74 24 50 97 11 17 23 58 7 77 1 7 31 95 61 13 60 87 96 7 31 80 48 86 8 44 61 70 72 28 39 47 45 98 11 44 16 98 16 49 31 94 59 74 20 73 62 83 45 84 15 20 87 20 81 25 94 0 75 62 72 67 49 28 97 46 91 25 63 84 75 50 1 89 65 44 48 26 15 79 62 39 22 30 79 36 13 83 29 78 15 61 12 14 34 13 81 53 82 52 14 89 30 90 32 62 45 55 33 90 5 94 73 66 72 78 19 5 100 86 14 28 25 73 17 59 50 88 94 13 61 67 2 32 12 76 77 14 66 9 30 34 86 57 16 92 61 19 74 39 27 30 62 23 2 11 92 72 36 23 30 61 9 8 93 35 45 23 78 73 100 26 36 68 75 97 89 4 70 8 22 98 39 13 55 10 29 88 30 40 73 57 72 25 82 3 39 67 29 30 91 59 4 94 95 32 1 70 95 42 72 86 79 21 6 28 91 80 79 92 28 88 65 26 84 28 15 10 69 70 42 52 34 23 69 77 29 22 53 79 20
14 58 2 60 79 74 44 60 56 54 54 25 11 22 15 80 91 12 23 91 0 3 28 70 26 35 6 79 72 4 33 58 64 98 16 32 11 84 59 2 65 17 91 79 19 44 57 41 75 20 52 28 93 43 100 90 21 85 81 37 33 22 99 27 56 61 90 4 89 69 71 86 69 96 73 83 16 67 62 42 68 53 28 82 69 25 45 60 44 20 74 78 1 0 68 70 60 18 65 17 16 32 14 55 92 67 7 93 26 44 29 48 13 85 88 18 14 17 75 29 21 83 81 62 94 23 23 45 81 92 82 33 67 63 12 40 14 7 21 62 24 49 91 8 12 18 87 1 45 31 16 61 3 51 71 75 61 26 70 92 63 61 78 24 61 41 70 71 93 46 83 56 19 89 34 96 99 58 7 65 81 60 30 5 79 28 76 34 61 47 9 66 39 92 17 91 80 69 20 76 39 54 40 47 11 95 100 47 50 88 76 93 77 89 80 92 77 44 2 44 97 59 13 44 37 67 23 71 19 75 96 35 44 37 58 62 86 13 87 53 91 33 13 76 34 52 74 42 58 79 30 85 61 38 100 48 39 42 52 27 2 28 43 10 8 95 80 61 11 7 4 37 1 23 38 16 59 44 73 59 76 21 83 89 10 28 8 43 57 26 35 7 27 35 80 74 40 27 53 30 1 35 16 52 47 15 58 4 70 11 17 30 4 70 47 55 28 47 39 36 9 1 95 64 56 35 53 43 68 80 2 1 17 20 15 18 59 23 79 76 26 11 78 45 62 97 16 21 63 22 38 84 33 12 24 69 77 54 81 58 54 8 33 59 27 0 24 54 50 25 59 71 91 15 9 21 8 42 84 28 95 23 57 27 70 77 91 81 60 86 32 37 26 59 38 14 60 37 41 94
59 45 36 33 79 62 59 0 19 9 98 97 78 78 94 86 7 16 62 13 67 71 96 33 30 74 55 11 100 73 82 90 77 64 34 48 52 69 98 85 92 4 22 0 51 50 1 96 20 57 53 23 77 7 64 9 57 5 12 100 17 43 94 64 72 72 73 4 100 27 33 11 89 50 75 84 38 35 39 59 57 65 17 23 83 98 17 3 87 56 71 71 21 31 29 55 95 75 22 52 44 15 17 59 97 3 94 2 95 33 76 12 39 68 79 82 58 77 17 61 54 59 81 37 6 76 74 61 33 90 91 32 73 5 6 22 1 73 31 6 71 2 97 82 53 0 72 91 17 95 19 74 2 3 16 40 100 57 70 96 74 70 44 14 17 88 96 15 84 29 46 53 68 16 1 15 88 19 18 6 60 18 18 0 33 70 50 66 0 56 25 80 4 18 22 81 40 22 56 29 41 6 93 87 39 40 63 25 2 79 68 24 93 70 11 64 50 97 69 77 48 81 81 26 99 22 17 76 70 32 44 17 44 27 38 76 27 34 16 97 13 70 57 69 97 52 93 79 26 64 97 21 13 63 20 97 83 10 96 38 16 89 19 100 87 2 91 82 97 65 84 19 4 86 83 51 9 28 96 59 43 20 22 67 28 10 98 60 84 78 94 96 40 98 75 96 85 50 50 20 44 94 58 86 28 9 7 4 17 57 54 20 69 27 68 79 36 9 5 26 70 100 68 88 41 7 42 65 95 37 21 33 18 16 34 46 12 50 63 0 58 6 41 62 48 21 40 4 7 85 58 45 49 5 74 42 98 92 31 45 19 49 80 93 23 23 74 59 45 68 62 79 98 93 77 47 51 66 61 75 44 90 54 26 52 41 19 66 99 18 80 34 46 20 55 81 84 34 82 32
36 4 75 17 56 92 83 6 47 49 90 31 61 13 48 72 88 8 40 8 24 31 46 3 0 90 94 48 39 47 64 93 41 14 94 84 60 97 47 29 42 99 27 54 73 17 33 93 97 56 29 36 55 100 81 98 57 56 60 82 92 31 84 11 25 70 24 100 15 47 72 94 99 73 28 78 69 92 44 31 8 69 54 8 16 45 36 97 39 41 34 8 9 11 50 48 91 62 62 48 54 54 39 89 84 72 2 63 54 16 92 15 11 78 37 8 14 71 51 71 79 80 35 94 71 89 99 53 2 42 65 38 32 29 58 33 83 11 21 47 21 15 57 97 35 26 27 52 89 8 15 24 67 51 91 10 22 53 77 37 30 43 12 43 30 22 67 97 97 49 5 51 46 38 65 40 12 73 90 83 79 23 99 80 8 47 25 67 95 29 86 8 29 72 37 68 77 60 93 20 58 52 34 72 69 85 21 56 3 25 96 85 82 62 66 37 22 43 93 57 43 98 83 98 32 9 0 76 20 88 12 64 85 70 19 41 83 90 90 27 33 67 60 100 59 100 79 73 51 6 13 17 92 94 35 53 82 9 43 17 60 85 5 99 95 69 15 32 50 94 31 78 43 75 88 14 72 19 9 86 93 46 32 71 91 19 98 69 89 31 13 4 55 89 87 30 58 35 54 1 18 79 77 97 1 14 92 35 47 2 41 3 59 21 57 17 87 90 81 93 76 99 85 96 4 10 69 2 45 58 57 40 56 67 39 87 41 96 92 10 30 38 45 8 78 15 7 70 92 55 77 19 87 46 61 18 9 77 16 75 13 11 49 45 60 36 88 24 45 8 24 90 67 8 27 15 59 70 60 32 22 48 88 56 79 2 76 92 99 2 24 94 96 88 33 21 52 42 63 60
81 31 22 96 83 65 66 44 39 40 34 5 19 10 43 89 39 11 23 45 23 54 32 10 38 87 54 82 84 92 51 38 84 74 74 74 71 83 10 18 56 26 36 90 99 49 27 53 16 94 72 39 49 94 53 74 46 67 79 60 74 91 0 94 61 100 28 46 15 79 42 49 11 100 66 71 57 66 37 95 63 25 78 36 49 56 89 52 92 78 7 65 59 59 22 40 74 18 16 35 57 17 0 6 95 3 80 39 72 56 79 29 15 19 37 80 32 36 74 54 14 87 29 62 8 69 35 74 65 56 89 47 64 80 0 13 49 45 37 42 94 91 50 36 11 65 13 29 59 38 10 43 51 5 75 98 0 67 61 91 38 88 24 90 8 59 19 17 76 51 38 9 54 71 40 53 43 97 70 40 69 25 88 59 58 100 12 84 83 67 52 27 96 18 56 0 90 75 62 21 40 36 70 89 41 57 45 19 68 17 8 46 75 39 85 74 13 43 62 79 1 43 0 93 89 33 52 21 9 57 96 12 93 4 98 48 1 56 21 71 50 54 61 73 41 93 23 33 37 26 30 47 77 100 2 49 1 75 90 8 72 100 10 11 0 27 8 13 88 34 7 87 11 58 29 3 36 11 92 36 77 81 53 12 3 99 97 27 48 78 12 31 8 0 21 3 92 63 58 38 3 44 40 91 58 20 13 24 29 69 43 41 86 43 80 54 90 34 11 69 57 24 85 91 39 38 1 47 84 8 18 85 69 3 56 76 8 79 75 42 65 25 100 14 83 52 2 59 41 11 52 65 77 27 80 71 21 11 33 30 67 100 53 23 30 69 29 100 87 14 55 21 82 67 90 63 65 26 98 21 5 83 54 27 66 19 44 2 73 26 0 78 54 40 57 64 35 41 66 11
94 40 40 78 10 20 24 16 39 38 88 82 46 9 33 86 5 18 43 11 93 42 24 0 73 49 69 15 10 44 25 3 18 92 29 25 61 80 61 17 7 75 60 91 70 14 68 4 100 43 9 58 33 98 20 80 74 38 23 93 59 5 83 33 37 82 61 57 31 24 96 92 60 25 3 32 58 64 23 22 95 71 50 25 35 50 76 12 1 44 84 57 78 98 0 63 9 48 41 50 71 15 41 92 82 59 33 41 67 27 82 0 8 92 16 99 31 75 80 5 59 86 49 18 38 49 62 28 28 92 72 17 95 60 92 58 58 98 52 84 21 23 12 6 100 83 84 87 95 8 100 8 81 89 48 6 61 64 42 2 29 9 2 24 7 79 37 48 48 19 52 68 41 91 85 60 11 1 20 41 67 78 20 30 71 89 77 19 49 6 87 29 38 94 45 53 76 74 29 83 18 67 1 58 43 62 84 72 80 54 60 53 63 69 81 68 45 40 6 85 92 53 19 14 51 59 58 44 69 36 80 17 84 56 63 86 35 6 91 99 68 82 55 76 76 5 76 50 53 81 78 20 85 68 18 82 8 10 39 72 100 91 87 61 9 39 30 12 45 29 39 95 96 80 37 87 60 6 23 92 2 9 78 79 30 46 68 60 53 98 26 56 37 85 58 10 77 93 86 76 0 16 82 50 0 74 63 98 44 20 62 1 4 77 62 35 24 41 83 23 66 35 55 23 10 6 23 11 60 41 77 90 86 64 92 20 15 15 65 87 76 86 13 18 7 69 92 42 94 7 85 54 12 52 56 55 35 65 27 6 67 16 57 59 34 100 96 28 99 36 35 63 26 53 19 20 67 74 63 80 46 88 10 24 16 98 47 18 30 70 19 0 76 38 65 99 86 96 16 98
34 35 97 46 38 52 64 61 59 67 23 13 32 95 92 34 20 49 73 10 32 92 75 72 66 97 46 95 7 76 18 30 72 61 41 86 10 74 54 34 13 95 62 8 83 37 23 55 69 36 2 37 83 41 20 67 19 54 8 27 90 37 51 94 34 24 89 0 63 25 26 84 77 74 31 76 64 56 60 72 27 58 17 77 31 69 52 30 58 13 24 41 9 42 56 7 66 22 58 99 63 86 43 32 82 27 56 51 65 25 71 60 34 59 95 27 36 90 71 16 36 13 35 58 6 9 75 19 8 67 62 98 58 13 54 30 71 55 61 52 45 62 26 73 87 35 38 22 0 59 52 42 55 42 23 99 41 2 44 50 24 81 17 43 26 3 89 64 21 38 76 52 34 18 96 7 25 69 75 87 10 68 12 13 15 77 68 75 62 97 15 36 16 70 36 0 10 44 42 64 25 53 72 20 38 57 74 97 61 50 53 43 73 6 93 73 32 7 67 20 94 30 22 38 39 92 79 92 71 42 27 93 20 5 45 21 22 21 55 37 27 65 75 75 9 30 85 6 51 38 23 10 72 79 85 60 92 96 35 10 62 32 2 26 90 96 81 76 77 92 92 40 25 33 37 19 40 56 79 59 28 48 16 28 31 87 69 72 70 91 35 52 91 21 73 32 25 45 35 73 52 40 37 62 78 33 73 23 9 91 30 56 49 84 83 78 53 91 73 70 2 22 70 99 2 4 21 52 21 73 25 82 62 11 70 48 85 39 85 67 30 22 78 6 29 17 4 22 14 24 23 10 3 12 100 30 7 13 78 35 61 61 5 62 21 11 49 8 87 16 20 97 78 94 57 18 35 94 26 55 78 71 67 97 72 82 0 38 100 63 4 87 67 14 38 3 77 86 4 64
43 60 55 76 99 29 29 60 18 25 94 91 59 31 13 0 6 27 100 48 64 55 16 60 33 65 19 99 76 85 26 9 59 1 20 51 43 90 32 54 47 77 78 75 90 35 64 0 18 59 38 32 7 82 76 58 86 70 85 59 21 28 48 89 70 61 98 72 9 68 24 60 8 67 1 54 42 58 5 53 78 37 6 8 83 99 38 54 71 72 44 21 64 20 84 48 62 61 80 50 9 83 71 58 88 5 98 33 37 9 70 39 87 75 22 47 57 20 67 17 68 47 38 91 80 6 73 74 82 39 53 12 7 56 100 21 58 11 31 67 96 46 72 79 74 40 68 20 21 86 51 65 46 19 47 58 5 69 8 46 20 15 60 29 81 24 47 28 25 70 13 100 41 45 63 68 45 23 51 97 35 55 24 8 1 41 98 64 88 21 61 30 97 82 94 15 52 52 72 12 30 14 95 47 15 10 18 1 37 35 66 45 42 98 52 71 65 53 33 69 31 12 28 71 76 91 66 4 89 87 0 64 58 43 17 44 93 91 48 42 49 14 57 77 59 21 71 56 18 12 96 52 61 95 38 38 11 66 15 29 69 53 52 0 66 54 28 35 91 45 48 33 7 21 98 86 74 96 38 31 43 18 8 51 97 52 82 52 20 90 48 15 85 77 68 49 47 79 64 32 42 71 32 28 67 67 28 73 87 5 0 20 76 8 91 98 16 44 28 37 28 67 81 91 15 2 2 40 65 21 56 43 16 47 26 67 100 84 59 30 91 52 73 81 6 45 92 70 97 59 55 74 51 11 2 75 29 23 82 76 32 37 90 19 92 27 27 43 98 63 69 100 50 74 69 79 61 54 58 98 16 13 1 86 16 79 100 46 97 88 70 22 23 70 85 24 79 47 92 54
98 91 6 0 39 85 60 77 16 58 92 35 61 93 71 92 55 74 15 72 1 75 12 4 66 8 82 96 51 50 30 25 35 77 75 27 5 84 0 23 95 32 87 58 51 0 42 53 87 67 94 0 21 100 25 88 15 18 74 46 21 16 65 86 96 25 54 10 80 25 19 71 6 93 77 42 95 2 23 72 74 15 79 71 92 77 91 48 20 79 71 43 51 78 18 10 60 8 52 35 62 72 29 57 22 39 83 30 23 24 35 70 88 24 85 75 32 32 59 74 85 21 42 44 97 9 80 60 73 7 22 49 56 84 65 29 51 68 77 2 93 90 10 39 93 70 41 33 86 77 12 98 100 24 5 91 81 96 2 74 11 14 59 75 23 57 34 99 73 15 34 73 85 54 54 49 36 60 42 44 35 25 36 55 24 68 67 45 90 43 72 40 41 54 2 47 15 78 86 77 55 15 21 47 18 59 80 90 2 14 89 89 75 43 90 56 43 48 72 43 39 43 77 59 93 22 54 10 24 38 5 41 76 61 93 73 23 4 11 21 19 100 4 96 43 29 22 14 48 35 88 65 99 86 97 94 64 95 9 32 8 65 99 26 92 83 63 95 72 18 25 86 87 88 27 82 53 32 23 26 22 24 97 65 47 45 97 84 79 19 37 68 89 59 22 6 18 42 13 79 3 19 43 13 94 79 44 10 30 28 60 96 83 61 83 48 20 44 88 99 26 70 67 75 39 36 66 80 91 21 49 96 82 49 89 99 47 49 6 1 26 67 58 68 49 91 36 25 69 73 8 60 17 25 86 31 67 71 46 44 32 1 73 4 7 98 49 83 33 22 92 31 64 26 5 0 60 35 30 44 29 54 98 7 80 76 18 10 30 73 75 69 66 22 24 14 60 82 0 35
64 31 38 67 53 100 18 40 92 52 78 92 48 55 51 46 79 60 63 60 44 64 21 8 4 51 10 39 72 68 46 22 50 22 19 100 82 17 77 22 50 66 34 33 47 71 16 16 31 58 43 15 61 97 57 45 7 94 84 60 3 39 88 100 94 63 78 53 69 38 71 54 57 100 2 49 43 43 79 41 79 14 1 49 92 69 39 55 49 11 15 26 71 97 35 20 29 29 82 77 9 72 66 39 38 10 25 42 28 46 22 44 15 29 16 77 66 95 89 79 10 46 86 94 95 30 7 71 39 88 42 23 13 48 34 33 68 54 64 15 9 57 56 61 96 6 30 87 35 77 87 90 49 96 43 78 11 14 65 7 89 29 23 55 41 78 31 58 90 24 96 99 97 51 3 47 81 73 85 26 26 54 10 6 67 31 22 96 25 20 80 98 51 30 22 30 73 21 6 64 47 9 14 5 71 99 0 6 34 92 46 19 81 80 94 80 100 19 4 11 61 34 75 74 74 71 62 6 21 66 85 94 61 86 32 94 76 68 75 94 97 99 90 47 2 40 67 91 90 15 49 99 46 63 70 43 81 100 18 98 70 20 1 61 22 61 49 7 49 59 27 93 82 66 69 76 7 66 43 34 8 49 98 45 50 74 43 78 64 8 66 96 59 76 15 57 47 25 78 10 44 37 30 18 67 81 92 47 23 37 27 21 49 92 99 93 28 83 22 56 86 53 72 23 29 16 13 60 38 73 33 5 82 37 82 78 25 44 4 97 83 63 5 19 41 47 17 83 4 78 5 0 83 99 68 0 53 52 63 84 24 37 86 11 20 48 84 89 26 79 49 36 1 87 99 5 38 41 70 81 21 78 2 27 8 88 49 24 56 58 78 36 5 81 0 59 98 36 47 40
70 97 76 44 77 1 35 7 91 98 41 69 71 31 73 33 1 58 91 84 53 82 5 18 29 58 20 5 15 4 38 12 35 78 86 21 7 6 53 99 9 60 27 25 29 50 84 76 45 49 100 56 80 2 70 41 14 98 71 98 22 19 40 43 63 24 42 80 85 24 4 40 18 43 95 6 98 29 48 60 92 34 12 60 41 41 81 31 11 88 21 52 9 63 5 17 72 39 0 35 27 41 12 39 57 98 81 80 96 84 71 51 61 6 21 54 51 57 18 81 23 95 70 62 46 11 21 79 99 42 54 52 70 86 98 21 75 80 27 50 48 90 72 35 44 60 50 66 61 34 78 63 59 68 31 10 61 39 76 78 60 46 34 73 46 54 10 78 31 7 66 67 61 8 31 75 30 15 66 74 95 64 61 88 45 61 71 82 70 89 73 47 45 49 28 95 17 63 77 48 52 25 6 85 61 73 49 59 45 44 56 2 77 86 1 77 1 75 78 12 38 85 0 41 5 66 63 19 31 98 44 62 6 80 25 75 24 17 42 46 26 51 66 90 9 56 52 90 92 9 64 24 98 30 40 49 3 13 37 3 80 28 83 40 73 12 6 100 72 91 69 15 29 37 77 97 30 27 35 28 7 59 74 87 41 28 72 60 57 72 64 18 87 31 19 56 86 7 46 39 23 47 71 46 29 94 97 85 60 57 19 45 58 35 67 74 19 97 62 22 40 91 100 96 93 81 70 14 100 13 64 24 37 98 81 92 96 22 87 83 92 43 8 39 97 38 46 58 90 59 30 52 8 39 53 18 41 77 93 49 39 73 87 92 20 41 33 95 61 1 56 96 56 99 22 91 95 26 13 88 54 37 97 40 56 1 4 51 50 41 85 59 42 95 60 35 38 10 90 69
60 88 17 22 21 66 55 1 78 21 56 71 32 80 42 64 81 28 35 9 13 58 69 44 55 45 15 24 11 57 39 63 47 21 43 20 36 100 89 35 33 0 42 35 59 84 1 46 56 62 100 73 12 80 47 96 14 93 11 25 45 52 45 85 28 16 54 31 89 24 60 81 83 62 49 67 47 53 43 84 43 37 99 68 97 97 31 21 67 68 48 36 6 16 25 82 11 60 15 46 93 0 67 31 55 8 48 63 42 29 17 46 9 91 50 88 87 47 3 80 83 31 73 56 88 78 62 53 45 53 37 86 52 77 31 14 49 42 18 46 22 11 68 72 62 29 51 1 46 52 91 88 65 3 47 34 33 25 26 90 87 11 77 27 11 90 77 71 37 52 88 88 22 58 51 30 87 93 3 83 48 19 47 75 26 68 67 20 63 88 35 22 47 90 73 3 44 57 74 50 73 94 31 98 35 88 45 29 20 53 99 64 79 69 63 59 19 85 70 82 62 49 12 88 18 16 12 63 68 18 65 36 43 46 78 21 5 74 87 76 98 75 91 43 40 99 14 10 5 5 97 20 48 71 41 36 59 25 86 10 28 45 24 2 71 54 72 63 32 18 77 52 50 98 17 96 97 73 90 77 7 9 94 23 76 21 44 5 99 100 78 43 37 58 56 78 47 73 25 100 1 24 42 22 80 71 71 38 14 29 25 100 58 100 0 98 81 11 56 21 81 24 64 43 54 40 14 6 31 27 78 58 8 40 20 44 74 42 46 61 28 6 89 89 14 36 10 19 56 35 2 11 38 19 52 10 5 20 20 37 28 25 90 84 3 5 61 11 88 49 56 53 16 14 40 62 47 48 33 9 42 38 2 17 13 45 20 45 42 92 8 82 49 96 31 52 47 25 68 0
23 8 77 51 70 46 63 54 77 55 62 20 75 27 85 82 88 24 40 45 37 45 5 81 78 58 70 3 68 97 28 97 55 24 99 97 21 16 44 88 92 56 33 16 21 42 14 24 6 63 50 17 33 44 45 17 82 80 20 40 69 85 75 65 12 27 65 75 24 48 14 92 63 31 4 28 54 72 16 98 34 52 12 72 59 93 93 89 79 9 0 46 74 80 76 37 81 19 68 24 5 54 41 57 19 7 48 5 1 64 86 72 59 96 42 88 22 15 68 34 3 0 65 87 14 36 58 17 95 43 41 2 98 85 9 64 28 11 6 96 87 69 51 82 99 78 74 28 37 6 15 6 91 76 54 98 33 1 8 17 44 89 24 84 93 48 65 24 26 75 85 47 35 66 0 72 33 47 19 22 71 98 5 93 96 89 29 77 29 22 3 14 4 5 97 69 83 9 94 22 38 79 78 24 65 66 31 96 76 90 57 79 83 55 26 73 33 48 10 90 77 65 13 72 30 12 64 16 72 55 67 4 88 82 91 96 67 3 53 93 2 30 12 5 16 71 58 42 56 100 91 24 75 14 12 35 74 74 4 37 5 95 84 54 50 37 37 97 68 25 68 31 26 3 18 41 71 65 53 56 26 77 51 29 84 14 62 48 93 9 77 35 99 2 9 72 89 72 50 46 47 4 73 100 70 30 43 45 87 38 96 88 87 83 64 56 88 71 62 73 76 12 62 26 65 55 99 15 91 9 88 87 58 90 70 73 97 0 44 0 88 53 45 48 23 91 47 100 41 71 85 50 67 95 25 71 33 60 37 14 73 6 71 23 16 52 77 58 45 58 98 58 98 1 19 51 52 26 80 14 22 43 53 56 20 41 76 3 16 22 22 11 15 52 70 77 61 74 44 19
92 75 91 26 77 53 13 22 59 45 62 0 78 20 77 86 47 60 99 84 79 80 69 46 38 56 96 64 66 59 48 64 13 98 51 92 55 69 66 80 83 77 49 92 24 81 47 34 2 54 81 26 98 88 53 66 93 2 76 47 82 73 76 19 52 87 22 82 42 82 90 55 48 88 7 13 50 46 89 88 96 94 22 13 78 23 53 67 56 40 66 39 94 58 43 84 65 17 98 36 42 96 30 58 73 46 47 45 80 8 85 55 98 13 15 97 69 69 20 26 91 73 15 43 4 31 30 42 93 1 52 87 70 60 15 56 87 73 10 69 44 57 46 84 38 52 33 14 27 83 53 55 69 67 41 45 13 17 10 89 40 48 41 88 91 26 58 6 48 48 49 9 57 24 13 89 61 0 72 88 7 37 43 1 39 58 65 22 45 77 13 58 91 82 16 32 89 28 14 28 72 51 93 2 71 47 65 82 33 59 58 40 47 67 5 25 27 57 34 46 34 88 52 10 13 5 25 78 46 20 21 100 35 39 9 78 73 18 33 8 34 64 42 34 44 31 27 84 55 95 34 93 18 5 62 39 35 54 10 71 98 90 51 83 57 37 3 53 100 58 73 59 29 21 91 55 17 11 72 93 86 2 74 83 39 60 57 1 78 26 12 88 99 67 95 58 75 72 90 3 87 42 30 78 87 38 26 28 85 67 53 38 100 83 12 42 16 63 91 98 23 58 20 76 71 5 39 4 2 53 45 98 73 32 95 30 54 51 63 48 31 30 67 3 37 97 99 50 51 82 11 29 68 24 41 54 74 63 51 57 94 54 69 99 50 28 20 87 40 65 98 8 83 12 21 88 29 74 8 83 69 7 49 68 12 96 41 81 13 9 82 21 11 58 69 6 92 49 35 83
83 37 31 18 17 83 26 97 89 100 5 60 24 1 16 17 89 45 28 46 45 21 57 26 27 23 35 58 68 27 8 6 35 64 21 89 69 2 54 2 58 36 26 55 32 14 95 67 18 69 6 93 21 49 85 31 52 24 49 40 27 37 79 38 40 95 84 16 52 65 42 21 41 30 89 75 97 34 84 56 74 30 97 75 12 17 90 68 17 52 23 2 24 52 43 78 92 35 44 9 73 56 71 51 9 68 38 3 90 83 25 32 89 85 73 96 63 23 17 67 11 12 48 44 93 65 32 7 10 64 44 7 46 82 2 21 20 93 46 6 44 78 69 74 82 47 35 77 88 48 10 30 9 28 76 27 6 47 98 21 77 77 88 70 12 22 33 38 89 73 13 65 19 48 97 40 99 27 7 35 91 3 23 17 42 69 3 10 47 14 16 23 15 29 0 28 70 92 97 20 29 11 60 72 69 34 96 11 94 76 29 21 75 61 89 40 97 69 55 60 8 7 9 99 39 78 49 14 68 44 52 83 31 38 78 65 11 29 74 46 17 31 13 96 45 26 35 58 1 73 69 4 4 47 0 38 22 90 33 54 52 22 67 94 76 89 73 2 7 71 37 70 38 16 88 10 97 97 26 78 37 53 9 71 55 13 76 36 51 79 44 11 5 29 91 11 1 89 14 79 17 68 72 45 72 83 62 44 90 22 75 61 90 41 80 67 22 70 36 68 35 23 76 97 47 69 93 83 92 18 75 82 90 31 9 64 66 8 13 8 20 31 64 20 96 32 28 86 77 51 39 77 7 65 45 1 44 17 85 2 40 38 88 96 64 54 46 27 44 27 36 14 83 75 27 94 6 22 66 27 29 37 68 72 28 11 88 31 53 70 0 12 15 1 54 30 70 58 77 95
88 19 22 32 39 51 23 47 22 65 43 51 44 56 32 70 10 28 22 99 82 17 13 28 58 98 60 0 66 78 27 87 100 16 84 88 42 3 59 79 66 32 65 87 19 63 22 79 84 65 71 6 24 90 41 23 31 61 65 27 70 23 19 59 86 13 22 92 47 40 4 80 33 88 65 25 84 49 45 35 95 24 14 47 30 71 64 96 4 35 5 44 11 56 9 60 16 31 24 83 88 92 2 48 74 64 2 24 90 41 69 9 62 46 93 6 20 50 77 30 84 11 7 90 60 99 29 22 81 58 64 81 57 100 86 87 50 93 43 86 27 46 2 26 91 73 54 1 43 28 28 36 87 55 17 25 26 33 98 0 71 74 18 77 12 7 59 89 36 55 89 2 24 19 65 78 36 73 100 22 28 25 56 33 53 42 91 16 40 21 72 19 58 89 82 96 58 94 22 10 43 90 54 59 88 77 25 22 60 85 3 68 90 73 50 45 55 84 36 65 52 46 40 43 49 11 43 5 89 32 48 95 67 13 12 49 49 51 49 38 85 29 62 95 2 29 95 33 10 94 58 19 86 89 82 27 29 13 25 60 24 82 67 39 65 61 83 52 32 69 80 52 72 87 72 42 100 73 21 15 15 25 25 67 43 18 7 48 74 38 14 49 6 41 53 46 92 91 11 38 99 58 63 92 77 77 20 44 5 2 12 37 66 99 91 64 92 41 16 78 16 80 20 63 29 32 2 30 43 87 51 72 16 46 29 82 73 10 95 98 74 58 81 49 25 39 90 31 42 59 34 7 63 12 87 28 57 56 21 52 74 69 70 36 2 53 90 31 21 1 68 87 46 37 33 43 83 9 59 87 48 19 52 44 65 67 33 26 27 95 79 35 89 96 30 45 53 57 21 7
17 21 41 57 4 12 35 64 54 57 13 37 11 29 13 58 89 54 76 36 11 18 93 7 5 83 36 1 53 92 84 95 84 84 27 11 31 86 62 97 11 43 74 75 53 31 24 49 43 11 59 23 76 90 90 57 57 59 70 88 91 72 87 15 87 16 6 64 66 79 30 27 69 54 52 69 67 72 4 67 58 23 37 43 44 77 97 11 66 75 5 40 78 79 71 62 84 10 64 85 88 53 82 0 11 95 51 94 59 25 72 43 62 58 28 84 20 35 95 60 0 40 77 90 82 29 65 40 7 10 64 91 77 20 70 94 30 50 56 12 88 32 44 9 33 81 51 70 18 70 76 88 77 1 3 62 78 24 62 53 33 99 91 45 66 5 81 9 37 59 41 59 52 31 20 50 61 5 98 88 6 63 11 40 11 1 15 58 51 88 57 99 72 66 2 64 83 67 52 62 63 2 11 84 12 75 72 40 54 81 73 34 61 81 98 44 42 16 20 1 89 80 57 5 98 5 67 88 84 1 54 18 97 6 55 32 73 14 12 100 92 92 36 74 98 98 35 43 76 3 45 67 77 8 65 15 89 47 15 26 77 42 74 66 64 52 59 58 98 93 53 36 75 59 94 73 46 59 13 60 62 10 31 6 7 26 0 11 21 47 20 54 78 42 55 87 47 93 74 35 10 38 91 19 92 55 5 92 65 38 23 2 36 1 31 83 6 24 11 43 53 12 89 16 58 82 55 32 54 17 83 83 10 99 9 93 11 34 43 11 100 80 57 49 68 98 69 8 26 39 67 37 42 48 19 85 27 4 5 95 46 64 29 38 100 27 77 5 1 67 38 81 37 32 30 40 8 75 77 90 51 44 100 83 72 47 8 2 44 59 4 30 24 37 19 35 48 31 45 54
25 54 91 3 60 17 7 69 96 26 35 4 39 8 71 34 65 49 3 16 52 82 31 20 54 64 90 93 9 54 63 48 59 87 80 61 56 19 14 91 19 81 66 65 56 31 75 70 43 69 71 90 2 51 69 97 6 26 98 63 95 15 40 37 35 23 71 93 27 80 95 29 68 58 29 15 16 87 10 55 66 62 93 30 59 26 77 57 32 34 78 59 5 45 78 37 22 19 4 84 40 74 11 79 92 86 51 88 79 80 44 0 94 25 30 19 53 49 35 81 40 49 44 79 24 87 100 65 82 20 53 29 45 9 98 75 80 84 57 98 99 12 13 57 32 59 99 74 33 92 89 79 77 78 86 56 72 23 12 42 27 41 14 80 69 60 45 5 87 49 18 23 45 55 36 4 22 64 72 93 71 35 15 69 23 70 30 44 100 27 39 42 64 2 62 74 89 14 39 44 90 90 24 78 85 72 78 87 45 73 67 69 78 90 67 45 39 46 75 58 37 34 3 67 6 73 5 95 90 23 85 22 58 79 15 82 87 30 37 90 59 23 50 3 46 34 29 19 43 78 32 75 24 77 49 96 1 25 61 14 46 13 64 82 43 5 93 69 1 14 42 23 73 87 20 56 64 97 95 47 41 96 6 30 56 48 13 78 84 85 3 5 77 74 14 19 40 29 42 13 3 98 0 79 90 86 65 34 8 48 65 96 31 27 79 97 23 25 30 76 21 47 84 39 78 97 5 34 90 20 35 29 93 86 77 73 84 22 100 10 98 28 4 77 14 91 73 14 87 2 12 24 36 86 90 68 13 9 9 60 46 94 32 95 50 44 39 33 20 17 27 73 16 74 89 71 75 5 14 72 75 77 51 73 53 75 23 4 55 60 94 37 65 66 99 91 31 10 61 27
34 47 10 17 93 9 80 11 58 94 5 51 97 46 4 60 5 22 100 57 47 82 21 64 89 0 88 88 27 64 96 59 85 72 39 18 5 43 79 41 24 99 97 17 92 10 53 71 19 73 70 89 96 39 47 14 83 29 36 21 91 57 18 56 38 89 38 41 86 29 75 18 30 12 5 21 72 55 29 63 33 66 33 86 44 26 2 77 20 12 63 81 8 92 31 86 88 99 51 39 41 47 88 43 51 14 36 14 89 74 11 42 62 53 17 74 48 90 18 58 100 57 9 96 7 1 81 38 22 78 96 37 14 58 63 81 100 12 9 44 67 57 18 47 16 90 9 79 61 7 5 42 58 61 60 75 59 52 72 85 85 44 37 4 10 69 25 57 54 87 75 66 88 71 62 100 3 68 80 18 90 81 98 47 1 0 69 2 80 64 0 93 78 26 20 47 53 32 53 3 90 44 0 57 77 87 61 61 51 74 86 19 77 29 74 92 19 70 91 34 85 26 60 52 32 66 73 13 86 65 100 75 33 89 66 36 96 15 13 47 84 91 44 76 86 76 20 48 47 79 49 61 17 74 3 3 1 71 70 56 82 43 88 4 14 29 96 20 7 73 24 97 73 65 59 53 90 45 23 5 14 71 82 50 12 42 42 6 28 46 10 52 9 45 75 97 91 35 28 42 0 58 17 31 64 62 47 52 69 64 0 54 66 34 41 26 57 39 47 65 92 96 6 34 61 23 53 9 43 1 13 51 46 60 41 75 7 20 85 95 38 22 33 92 41 100 63 1 29 2 94 48 60 0 34 49 100 92 69 94 61 28 41 5 97 18 2 30 24 35 34 32 29 24 72 60 71 7 100 5 98 46 99 36 16 19 97 87 0 12 47 2 42 9 30 97 69 93 13 26
10 76 20 38 43 14 23 64 59 29 76 53 92 19 53 82 16 64 24 25 38 8 2 47 17 70 91 86 74 2 58 82 60 30 28 66 66 35 99 37 10 5 20 74 21 44 64 27 57 42 13 45 32 37 28 85 52 57 23 97 68 27 73 40 93 27 58 4 11 7 69 88 83 37 76 8 32 88 10 64 8 100 84 25 52 41 35 75 95 45 35 55 26 38 23 41 36 87 98 30 51 67 3 24 80 12 92 11 80 54 36 40 5 19 78 56 33 55 85 11 86 0 47 41 25 30 28 92 49 2 16 47 20 25 48 32 73 8 77 7 58 7 4 71 30 8 14 76 59 100 85 77 54 70 75 45 16 70 25 28 68 61 99 71 29 50 27 80 3 18 50 39 80 42 21 91 30 79 56 32 25 30 51 83 6 22 37 11 11 55 35 90 39 52 60 0 35 48 7 36 45 38 49 40 35 2 11 58 71 69 5 94 94 55 0 38 66 97 94 35 57 65 48 50 21 72 99 91 96 50 49 96 3 0 47 66 69 11 86 94 97 14 88 83 86 60 32 46 29 28 30 55 11 13 64 56 75 9 74 68 4 43 72 23 91 95 58 29 24 79 83 9 72 1 79 51 3 14 47 63 35 54 13 60 62 2 57 31 59 16 7 69 60 89 50 13 27 97 43 45 62 19 78 36 31 14 54 51 35 44 4 6 0 81 3 96 59 29 24 13 89 76 96 42 81 99 94 66 84 77 61 31 52 48 7 93 45 67 68 84 59 98 34 76 43 83 26 44 8 4 5 67 0 84 49 40 95 76 22 40 18 83 64 17 37 88 85 13 34 8 80 67 16 27 1 43 100 98 9 4 5 44 48 15 81 17 13 9 11 96 67 60 42 55 25 28 66 5 75 5
68 39 29 24 85 97 69 21 54 69 59 95 67 25 47 74 32 40 66 17 75 59 71 16 16 59 7 56 28 63 54 85 12 19 87 98 27 18 85 52 61 17 15 16 92 64 60 89 2 60 10 52 49 45 15 28 44 7 76 98 61 14 24 1 29 34 50 43 43 85 72 67 63 48 65 21 36 44 54 79 73 85 12 90 85 7 81 24 10 70 99 47 6 97 19 38 59 69 85 22 35 41 11 58 32 55 82 64 46 40 69 29 45 51 59 47 76 25 89 60 37 87 3 43 52 68 61 47 11 46 66 100 3 0 39 26 42 61 29 10 19 0 78 22 74 44 62 75 7 85 60 28 20 34 49 80 71 53 89 40 79 46 19 22 22 38 76 14 14 0 75 68 52 37 15 10 76 34 31 47 21 12 59 38 47 86 81 7 10 14 30 58 55 73 31 35 11 32 33 85 65 13 97 17 71 21 39 9 78 60 55 80 70 27 53 41 24 29 51 58 57 85 72 47 7 34 21 90 61 4 69 74 78 45 79 50 99 88 84 11 69 31 21 58 65 43 23 43 29 60 5 99 65 99 9 17 50 85 1 26 59 89 55 99 21 17 72 86 35 78 17 47 70 30 48 19 45 72 88 28 42 30 11 33 75 82 86 73 100 39 16 98 98 44 13 12 2 96 84 34 73 74 56 84 0 66 6 1 7 87 2 48 63 31 37 54 22 81 60 11 70 29 58 97 8 78 48 53 79 68 65 10 88 57 11 90 0 10 27 40 41 12 76 44 8 61 58 41 21 31 16 72 15 56 21 71 22 22 56 81 16 10 84 8 58 77 94 11 80 91 22 82 84 40 27 45 58 13 97 49 35 8 75 44 37 46 39 65 23 9 37 68 39 3 85 85 84 45 98 74
17 84 49 69 70 51 31 26 2 2 83 46 20 18 56 67 52 27 51 75 22 12 27 69 94 57 85 78 21 36 86 98 40 19 24 13 52 25 99 16 82 65 10 79 2 14 65 3 83 35 92 65 0 57 38 77 75 96 100 3 24 95 2 15 59 62 90 88 10 10 5 22 16 97 59 64 22 52 40 58 22 12 30 32 34 44 85 40 10 0 4 90 71 50 75 100 4 71 40 25 42 57 81 8 24 20 0 25 9 4 77 67 48 100 46 72 19 57 30 54 3 77 78 28 28 68 66 73 19 76 51 95 46 68 34 11 90 43 93 54 100 53 77 63 29 66 95 12 77 87 96 10 53 94 20 36 98 15 100 64 58 71 38 100 2 17 73 22 51 36 57 10 46 12 82 37 85 10 90 94 54 87 32 34 47 34 58 25 14 51 64 74 55 82 6 60 37 28 55 29 50 20 25 35 44 4 72 68 27 27 77 79 31 0 16 11 57 87 98 20 72 94 94 35 49 1 86 53 25 89 33 82 4 21 44 43 70 91 0 12 20 79 33 63 57 43 30 68 0 60 69 32 3 10 70 38 2 43 57 9 84 26 96 0 47 0 6 60 56 49 86 3 73 81 11 2 42 4 70 31 4 6 71 26 44 43 4 55 71 72 90 94 68 76 0 8 3 83 67 83 32 91 66 10 71 66 19 80 61 96 59 71 74 90 90 63 36 85 43 19 42 63 7 55 31 5 48 61 99 30 17 17 47 47 11 47 29 44 96 33 4 72 67 82 38 82 42 17 18 53 54 57 79 60 30 26 64 11 27 8 17 91 77 12 4 1 56 78 84 94 19 16 14 4 16 17 43 58 76 25 27 64 23 46 31 27 66 69 70 3 54 31 97 2 68 38 100 12 56 37
62 45 37 30 66 98 3 12 95 21 82 14 30 19 19 23 13 1 9 77 10 65 92 90 87 38 64 100 3 30 51 92 74 68 66 69 58 76 26 6 53 44 56 44 98 37 22 81 40 23 9 24 15 53 10 68 68 13 56 38 31 86 36 45 86 68 97 7 84 75 43 15 34 71 62 89 77 27 1 53 56 19 45 62 44 27 75 92 55 23 19 53 83 4 13 73 49 73 86 43 90 38 19 56 34 66 54 87 56 85 77 73 15 49 49 54 1 64 26 77 5 19 9 99 96 89 63 8 61 57 24 0 79 31 52 10 19 22 11 100 30 15 45 100 22 94 73 53 69 10 12 63 28 50 14 18 59 62 15 28 13 83 75 47 91 18 7 62 79 10 75 9 59 98 85 53 24 66 7 21 69 75 61 38 61 57 31 65 48 42 24 84 12 39 15 85 90 69 100 29 2 94 99 46 74 23 97 99 67 61 36 49 66 55 9 88 97 24 91 76 17 54 75 33 25 99 99 55 15 18 35 69 19 48 20 13 83 44 46 91 31 61 54 77 99 34 94 55 33 66 60 19 58 23 90 40 37 84 32 91 81 71 27 21 81 10 71 100 83 42 46 20 17 73 6 6 8 22 54 37 26 15 33 63 19 38 100 45 60 39 52 8 75 10 97 14 38 18 41 60 15 16 40 32 22 11 55 50 91 12 74 26 59 31 11 74 74 32 90 65 47 17 77 5 91 79 2 76 28 4 71 75 90 12 37 63 95 60 4 81 51 80 32 96 58 30 2 22 72 46 86 27 12 51 24 33 94 70 56 43 66 63 31 19 56 55 22 42 88 48 21 57 19 1 95 95 12 70 42 36 46 94 50 21 76 26 86 4 92 31 93 69 30 23 4 24 3 86 20 0
5 40 51 15 25 46 75 3 33 98 97 5 37 32 63 94 41 45 22 87 76 8 41 36 43 60 74 97 14 16 73 33 60 27 50 1 45 17 7 25 33 14 59 81 3 60 50 45 24 48 1 86 47 71 10 85 20 97 1 1 76 23 90 57 6 40 76 28 91 67 4 31 50 1 65 60 98 40 56 62 0 52 9 54 17 60 31 97 43 92 35 73 66 60 87 72 99 79 17 44 51 26 12 53 73 88 2 84 77 66 41 65 33 41 2 50 2 29 96 21 93 4 72 9 41 74 41 74 33 97 70 82 65 49 93 89 33 11 72 60 50 29 89 95 21 43 19 79 58 71 51 25 46 84 82 49 23 82 55 12 45 8 80 39 87 57 32 15 44 63 81 61 72 95 26 3 20 51 82 58 42 52 55 53 29 95 61 5 41 79 39 42 32 77 86 63 33 53 37 40 58 52 8 55 48 86 8 68 75 71 100 78 25 0 17 100 29 6 83 73 14 85 65 80 81 72 31 16 44 7 38 3 36 90 56 95 84 61 67 29 2 25 85 79 13 61 58 15 34 89 42 78 69 43 50 38 70 86 82 4 93 22 54 88 74 91 91 75 6 49 25 36 24 58 30 92 93 74 78 31 26 100 62 50 14 41 38 36 56 41 30 5 89 53 56 22 61 21 27 99 37 24 80 58 99 22 18 24 5 89 15 100 40 53 95 64 73 50 29 48 87 40 5 75 48 14 54 51 42 14 78 12 31 6 11 73 100 97 54 60 34 64 15 40 72 96 21 39 82 57 22 68 9 23 19 20 63 21 67 1 100 18 94 69 82 6 12 23 89 17 8 79 3 28 77 46 72 1 78 49 55 98 69 8 94 70 81 19 91 40 52 17 15 2 8 46 9 87 79 38
95 43 97 4 91 36 7 94 35 92 78 37 55 40 11 57 89 72 0 1 81 69 92 18 99 92 32 10 40 54 84 68 14 72 32 12 81 3 57 63 56 21 25 30 57 65 78 46 35 27 89 1 80 3 24 17 6 62 83 45 2 61 59 2 41 3 82 47 50 28 58 90 43 92 45 14 73 7 95 5 45 22 51 95 51 97 74 8 25 22 40 2 55 59 32 75 19 74 87 64 32 24 28 15 49 0 88 44 48 65 93 88 20 71 42 66 73 6 13 67 73 95 9 77 27 15 98 21 45 58 18 10 47 53 48 27 10 86 2 94 3 10 3 17 69 3 78 4 47 23 44 72 68 89 25 77 74 96 54 9 90 63 76 4 62 9 83 36 51 15 79 76 70 23 22 86 71 10 10 46 85 84 27 49 40 9 33 44 33 71 87 95 93 84 12 4 83 46 79 21 85 17 90 98 24 3 19 87 90 13 69 15 36 23 18 0 83 69 54 9 12 74 29 91 81 53 14 27 66 70 97 59 64 85 24 4 68 5 66 61 21 99 71 71 46 76 45 11 63 88 15 66 86 50 1 44 26 32 82 81 46 94 20 23 18 94 9 22 45 6 6 9 72 53 72 1 78 82 78 22 49 40 65 10 72 31 83 24 14 100 23 85 79 25 44 18 87 80 28 54 57 74 99 42 96 61 68 65 21 23 74 99 93 35 68 67 49 57 6 98 31 64 58 4 7 40 49 71 41 21 12 71 17 35 31 48 26 91 82 11 18 44 7 43 7 80 99 97 41 42 92 29 67 52 66 1 43 62 94 15 39 87 27 29 59 79 61 47 19 50 87 53 31 82 58 11 25 25 56 46 91 34 5 1 54 78 39 40 64 62 87 35 60 84 23 52 44 52 29 37
81 34 7 80 10 93 40 75 80 24 49 92 48 94 91 84 89 82 37 58 38 84 8 14 45 74 74 28 34 56 79 46 39 73 76 38 58 16 23 36 82 71 90 7 37 36 10 19 51 22 65 6 44 46 81 85 38 37 96 93 99 45 82 30 18 41 59 30 67 65 62 35 27 54 42 35 28 1 16 91 21 55 61 21 82 50 4 31 100 74 81 95 76 32 66 48 48 3 86 15 73 14 14 33 83 97 81 55 29 99 6 2 48 54 0 57 17 66 68 60 74 53 98 68 97 78 83 3 21 52 11 82 4 62 43 72 27 92 71 51 96 77 66 82 55 91 65 67 79 87 27 6 51 39 71 99 25 17 74 67 40 31 91 67 43 31 100 80 25 58 30 41 64 4 90 54 41 98 99 33 19 23 94 85 61 71 98 20 79 19 69 44 61 30 51 8 25 12 76 27 67 97 28 54 82 8 33 63 73 77 56 39 27 38 64 91 72 69 83 65 95 8 67 17 76 43 6 24 82 96 67 92 37 54 9 80 65 49 67 98 5 8 49 68 37 80 9 85 48 95 18 63 95 74 68 92 25 83 81 29 51 13 7 43 16 99 70 63 18 16 37 11 4 43 27 75 27 1 51 24 81 45 85 65 46 33 20 63 35 63 15 28 44 12 47 38 45 9 38 56 96 87 100 69 29 74 44 86 5 48 76 26 54 47 55 2 54 71 73 71 58 61 37 77 90 69 39 40 62 17 16 54 11 9 28 7 96 2 96 55 50 30 13 27 98 74 26 60 4 56 79 26 79 99 2 36 65 75 20 53 48 77 76 59 45 93 60 51 76 69 0 10 76 80 74 49 57 26 40 9 13 67 25 15 37 43 70 16 11 84 77 38 14 82 86 84 99 51 22 14
6 74 93 69 43 46 61 14 73 46 24 5 11 50 76 86 48 27 76 34 52 88 8 86 77 70 17 0 34 98 12 29 100 50 57 27 19 18 86 94 88 12 71 57 1 22 39 10 45 14 60 1 53 71 95 88 47 57 52 50 96 64 30 22 26 28 45 23 67 58 47 51 23 98 14 77 8 4 51 14 46 34 8 89 3 4 12 28 86 64 77 49 26 47 41 22 33 23 87 77 39 71 78 44 53 19 74 76 40 62 9 49 90 22 41 68 33 44 21 61 14 59 52 2 84 14 16 67 54 23 14 47 57 11 15 27 68 37 31 62 43 96 63 53 45 53 57 31 19 67 40 99 51 51 47 21 94 66 30 54 69 88 17 25 53 64 68 45 30 38 3 46 1 85 94 65 15 29 66 70 48 74 63 28 87 8 13 61 61 97 90 51 3 69 71 77 33 22 27 82 15 40 3 36 55 84 29 41 49 95 5 20 5 39 65 99 81 66 64 2 52 63 71 54 86 94 82 84 32 82 21 90 86 67 48 19 72 53 38 62 45 17 24 98 98 1 73 87 83 55 53 18 45 78 87 49 20 59 40 59 98 88 84 74 56 80 85 75 90 3 56 69 60 66 87 7 24 67 90 0 23 84 16 57 36 98 58 79 49 62 13 18 65 92 18 62 35 11 23 74 51 22 65 47 75 90 19 16 19 44 61 98 82 50 81 38 80 76 30 5 24 2 11 9 91 7 56 38 60 81 70 54 50 84 67 71 53 43 74 17 66 91 96 1 61 2 70 61 34 13 95 69 39 1 95 84 31 51 52 53 39 96 10 44 77 18 100 32 95 67 69 10 71 5 54 80 8 67 18 44 86 16 50 80 25 86 30 83 64 1 21 10 82 51 7 35 73 55 24 80
72 73 77 41 8 70 23 5 4 44 32 14 15 48 77 48 22 11 84 41 86 35 75 29 35 90 72 77 64 47 25 58 40 33 48 95 86 23 39 8 93 60 54 57 25 79 27 97 99 80 14 93 56 2 61 27 35 76 32 94 63 98 85 58 12 37 33 44 72 91 9 2 63 48 16 75 10 9 80 98 29 56 82 71 89 55 59 57 87 61 61 64 98 79 9 37 94 50 4 24 3 79 18 93 79 44 59 63 82 90 58 58 40 88 50 70 23 53 97 84 23 43 23 13 5 19 23 44 19 56 45 9 31 98 27 77 63 52 4 85 8 81 66 62 28 74 62 71 95 6 52 1 74 44 66 97 92 94 92 49 56 67 18 51 94 62 28 30 46 93 54 58 72 34 20 51 54 58 72 90 75 87 9 31 40 42 36 46 74 8 59 81 3 93 2 47 69 42 20 42 59 65 46 88 69 99 26 25 70 48 26 82 75 31 38 1 3 11 94 68 32 75 28 1 30 13 12 33 9 66 99 52 7 61 50 72 88 75 33 9 64 47 84 57 87 60 4 30 96 63 98 39 29 10 74 43 30 68 0 7 68 79 37 100 55 0 72 95 17 47 37 9 74 75 31 71 46 68 13 83 69 64 49 33 18 77 42 43 39 18 54 67 31 77 58 53 24 41 1 18 49 40 94 76 81 12 44 33 26 4 43 51 38 66 66 50 39 94 60 15 9 10 26 4 97 61 21 88 80 72 16 27 62 78 89 99 39 56 0 66 87 71 90 97 99 96 62 26 49 89 30 100 4 60 76 33 82 34 13 2 91 10 25 23 25 53 19 18 16 98 39 68 15 12 32 54 17 70 100 19 77 43 36 93 31 19 90 23 59 4 0 59 36 68 87 44 26 98 40 50
61 13 97 73 47 58 17 12 68 16 83 91 17 3 8 46 57 44 30 72 65 29 98 1 56 62 58 11 99 12 35 3 20 51 71 56 64 60 23 38 91 43 44 13 88 8 54 25 72 37 97 48 25 99 73 12 37 33 48 90 46 80 73 42 74 38 66 87 71 29 72 96 66 82 44 62 56 3 10 62 25 96 47 10 8 61 77 53 66 2 61 50 65 43 11 0 99 85 55 31 49 46 45 59 76 51 68 12 63 70 97 46 78 1 40 19 75 42 29 88 59 46 24 34 3 52 58 2 97 2 42 38 84 29 12 94 41 48 39 43 31 1 52 86 40 24 75 42 69 56 8 32 75 11 31 23 58 86 50 33 65 38 42 99 32 1 34 74 40 17 76 32 34 10 79 55 38 20 83 33 23 99 68 52 31 94 52 62 4 90 74 13 14 90 68 77 64 38 24 28 59 56 42 99 3 65 59 4 98 47 0 66 73 50 5 78 99 50 21 3 39 6 48 67 99 7 22 22 56 74 16 96 26 81 78 52 8 54 74 30 90 74 96 5 75 78 37 93 32 49 77 46 47 61 40 34 41 31 27 21 53 93 15 9 27 87 25 78 19 19 31 25 62 3 47 4 9 63 80 19 59 34 71 13 14 83 63 46 21 78 13 94 76 79 39 93 81 29 32 0 50 91 80 14 35 13 37 12 46 77 1 61 20 37 70 96 57 31 84 71 14 58 8 93 74 17 43 72 53 91 93 87 1 78 69 23 75 60 7 82 43 34 34 53 30 22 4 88 2 11 3 3 2 43 54 35 12 89 56 1 3 21 10 19 51 21 16 70 6 75 100 94 65 96 0 74 94 75 73 5 55 5 0 32 80 65 4 90 0 72 44 49 6 3 72 85 50 18 14 99
78 70 66 99 58 21 53 66 39 65 98 93 93 75 78 14 29 75 42 59 87 5 36 8 24 70 57 20 19 52 86 45 98 18 73 49 54 8 56 54 57 88 19 8 55 20 0 10 88 6 97 94 84 91 50 65 17 51 7 22 35 58 52 76 29 40 69 13 3 57 28 24 30 20 40 32 99 12 99 6 44 10 18 83 50 25 48 32 91 69 37 23 50 31 38 21 10 57 44 27 3 88 60 53 63 13 38 24 16 95 44 54 87 16 83 45 64 82 29 77 98 4 33 85 100 4 19 2 12 91 88 2 33 32 8 30 34 40 85 25 24 47 88 24 95 61 11 23 83 59 45 74 90 21 46 91 70 75 20 43 40 99 80 55 55 44 16 48 66 21 9 24 91 100 83 39 18 13 11 46 18 45 67 83 12 96 44 22 45 93 97 66 59 80 50 73 66 91 0 11 3 27 20 75 8 0 96 14 92 77 10 90 41 69 70 81 44 28 63 75 22 34 16 34 31 57 36 44 14 33 71 55 55 40 44 69 80 15 33 46 7 72 86 50 96 68 3 75 23 13 87 38 89 73 91 73 30 8 100 70 10 76 100 58 86 88 90 60 27 91 3 89 72 1 100 86 62 27 75 80 62 66 57 71 5 33 89 95 79 51 64 23 24 73 19 80 13 100 82 93 44 46 85 48 52 60 47 58 22 81 42 13 20 70 1 29 30 63 87 23 79 20 50 71 16 92 68 59 75 96 60 83 45 23 94 63 44 59 24 18 37 52 11 86 64 63 29 14 7 1 70 11 72 16 10 7 70 27 5 89 58 93 96 21 39 5 0 29 24 87 2 42 3 94 83 80 26 84 48 10 14 91 99 80 25 85 18 2 69 70 49 59 31 1 8 86 23 52 48 23
71 44 27 27 71 93 81 71 92 65 77 59 81 9 85 84 74 9 16 83 68 64 85 32 53 56 17 45 2 87 43 74 63 62 25 69 72 75 27 60 95 76 94 16 40 33 58 78 17 68 1 23 39 100 12 80 100 0 26 42 46 50 97 41 28 16 79 52 58 63 40 59 36 93 14 91 1 31 74 70 98 66 94 97 7 91 46 56 35 85 27 21 4 1 51 99 30 95 2 68 73 87 89 87 73 75 62 91 46 36 3 98 32 80 23 53 44 61 23 55 47 64 92 14 87 39 20 49 12 12 33 49 42 33 25 96 72 82 67 70 51 4 10 99 44 31 97 67 62 21 25 17 57 36 68 47 50 18 88 15 100 60 24 14 10 12 57 75 67 32 61 40 51 66 27 85 84 49 69 7 16 13 54 38 6 43 47 81 13 58 57 70 14 70 29 83 53 48 36 57 63 67 85 93 6 37 90 29 87 31 69 99 58 44 91 23 88 9 81 84 50 99 1 16 95 32 2 97 98 62 91 48 2 73 35 48 90 61 39 59 62 18 49 21 91 73 60 87 40 83 15 8 9 46 73 73 59 11 59 35 66 5 45 67 67 42 84 10 32 20 34 78 64 68 38 98 66 83 47 95 31 15 92 89 68 69 53 67 83 58 43 97 1 60 48 27 8 24 35 47 55 2 81 7 42 7 39 72 74 71 52 17 52 25 53 4 89 78 3 38 60 6 65 41 62 54 66 16 53 9 43 67 72 44 23 94 42 61 71 19 35 61 14 66 85 90 19 47 26 91 28 87 77 1 94 66 65 48 8 94 4 4 63 83 66 1 80 54 0 99 7 26 49 60 8 76 20 31 46 91 46 0 23 56 56 56 10 77 21 52 16 77 90 0 19 77 59 30 70 26
6 26 61 39 13 15 58 57 87 17 77 82 61 48 87 9 99 92 88 49 12 25 17 60 42 88 79 26 32 34 61 7 10 88 63 53 14 78 62 57 44 2 74 1 39 69 96 69 83 65 46 89 93 74 84 55 46 70 44 47 43 69 5 69 31 58 13 0 99 52 66 37 13 65 35 50 30 98 19 74 68 22 34 77 96 51 75 39 43 58 39 47 74 12 19 8 18 82 55 45 41 10 54 75 16 6 52 49 55 11 97 62 53 40 2 16 38 83 43 29 28 100 46 39 28 40 62 75 69 29 33 11 89 16 22 43 13 17 55 91 97 61 50 51 33 66 68 98 16 93 19 38 92 55 72 70 78 52 2 36 60 26 28 48 80 5 19 51 89 32 42 35 67 88 62 39 6 97 68 75 59 63 1 58 28 30 35 56 50 13 73 55 18 73 63 32 27 62 34 92 3 26 19 14 34 89 52 58 40 17 59 26 1 73 6 40 52 47 71 44 42 93 74 67 54 33 36 42 5 8 89 61 98 17 82 22 68 43 56 69 3 68 84 23 98 3 44 70 23 40 0 25 40 74 26 1 3 54 84 100 89 93 25 62 52 67 24 65 62 40 1 70 42 56 90 8 73 60 11 76 78 19 84 64 58 49 50 36 13 65 19 1 77 92 65 43 43 34 86 76 17 13 29 50 8 83 17 6 80 60 89 14 38 100 64 32 17 75 84 7 72 79 30 9 24 95 80 23 1 100 99 62 23 77 83 10 95 29 21 81 57 44 29 96 0 46 89 73 82 3 99 9 100 2 61 21 23 23 30 70 64 25 80 54 19 42 42 30 88 16 50 37 42 19 76 5 37 75 47 3 33 13 12 71 39 25 29 24 86 17 37 7 44 5 54 96 19 41 20 54
13 98 94 13 89 30 88 2 87 74 64 26 17 4 65 94 21 55 29 35 3 21 27 61 39 36 45 100 0 49 56 8 83 25 83 28 88 72 55 61 52 58 36 93 87 25 46 91 92 38 91 65 95 95 73 94 83 29 57 86 91 63 20 14 56 38 20 16 5 22 77 35 22 58 57 11 92 49 51 58 71 38 36 51 5 86 72 53 2 95 45 37 76 98 4 58 11 13 61 39 74 4 96 86 90 15 37 98 22 25 35 89 73 18 1 91 98 37 96 8 19 32 21 96 79 57 92 23 87 97 12 42 80 56 90 7 85 48 68 5 88 93 78 5 18 21 71 40 59 14 54 74 17 80 37 87 51 35 82 9 57 49 74 6 45 98 26 19 85 65 22 26 66 12 73 55 4 10 16 47 63 28 80 98 46 83 1 71 88 99 42 57 66 14 58 49 23 34 79 10 54 3 79 98 87 99 83 50 71 97 51 89 85 31 89 88 84 1 68 18 68 78 61 97 81 38 13 23 51 45 87 98 67 39 1 0 42 17 45 62 83 41 74 3 9 88 15 24 87 67 3 90 34 45 26 32 51 38 75 0 46 71 4 52 29 4 83 98 98 63 60 55 57 59 73 36 40 6 64 2 88 89 15 1 85 14 63 76 50 74 33 45 2 93 85 61 1 35 30 57 86 18 41 66 88 81 48 90 78 13 85 97 30 15 42 60 10 83 71 71 14 89 51 75 57 34 1 58 40 81 18 26 79 6 55 43 71 37 62 23 74 12 23 89 43 78 19 86 6 56 57 72 0 82 29 30 26 81 88 68 6 17 12 7 12 79 95 5 98 72 7 7 53 15 64 0 10 66 96 76 62 88 7 2 61 92 6 12 9 62 89 93 78 80 85 97 13 13 5 58
38 18 29 42 57 100 84 23 55 89 70 25 19 47 53 100 44 45 56 24 32 26 32 69 42 45 90 44 45 45 82 96 2 34 73 96 54 19 32 59 3 10 5 61 35 13 83 79 55 64 80 82 45 0 46 0 78 68 62 7 69 83 77 56 39 34 6 67 95 96 98 52 86 45 13 6 26 42 22 33 59 42 59 54 51 75 98 45 23 53 16 62 85 97 76 47 68 18 0 29 79 80 16 52 28 48 55 19 20 72 50 75 78 36 79 84 34 100 6 51 38 30 30 29 41 74 98 4 84 33 13 28 8 93 100 7 80 91 55 92 67 78 100 66 78 56 5 39 98 34 45 79 10 20 10 8 22 69 52 25 83 90 48 52 36 82 96 32 13 0 2 95 30 46 14 71 98 26 44 29 37 48 94 25 41 75 60 6 76 7 40 68 31 8 0 65 80 75 46 84 73 88 34 91 8 78 33 64 53 11 67 90 62 77 73 41 91 76 49 74 54 70 63 96 23 11 71 79 93 89 98 6 17 10 87 28 95 55 73 98 96 42 83 88 99 70 28 61 87 51 19 54 89 7 87 25 62 52 55 94 25 54 64 27 8 10 54 11 38 60 74 48 6 90 6 5 28 71 77 2 26 82 65 30 57 86 37 17 75 78 7 61 55 38 99 31 7 10 93 93 92 23 22 42 78 7 62 78 12 47 58 84 26 54 34 43 51 57 15 78 48 81 72 65 99 17 84 20 47 37 79 79 1 43 26 66 41 94 97 51 1 68 100 19 85 4 6 91 91 75 30 64 27 87 12 84 96 27 40 38 42 5 89 36 96 61 70 75 17 1 39 85 75 41 95 51 72 61 57 1 22 21 3 14 58 58 46 62 76 7 39 74 53 68 83 60 31 50 1 75
33 55 1 36 77 20 23 43 88 45 58 13 47 46 10 24 37 21 25 77 50 65 97 57 81 39 84 60 67 78 80 67 78 92 48 80 28 0 19 42 75 82 25 66 98 80 92 90 6 100 81 10 83 19 75 13 77 8 28 53 19 91 45 71 5 16 3 28 16 97 50 30 17 71 98 68 55 92 65 5 49 72 84 54 9 75 92 40 22 82 8 48 78 70 31 33 70 67 7 6 34 19 95 27 33 61 25 60 52 30 80 76 20 23 95 75 21 85 33 75 36 92 86 39 24 40 80 45 35 97 15 88 94 12 52 25 70 77 34 65 92 92 22 5 31 13 93 19 69 96 13 91 27 29 22 24 49 51 34 11 78 75 6 99 57 63 25 86 60 69 24 33 6 65 96 68 0 50 78 54 6 67 8 2 14 80 3 80 92 53 5 2 34 91 70 51 11 66 57 93 50 14 27 41 12 61 39 65 77 66 9 35 17 20 15 3 22 47 47 82 68 80 9 15 8 9 38 70 30 88 35 35 37 56 73 53 23 13 27 61 96 38 49 21 61 20 60 99 6 8 70 1 11 8 36 97 56 28 83 8 30 51 10 47 15 94 45 92 68 57 79 99 45 54 47 43 77 56 65 21 92 6 66 85 89 62 89 73 100 23 20 52 15 34 28 33 20 100 55 24 80 70 43 38 72 12 74 82 26 18 9 57 39 76 80 81 50 56 26 9 31 60 59 0 45 58 44 56 67 14 6 22 76 31 9 97 32 82 8 36 72 76 15 93 17 57 68 13 46 42 70 88 33 53 66 31 95 55 42 50 55 99 62 5 28 35 81 54 20 10 8 3 78 58 88 41 94 44 47 43 32 30 27 16 2 6 80 70 17 39 88 44 45 67 22 35 4 47 26 1
22 66 31 69 55 28 7 50 74 60 13 65 24 84 19 6 22 95 54 61 96 74 42 0 12 37 85 7 97 49 11 93 64 35 20 52 53 2 31 25 28 52 34 94 75 58 51 3 4 56 69 56 1 48 75 60 42 77 22 72 2 90 99 28 6 99 30 98 23 68 2 28 75 31 50 8 33 58 14 7 73 22 77 56 13 38 73 87 54 100 86 3 71 87 20 65 7 10 25 2 16 83 30 2 95 73 63 19 61 6 59 57 6 74 81 1 67 36 56 48 86 69 33 41 18 72 94 15 78 80 72 13 34 71 19 58 83 82 95 56 74 49 97 83 65 5 1 76 60 9 83 38 9 21 28 80 44 29 5 48 28 98 4 89 54 43 85 62 2 83 43 92 93 66 45 21 81 95 10 28 73 81 23 69 18 23 26 73 7 19 82 21 9 83 19 62 20 96 30 49 30 13 52 61 49 100 6 85 27 56 38 0 15 27 43 5 96 92 15 87 2 2 79 47 23 56 96 78 7 43 89 63 12 50 0 18 17 1 40 45 96 88 96 29 96 90 31 36 58 54 63 79 63 95 67 85 67 28 80 98 99 60 64 37 63 45 3 58 44 34 35 78 2 48 65 99 16 92 11 83 31 91 93 88 47 34 59 71 25 98 8 58 62 3 2 16 33 46 85 61 27 17 92 31 61 32 19 83 36 33 70 60 70 43 19 76 70 79 53 30 43 86 14 21 15 54 61 97 42 59 94 71 100 39 7 43 71 81 2 86 88 47 53 59 54 71 48 41 71 40 76 11 39 90 93 25 62 4 62 4 72 65 69 65 84 58 48 48 47 86 19 84 79 25 58 66 26 80 25 71 46 9 98 39 13 93 11 55 100 77 45 94 27 65 86 63 13 76 45 57
13 97 21 98 63 48 60 24 60 81 77 62 45 58 18 82 74 80 71 26 14 92 71 64 80 16 98 44 23 91 11 2 44 46 58 39 7 11 47 98 89 63 72 65 15 24 71 7 100 41 66 6 15 47 16 47 5 18 96 27 52 80 16 91 43 31 12 77 80 35 33 8 74 31 27 72 30 18 2 64 21 78 34 0 71 87 19 64 59 79 38 22 19 36 96 39 17 28 68 31 18 4 78 16 32 60 84 90 71 71 4 14 73 57 57 7 79 53 1 10 21 50 89 21 93 66 13 22 72 92 30 56 82 4 47 84 72 53 48 33 92 81 82 8 21 11 74 37 38 36 30 80 72 52 78 64 22 73 8 76 31 36 30 25 31 97 13 22 90 8 45 65 60 25 55 48 14 100 98 59 16 36 44 92 37 1 3 28 36 3 63 63 11 35 12 82 45 0 63 36 93 57 76 58 81 100 65 42 30 22 11 66 86 73 36 20 87 87 32 8 58 83 13 51 1 69 81 73 62 10 85 56 9 13 42 99 79 83 43 89 96 71 42 11 62 76 24 35 30 28 22 50 23 100 94 97 60 40 31 48 84 75 17 62 8 91 55 43 61 91 88 15 53 25 91 99 100 3 32 7 75 46 38 45 26 6 59 23 42 41 60 56 24 3 90 49 21 90 74 98 51 35 42 39 78 22 51 18 81 73 65 41 47 55 21 21 43 4 11 94 50 30 72 67 16 35 14 51 49 34 8 70 8 10 75 73 1 26 26 20 43 54 76 23 44 71 87 95 33 57 85 12 79 83 22 41 58 9 95 31 97 78 4 52 68 46 35 51 71 53 97 43 36 46 66 55 68 84 3 100 19 52 60 34 65 25 28 93 47 52 2 74 92 45 68 54 27 27 52 61
35 46 75 17 21 39 2 33 26 8 65 98 95 8 15 83 99 1 13 81 22 69 98 19 49 17 34 22 52 34 54 17 32 75 40 74 8 44 51 34 1 0 6 83 83 38 19 12 60 84 16 84 14 7 70 60 47 69 97 60 95 65 32 3 44 4 91 91 94 88 50 3 38 27 94 76 63 65 94 74 69 9 57 77 77 6 23 86 14 72 78 36 55 82 89 61 96 61 85 66 74 65 50 81 39 80 99 26 29 61 36 60 14 2 52 12 84 18 50 9 27 26 13 21 83 48 38 65 79 64 68 23 53 89 91 5 6 56 4 93 27 67 4 68 15 82 72 67 78 38 75 86 98 97 32 59 9 30 98 54 78 20 94 4 42 5 41 50 72 36 76 24 15 83 12 96 88 66 15 83 55 96 94 72 61 35 5 23 99 43 11 45 35 80 22 94 98 50 30 34 81 67 61 96 99 84 5 3 66 18 82 31 36 49 14 14 44 30 35 44 72 73 4 7 34 98 65 46 94 53 76 11 26 4 34 95 88 83 83 96 61 43 16 70 1 29 0 61 44 47 18 94 97 84 17 94 35 6 32 94 2 40 19 38 100 26 17 83 34 89 35 44 76 7 82 80 57 10 95 26 0 63 56 69 7 60 25 63 23 97 11 86 13 15 16 25 32 37 35 59 70 70 20 39 87 44 35 59 23 5 12 81 93 74 59 98 26 44 45 7 38 48 36 22 31 25 91 37 63 67 32 55 34 53 68 83 51 70 43 10 84 82 93 100 97 55 91 11 2 49 52 0 45 58 7 58 86 23 90 36 26 19 78 3 17 75 3 94 54 83 93 74 93 43 7 42 12 20 74 76 48 41 19 98 62 19 56 32 85 0 68 41 63 32 27 87 99 31 5 75
84 22 4 32 56 95 15 63 5 76 17 85 8 74 74 12 28 50 73 28 7 38 71 18 72 68 53 53 67 42 67 60 98 56 85 20 99 100 4 16 57 20 42 90 62 94 17 63 22 84 82 8 8 18 3 90 57 67 17 37 47 46 21 84 73 56 72 18 30 4 13 83 59 51 22 38 26 41 8 82 11 39 53 4 45 16 22 84 99 86 98 96 25 9 89 18 5 18 78 40 48 82 45 72 8 30 84 32 97 19 100 39 78 31 61 23 78 82 24 59 21 80 38 82 11 22 50 90 15 22 45 28 56 71 34 92 7 12 97 80 91 63 38 70 32 92 97 72 69 81 78 61 26 35 19 21 19 9 14 49 43 40 44 78 48 53 63 24 31 40 85 19 67 77 28 42 67 68 69 49 5 51 43 61 94 53 65 90 2 12 46 45 76 26 79 75 56 84 87 50 94 39 90 80 3 75 30 49 30 26 62 59 76 42 32 48 26 83 86 99 11 23 84 100 43 40 17 62 71 36 42 28 53 68 15 87 31 70 93 56 1 6 92 73 20 0 30 83 63 91 63 10 30 37 81 59 95 31 62 24 8 100 26 74 86 59 43 44 76 68 100 45 50 2 24 62 39 94 17 59 46 38 12 85 47 37 18 39 50 22 32 66 86 75 88 78 10 47 4 88 69 18 22 38 34 51 44 25 83 98 99 95 89 45 35 100 41 53 92 32 22 91 94 54 15 6 44 11 78 52 49 48 25 100 2 55 23 64 68 49 91 45 99 68 73 56 49 61 66 37 81 9 86 65 7 5 83 28 72 52 70 36 39 96 84 72 29 94 68 1 50 36 18 95 17 35 12 47 41 58 1 11 61 25 89 54 47 83 2 2 38 8 60 47 20 25 14 39 57 11
63 66 78 83 40 22 55 82 62 53 37 80 84 34 75 54 14 45 53 43 45 36 67 63 98 29 60 17 53 3 46 60 84 46 31 43 39 46 36 1 67 85 82 71 71 4 28 7 40 30 3 45 25 55 81 98 8 44 14 24 67 76 40 49 8 27 63 90 77 47 78 90 66 23 50 45 45 2 11 10 83 35 66 9 97 27 4 45 93 87 42 63 27 20 84 15 95 37 39 47 19 54 71 17 22 45 99 29 79 69 87 67 30 89 78 25 96 5 82 83 11 54 89 18 75 40 23 12 88 89 11 15 87 69 46 26 66 95 16 76 58 63 6 23 43 48 88 83 54 18 26 81 13 18 45 80 31 26 64 25 63 64 73 80 83 24 28 65 44 17 24 72 84 17 89 24 51 48 79 29 63 46 25 51 36 96 12 34 22 80 78 18 6 10 14 56 49 27 89 63 87 26 100 30 79 95 15 36 15 47 25 97 30 30 1 3 52 4 35 97 40 28 60 72 71 38 91 95 43 80 52 43 1 97 100 50 54 6 22 5 35 34 11 48 64 87 74 11 30 25 53 50 26 31 80 97 89 79 75 53 60 55 4 97 97 52 96 62 28 19 65 4 36 79 50 32 84 18 96 33 79 1 27 95 67 12 58 48 69 44 72 67 63 77 21 15 17 3 87 97 62 86 70 80 32 75 42 57 36 36 1 10 76 51 21 38 13 67 13 36 35 80 39 55 38 12 48 48 46 23 94 3 22 3 32 5 4 60 62 39 6 58 44 100 36 80 66 39 47 44 75 24 32 30 60 50 90 14 75 50 99 53 83 76 42 11 29 92 73 67 7 62 24 12 37 36 41 75 61 18 18 2 84 54 90 86 47 66 2 6 1 20 27 24 30 0 35 74 74 20
36 23 75 25 12 78 49 66 12 80 77 8 94 70 60 79 74 53 35 93 36 93 18 85 80 47 92 42 78 100 58 2 12 25 17 63 14 8 30 21 46 59 39 7 52 7 97 42 78 38 51 7 11 50 83 23 86 72 95 40 88 77 6 4 6 53 33 93 30 98 69 78 88 59 43 44 86 37 42 92 22 26 42 76 40 2 72 50 66 14 59 73 66 40 94 11 22 18 15 6 48 22 43 85 31 99 29 73 53 23 89 30 87 97 38 29 73 30 75 91 92 100 57 50 91 45 5 75 97 95 41 92 40 39 41 54 99 41 86 52 40 77 53 5 95 89 77 75 54 48 15 29 82 36 56 82 54 75 90 59 0 97 50 60 74 39 97 31 70 75 86 46 17 20 57 66 29 69 38 5 27 67 9 45 65 72 57 26 37 80 6 95 45 93 45 50 61 13 45 93 81 63 66 36 81 35 35 62 5 54 78 94 88 78 17 36 7 16 94 19 89 100 26 15 39 97 58 47 85 33 70 7 69 14 10 43 68 87 16 23 51 46 95 76 70 44 40 70 19 97 0 98 99 88 88 2 33 55 88 54 90 16 40 8 95 2 24 40 70 48 42 96 47 25 28 65 20 97 13 92 61 21 16 17 47 68 68 80 70 43 56 54 72 88 51 37 8 25 68 41 51 67 30 79 30 20 36 98 23 13 33 1 31 34 47 6 37 9 29 47 95 28 36 21 95 47 9 77 21 44 2 44 99 91 37 18 48 0 54 12 83 77 96 26 26 19 51 3 31 41 93 94 100 54 77 89 22 14 83 8 63 27 90 82 73 8 13 37 24 56 44 19 75 73 13 14 64 67 75 55 21 7 38 6 99 76 0 8 47 75 86 27 4 36 85 17 66 98 95 33
48 89 89 13 27 34 6 56 49 60 93 38 61 84 60 88 49 29 5 30 60 64 80 64 7 31 15 7 82 8 93 34 27 91 0 54 45 7 52 94 58 76 2 99 18 14 55 12 89 12 80 31 7 76 24 15 48 99 37 50 91 76 2 33 93 53 14 7 37 9 45 73 16 38 73 25 19 57 98 18 34 37 17 72 97 35 53 59 25 37 89 35 91 64 50 60 16 25 45 9 74 67 79 42 49 58 54 37 36 68 10 16 39 78 81 93 8 82 94 11 63 51 63 45 79 95 33 63 46 1 100 12 30 16 87 22 43 88 76 49 70 51 97 98 62 37 52 28 44 92 75 23 100 74 65 31 6 23 41 42 23 15 22 44 12 28 72 75 3 34 93 4 94 87 96 68 53 10 41 27 1 79 85 59 90 26 0 95 92 72 79 20 55 37 99 56 92 70 3 6 66 76 43 85 10 62 47 33 88 89 81 29 83 56 72 2 59 52 76 76 57 15 90 71 79 91 15 59 9 75 23 43 35 89 36 29 37 24 13 1 17 39 10 73 21 100 93 89 56 100 88 16 11 23 96 93 39 70 88 80 3 83 87 19 66 35 74 27 98 59 39 91 16 56 4 50 44 87 53 23 98 85 43 21 57 37 34 100 30 37 82 67 9 79 76 99 14 10 9 4 64 57 16 2 95 51 83 52 46 45 56 39 54 41 46 12 69 11 62 34 96 65 73 42 97 88 58 42 42 32 43 30 44 34 9 88 55 98 62 65 95 1 76 53 53 31 72 78 76 68 75 55 58 40 65 20 89 54 51 24 85 42 80 62 70 12 54 1 29 3 78 19 36 96 89 16 100 59 69 45 14 75 26 15 9 91 48 12 51 11 72 95 72 47 70 24 42 49 52 76
3 42 49 89 66 75 53 8 40 91 79 11 0 84 40 59 75 45 95 94 60 28 42 49 94 12 68 36 72 21 27 49 35 19 69 56 72 84 72 7 86 35 39 61 35 96 31 76 14 8 17 53 25 4 100 27 81 59 50 65 59 45 77 31 14 97 86 5 69 9 8 42 69 48 54 55 5 47 14 25 32 44 31 99 50 42 19 4 91 84 22 91 91 58 71 8 59 12 31 54 32 28 79 23 41 70 20 34 28 17 50 10 56 32 86 90 10 85 78 5 91 0 23 44 50 6 19 30 43 86 16 36 61 34 35 37 71 48 67 100 97 78 67 2 33 7 0 86 79 64 100 92 36 76 74 84 68 38 38 14 38 17 78 54 60 86 16 40 87 82 96 90 90 17 6 46 13 100 92 52 62 3 71 0 68 26 5 42 23 21 80 55 11 41 18 65 2 42 85 98 72 45 47 97 87 23 76 59 97 72 91 50 6 8 2 41 79 7 14 83 83 58 37 3 27 75 63 84 33 16 18 24 7 91 13 1 18 25 21 8 68 50 72 50 98 83 88 14 7 41 75 93 81 8 66 0 39 21 87 45 70 31 87 98 23 72 38 26 58 46 59 52 71 18 9 31 41 10 23 40 87 0 1 99 89 56 83 30 23 31 2 59 48 67 3 49 49 47 81 99 30 15 35 77 46 36 59 48 43 71 16 38 47 25 49 79 21 4 72 46 40 14 46 4 56 3 55 10 15 3 56 82 38 14 18 65 9 53 71 22 94 37 74 74 84 43 19 71 0 72 84 85 62 64 50 54 30 99 72 93 9 76 69 26 4 21 86 61 92 83 14 25 60 64 84 85 35 83 51 70 95 41 6 99 73 57 75 5 27 5 85 67 88 66 51 5 22 36 60 8
72 42 45 73 32 47 21 16 87 38 100 30 7 61 75 3 0 52 59 9 7 8 96 42 46 80 39 91 39 5 23 29 49 6 39 57 30 46 99 85 25 41 12 17 58 62 38 54 34 39 3 96 0 86 64 17 98 7 32 8 17 41 32 97 77 63 96 19 89 68 78 15 52 64 4 67 44 0 42 7 54 43 47 47 98 29 61 50 20 63 32 40 69 91 92 49 19 15 43 97 67 61 75 20 2 9 45 23 26 84 76 51 81 31 46 2 33 90 77 53 30 38 7 71 21 3 45 65 39 48 85 78 81 26 34 39 73 9 44 29 44 45 74 54 10 84 17 44 66 23 42 38 63 58 69 40 20 54 90 4 25 55 56 97 83 78 100 49 15 98 60 88 82 98 50 12 69 11 69 10 29 14 91 35 55 55 18 60 13 94 36 72 60 78 65 42 11 48 61 65 8 95 40 20 56 38 68 24 46 3 36 73 24 39 48 50 41 10 48 9 8 4 42 86 74 26 62 59 8 18 33 37 55 19 90 9 8 92 35 22 32 8 68 77 37 38 72 48 47 68 10 34 7 11 48 12 54 31 98 68 41 1 68 77 100 3 77 26 2 92 92 80 7 97 27 6 60 12 17 77 16 61 82 37 44 81 53 58 34 4 13 6 16 39 36 41 60 1 90 12 61 70 99 65 52 89 68 6 89 66 15 28 5 79 25 77 72 59 24 24 80 99 29 37 87 81 18 15 9 9 40 52 54 0 75 77 0 18 11 93 24 48 46 98 76 94 82 3 82 66 92 66 11 75 20 40 60 26 60 54 8 95 85 26 49 40 23 85 64 12 87 15 18 32 0 37 43 70 14 42 81 54 22 43 58 38 54 89 72 6 97 95 67 98 96 72 48 60 19 42
58 72 71 51 63 87 49 17 53 10 61 65 78 8 17 61 1 56 73 91 100 92 79 17 44 42 77 10 53 100 29 10 82 99 82 53 65 75 67 83 67 55 15 95 10 71 75 24 62 84 73 64 100 15 12 5 30 9 27 54 8 31 8 19 6 34 36 15 56 7 22 99 37 88 49 59 96 36 16 15 69 3 68 28 75 82 64 71 86 42 44 80 92 54 65 79 9 49 46 31 5 74 43 56 24 37 95 14 65 59 30 100 68 71 23 10 16 14 49 93 3 62 61 91 65 80 90 82 78 15 74 81 19 38 81 82 21 3 18 58 54 45 68 56 99 1 88 49 86 0 73 65 8 31 2 96 29 95 35 61 83 63 95 4 84 96 0 27 76 12 65 43 24 81 13 15 45 49 79 25 94 72 93 39 56 47 9 55 58 16 79 4 34 47 8 7 70 13 79 41 30 71 36 85 32 72 78 47 11 72 18 89 7 97 44 41 59 36 62 60 65 38 7 26 36 53 25 33 94 21 23 76 77 65 72 31 10 71 47 28 39 37 23 23 91 84 35 20 86 15 63 41 53 74 7 9 2 14 7 39 68 87 1 1 1 63 79 59 99 53 37 12 96 9 93 45 67 51 89 6 64 7 76 6 45 96 73 86 51 26 22 35 18 6 57 35 8 58 37 92 67 84 55 51 13 25 27 6 13 37 92 18 66 77 9 26 46 22 41 72 70 66 21 79 94 66 92 26 53 93 29 8 47 95 29 94 60 43 14 82 99 7 31 31 29 5 70 62 28 29 28 6 55 7 91 78 10 10 92 96 50 100 63 34 8 69 66 55 60 99 90 43 54 57 3 15 60 77 43 51 76 43 48 57 63 21 46 50 91 73 69 79 8 56 93 25 84 67 20 45
11 67 89 8 34 15 89 3 80 41 35 63 98 16 5 14 48 80 10 31 76 65 69 32 77 92 40 79 56 79 17 68 9 76 64 66 80 37 54 82 65 75 93 0 50 68 25 87 17 5 4 41 42 51 5 70 49 23 3 80 11 3 87 38 66 10 40 96 7 43 2 73 11 74 2 84 92 45 41 61 14 22 72 11 54 66 54 27 90 97 35 100 93 11 36 69 42 74 44 15 95 11 11 9 42 10 86 48 56 1 67 78 93 1 41 46 22 21 44 51 82 55 82 12 45 28 1 40 29 39 16 57 18 74 33 72 3 74 15 98 7 16 84 53 58 36 69 54 62 74 40 37 6 43 47 23 79 97 29 84 50 98 24 8 31 99 63 77 82 99 50 53 44 11 53 85 35 33 29 16 48 11 87 27 42 56 17 27 89 9 18 40 1 67 65 100 69 87 96 69 28 3 74 77 60 61 81 29 43 42 75 95 54 69 76 87 46 69 42 66 90 12 76 90 36 51 91 20 57 33 26 26 15 41 93 32 15 100 61 54 77 58 23 10 51 42 21 4 59 86 12 83 25 21 26 71 83 31 14 8 13 1 98 68 54 16 80 86 29 87 96 55 15 10 64 11 64 73 78 74 43 5 80 44 66 54 94 36 44 72 36 52 10 27 61 50 41 18 0 91 23 37 66 4 32 99 18 50 0 6 25 40 63 34 60 64 97 38 84 12 61 66 93 87 0 33 52 24 21 35 9 40 93 46 46 13 23 80 45 61 31 46 23 12 42 58 54 74 65 31 42 82 57 43 19 3 97 100 34 57 8 29 19 43 60 97 37 62 49 30 31 89 38 43 28 49 9 62 57 61 35 82 4 69 77 76 88 61 18 21 12 84 92 41 26 63 87 86 21 14
47 92 31 90 71 77 50 28 11 14 22 81 83 56 56 26 83 16 73 65 91 32 64 80 87 13 37 97 62 64 38 91 50 85 39 51 57 7 9 79 47 89 62 19 53 7 9 18 68 10 56 1 24 22 91 96 39 39 97 83 59 29 21 29 10 16 82 18 52 46 95 83 46 29 96 44 61 12 79 0 16 37 50 8 99 88 6 72 10 56 97 49 57 47 74 53 92 15 72 5 95 32 13 52 57 100 25 65 24 15 86 93 54 84 49 97 66 25 20 94 82 40 16 21 33 74 90 30 94 7 32 51 60 93 11 25 22 33 5 21 4 88 40 14 92 78 70 39 66 98 72 86 34 89 91 32 69 87 89 85 20 62 71 53 48 54 69 7 70 37 0 96 30 82 55 81 84 32 48 19 42 59 42 74 14 18 0 40 2 73 49 5 67 29 71 97 27 44 71 75 49 9 91 26 12 91 53 46 91 73 4 81 57 87 28 65 69 64 82 6 89 47 5 32 16 60 47 27 18 14 55 49 39 60 3 73 60 91 21 44 74 86 87 37 53 88 70 69 48 96 12 14 26 44 68 35 65 2 61 95 15 37 11 78 46 25 88 60 25 3 37 72 52 62 29 9 66 56 1 19 4 23 69 86 0 73 77 1 23 42 85 42 99 81 100 22 95 64 64 14 54 73 71 87 59 44 60 76 84 21 92 22 40 75 0 19 53 64 36 22 11 69 82 53 57 37 29 61 75 94 7 40 74 91 9 11 4 1 79 91 62 32 66 38 74 57 4 81 47 80 40 18 0 39 26 63 85 24 85 91 53 10 66 93 9 38 63 92 43 8 63 75 84 56 33 61 96 70 32 40 18 54 7 60 30 4 98 90 97 1 60 33 37 81 75 58 49 61 88 35
70 51 84 1 6 18 78 67 11 66 12 45 6 11 51 75 7 59 86 11 66 36 90 74 12 69 36 80 20 35 92 39 82 22 6 73 8 33 48 49 32 36 13 38 21 86 44 25 79 57 48 26 51 1 3 88 38 98 0 97 1 85 51 53 80 36 83 24 6 26 32 64 90 69 23 96 73 5 65 46 85 75 61 25 22 93 31 98 93 35 40 82 4 35 79 39 2 28 9 43 62 97 93 73 88 28 20 25 75 71 15 85 52 95 41 10 43 0 5 94 73 24 1 8 10 72 88 56 61 98 76 24 10 60 74 84 51 97 45 56 34 19 35 9 76 18 64 12 30 38 67 58 19 87 59 60 35 43 8 96 91 19 47 50 52 4 9 10 41 53 85 33 96 41 51 79 50 19 7 33 79 21 11 51 83 75 54 60 5 16 48 85 75 77 2 89 79 41 40 59 70 18 6 3 40 22 50 60 67 7 33 29 79 67 33 40 42 56 39 75 17 80 39 1 82 14 12 64 83 87 80 17 55 80 32 14 73 86 95 70 66 83 97 51 38 11 57 36 25 63 99 88 21 1 1 85 24 3 67 11 38 70 61 8 26 35 37 21 56 47 19 40 83 93 76 41 56 29 13 25 85 79 61 48 9 33 86 66 94 62 19 19 19 37 80 34 49 14 47 29 45 24 15 43 20 27 60 93 8 0 80 60 67 88 90 45 61 94 53 81 5 59 99 96 43 39 45 14 67 17 13 11 43 3 96 46 65 34 91 91 34 50 60 26 14 93 5 8 99 48 76 29 90 80 31 9 93 93 17 33 6 47 95 84 15 3 14 84 85 25 55 37 10 72 0 65 18 55 28 99 79 17 49 61 100 39 100 48 30 97 47 82 99 10 23 44 66 74 86 44
83 20 43 87 73 1 71 48 35 89 13 68 15 97 30 100 10 91 4 57 0 98 39 92 68 15 44 15 100 95 53 25 31 36 58 73 83 77 94 52 3 53 43 48 82 8 47 92 46 66 18 18 36 17 16 91 87 10 45 35 25 24 75 16 68 65 22 79 53 12 24 16 11 11 8 78 99 51 36 82 100 55 5 26 97 88 57 97 31 92 22 57 9 28 6 6 78 32 26 39 90 20 77 87 89 10 60 64 83 59 77 99 14 8 82 52 84 44 54 30 59 83 95 94 66 99 51 79 90 92 6 34 81 12 92 89 66 69 60 83 29 74 51 61 73 34 12 78 2 98 81 12 15 69 100 73 75 92 67 39 97 65 28 8 33 87 99 7 74 72 58 14 25 86 47 48 28 38 15 22 26 96 83 4 71 89 43 56 61 100 98 34 60 72 47 57 98 31 57 84 85 66 55 61 16 34 4 9 9 18 56 6 71 14 86 52 9 23 19 69 19 98 15 76 74 61 48 38 8 10 34 79 63 19 20 1 18 74 10 25 57 27 76 27 19 22 92 7 51 1 93 34 34 4 76 86 5 59 69 36 32 92 73 89 25 86 99 81 4 8 37 12 58 83 83 91 16 19 19 36 97 88 89 17 52 58 17 70 80 79 69 62 83 46 47 84 1 46 82 17 13 24 9 15 54 78 68 75 5 28 89 84 59 31 52 66 62 49 83 4 26 65 77 78 89 39 56 69 15 26 74 73 5 55 0 83 77 25 70 74 31 74 39 13 49 25 95 44 78 48 64 40 23 14 20 42 77 81 95 27 5 65 59 66 40 44 40 67 58 44 31 59 51 21 14 71 75 74 42 12 87 16 96 22 22 75 48 52 59 49 39 29 76 31 18 37 64 3 64 71
80 36 6 50 18 28 18 46 43 21 25 85 16 23 2 30 58 93 44 47 72 34 59 18 44 65 24 17 32 6 2 50 83 63 91 62 40 51 18 77 35 82 52 53 72 28 89 5 74 12 4 15 93 54 16 14 10 82 96 16 60 97 61 71 25 66 98 17 57 18 38 76 54 44 87 51 52 56 48 69 83 98 83 84 0 38 48 57 23 18 41 43 30 42 67 51 12 5 1 41 77 21 1 22 71 89 13 67 17 95 15 41 22 95 27 52 66 40 2 15 29 32 65 52 44 79 43 8 2 54 99 10 48 29 77 71 26 56 62 60 86 85 79 24 3 68 39 13 26 33 26 25 36 72 8 47 91 21 43 22 1 79 55 21 75 19 43 61 48 22 21 43 72 71 62 97 15 73 91 55 28 63 12 51 9 28 22 98 100 26 47 65 82 0 23 51 78 55 34 80 48 40 42 91 11 19 44 22 49 71 95 7 11 15 97 85 28 73 61 12 46 85 78 36 1 70 10 81 25 75 11 75 69 17 97 59 8 31 0 13 37 67 98 1 88 21 74 27 57 68 57 79 17 11 10 60 83 47 64 86 8 68 52 48 46 64 8 1 66 74 51 65 85 66 69 26 58 69 78 57 45 97 76 94 7 49 83 83 20 97 100 97 98 90 48 92 47 45 9 3 100 32 3 9 71 21 66 49 40 12 74 26 43 32 66 37 6 22 61 25 68 32 21 21 72 83 4 78 98 50 39 45 18 28 56 74 68 4 19 99 39 16 41 47 3 25 60 44 17 33 10 99 27 73 53 50 64 3 41 79 53 75 85 59 68 82 81 8 15 85 54 7 5 55 27 2 69 82 19 67 54 16 48 7 16 33 99 0 79 21 12 94 7 39 40 25 7 69 70 4
33 64 41 67 84 48 89 12 81 54 57 70 50 29 25 16 28 89 99 20 74 94 23 74 86 14 42 28 99 42 37 17 92 13 11 40 89 64 43 25 79 48 64 7 72 51 42 78 98 36 6 61 70 20 4 19 12 37 57 85 62 93 30 54 57 91 18 73 41 22 48 35 33 23 14 81 91 14 36 71 99 96 91 39 17 63 75 7 33 53 6 1 17 2 32 34 77 84 19 50 29 63 31 32 86 21 33 54 24 48 19 43 51 58 61 16 82 59 88 10 34 85 23 17 25 54 13 1 79 26 25 73 98 53 99 62 78 4 91 56 62 87 21 7 8 13 85 67 79 47 59 25 15 86 56 44 16 28 6 40 41 52 46 91 95 31 20 78 81 25 3 92 61 88 40 7 88 35 16 68 70 16 36 88 43 84 8 33 25 18 16 84 20 75 78 32 99 76 83 58 14 71 68 20 88 64 12 4 65 73 14 73 47 68 0 76 6 23 53 72 70 24 72 51 16 38 63 28 29 75 78 49 15 87 99 12 44 86 34 28 32 33 82 18 82 25 56 79 80 65 23 51 16 28 29 63 9 79 5 32 48 57 80 54 65 86 20 3 39 40 44 75 41 96 81 8 54 47 93 30 64 4 66 86 70 27 90 16 45 47 96 80 62 52 86 41 55 1 0 22 49 83 31 54 58 54 1 82 75 19 44 71 11 76 6 2 75 53 1 66 45 15 55 28 83 78 89 8 29 87 2 1 39 58 15 28 2 33 21 25 67 15 37 20 0 26 22 10 50 99 15 44 38 9 98 95 100 10 99 5 59 20 48 29 60 16 76 62 40 4 49 90 88 34 63 62 99 92 69 62 19 42 89 30 57 44 10 46 86 99 7 12 71 28 54 30 79 81 78 85
79 3 24 27 41 65 48 92 99 30 47 4 52 24 11 76 7 56 100 5 100 51 40 50 83 51 94 86 97 6 38 1 72 57 20 93 29 64 50 99 47 20 100 87 40 49 95 52 83 82 97 21 51 81 27 96 52 70 16 100 12 40 20 40 15 71 59 52 44 94 80 67 93 24 11 26 41 55 44 63 88 44 88 96 56 0 23 33 1 24 38 91 86 94 89 38 92 0 91 87 78 100 23 54 25 91 63 6 7 29 83 42 2 11 27 87 0 16 46 81 7 52 41 38 82 74 40 45 46 46 9 38 52 98 27 88 8 78 69 38 9 94 43 75 46 64 9 100 20 32 51 23 82 65 15 100 78 16 32 41 36 18 78 66 62 81 19 43 20 15 52 91 77 55 60 54 70 39 67 51 98 91 5 47 38 87 18 6 46 36 83 3 83 22 13 81 27 91 76 24 32 33 38 70 8 50 24 72 99 33 75 51 82 20 24 58 59 30 78 44 64 3 47 81 61 24 87 100 90 74 20 55 86 36 58 63 97 4 54 85 61 30 11 42 81 66 51 30 24 40 56 90 38 42 68 21 100 56 88 61 97 74 64 16 56 75 12 25 30 18 21 96 25 10 46 96 23 30 82 48 75 61 93 63 22 60 83 26 55 17 24 26 16 87 7 95 19 19 80 62 11 66 50 55 69 70 78 65 48 74 52 8 16 59 35 51 81 94 87 60 64 87 85 3 66 90 11 27 72 100 85 4 14 34 3 13 56 9 92 39 22 41 16 45 27 44 61 34 61 63 94 25 60 80 52 72 34 82 94 28 54 11 78 27 59 77 72 28 75 15 5 73 45 64 75 22 78 20 62 24 36 95 47 37 28 80 10 23 59 19 67 43 15 99 35 77 98 11 37 79
70 46 9 73 15 12 89 16 6 25 2 99 3 72 65 41 41 18 57 98 14 34 0 77 20 74 42 37 6 59 43 7 58 59 1 77 90 48 40 63 5 81 7 24 78 80 69 57 19 68 32 35 78 87 92 26 75 83 58 89 22 96 25 73 97 72 3 31 0 5 85 1 98 78 5 97 49 2 14 72 61 94 24 72 34 71 79 40 48 86 73 39 53 47 100 10 32 34 35 44 88 11 4 29 28 2 69 96 87 99 64 46 60 53 49 66 35 74 38 27 15 29 15 29 2 8 46 64 57 70 47 30 51 49 53 42 13 47 99 32 51 58 19 5 23 52 11 65 17 77 52 60 67 32 0 22 8 73 11 28 39 68 45 21 84 99 69 21 75 53 14 72 95 15 32 54 83 68 87 14 85 37 38 98 66 49 79 76 83 39 95 34 85 93 97 35 26 49 29 40 5 2 80 97 56 100 21 27 76 30 56 6 30 13 52 73 28 6 85 42 87 48 6 20 40 48 83 36 73 89 5 7 54 56 16 22 89 17 74 98 76 85 4 77 2 27 18 96 76 84 37 95 3 87 25 74 87 93 45 57 29 78 27 92 50 12 16 100 86 41 100 55 54 31 43 30 21 15 51 12 43 11 83 42 42 37 16 19 30 54 5 15 39 83 53 29 89 18 39 73 19 65 44 63 53 73 18 34 46 77 34 5 80 39 17 60 1 30 25 15 72 83 99 18 41 20 6 77 79 4 61 36 17 1 85 12 53 77 19 5 16 89 26 71 95 58 66 18 0 51 89 84 97 47 0 34 76 67 15 7 21 69 45 6 12 35 77 73 40 31 52 26 52 46 48 99 66 79 17 72 100 89 31 58 27 38 54 100 38 87 5 34 28 89 79 8 73 4 11 60
63 26 42 100 3 21 52 36 16 43 28 58 79 25 35 79 35 45 97 53 17 51 37 44 53 10 64 94 51 1 42 94 11 80 90 36 4 52 44 27 32 25 11 77 80 29 71 28 47 74 4 43 46 24 77 37 97 61 41 82 6 32 93 73 89 18 57 58 89 44 93 34 34 42 67 14 24 47 73 28 5 91 10 74 90 32 65 57 44 64 49 71 69 99 5 17 61 36 38 79 5 81 16 94 43 62 22 75 82 10 46 12 23 60 81 30 84 46 52 43 84 61 41 76 39 60 95 28 6 56 81 34 57 24 34 26 98 55 78 77 29 26 99 34 54 5 29 54 53 94 92 66 94 24 93 3 38 25 0 66 28 81 49 100 26 40 9 34 24 100 81 13 48 10 2 48 30 3 54 78 49 17 13 91 33 70 74 37 49 17 16 97 6 68 77 26 10 12 63 93 88 58 40 51 31 62 54 76 66 88 46 96 88 86 38 85 22 63 25 81 30 34 51 77 91 45 68 5 51 86 3 74 58 69 78 13 25 57 65 31 14 39 94 99 8 74 99 70 73 22 54 40 81 91 28 22 83 90 19 11 68 28 21 29 56 71 27 27 3 51 61 12 26 50 87 87 7 68 31 29 32 23 49 49 32 54 50 56 17 86 36 39 100 11 42 35 84 86 94 35 74 94 44 74 29 55 13 25 92 34 19 58 32 80 56 11 98 91 98 38 47 47 94 89 49 16 10 71 48 86 87 38 98 75 98 2 84 6 20 57 30 48 1 80 34 8 65 65 49 25 100 91 48 89 19 97 16 68 64 0 1 90 13 31 51 88 61 8 39 83 93 69 37 85 78 62 61 84 91 56 80 9 94 41 16 93 84 60 24 25 57 58 25 98 82 43 47 10 31 18
23 62 76 55 84 60 25 80 82 21 3 27 24 80 11 49 91 5 34 62 36 40 26 49 88 13 33 91 17 72 58 74 51 2 23 5 78 97 26 72 41 68 45 40 57 85 9 33 88 31 62 35 28 78 54 79 13 48 34 17 0 23 87 39 99 89 78 58 1 39 10 52 77 49 18 44 81 23 19 71 87 66 42 50 67 73 32 79 91 94 72 64 70 84 91 32 32 11 51 92 82 21 8 30 20 50 11 95 13 57 30 65 96 67 70 17 78 11 83 11 81 10 22 11 89 41 56 55 32 82 31 51 98 82 45 39 46 30 60 41 87 29 90 10 89 4 74 41 88 79 2 70 52 70 33 3 78 32 1 23 66 67 52 5 94 92 75 61 47 37 79 16 99 13 0 17 65 28 18 19 30 85 90 51 14 71 15 47 41 92 69 9 11 13 25 11 2 5 81 42 37 55 8 38 65 84 51 4 34 11 37 67 37 25 41 71 9 8 54 9 32 25 58 20 87 93 71 74 91 11 81 8 54 18 54 29 22 81 50 34 75 46 55 6 56 63 19 32 34 92 40 30 5 82 50 84 83 62 52 26 100 45 91 13 85 64 51 7 23 47 21 92 64 60 12 16 43 94 80 67 61 8 83 83 94 14 30 63 30 5 79 72 55 31 63 77 79 15 98 41 6 20 96 10 66 54 20 14 16 45 30 20 74 2 74 8 54 82 10 93 35 47 18 78 2 91 12 3 84 3 10 59 31 86 56 87 36 99 90 74 30 38 98 100 0 64 68 19 4 45 53 0 42 94 39 69 32 12 5 74 86 35 57 78 90 39 29 58 3 37 91 42 15 19 22 93 20 82 25 26 58 56 41 26 49 2 12 1 46 87 16 66 82 50 67 37 57 5 87 77
95 20 78 99 89 73 50 54 12 1 73 21 68 84 81 80 21 7 54 61 35 72 100 54 25 85 86 21 69 17 83 38 46 21 39 65 100 6 46 86 59 25 90 74 7 1 40 66 92 99 23 54 42 59 4 28 59 100 22 73 15 38 8 98 49 34 65 17 78 50 15 69 86 22 13 4 63 91 24 30 16 26 28 30 97 23 16 19 24 40 70 60 40 34 31 19 75 36 37 98 52 16 5 17 96 61 36 32 7 27 75 2 25 68 80 75 14 26 4 93 81 31 0 64 26 54 28 57 52 12 65 99 37 46 46 64 5 36 28 22 84 41 63 30 95 74 26 47 6 15 74 42 9 15 1 10 48 89 40 98 14 5 77 39 37 4 19 94 86 7 59 100 16 54 58 54 79 91 48 57 47 20 86 18 11 70 84 2 81 47 92 54 31 68 66 67 38 71 87 77 59 8 95 65 61 14 15 29 75 55 88 75 94 9 97 90 99 83 56 28 74 29 67 76 9 73 82 98 32 52 59 55 7 49 66 0 40 84 48 0 82 93 97 55 50 98 3 49 49 66 34 99 57 20 40 78 37 35 36 95 31 0 0 33 89 7 95 85 18 70 6 31 29 96 89 34 15 100 26 50 45 43 37 67 30 3 38 64 54 8 31 72 22 70 56 86 16 98 32 40 44 82 22 68 4 11 51 12 44 68 23 30 58 14 53 45 38 41 57 40 71 97 43 58 64 18 27 61 5 27 61 57 56 12 11 26 51 27 79 4 40 17 56 36 52 86 80 14 33 55 83 54 91 60 24 97 76 93 4 90 37 90 55 40 14 8 16 6 77 74 45 88 45 52 95 26 8 76 5 41 100 51 17 90 12 15 89 32 77 47 39 81 36 10 27 2 59 16 12 4
50 40 40 21 83 96 11 73 6 33 3 83 85 85 33 34 85 6 0 37 80 41 94 66 52 40 36 54 81 53 80 90 33 59 75 10 24 84 25 13 22 52 75 1 18 35 16 70 49 30 95 75 4 98 22 74 65 16 3 53 67 75 21 75 35 90 64 0 34 29 66 90 39 91 76 94 36 32 22 27 20 81 91 50 43 90 67 40 26 4 97 93 100 67 50 92 69 68 61 42 52 2 96 68 22 1 21 16 79 0 71 84 8 84 27 70 38 21 64 61 32 18 0 87 86 16 66 2 89 52 70 48 22 43 58 18 33 76 82 34 21 6 19 85 8 94 43 61 39 31 34 34 42 71 29 44 16 42 14 74 6 75 1 92 6 28 41 16 99 83 25 85 93 36 14 78 18 4 50 56 85 58 57 70 55 78 21 15 54 28 84 89 3 22 38 79 93 58 22 79 91 25 34 9 51 46 89 77 4 87 50 60 48 33 90 8 71 91 70 77 26 90 55 88 74 37 76 26 15 3 1 81 69 95 41 32 51 39 44 100 1 80 30 9 52 6 47 65 58 39 10 70 93 15 64 83 99 81 23 33 22 31 37 43 32 7 35 39 31 14 87 53 12 75 33 36 61 93 40 65 98 5 28 95 64 84 24 92 53 97 94 13 98 71 89 23 40 65 35 83 65 80 45 9 19 72 14 47 49 17 84 59 62 100 26 26 88 34 14 24 79 41 22 16 41 71 31 89 34 32 67 22 95 37 91 29 85 46 74 25 88 34 79 38 80 61 3 3 62 86 42 55 65 76 47 57 57 5 17 25 74 54 78 84 17 85 13 23 88 95 37 52 54 42 92 54 85 7 52 70 37 48 30 2 78 97 32 72 9 60 63 81 83 41 91 91 56 80 75 90
53 17 22 55 84 4 48 80 29 15 36 69 49 16 31 22 9 70 44 95 43 0 24 28 22 53 100 45 56 76 100 84 10 60 100 6 94 59 89 12 91 78 2 2 27 97 62 57 97 9 22 40 11 26 15 44 75 24 66 81 25 28 15 11 83 100 54 51 81 96 66 81 82 36 31 9 25 94 21 97 94 37 0 62 1 95 90 69 70 27 49 93 11 89 61 38 70 38 91 73 66 18 91 24 3 54 23 1 41 96 35 9 38 80 21 18 85 22 40 58 43 50 3 81 79 71 6 59 56 41 66 25 97 54 48 44 13 50 10 32 19 31 20 28 46 14 48 19 95 43 22 68 97 70 21 90 30 11 58 79 95 0 61 83 65 84 13 15 79 37 67 92 74 84 88 71 36 5 26 26 86 13 26 71 40 5 0 39 17 35 10 82 96 62 47 5 74 93 44 93 11 35 93 95 64 1 71 81 11 9 31 78 32 17 65 39 32 64 52 89 9 9 4 31 34 95 14 25 44 26 95 37 70 9 29 30 78 76 56 67 43 0 54 22 93 4 72 9 93 54 35 81 17 29 84 90 70 1 60 19 46 31 28 27 52 50 81 2 56 100 68 73 73 17 71 82 61 53 86 15 46 95 12 14 14 39 70 54 61 36 75 19 22 29 100 97 40 25 71 74 41 68 58 13 98 6 88 76 26 47 54 11 4 63 2 76 30 100 32 49 26 64 57 95 45 49 56 92 60 33 66 93 51 32 16 55 67 45 60 50 10 88 20 47 48 89 67 59 92 81 60 100 54 83 40 58 14 18 81 50 45 38 5 24 37 100 20 26 14 38 91 74 45 43 86 79 94 2 80 59 41 23 63 62 81 47 82 77 75 71 37 73 54 10 90 6 100 0 49 14
54 100 88 89 41 65 16 40 14 47 32 19 67 23 68 71 94 93 49 21 84 88 6 73 82 59 96 30 86 56 74 4 63 32 28 37 46 77 72 58 81 59 11 46 31 42 10 3 73 21 74 15 18 63 33 34 67 4 42 98 100 98 87 31 8 2 76 15 85 92 79 11 78 56 28 54 73 1 42 0 55 59 58 25 51 46 56 98 58 85 10 20 85 24 62 1 47 82 65 93 44 60 98 55 92 12 54 63 88 1 14 35 26 83 82 16 64 30 41 48 12 69 29 7 45 87 58 89 94 79 10 41 72 63 16 10 54 3 54 10 72 97 95 41 99 20 59 94 66 45 76 30 71 83 1 85 44 58 83 86 69 94 53 90 65 42 53 13 40 9 90 12 94 52 45 80 76 68 65 32 65 39 80 42 1 30 38 34 49 92 46 63 75 31 85 60 41 70 31 63 51 60 42 57 49 23 45 27 8 54 29 34 92 12 0 75 32 42 11 5 42 19 89 10 92 92 82 70 73 29 28 51 98 88 11 68 1 45 52 88 31 64 26 85 90 75 93 68 5 49 64 70 46 57 68 96 76 58 16 71 45 35 45 15 74 81 87 10 89 34 39 90 72 76 58 80 34 88 45 7 34 82 80 62 21 6 14 50 74 73 52 26 68 69 63 65 14 85 73 52 42 28 6 66 96 50 63 3 86 3 55 75 78 44 15 83 100 35 80 14 37 65 31 1 95 31 9 2 14 49 18 52 27 10 82 19 17 13 50 80 98 24 98 88 48 53 28 75 46 4 86 62 83 22 90 13 99 27 70 68 21 60 5 37 54 7 47 14 86 88 21 94 71 21 72 41 64 89 6 7 100 15 84 71 88 14 3 49 19 24 86 68 94 78 3 87 85 23 92 30
37 88 38 19 59 85 12 50 18 77 8 91 95 100 52 31 64 72 30 12 55 60 14 26 32 84 71 37 38 65 80 7 83 45 16 80 96 24 95 1 70 82 89 69 18 83 6 64 97 10 16 94 55 68 34 7 39 57 66 77 25 4 26 53 72 76 27 66 8 70 77 32 99 32 54 65 95 26 88 7 50 32 39 2 31 12 3 31 44 57 2 76 73 50 78 73 88 70 38 11 44 17 29 53 0 0 60 6 75 33 15 63 75 17 14 100 65 95 7 30 79 92 61 8 62 87 2 28 30 94 58 97 7 31 49 41 95 67 88 20 19 33 92 16 91 2 74 58 11 42 29 76 27 31 91 100 76 94 40 48 73 12 2 3 40 88 76 63 73 86 50 60 96 85 59 86 77 72 84 93 23 12 85 23 16 22 30 69 54 58 30 39 56 99 72 92 85 13 50 54 36 53 24 41 6 22 68 36 12 13 74 63 5 45 89 89 52 45 72 7 24 58 62 86 67 65 33 79 80 72 14 65 72 61 37 84 58 38 24 47 25 39 77 39 37 24 53 93 79 52 61 23 42 9 40 25 87 24 1 51 85 73 65 40 37 42 36 52 99 38 75 79 52 73 87 38 93 56 82 7 5 49 40 11 72 16 1 95 78 38 95 34 30 23 11 37 92 99 37 58 25 33 97 13 8 21 23 87 70 80 1 96 46 88 97 28 73 27 22 52 34 79 59 77 12 56 46 5 94 70 60 97 60 35 95 80 12 34 4 8 88 8 48 99 4 23 20 100 83 92 40 48 32 52 47 50 97 58 53 99 42 89 56 16 34 50 32 4 19 62 58 42 6 72 37 24 38 77 35 95 0 72 59 28 59 71 78 56 56 52 2 24 23 69 88 69 3 61 18 27
16 13 54 5 97 45 12 71 4 61 17 79 38 57 18 60 16 90 19 75 94 84 42 28 20 4 64 63 55 73 4 35 59 38 79 2 46 40 84 20 16 57 49 83 26 56 20 93 34 53 21 78 31 26 67 76 72 35 42 24 87 70 86 26 87 15 19 47 7 55 71 24 100 95 12 3 94 75 49 64 18 9 26 0 31 70 64 76 15 27 95 0 20 52 88 56 68 47 29 94 65 68 12 36 71 33 69 12 37 3 85 15 79 64 41 5 72 71 56 27 7 95 55 5 23 14 97 69 35 11 26 54 36 51 36 67 2 92 6 6 17 26 19 32 32 21 29 5 63 40 80 71 78 85 96 90 78 100 9 30 71 40 78 71 26 65 73 67 67 83 34 26 66 56 50 9 13 56 12 99 56 72 97 36 74 17 48 12 73 66 15 32 80 69 18 2 84 85 62 43 11 62 27 66 90 98 30 26 60 59 59 51 92 20 93 50 45 80 54 60 45 63 80 4 56 7 72 97 69 51 50 26 44 54 54 5 83 66 68 79 77 52 76 94 61 35 60 40 47 32 6 34 88 13 19 68 44 34 100 19 55 20 19 7 14 41 69 67 97 70 75 30 33 93 5 74 47 21 38 85 26 80 35 45 67 91 47 98 83 68 65 4 39 30 13 26 88 62 18 83 49 53 57 20 34 43 93 84 81 24 0 1 87 5 25 89 99 18 89 52 68 94 65 38 60 46 74 68 99 0 47 2 56 75 48 98 36 8 74 65 91 91 44 51 0 1 29 29 25 47 47 67 85 9 51 43 78 10 95 40 59 88 73 42 17 95 35 69 82 18 47 64 86 55 97 1 52 41 58 2 28 49 38 59 95 0 89 9 18 61 41 14 40 76 71 49 62 93 21 82
14 2 90 36 16 47 17 52 60 40 6 51 2 87 19 37 20 36 76 22 4 24 6 93 87 32 96 99 74 2 8 20 5 62 63 44 39 13 0 44 92 96 18 4 92 58 31 52 82 1 95 14 51 25 21 59 1 1 73 30 48 75 86 12 93 99 61 98 34 62 87 91 58 57 31 100 66 77 13 97 76 2 1 13 81 47 94 81 31 74 79 23 24 86 42 64 85 42 88 25 55 23 18 44 11 86 56 72 93 45 22 98 48 24 73 35 86 17 16 39 45 64 15 89 55 13 14 79 31 21 58 86 79 95 55 97 86 31 90 51 96 84 69 90 43 93 4 36 22 62 6 73 77 7 8 23 89 74 18 59 83 30 48 38 36 6 19 64 96 78 20 76 16 96 75 46 19 4 51 89 88 96 6 41 2 12 62 51 63 74 16 75 30 65 93 100 71 27 67 48 41 21 68 25 74 74 51 40 44 87 92 39 55 64 12 57 17 11 82 37 22 66 74 94 73 94 91 100 65 72 91 99 30 13 23 12 10 60 9 58 76 75 20 31 65 20 53 52 29 57 29 80 88 99 58 48 95 84 23 30 15 55 33 38 49 66 5 21 69 70 75 45 89 67 86 27 29 82 41 95 52 38 21 46 42 80 76 69 16 21 30 30 95 35 71 66 3 72 43 52 36 0 4 62 47 42 32 86 95 19 49 36 14 71 82 40 64 40 55 100 60 3 81 63 44 23 41 71 20 82 44 91 81 87 89 76 98 97 26 52 11 36 39 76 33 34 20 31 30 11 19 81 17 18 55 19 50 66 58 67 38 31 67 82 29 63 22 54 71 94 21 5 89 10 6 38 37 68 78 50 13 87 80 2 6 31 55 26 78 83 34 82 45 77 73 48 88 47 2 22
84 38 42 59 0 0 46 56 9 99 4 42 59 94 67 18 87 59 39 34 22 48 70 74 72 81 3 13 68 97 22 41 54 54 8 84 96 46 0 65 51 37 10 71 3 81 70 68 7 19 43 96 4 56 65 41 47 8 95 25 29 26 68 7 24 2 35 60 2 37 63 14 95 94 40 9 5 57 38 6 77 34 10 64 91 10 83 63 38 62 33 20 64 34 68 53 72 60 61 11 70 22 23 27 19 80 64 60 41 6 55 84 100 59 55 35 41 17 25 2 11 44 40 41 81 48 10 75 80 22 60 31 98 10 96 84 4 75 11 40 72 81 90 50 8 74 95 31 97 1 75 100 59 71 48 99 78 44 67 83 46 3 90 42 3 31 87 28 58 8 87 18 80 13 46 14 68 24 92 95 70 13 4 17 35 80 42 63 75 41 2 70 53 4 48 40 62 26 97 34 78 59 79 29 88 29 17 100 38 10 89 94 60 53 32 88 4 32 19 42 100 36 69 92 3 47 74 42 95 45 6 10 40 21 88 68 85 1 60 31 18 2 88 7 96 49 19 50 44 79 88 8 70 68 59 50 37 6 27 35 3 57 23 8 97 85 41 78 97 88 16 26 8 49 82 43 54 49 24 29 34 55 50 10 67 99 17 60 8 26 10 82 42 24 54 64 73 39 90 41 46 53 100 9 34 71 33 39 79 38 26 97 7 95 0 9 28 51 10 80 73 17 45 74 12 34 73 70 78 18 29 49 32 32 59 16 79 12 6 66 29 61 44 49 51 38 78 12 12 57 76 38 18 40 66 20 49 56 65 89 80 74 13 24 97 59 59 14 96 40 70 86 21 75 96 40 95 33 25 81 10 13 22 1 74 80 13 72 84 27 48 75 7 96 88 50 78 95 39 48
70 23 8 9 53 30 80 70 77 100 80 26 43 52 32 52 83 88 37 30 12 17 4 14 68 7 11 15 19 88 14 91 70 16 59 17 39 41 0 66 51 80 45 86 58 51 60 65 52 1 89 29 57 99 93 67 9 93 11 49 31 29 45 53 45 0 9 32 13 40 76 42 12 5 25 95 44 71 39 63 41 33 39 82 13 64 4 95 82 24 46 29 9 26 17 18 92 48 22 24 84 33 76 68 14 81 93 32 49 68 98 58 2 8 68 42 80 58 15 91 86 3 5 48 57 67 66 80 36 87 31 4 54 61 45 87 90 83 60 8 42 19 83 33 82 38 58 74 21 75 49 46 55 49 44 3 75 66 98 86 84 93 96 94 98 23 37 31 36 19 96 91 42 32 49 68 15 23 38 7 69 68 21 98 0 80 60 11 63 0 6 62 54 58 84 29 22 81 63 82 75 59 67 19 12 59 4 95 83 31 55 63 36 8 43 73 84 4 5 68 66 12 81 92 1 18 98 15 95 81 64 0 25 97 31 42 58 67 26 55 84 8 41 48 14 17 98 16 23 61 57 5 37 33 18 78 97 98 16 96 13 8 45 56 9 66 11 86 60 51 98 65 4 62 60 74 35 13 96 78 59 9 40 15 89 5 48 42 47 57 77 8 53 97 43 5 47 21 98 30 100 84 32 99 57 60 99 53 95 56 86 2 35 55 36 47 51 58 34 67 64 99 30 84 14 91 31 95 16 75 3 68 68 38 54 94 62 87 56 60 30 28 16 59 97 39 61 27 98 21 18 84 79 23 86 32 36 14 50 11 70 76 54 11 69 56 42 50 37 45 17 1 52 6 92 65 89 82 44 91 94 84 60 78 88 25 96 92 12 87 32 41 16 83 26 5 50 94 55 18
20 79 72 45 63 57 50 30 76 56 87 4 57 74 75 44 66 64 19 68 3 61 61 56 66 45 92 87 62 1 35 56 43 93 17 20 90 33 98 52 63 39 36 79 80 34 19 36 69 86 60 58 60 85 7 1 71 41 91 12 82 79 69 79 90 1 79 95 8 52 93 46 25 99 48 63 52 96 53 81 17 85 39 91 85 12 63 36 89 42 69 54 72 50 28 74 99 82 85 69 27 73 90 83 72 75 14 83 36 69 50 85 31 83 50 70 34 73 95 89 67 79 28 80 0 53 36 53 85 80 20 40 60 18 68 38 37 7 96 58 92 5 58 18 18 75 34 58 87 53 27 94 70 40 12 26 48 96 17 78 100 0 59 17 11 38 96 36 82 9 9 35 34 10 11 53 0 98 7 88 70 35 28 100 87 59 69 27 57 9 70 19 100 80 11 85 19 43 26 79 52 35 57 5 32 23 73 49 72 58 27 26 93 21 83 36 63 28 86 54 42 50 32 74 13 23 52 47 29 57 71 48 7 31 43 37 55 89 24 79 53 24 35 98 70 39 77 76 84 35 35 54 82 37 58 49 10 69 78 91 88 1 90 3 71 75 52 37 34 28 4 5 53 6 64 32 16 95 49 85 81 53 31 7 67 31 1 60 88 42 42 83 69 20 16 30 42 58 96 50 44 41 4 10 96 63 28 14 61 66 36 81 12 22 46 91 38 71 15 67 8 94 94 58 49 66 55 84 41 21 13 36 71 92 78 5 95 49 93 39 19 28 78 26 70 92 15 4 12 66 89 5 48 2 4 83 44 100 3 54 45 86 93 32 97 62 36 27 12 89 39 91 11 83 30 42 17 26 35 27 50 11 80 55 51 21 35 35 65 89 9 9 9 55 66 13 8 56 77 3
72 88 57 10 49 85 13 68 66 55 49 42 46 57 15 34 50 10 54 56 17 37 18 92 66 97 58 7 37 60 8 43 78 91 30 97 44 63 29 19 70 2 33 7 16 16 27 37 95 63 55 32 36 64 41 25 28 65 14 28 19 54 54 44 28 46 45 34 84 21 76 27 96 73 31 87 17 5 16 31 40 78 92 72 86 35 50 39 68 76 99 76 46 52 77 54 64 89 48 53 62 58 45 47 42 92 57 37 41 7 41 73 51 33 71 6 51 73 29 50 13 31 40 44 38 5 77 65 39 57 19 65 56 54 8 84 46 35 2 93 33 26 44 34 93 19 26 23 66 20 16 18 69 76 60 70 59 64 44 50 30 53 96 9 79 55 94 12 61 33 59 42 52 30 81 38 0 84 90 40 45 64 0 90 98 72 54 80 26 20 54 47 56 23 84 0 60 16 96 24 55 59 55 5 1 55 86 48 55 50 40 25 69 29 37 36 23 21 27 14 92 33 68 63 12 67 68 87 59 51 34 94 67 85 41 12 35 77 64 28 12 67 5 74 4 55 7 33 82 32 91 14 15 77 64 74 16 6 5 41 88 83 57 80 69 82 17 99 97 77 50 76 73 100 25 44 79 94 27 28 98 15 91 81 56 18 66 3 21 55 40 52 29 83 2 9 12 40 60 55 86 18 11 26 57 45 92 11 66 98 44 33 14 20 93 1 3 51 55 97 8 68 13 71 75 95 18 66 53 3 1 42 81 53 60 64 79 57 24 38 7 7 87 19 40 88 29 22 39 82 57 84 70 79 1 59 33 10 11 58 80 78 99 12 62 48 88 65 52 78 76 93 40 35 26 44 77 83 67 38 66 21 74 98 64 76 75 87 85 42 92 59 87 16 55 75 40 43 56 82
25 9 51 64 64 14 36 80 60 19 25 100 61 54 4 18 58 7 32 68 43 97 90 5 27 31 0 76 15 99 88 11 52 98 7 44 27 71 4 78 20 44 56 25 36 43 43 47 10 61 48 100 31 48 32 38 23 18 61 16 94 3 35 41 90 99 15 76 47 70 96 2 14 49 81 57 39 68 53 66 26 27 43 76 73 75 27 46 12 94 85 6 61 3 82 44 93 55 18 49 65 96 79 49 69 92 16 10 72 94 13 72 35 62 86 13 0 31 65 84 9 22 100 3 60 23 87 51 62 10 99 80 13 58 9 2 46 69 58 53 37 15 20 77 16 77 56 58 9 86 26 91 64 93 51 34 57 89 83 51 57 65 96 75 19 56 28 41 80 78 50 59 47 9 89 74 7 32 39 63 74 53 89 95 74 59 84 54 46 78 31 82 43 38 67 72 37 17 49 26 40 76 11 63 42 7 91 13 75 8 56 85 32 13 65 74 90 2 12 48 92 52 56 21 86 52 15 25 86 44 24 91 18 29 11 46 30 17 44 24 65 82 94 61 46 81 8 16 87 39 26 0 74 88 59 59 14 15 72 29 65 82 90 12 9 50 75 77 29 55 38 93 53 75 94 30 67 26 40 89 25 86 54 92 51 7 76 66 29 84 85 96 98 0 37 24 62 41 33 38 2 63 67 56 1 48 93 7 27 47 23 73 80 6 61 4 43 82 7 97 9 36 49 56 8 52 40 22 43 65 52 4 21 77 76 46 51 67 76 66 19 68 31 61 23 70 47 11 16 51 81 64 12 35 33 78 77 1 7 6 18 59 94 66 84 61 55 53 90 56 41 58 33 28 69 63 30 0 55 42 50 7 8 87 76 18 81 8 94 50 85 82 92 24 92 100 71 73 12 76
42 30 97 47 4 17 46 71 15 3 13 98 50 20 36 72 57 34 66 90 24 69 39 63 98 81 81 69 23 13 47 83 63 83 33 1 72 24 68 46 4 42 49 56 74 33 33 50 50 19 96 26 34 12 51 37 28 57 94 60 34 17 9 73 99 68 11 29 70 34 87 58 93 56 70 99 76 48 57 62 84 38 93 89 63 24 97 76 72 2 14 58 84 22 45 63 52 82 56 16 31 47 89 87 50 16 54 37 44 62 38 91 76 49 62 72 40 23 4 73 25 89 94 72 31 94 75 57 94 80 27 41 94 37 0 54 22 9 88 53 32 50 90 82 78 48 98 36 52 86 77 90 71 93 88 8 72 71 46 80 36 73 61 20 83 8 91 83 97 17 100 54 25 12 88 28 36 98 99 22 71 78 2 66 83 13 54 24 93 52 83 26 93 70 82 42 89 46 63 21 55 7 59 78 18 70 9 70 88 6 34 6 22 89 71 21 71 31 72 10 68 34 6 57 5 56 41 16 43 38 13 53 19 41 12 23 21 9 32 36 77 16 42 60 62 12 28 68 60 48 96 8 14 16 56 75 16 0 34 82 2 55 7 39 15 56 2 92 28 17 56 21 73 84 57 96 57 82 59 43 9 12 56 77 88 52 71 63 12 48 5 51 74 76 71 91 62 40 90 57 53 57 91 3 70 58 16 30 0 65 56 84 21 24 51 55 42 17 85 38 36 9 92 35 57 16 80 27 66 29 66 38 37 81 88 16 1 53 31 40 68 71 3 39 69 31 55 60 36 97 24 43 42 47 24 38 70 77 3 56 42 67 13 5 39 49 99 74 69 63 30 34 84 15 73 46 41 30 4 96 54 32 64 15 77 94 35 96 43 52 23 31 89 52 63 65 84 80 59 60
91 94 89 45 15 78 38 92 97 67 59 6 13 35 20 73 69 15 80 85 65 32 3 97 94 25 87 38 49 64 50 46 76 28 53 33 62 99 49 44 8 65 21 91 57 90 17 3 16 86 2 6 29 18 67 47 88 68 89 1 8 32 28 31 21 28 30 7 22 13 8 87 35 28 34 28 21 80 39 72 1 23 64 48 42 94 94 96 70 76 64 72 15 93 35 7 13 14 60 9 68 25 77 59 63 75 48 99 57 56 91 72 68 95 46 32 11 100 66 40 89 56 14 28 46 44 79 53 57 16 93 81 45 54 2 99 67 5 76 51 2 85 54 20 91 92 1 89 59 66 94 67 97 17 58 49 83 30 11 29 24 56 35 60 2 89 76 28 46 20 45 73 64 42 85 31 29 94 49 66 85 47 46 19 41 40 30 17 53 0 12 14 3 95 6 10 21 22 38 6 25 81 32 52 2 21 96 61 68 56 67 52 81 44 92 9 48 34 17 87 58 69 93 74 33 56 94 94 83 97 40 33 39 49 32 23 72 30 92 55 50 65 71 33 3 86 26 61 79 90 51 52 18 0 34 18 4 10 49 26 97 60 16 30 52 28 25 14 77 55 36 70 9 73 20 83 19 79 28 56 22 88 55 8 91 89 55 35 32 72 10 85 59 80 46 18 7 45 23 31 27 61 17 31 58 4 2 15 15 47 80 47 17 68 79 39 41 38 44 82 74 41 22 17 26 3 90 34 35 62 43 26 47 34 32 62 93 62 34 40 71 99 95 95 37 7 73 38 10 78 29 81 57 15 78 65 46 88 62 39 21 11 7 59 78 54 89 44 49 95 80 85 4 18 38 32 60 95 71 0 58 74 19 64 50 43 55 80 9 69 22 1 34 2 1 75 51 58 82 95
14 43 71 21 56 99 17 70 86 60 50 63 27 59 91 50 43 86 35 57 11 38 34 45 1 98 91 73 41 71 48 6 66 57 4 40 21 16 91 0 44 49 92 40 53 2 81 60 7 66 71 96 46 34 4 35 63 7 12 9 41 17 10 86 51 74 29 56 47 37 75 100 25 35 46 39 27 73 10 53 62 91 78 48 77 87 62 34 77 24 43 6 74 21 26 19 29 95 54 37 5 29 19 72 86 62 81 72 25 62 98 15 85 66 94 64 20 65 65 10 24 98 71 90 89 47 78 54 78 67 98 16 34 75 76 41 81 33 63 43 49 87 63 65 49 22 36 2 61 40 41 84 48 66 79 41 20 68 100 61 23 45 19 11 74 8 6 25 33 38 36 6 56 7 44 24 20 36 11 32 64 2 77 56 60 90 2 42 49 28 78 70 43 21 59 73 47 36 59 61 40 64 6 97 5 46 91 92 38 88 64 99 46 59 26 99 3 3 4 61 14 91 58 9 28 75 43 48 89 47 95 69 79 44 86 47 73 73 58 58 79 70 2 2 96 24 90 91 12 34 23 58 6 67 61 71 31 56 83 81 22 64 25 90 67 61 60 67 74 71 47 10 92 77 33 83 13 21 6 42 16 90 91 83 79 28 27 92 91 95 41 9 65 59 73 76 98 2 4 0 75 41 52 76 64 57 88 31 13 53 71 73 11 96 21 10 22 41 24 82 79 8 80 26 75 72 39 24 10 4 28 73 16 14 89 89 9 43 76 93 24 86 5 38 3 45 30 39 39 85 19 20 58 53 51 75 77 49 25 10 17 82 84 23 74 99 17 21 19 31 39 82 43 81 83 99 69 21 28 18 80 90 19 26 6 3 82 52 97 70 69 53 0 61 29 53 95 77 25 81
86 91 71 99 2 71 85 17 60 2 28 45 85 31 28 91 49 43 23 41 35 24 32 64 17 6 2 68 67 17 62 53 1 80 28 13 6 67 89 0 2 63 19 91 30 85 46 45 59 39 81 77 90 63 89 6 69 13 56 57 27 18 43 45 36 87 47 96 93 52 43 40 13 67 19 95 35 89 79 0 3 22 46 44 4 8 81 67 91 60 62 96 19 9 46 83 96 32 27 34 59 64 49 52 60 92 61 82 41 18 58 14 17 5 70 51 1 84 14 32 46 52 51 66 18 57 36 81 13 34 30 2 42 51 92 97 89 53 57 0 40 83 75 26 61 16 24 61 71 79 80 33 96 99 72 24 6 13 65 60 92 84 34 42 51 31 78 42 87 71 12 74 72 71 49 87 59 73 86 98 92 63 2 77 93 1 79 50 52 78 19 12 30 41 83 36 37 80 66 28 23 55 24 39 22 74 61 23 37 10 79 52 80 70 50 41 36 22 20 1 52 72 57 61 15 39 69 95 52 75 38 13 30 62 48 32 69 87 3 26 2 58 56 8 82 33 75 17 68 22 28 95 4 13 15 78 18 73 4 64 16 38 29 15 87 67 28 90 40 40 58 8 47 39 37 72 45 12 82 90 100 94 19 82 72 0 84 3 11 50 29 68 25 83 22 58 52 93 42 57 66 71 16 10 21 18 57 35 51 5 94 8 62 86 61 10 14 88 14 95 69 97 58 54 53 71 50 27 54 61 82 87 15 44 18 88 55 18 23 49 8 43 99 44 61 59 13 27 21 17 90 66 81 22 15 19 83 56 54 39 51 61 68 91 36 38 22 15 69 12 0 48 3 91 12 13 9 61 70 6 62 68 93 24 30 91 46 64 68 24 10 54 39 93 74 10 94 27 83 0
25 95 29 77 20 62 83 26 96 57 8 77 2 74 52 50 47 18 73 100 64 88 1 23 63 12 20 77 76 6 87 43 42 18 71 30 12 19 53 78 57 51 87 22 3 99 77 17 92 93 99 40 79 68 52 51 98 3 18 58 24 81 98 26 19 13 47 53 35 45 78 56 62 82 36 4 91 18 91 34 51 14 75 29 97 37 76 27 57 14 85 86 100 65 75 10 23 3 24 81 46 58 85 100 45 14 33 6 70 60 50 2 26 42 56 48 98 96 67 72 34 52 55 21 90 80 40 38 88 39 16 85 52 24 49 75 78 12 95 90 39 59 76 36 39 77 40 99 1 6 55 76 82 90 73 95 99 69 16 29 74 54 70 56 37 65 25 32 97 92 98 89 33 72 100 63 34 74 56 47 46 41 70 86 53 33 51 35 45 37 87 15 25 2 15 36 44 94 51 28 70 69 66 38 74 21 33 27 33 4 41 26 72 60 19 37 17 47 81 19 78 48 99 95 100 40 30 83 35 44 48 42 0 53 91 42 30 55 88 64 51 100 95 63 31 3 86 63 22 58 1 77 6 26 92 75 94 93 31 17 75 63 68 18 92 70 86 32 57 61 81 9 52 92 80 31 60 47 7 27 49 24 58 40 100 30 41 33 46 77 69 98 24 54 3 51 53 34 22 77 7 52 96 24 65 39 62 8 23 58 69 4 21 1 94 71 89 76 38 73 9 100 45 79 16 67 89 1 33 92 32 74 66 75 40 44 69 69 38 19 72 53 35 25 64 19 50 50 46 98 46 14 1 58 20 31 23 16 90 86 88 41 97 96 99 22 52 72 61 25 5 82 69 86 48 22 99 68 30 45 98 4 17 81 61 75 39 78 97 22 10 49 16 36 30 61 95 6 99 92
61 44 7 45 10 22 95 31 31 21 24 11 92 69 32 76 35 19 82 1 25 75 34 71 17 62 3 98 91 47 31 17 59 63 89 52 100 85 83 28 97 77 40 23 70 17 29 93 31 56 17 94 99 30 60 81 25 4 44 74 68 2 25 4 12 71 36 53 39 84 87 38 47 84 4 93 76 36 7 76 25 13 68 77 34 15 89 37 47 85 27 93 5 91 11 34 60 14 62 60 91 20 97 76 66 5 38 77 90 26 86 38 45 19 47 31 64 30 67 77 44 79 98 45 42 25 92 2 63 31 45 83 28 66 58 70 72 93 54 10 10 16 21 21 3 7 12 15 54 69 7 57 46 82 35 34 68 57 81 16 22 33 34 68 10 65 3 21 37 64 26 80 33 8 21 97 90 91 57 6 54 27 94 18 93 22 75 37 1 37 54 45 59 48 63 32 32 63 72 91 9 24 89 73 28 80 35 28 11 56 6 84 59 79 10 55 91 33 86 43 28 45 94 100 29 83 10 19 15 13 59 53 76 58 42 35 47 6 52 84 24 54 80 55 48 86 0 48 80 45 90 25 82 31 80 87 92 37 46 83 11 74 10 94 36 75 58 91 38 65 8 48 67 50 58 78 22 42 47 25 40 26 98 21 48 27 98 47 25 1 68 7 21 35 76 94 43 34 52 32 12 51 31 21 83 16 59 33 54 32 7 17 43 59 87 23 87 62 38 45 24 66 84 49 64 53 0 17 1 76 53 19 100 34 57 76 24 62 28 35 22 29 40 51 29 29 79 66 53 25 64 91 35 83 7 20 94 96 21 60 92 47 26 44 16 70 93 43 74 7 32 55 76 99 67 4 66 56 43 10 9 39 14 96 2 71 95 26 94 13 47 80 30 18 7 77 44 95 52 24
20 96 13 99 26 62 74 52 24 37 77 74 24 31 45 71 41 77 71 52 57 95 65 53 8 66 12 57 43 23 34 11 30 56 0 39 49 23 13 32 14 94 71 31 55 28 16 87 58 25 37 97 10 6 86 41 94 19 2 69 32 73 46 60 87 51 5 28 5 59 84 91 37 52 11 43 87 6 34 75 60 38 87 5 5 12 59 26 24 20 5 74 22 70 15 0 94 65 34 41 38 33 42 32 48 11 28 93 27 54 92 27 95 91 93 49 9 53 94 4 42 8 95 73 47 24 95 49 45 85 45 47 100 52 82 36 50 78 22 92 71 25 17 90 61 74 36 12 65 14 38 56 7 4 26 13 51 14 31 28 79 5 10 46 54 8 8 45 79 5 88 97 68 77 83 35 47 23 11 22 17 96 75 56 29 84 35 49 73 64 96 17 81 39 75 38 76 24 86 76 92 81 29 18 6 66 73 49 27 74 97 8 77 86 18 99 26 36 96 83 36 89 57 40 65 10 83 12 54 39 58 10 14 96 45 89 13 2 14 23 98 86 79 81 28 13 44 92 34 73 89 69 54 97 24 79 16 56 96 29 83 96 85 52 46 24 0 88 58 76 100 73 93 30 84 76 30 64 80 84 45 78 25 98 17 0 46 63 39 51 27 56 73 7 45 83 84 80 91 35 8 58 52 12 74 57 27 52 41 43 28 100 90 38 3 84 31 5 11 28 74 17 81 91 22 54 74 10 35 7 43 82 37 68 67 43 19 35 27 2 24 31 51 15 47 3 22 69 21 55 12 2 83 66 18 14 95 5 20 95 74 70 15 48 70 90 18 6 79 79 93 22 10 0 92 88 45 72 55 50 44 98 91 46 69 15 26 83 7 45 8 62 7 36 75 30 23 77 46 59
92 74 45 41 33 76 60 33 78 63 79 60 75 91 23 17 100 61 23 19 80 29 31 70 76 83 3 84 68 18 86 99 23 48 93 46 33 36 2 84 34 23 64 52 11 94 35 58 10 18 22 88 49 76 58 23 65 73 40 88 44 6 79 88 94 9 7 15 32 91 39 68 11 23 12 85 45 87 60 0 22 95 91 65 39 14 69 38 38 6 71 9 89 62 54 40 7 77 35 56 37 42 94 16 17 32 6 24 84 67 65 60 64 50 37 31 23 78 51 93 83 27 45 84 0 31 53 70 53 90 77 57 62 40 65 42 48 20 100 59 0 80 51 41 3 52 65 33 66 94 18 71 21 70 79 88 76 65 54 60 89 10 19 5 79 91 96 57 55 74 33 57 97 41 25 87 75 0 3 68 25 61 41 100 7 25 23 54 15 71 46 76 83 66 60 56 71 82 19 9 19 91 67 82 60 76 91 1 22 11 37 48 87 37 88 19 35 62 81 75 8 21 48 34 92 40 45 94 72 72 60 13 51 69 72 29 50 32 45 68 96 12 10 98 23 42 63 16 31 78 72 19 3 11 99 59 9 51 88 72 59 4 5 21 79 45 5 96 79 1 29 25 98 11 38 74 80 28 72 57 63 87 40 6 42 34 29 88 68 54 100 33 6 56 67 27 57 78 54 43 8 89 50 6 9 13 72 59 83 12 27 6 30 58 76 87 65 37 36 60 83 13 61 85 29 19 78 11 32 78 45 0 11 73 12 88 76 42 34 26 28 59 42 56 33 65 89 70 1 6 46 35 41 19 48 2 64 39 28 93 62 81 13 32 47 21 13 100 23 28 54 48 39 11 27 13 12 76 13 18 11 84 99 55 30 73 51 13 48 96 57 12 72 35 13 80 63 0 42 75
81 6 47 53 12 39 36 38 56 81 97 45 88 47 89 47 6 10 1 54 66 24 80 88 36 22 55 98 49 18 0 98 20 91 69 15 20 10 90 22 80 10 12 15 19 46 13 39 84 80 22 15 56 45 40 86 67 10 35 45 29 14 16 96 88 6 2 21 0 75 97 99 34 83 4 83 98 24 35 91 86 66 96 84 31 21 26 92 59 76 49 8 71 6 20 45 97 46 83 68 81 74 9 67 74 94 6 17 56 28 72 85 92 46 55 50 46 91 55 37 22 91 61 80 22 34 7 67 56 87 44 38 44 44 11 29 62 94 98 91 43 63 29 39 9 65 40 59 99 48 94 82 37 54 49 19 82 12 4 11 2 41 30 97 76 16 85 14 53 84 22 94 14 40 2 49 39 1 46 58 57 9 24 33 47 3 38 81 38 72 89 93 85 75 60 13 56 54 61 99 80 29 21 63 82 97 38 25 15 76 25 25 72 77 24 43 18 65 1 57 25 1 60 87 32 84 76 79 43 90 38 97 65 74 47 15 39 52 72 58 2 38 14 97 50 57 68 15 61 61 89 84 91 76 12 31 3 95 55 91 66 79 68 54 92 9 1 88 9 43 87 15 55 53 15 96 15 67 5 86 76 46 71 32 22 45 11 75 58 41 51 78 51 8 25 44 51 41 0 40 27 86 24 82 66 31 12 44 20 46 44 49 64 69 52 24 77 57 50 70 16 17 47 62 70 83 79 55 16 89 39 80 47 67 22 20 99 46 72 76 68 41 64 15 9 41 56 47 91 30 43 5 41 80 40 41 77 9 21 21 88 48 62 50 1 58 49 74 26 78 61 32 68 37 6 43 58 65 49 92 32 44 8 64 24 19 90 63 51 87 79 64 80 69 2 99 74 15 99 43
25 8 81 32 53 8 78 78 90 31 4 87 70 56 52 76 16 67 79 28 25 39 22 62 42 72 51 55 90 7 58 42 87 86 9 18 7 90 37 34 50 74 52 41 56 24 44 99 90 93 26 83 3 31 12 46 28 64 75 27 89 12 36 96 27 76 11 29 92 98 99 4 34 13 95 100 27 8 50 44 86 74 85 64 93 8 9 25 69 7 37 8 63 85 4 59 31 0 72 21 27 7 51 98 15 8 16 5 11 2 39 45 66 58 76 85 3 60 55 73 23 24 20 77 86 66 33 24 32 95 1 14 2 1 40 72 75 62 99 6 93 38 79 92 57 98 10 85 4 80 60 29 68 71 39 84 60 32 16 71 91 79 31 69 79 62 50 78 22 50 79 64 5 100 76 64 1 100 38 54 27 64 48 88 6 43 74 23 35 47 76 56 66 87 5 14 64 67 79 31 34 43 53 84 53 22 71 2 24 50 0 63 36 96 52 6 15 76 81 94 84 69 16 6 56 93 16 62 73 100 44 57 66 31 63 44 94 70 61 43 25 100 57 91 96 35 98 40 67 53 9 95 21 50 99 18 63 94 84 86 85 47 57 71 11 74 56 19 5 84 70 47 96 62 21 10 23 40 67 1 42 16 92 71 99 31 28 88 33 2 30 4 5 79 43 25 37 21 61 97 3 92 53 10 68 54 84 36 19 59 89 53 84 10 0 68 82 78 91 2 24 71 100 41 37 14 58 22 61 9 7 92 88 79 23 11 78 32 78 98 97 36 91 18 8 40 23 81 85 20 28 71 89 77 76 27 9 38 67 24 87 18 78 37 5 89 84 98 20 34 79 13 61 75 26 65 100 36 68 78 28 51 77 25 11 62 8 39 36 42 100 21 10 39 91 38 21 50 24 42
91 48 69 69 81 42 7 43 80 86 87 91 64 45 66 1 7 15 99 73 62 38 86 76 30 33 65 62 32 80 35 16 86 49 15 24 87 13 54 10 23 70 88 70 36 61 44 13 83 61 69 92 70 39 58 100 41 41 28 39 52 18 69 68 3 91 15 32 61 19 14 54 76 91 55 56 100 74 47 78 33 73 55 99 57 6 63 70 47 37 100 53 59 58 89 34 12 57 13 81 13 67 53 96 66 76 76 70 25 87 95 59 41 76 21 95 90 37 52 40 46 4 64 33 97 28 15 75 31 84 53 91 73 64 47 29 88 22 54 92 39 100 41 27 42 56 31 14 40 85 31 50 18 68 53 56 62 97 66 56 31 58 37 50 1 100 23 41 39 2 50 38 83 74 69 20 12 21 36 59 10 57 99 64 95 36 70 81 66 95 82 42 76 35 8 10 26 4 27 65 38 39 98 40 96 1 92 8 6 32 27 55 4 78 30 90 76 53 96 25 64 59 56 34 40 50 83 84 100 20 77 35 99 84 50 2 100 61 60 28 50 29 64 2 67 32 91 84 28 77 72 28 86 59 65 53 68 29 51 87 29 41 11 1 44 15 9 70 53 31 54 67 94 58 55 95 74 14 43 57 94 43 17 80 19 67 28 100 90 39 14 48 17 98 28 94 57 61 18 60 54 4 94 33 0 98 6 96 42 63 22 2 79 52 67 99 45 22 75 31 39 57 83 89 38 31 92 23 17 36 79 17 39 85 63 42 18 32 3 83 12 47 92 77 4 26 83 73 22 15 80 27 33 96 45 41 43 70 1 19 51 23 81 93 51 81 95 87 86 52 38 25 39 40 24 75 64 75 9 84 62 92 5 29 49 32 96 62 63 59 22 44 41 25 64 18 62 12 11 91
66 92 45 24 87 8 41 64 56 64 38 17 91 72 66 21 60 58 97 26 19 50 12 7 26 72 64 14 87 84 3 35 34 0 29 36 77 25 91 11 73 5 24 60 7 78 11 33 100 20 83 1 98 4 45 72 19 58 74 8 98 33 36 10 20 5 65 74 85 74 64 40 44 2 87 85 24 100 1 96 57 93 39 89 1 58 4 100 76 38 19 61 49 37 59 76 87 51 91 69 41 38 76 97 40 72 7 12 32 13 45 27 11 50 42 49 37 22 69 18 90 15 55 9 47 3 24 81 76 83 2 81 19 47 88 63 79 76 58 20 83 86 97 29 57 31 38 19 65 95 35 39 64 88 94 77 33 70 1 90 83 88 22 5 67 55 53 79 98 65 54 100 18 13 5 56 1 19 78 62 77 98 6 81 82 35 31 29 6 35 89 25 38 67 95 54 53 70 38 90 8 94 27 43 70 8 97 34 10 79 66 3 93 53 75 15 70 78 79 93 95 63 3 70 62 19 33 41 53 61 12 9 68 52 11 9 61 73 61 84 42 75 89 48 30 97 34 30 0 76 71 49 68 14 76 22 88 8 76 87 28 99 17 72 1 54 14 0 71 48 89 18 67 82 98 40 50 32 90 67 65 47 46 5 56 26 2 34 67 63 27 48 0 66 60 51 40 19 93 25 82 25 87 54 42 25 36 99 3 12 91 16 95 29 74 75 35 56 51 26 70 63 35 27 88 86 100 63 50 88 38 46 70 6 63 3 22 64 37 80 45 35 36 93 54 48 25 13 58 7 27 96 91 64 100 97 75 55 76 11 68 37 79 44 57 67 41 69 6 61 15 43 17 17 20 87 37 68 17 38 56 59 95 77 0 88 60 87 72 77 1 81 19 52 69 96 27 5 71 78
15 38 54 38 73 88 60 97 30 56 23 24 57 15 27 34 28 27 6 27 30 19 71 10 7 26 16 16 17 56 10 18 0 43 42 14 3 44 91 51 19 46 46 39 74 63 82 24 76 3 93 13 85 9 40 18 80 83 59 20 36 22 11 61 34 75 32 83 47 37 73 88 41 64 38 47 64 86 7 54 43 75 94 21 95 52 71 96 66 6 18 71 14 85 8 75 24 30 93 63 43 61 49 97 40 29 37 57 6 50 12 75 24 93 52 17 93 84 7 49 55 93 28 54 31 63 12 100 77 65 32 67 100 31 4 90 70 44 53 26 53 42 47 24 67 95 71 54 90 83 32 88 28 3 19 99 91 16 28 95 7 13 74 64 89 39 74 70 39 64 11 8 94 15 41 76 3 60 28 18 48 64 10 30 96 87 72 42 80 62 79 37 62 93 79 55 90 95 62 68 88 33 82 55 88 27 25 62 41 5 74 54 31 45 40 92 67 78 71 97 68 83 35 19 39 39 74 35 1 69 95 84 47 5 58 31 3 58 60 19 63 33 96 12 85 35 45 20 75 17 94 94 93 49 54 75 46 57 67 24 15 67 74 93 35 85 76 49 85 61 11 5 5 68 29 62 0 71 72 0 97 76 72 13 37 9 31 92 74 36 69 72 95 48 66 0 75 49 80 5 85 88 43 14 35 20 41 43 64 76 87 85 95 61 51 98 59 100 68 0 23 48 59 69 46 65 72 26 35 69 73 13 35 68 59 5 43 96 60 46 18 67 91 100 7 94 45 7 33 94 13 47 26 39 82 42 69 66 13 39 15 9 11 36 69 20 72 22 10 73 67 50 62 88 59 50 70 73 22 25 33 80 47 10 41 39 14 51 14 22 58 100 58 53 80 17 71 62 43 11
59 47 93 5 80 28 92 31 51 45 80 86 57 4 25 19 76 3 25 1 50 75 31 50 33 94 65 9 98 27 70 97 79 48 8 82 14 55 50 15 72 67 84 23 76 55 81 72 34 71 22 43 29 85 93 99 5 74 59 93 0 90 42 20 32 96 56 12 100 84 43 50 88 34 56 54 41 49 3 31 12 22 24 95 30 46 47 97 75 1 42 83 57 27 34 74 44 40 85 11 34 100 23 14 73 48 65 34 65 63 8 17 32 15 21 38 87 0 56 28 20 9 1 50 67 35 56 7 33 2 31 6 28 44 77 46 32 52 99 35 74 88 73 14 86 98 97 36 57 14 53 56 68 32 54 58 73 96 61 89 45 28 21 19 62 89 77 4 9 12 30 85 8 28 72 47 40 5 78 35 56 13 68 81 96 74 44 60 23 2 88 35 54 95 17 28 77 57 99 63 11 81 34 48 7 43 51 7 66 30 73 45 14 45 75 6 68 96 67 85 22 25 10 67 74 15 70 65 42 29 35 22 92 35 76 12 61 60 98 43 37 28 21 41 38 40 37 71 33 97 92 90 44 14 100 83 3 73 52 44 98 67 52 51 95 16 27 3 31 78 95 75 59 99 68 58 13 65 54 79 54 93 80 53 71 85 9 5 44 22 67 72 87 40 41 3 3 45 64 5 77 69 71 74 79 52 90 25 81 45 99 7 97 40 19 69 1 67 83 88 40 1 70 50 71 49 5 73 55 81 88 26 47 17 78 13 43 31 64 76 83 79 75 4 40 2 53 67 70 57 94 31 1 17 46 88 1 97 32 21 47 98 59 14 21 26 43 74 8 57 75 55 4 9 8 44 13 78 47 55 21 70 70 28 55 99 98 61 69 81 16 32 66 25 91 39 10 33 25 97
32 70 66 50 11 7 23 68 10 36 60 91 50 0 64 42 48 53 81 10 29 0 66 3 47 11 52 75 55 35 42 65 53 17 36 96 32 71 76 93 24 22 6 50 21 87 77 53 49 62 41 49 76 23 47 92 34 79 71 7 1 0 54 46 36 69 20 22 82 99 40 33 47 95 45 50 73 48 6 21 83 81 20 14 77 19 38 36 41 19 11 0 23 5 20 95 57 99 74 43 99 4 66 18 21 1 79 25 94 10 52 70 8 45 11 70 5 56 59 45 63 44 2 14 82 6 0 42 78 74 66 44 86 23 49 33 64 4 16 92 77 69 58 44 5 55 75 87 18 20 88 40 96 89 18 18 97 1 14 6 97 40 64 21 33 12 6 9 67 54 87 22 9 56 89 70 40 67 78 63 82 63 54 53 58 85 15 70 10 74 33 91 74 69 83 2 67 37 99 46 85 59 18 96 69 5 99 12 69 46 82 60 90 15 11 65 71 54 55 58 14 58 7 45 37 21 55 11 78 52 82 60 7 25 48 40 69 91 63 99 28 51 50 53 44 6 40 89 0 37 40 4 99 50 35 34 9 52 93 26 15 48 72 88 16 29 67 89 47 52 36 17 95 41 21 35 8 12 61 9 17 77 53 21 96 23 68 6 77 4 74 27 57 20 93 97 48 94 53 6 23 2 68 13 9 49 36 28 1 50 87 4 41 76 81 79 33 6 18 70 16 82 66 3 56 75 20 56 33 49 45 79 20 42 59 60 4 29 98 54 13 84 71 47 29 78 47 10 45 53 65 35 44 35 60 92 60 16 65 63 97 50 43 70 15 28 58 39 29 31 10 9 89 47 72 89 58 88 55 86 22 32 30 22 25 42 37 76 58 80 94 35 93 2 72 49 22 36 89 73
30 50 28 73 66 81 16 71 89 88 43 99 49 26 49 42 52 52 92 98 75 55 55 62 63 11 83 33 28 31 40 19 10 4 54 33 58 1 38 33 70 1 28 12 35 66 18 22 56 17 63 80 29 71 51 100 15 42 76 19 76 42 16 95 92 34 83 49 87 6 53 49 76 75 1 53 61 30 84 40 3 10 96 22 82 94 95 77 63 39 90 74 86 51 55 62 56 15 15 55 30 54 3 6 0 12 0 37 43 74 70 11 7 61 61 98 57 40 44 8 57 82 71 63 69 40 26 83 5 26 57 9 62 77 30 83 64 74 69 87 45 11 15 50 55 89 55 49 15 43 99 87 86 17 85 3 28 88 23 12 77 15 41 16 67 100 38 67 50 88 87 85 51 78 60 34 100 92 21 53 43 98 14 12 49 92 82 0 87 64 70 13 76 39 30 10 56 15 57 88 3 17 93 4 30 64 25 83 57 1 27 40 64 37 100 91 87 52 90 9 66 46 96 68 54 6 61 97 34 91 13 88 29 100 89 18 67 34 87 54 75 25 3 94 83 35 68 88 91 51 25 41 58 12 91 91 67 70 19 71 55 30 38 47 94 14 63 43 71 74 19 44 14 66 55 99 54 29 3 31 2 12 73 14 13 98 76 39 96 96 34 45 65 7 64 59 11 23 47 9 49 2 38 50 98 70 5 30 27 44 78 3 60 90 4 90 38 96 93 87 37 81 84 33 8 94 2 78 95 79 45 27 16 51 70 87 13 51 84 4 94 80 26 62 40 34 47 40 35 42 84 32 27 89 72 30 45 37 12 71 3 61 2 87 40 35 46 44 20 59 72 74 13 59 95 48 75 0 39 97 39 19 5 17 55 78 76 42 1 46 58 20 50 33 17 41 82 10 94 66
68 32 44 29 75 7 25 77 1 68 0 23 6 62 35 61 25 13 77 51 99 92 32 82 81 18 19 21 80 55 19 53 61 69 53 57 35 96 7 85 0 28 17 54 54 58 70 34 72 12 94 48 76 36 71 50 93 44 24 54 35 7 81 49 65 40 62 70 33 51 71 89 39 96 56 74 41 35 39 29 67 97 75 51 49 42 63 70 14 23 31 91 13 34 34 31 5 12 99 28 15 71 6 31 89 51 0 0 29 57 1 95 17 93 32 35 74 22 66 98 76 43 100 50 83 19 48 75 84 11 7 27 82 36 83 8 72 72 68 35 71 88 93 65 4 5 38 4 84 52 44 41 32 20 67 24 62 10 52 74 30 18 46 86 61 64 31 39 85 29 53 2 74 74 20 72 69 80 51 45 28 42 64 92 74 52 26 47 39 58 94 46 90 32 90 22 75 85 84 65 34 75 13 80 10 36 39 60 55 92 50 33 15 11 72 88 42 24 40 13 35 41 48 18 22 51 83 97 3 49 16 1 89 57 5 33 77 52 41 61 46 23 35 71 77 1 25 84 63 91 39 90 80 67 95 80 96 36 46 44 93 45 88 91 24 88 23 99 21 24 10 52 86 29 68 83 82 20 60 29 30 54 5 13 71 59 85 34 86 54 90 40 72 96 88 8 94 83 64 36 85 2 76 4 91 97 46 48 70 94 90 74 33 14 58 22 72 49 7 51 93 27 65 40 26 71 99 38 12 31 4 26 90 21 55 9 11 31 33 50 82 41 25 24 30 44 100 7 81 32 91 58 97 23 64 66 5 32 51 73 47 83 87 5 35 80 84 90 33 42 44 25 53 68 71 52 68 52 95 82 52 99 47 91 73 83 84 73 60 21 7 31 35 23 76 15 60 97 84 88
100 72 34 89 51 38 97 50 19 94 78 3 67 68 56 71 23 23 44 30 18 51 81 20 23 6 23 36 29 96 43 95 9 66 49 0 39 86 0 68 63 95 56 79 96 87 33 62 6 87 24 93 10 32 74 26 0 15 59 31 17 28 87 33 1 53 45 53 39 16 32 62 34 82 24 64 44 51 84 96 18 27 75 60 73 30 13 52 46 81 70 13 55 71 64 8 50 32 80 20 64 69 72 1 38 95 66 3 49 1 54 34 59 84 17 35 50 1 55 25 68 88 98 50 29 99 31 68 41 93 0 11 58 33 67 47 38 67 94 19 22 95 85 77 82 62 40 14 20 90 63 23 89 15 30 43 90 93 66 41 15 88 55 46 63 11 9 76 41 46 93 99 98 27 95 91 64 69 82 5 2 51 41 72 57 42 1 43 87 78 63 48 44 82 23 89 98 34 58 73 61 49 43 36 20 4 36 40 14 72 67 27 5 51 70 61 5 84 39 10 89 38 19 65 6 17 1 6 47 78 19 55 87 35 79 41 5 82 25 20 13 99 63 93 33 37 44 15 54 75 67 91 43 79 96 3 20 60 87 61 30 78 25 91 25 78 43 49 87 25 78 59 5 36 38 21 74 77 59 2 90 3 19 20 64 28 55 33 34 17 49 78 36 10 69 25 53 88 45 84 4 1 35 17 61 11 86 37 6 61 21 89 66 22 69 64 81 85 27 49 90 29 16 15 10 64 51 97 36 87 55 38 47 49 91 40 18 31 53 38 40 1 85 77 42 45 72 85 69 12 42 16 10 51 38 32 15 82 72 74 18 100 97 57 4 34 78 39 95 24 96 89 6 98 67 52 86 18 59 74 58 46 56 13 71 30 26 51 17 99 21 24 23 32 21 74 93 84 32 85
81 32 66 53 28 53 34 50 83 86 88 57 48 66 58 58 46 3 38 12 11 98 66 47 50 28 36 72 90 54 11 89 15 75 17 23 74 79 33 70 94 51 30 14 78 48 23 85 31 34 88 78 35 39 42 3 56 35 9 26 38 12 10 87 58 70 36 58 20 37 8 16 97 79 55 79 11 79 75 44 64 27 100 17 1 81 61 75 43 68 14 65 27 23 33 99 14 90 72 95 72 84 94 74 7 15 65 51 53 74 97 9 32 53 70 70 35 85 79 52 46 100 36 46 47 58 64 61 13 39 81 31 17 90 72 90 43 46 78 79 61 31 24 70 80 17 7 18 71 99 13 2 69 89 4 16 77 78 34 64 12 20 16 46 77 27 29 55 69 92 66 88 69 94 89 90 1 91 51 92 8 86 94 52 25 58 67 9 82 61 54 15 34 27 40 16 56 24 64 14 85 2 68 15 89 86 26 91 52 51 63 99 23 89 96 56 98 75 12 36 56 68 89 36 61 99 19 71 17 76 67 99 75 63 58 29 87 72 51 19 30 28 27 73 15 62 41 29 7 43 100 85 76 50 32 13 71 59 13 61 40 33 21 73 40 51 0 58 62 80 38 11 4 67 39 61 79 60 4 96 20 12 61 19 7 37 17 41 28 57 23 18 69 31 96 8 38 21 70 51 94 72 93 81 75 23 100 53 26 40 78 74 48 25 61 24 71 68 70 29 20 0 73 58 54 28 94 21 64 8 93 43 59 59 26 46 8 21 52 59 34 12 26 92 79 48 63 58 84 82 80 55 95 52 91 61 86 95 9 39 22 58 95 73 43 90 39 54 64 19 26 89 23 66 48 47 33 5 98 42 19 16 45 100 94 28 44 47 49 19 51 3 51 66 6 16 11 70 2 58
63 3 83 41 56 63 89 84 9 80 0 37 85 75 43 66 68 5 52 24 5 71 9 16 71 33 31 22 28 60 80 21 45 67 13 90 90 29 68 47 74 24 72 30 88 56 68 73 100 58 26 60 17 91 6 16 18 0 0 95 33 7 8 60 47 75 33 80 69 39 77 51 18 33 92 24 9 92 8 23 68 35 67 12 56 96 74 5 22 44 40 44 76 85 12 100 45 44 26 70 8 89 37 70 47 79 87 88 49 96 31 10 40 75 79 93 75 4 87 22 65 5 100 88 8 57 36 95 14 2 57 60 53 21 100 64 15 43 95 83 59 18 94 93 62 42 93 13 65 99 77 49 69 80 68 2 96 30 39 22 24 30 66 16 80 13 85 73 70 56 6 82 40 46 67 54 69 31 76 31 83 92 63 6 10 16 37 100 39 9 19 68 16 71 85 21 87 66 31 50 66 84 63 22 84 25 2 45 81 8 20 52 83 66 67 79 21 2 60 63 65 56 83 10 14 92 77 29 68 81 21 22 29 64 3 32 91 27 80 12 38 25 97 39 98 28 96 67 5 21 88 46 39 20 28 27 13 81 16 44 60 15 31 13 92 47 37 15 87 98 53 50 4 22 36 21 3 87 1 58 7 30 63 63 100 65 77 1 75 60 6 24 47 25 63 60 95 63 51 33 50 45 47 62 61 32 26 9 64 9 30 41 80 15 69 75 77 63 27 48 0 53 21 83 89 27 44 42 30 1 17 14 7 79 14 91 83 42 2 71 70 70 28 95 76 27 50 42 9 81 9 90 13 99 89 79 47 2 47 12 61 45 51 8 99 36 12 4 87 82 40 66 30 75 47 45 89 86 72 76 85 5 44 48 45 73 89 30 84 71 68 2 68 0 17 8 73 49 65 47
5 94 3 21 50 16 51 59 16 15 24 76 65 54 2 98 77 67 36 3 32 30 80 97 52 75 37 43 29 97 87 19 63 52 81 62 99 98 43 1 47 19 67 31 91 75 95 34 34 34 4 0 83 38 100 38 79 79 69 96 64 72 44 54 18 97 100 86 6 32 29 54 78 45 37 38 66 96 89 1 42 49 78 85 65 19 44 56 32 3 84 98 70 36 7 82 4 15 18 51 52 80 85 30 59 37 79 5 60 36 81 90 18 50 98 16 78 70 73 35 86 59 84 30 82 93 50 99 35 91 49 51 34 64 40 44 4 28 15 61 50 6 5 18 95 82 36 5 79 23 38 18 52 71 54 90 18 64 7 14 66 68 12 46 75 77 67 100 62 23 25 73 53 5 40 25 25 72 47 4 34 19 38 25 95 17 30 43 88 51 99 15 49 68 31 48 85 75 37 49 75 65 77 28 79 93 65 76 12 6 15 62 26 77 18 93 29 64 37 31 51 67 66 26 93 41 52 48 5 34 28 54 6 96 78 46 5 46 76 47 81 84 10 25 33 27 2 52 22 64 19 52 79 29 79 84 78 32 91 21 93 20 4 11 20 99 81 5 38 34 37 56 41 1 33 77 91 81 23 38 31 68 98 21 86 45 12 42 35 24 23 31 82 99 70 2 51 53 11 25 100 9 69 9 0 51 96 24 62 57 73 7 42 68 20 56 19 14 83 75 92 56 90 74 97 95 49 10 52 40 62 64 76 9 93 72 64 54 98 52 54 16 7 15 64 18 16 28 93 90 65 29 23 39 12 52 78 32 12 28 65 7 86 69 82 14 13 70 33 92 7 5 80 6 8 61 86 17 47 22 13 79 71 41 44 9 1 23 15 69 31 93 43 100 52 32 33 33 11 20
82 5 67 15 81 48 4 40 94 66 60 92 53 33 34 10 17 14 20 18 66 55 31 18 37 86 39 17 46 69 12 54 95 11 36 18 33 97 72 35 66 89 39 36 17 54 32 20 9 53 79 97 75 51 26 58 14 40 35 66 35 56 87 72 30 1 15 78 23 49 46 49 33 55 71 39 96 60 49 19 34 82 10 56 58 74 65 28 95 62 44 25 11 6 6 4 26 74 18 74 96 34 33 92 53 35 87 59 55 50 35 1 64 36 2 76 6 71 53 59 69 64 63 95 29 11 19 81 80 27 44 54 55 62 20 60 87 55 58 99 36 100 12 98 61 92 54 44 71 70 85 77 29 29 82 71 25 1 79 27 37 76 33 72 2 87 15 57 39 35 65 55 48 85 94 93 18 61 89 24 68 73 44 41 84 71 55 4 68 69 1 29 75 52 68 56 64 87 40 4 81 40 16 53 53 55 0 25 15 14 37 35 11 16 79 72 80 61 50 22 15 30 50 25 58 27 53 86 84 21 63 96 20 86 79 54 21 43 55 57 28 30 17 42 56 13 93 5 46 24 6 61 51 10 55 22 82 48 81 94 72 49 6 38 0 82 5 24 66 7 53 22 76 74 89 74 58 17 10 1 92 33 20 81 50 28 31 80 100 10 90 91 95 70 47 48 76 56 40 45 26 7 89 12 88 53 4 1 43 28 46 100 31 93 52 50 57 1 97 60 78 8 8 33 38 5 27 8 68 61 86 95 83 57 73 30 76 11 67 26 3 16 54 53 92 22 15 46 54 24 84 75 81 40 67 47 54 55 29 33 92 23 34 42 74 84 17 52 29 76 100 41 6 62 28 99 78 15 95 86 73 40 68 7 2 57 80 54 27 32 53 32 75 11 30 70 6 88 50 3
64 30 87 83 52 56 2 38 82 0 31 18 75 79 68 57 68 79 39 59 28 81 47 78 2 66 27 17 28 17 30 63 86 16 21 65 75 8 60 93 85 46 88 85 77 16 77 37 9 97 14 50 52 68 78 18 23 25 45 11 41 65 93 28 17 17 99 22 71 9 10 12 70 100 13 68 4 63 16 27 90 58 80 67 99 41 1 86 55 75 33 17 97 46 30 5 75 21 2 44 34 44 13 29 14 33 29 69 96 57 100 62 82 38 31 25 60 28 11 90 43 57 36 74 48 61 69 63 32 90 30 1 3 55 5 74 99 0 64 72 94 91 0 39 99 33 7 4 93 7 78 48 79 9 73 77 41 97 100 64 13 26 73 30 34 75 6 58 12 47 72 43 6 87 16 87 43 18 94 23 25 18 51 8 64 36 8 47 9 8 55 20 51 16 96 88 51 72 41 2 78 44 90 42 22 78 21 20 74 57 33 82 18 3 95 53 61 88 98 100 98 6 25 78 25 52 1 74 67 29 77 36 56 27 72 33 48 37 43 29 98 84 8 99 52 74 25 66 71 0 49 17 5 49 32 17 25 54 83 53 8 83 25 64 20 21 73 23 31 97 71 2 27 93 75 69 73 1 39 34 35 36 54 53 60 31 8 1 12 91 0 99 38 5 66 17 45 91 13 26 23 54 23 61 67 71 82 71 14 10 34 15 9 68 64 59 24 41 98 93 53 0 42 89 71 92 30 15 89 45 4 5 26 33 60 38 72 71 33 58 89 90 19 90 38 9 9 18 87 82 2 83 22 68 94 71 65 72 70 19 11 56 94 23 29 52 92 2 45 55 11 93 32 46 6 36 62 75 13 35 7 27 33 83 80 17 90 30 94 17 39 20 13 63 33 25 20 68 91 81
20 25 52 98 90 26 43 50 13 38 89 14 52 51 98 59 91 42 38 21 39 3 86 65 78 80 31 70 67 9 99 73 39 46 43 39 26 74 25 27 61 42 99 6 34 22 46 35 36 55 72 84 32 46 100 97 98 86 79 37 37 52 53 49 91 18 39 0 0 64 68 79 28 96 78 6 48 16 29 47 10 99 41 38 46 7 62 50 1 26 99 74 45 70 25 15 55 69 50 100 68 55 54 11 66 33 8 81 90 56 31 48 31 4 64 79 95 69 64 23 7 26 66 59 86 97 87 37 58 60 73 98 84 95 88 98 42 35 69 100 94 53 94 52 9 89 55 19 57 10 17 72 81 39 95 97 37 8 23 64 12 88 67 60 13 28 28 84 9 37 55 20 33 37 41 16 25 95 90 82 96 90 28 9 57 17 75 49 1 52 39 1 86 47 9 69 20 79 30 80 7 0 9 48 94 27 94 69 6 77 2 97 24 17 38 87 55 42 87 13 69 38 75 71 56 55 14 19 28 97 83 61 41 89 0 86 11 23 47 61 1 11 28 47 35 100 41 70 17 6 43 55 1 31 45 3 50 3 71 23 57 45 72 80 65 15 1 92 44 13 88 68 3 10 64 28 44 12 77 21 48 20 76 8 38 94 74 96 76 59 71 29 61 2 60 76 60 57 19 70 76 35 44 70 32 33 68 91 98 61 68 23 72 69 65 12 35 30 22 64 93 11 52 29 66 53 59 16 25 59 83 7 65 56 7 18 61 3 72 100 33 60 61 5 7 14 66 78 52 49 68 69 2 44 1 44 35 63 0 73 3 47 58 34 40 15 18 77 4 38 22 82 12 50 8 70 99 39 96 27 51 95 54 81 39 90 5 35 45 64 57 93 0 27 36 66 41 47 86 93
69 68 50 26 36 26 96 33 17 66 46 58 51 95 3 4 78 39 88 33 14 5 0 78 99 57 43 55 80 62 82 42 69 99 89 95 91 82 16 79 70 8 64 85 44 84 64 35 88 30 95 85 61 14 27 1 9 11 28 42 11 53 48 68 11 91 1 0 63 60 100 4 11 45 20 67 4 47 29 8 50 12 3 90 37 54 47 40 71 97 34 86 97 21 73 63 70 26 48 88 13 12 99 88 70 78 96 27 53 21 80 9 67 9 40 26 87 61 46 11 75 75 42 88 15 79 53 59 92 28 2 23 12 61 83 75 30 17 81 59 2 26 38 5 30 30 64 12 74 8 94 43 45 74 48 85 99 4 98 69 81 49 10 53 93 58 20 84 0 35 58 2 63 6 61 29 95 64 80 80 37 17 17 50 50 30 46 64 20 31 12 65 50 50 35 39 69 64 6 93 73 29 13 42 93 59 5 7 86 57 96 99 0 50 87 11 50 86 1 76 48 41 8 79 55 18 71 54 21 4 20 19 17 21 3 25 8 69 25 79 38 62 8 5 38 4 24 55 45 87 96 69 27 48 48 55 18 77 83 42 88 90 57 72 90 7 95 80 28 27 89 100 37 6 98 73 80 6 67 19 61 55 51 27 35 32 47 7 84 38 37 25 12 5 26 1 8 48 50 25 27 86 51 23 33 28 53 79 18 85 31 36 62 21 79 94 56 45 12 60 47 0 94 18 5 49 16 64 23 61 60 96 63 40 9 78 59 59 12 16 54 20 21 37 92 81 77 58 87 42 57 27 8 45 2 4 47 4 13 80 16 50 37 50 27 24 57 90 11 33 66 60 97 57 95 54 75 23 77 12 47 100 28 30 74 13 57 4 9 22 82 23 8 76 50 46 10 85 24 67
50 85 44 60 2 0 79 27 19 76 81 6 25 46 94 33 97 43 24 11 75 44 89 59 14 81 77 80 78 62 61 99 1 45 0 87 25 92 97 66 99 57 75 65 65 39 93 47 25 3 51 91 49 55 90 59 76 74 47 37 79 6 56 28 90 37 93 29 75 8 12 49 7 6 11 37 10 84 24 26 69 75 4 52 76 99 53 56 97 50 26 22 98 8 81 2 77 9 36 23 90 36 98 58 2 91 36 57 19 87 30 72 26 70 62 28 30 33 89 76 27 28 32 66 43 94 82 83 48 97 33 70 35 91 2 64 95 78 57 33 61 17 43 100 58 65 69 3 48 11 64 14 70 93 83 99 50 82 33 58 35 73 76 15 71 15 31 32 48 1 85 7 45 21 8 83 100 57 63 53 9 10 4 76 67 13 34 48 88 55 7 73 87 35 52 35 3 21 58 76 2 70 33 47 7 35 58 97 3 1 51 11 42 5 60 43 99 62 44 18 97 0 84 4 84 15 1 3 87 87 71 50 35 94 74 1 88 100 76 98 92 62 41 48 77 73 74 44 10 63 94 57 40 31 80 71 76 87 23 87 43 28 19 1 31 48 55 93 38 80 61 21 98 83 91 66 99 61 63 85 35 15 9 13 71 86 43 91 37 55 92 36 46 65 30 12 8 80 45 92 78 38 43 13 24 44 72 62 82 41 96 53 82 36 44 0 71 50 92 77 20 94 51 61 3 70 77 1 66 21 28 89 84 50 23 86 3 0 46 19 89 100 34 83 63 73 24 47 89 11 1 14 38 14 46 59 88 67 8 19 39 88 80 15 60 92 22 7 18 92 41 21 89 15 84 100 35 11 0 42 72 1 32 29 64 50 76 77 57 21 79 59 43 88 30 96 8 67 4 88
24 38 30 54 64 29 45 19 42 46 46 28 7 95 72 92 58 100 36 94 48 24 63 71 18 74 99 15 50 90 79 22 54 84 71 45 26 59 43 43 53 26 37 5 74 66 2 39 44 57 68 29 97 94 43 76 48 2 37 33 22 36 62 50 9 71 57 17 81 80 97 46 97 71 64 99 10 24 40 10 61 40 7 73 85 38 0 6 81 80 54 44 52 18 58 23 47 55 25 38 37 40 25 41 46 21 91 59 35 78 80 80 80 52 9 11 51 72 51 87 37 37 81 83 26 56 2 100 14 1 38 26 0 70 12 48 11 53 77 15 25 27 53 5 77 81 67 17 87 32 88 48 64 28 81 42 99 65 34 64 22 18 78 39 25 81 51 50 54 6 21 18 56 45 8 35 98 17 82 92 51 19 49 61 32 8 96 73 7 88 34 2 36 21 80 49 43 22 55 17 93 21 42 39 42 14 31 74 28 46 36 20 92 11 100 92 0 63 70 4 95 59 94 77 82 3 12 72 87 39 38 46 86 16 75 72 1 69 52 22 54 26 32 85 23 31 98 50 70 37 67 33 55 29 73 36 97 7 75 20 34 95 33 33 1 28 97 82 47 46 92 44 91 72 71 5 52 18 57 66 82 13 31 31 44 15 44 1 16 13 58 89 39 98 96 2 31 96 19 52 93 6 56 27 80 53 88 28 26 6 16 16 89 23 68 89 6 76 53 80 13 27 79 8 69 18 49 90 36 78 5 75 11 27 59 9 45 60 80 64 68 3 29 47 25 51 17 47 32 47 7 33 84 49 13 44 50 20 96 55 66 94 54 44 8 61 98 88 29 49 0 2 29 98 24 25 92 66 96 97 27 74 80 47 97 37 82 89 97 62 44 52 30 8 100 39 36 73 64 96
20 62 62 95 8 3 79 16 4 54 42 83 77 77 34 77 70 98 88 43 79 95 68 42 10 64 2 75 9 19 50 18 96 46 60 93 9 3 15 60 36 43 32 95 31 83 82 92 11 15 83 46 89 58 15 34 88 38 61 99 100 89 98 66 63 26 11 64 9 4 80 25 47 12 43 81 84 80 62 71 27 87 42 25 74 41 27 79 38 25 54 35 39 7 84 82 29 76 83 16 2 72 40 91 65 75 36 80 26 22 57 99 74 97 17 8 58 64 0 91 83 2 99 7 67 78 16 40 87 32 43 4 23 10 89 77 35 28 82 86 55 3 42 49 0 4 2 91 28 22 16 57 67 17 3 9 42 33 49 71 21 94 64 57 20 27 62 8 79 14 32 77 41 89 57 84 32 53 98 98 68 96 4 83 40 21 36 17 96 13 75 13 16 86 18 45 48 15 30 42 33 72 59 58 37 65 95 78 96 99 57 70 69 61 58 23 36 75 45 16 73 1 31 92 96 43 38 50 46 91 7 74 18 82 32 83 12 49 43 52 18 61 43 41 59 100 30 33 10 43 41 23 11 88 35 45 27 32 42 48 92 4 91 37 78 11 94 44 29 29 73 43 38 25 81 79 73 49 52 36 98 26 12 10 4 13 19 52 87 0 78 70 88 82 81 4 45 74 71 27 35 47 9 56 16 21 40 12 77 14 46 70 65 26 15 7 86 49 1 6 79 4 62 43 9 85 32 66 22 78 63 5 18 14 89 48 86 19 44 85 97 53 3 75 31 94 99 43 31 63 8 25 58 36 13 27 46 18 75 86 41 61 56 63 85 9 66 10 69 0 62 61 80 58 13 48 70 73 56 95 98 64 33 48 63 53 89 74 100 35 42 36 4 29 28 62 83 60 19 8
41 70 99 31 78 52 56 72 46 54 69 97 41 24 83 53 69 26 100 57 23 41 36 2 11 83 55 69 17 73 73 29 77 81 38 76 5 1 34 5 48 22 87 10 39 32 53 13 64 79 87 44 17 73 17 31 62 51 22 33 66 42 85 53 86 64 44 56 39 84 94 32 57 38 72 41 46 61 7 73 82 14 57 94 20 52 54 62 24 66 22 43 27 88 46 16 14 69 20 48 84 50 23 18 41 78 8 98 2 22 57 91 7 73 72 70 91 31 22 1 18 91 46 90 28 59 99 28 36 99 3 99 91 2 55 29 1 51 22 82 97 77 59 28 24 34 68 8 92 29 95 8 36 29 85 1 44 45 26 34 97 93 40 66 85 79 5 93 70 83 31 67 65 90 64 38 13 52 13 88 5 8 14 13 12 85 29 92 59 26 7 13 42 36 99 81 98 12 56 34 74 76 51 18 50 72 7 13 31 85 25 37 88 42 47 21 18 53 59 32 17 99 43 28 58 34 20 62 59 98 43 18 72 6 33 16 79 23 15 52 91 48 83 64 47 91 44 69 25 43 33 97 19 34 36 2 72 50 100 5 64 89 75 49 13 78 71 46 82 37 5 30 77 68 57 95 12 88 59 66 36 97 79 86 18 9 2 62 23 2 50 60 99 11 33 18 47 56 21 9 64 88 63 70 78 45 54 77 79 54 1 8 43 25 52 25 43 51 19 55 32 25 31 54 7 3 9 49 70 6 43 56 52 53 91 63 30 28 11 0 95 85 72 1 4 39 100 53 49 57 33 89 82 62 16 30 45 39 60 96 0 70 33 39 75 25 96 93 71 33 74 15 25 70 85 85 39 39 15 21 71 28 6 58 64 23 94 27 33 81 81 30 45 53 83 61 7 64 43 57
85 70 13 48 100 53 82 11 60 24 67 43 55 46 70 14 37 68 49 14 31 74 51 59 15 11 12 99 84 41 80 2 69 8 10 69 83 19 38 33 83 64 10 44 23 38 29 21 84 1 1 80 14 1 24 30 96 22 22 81 82 20 1 35 54 87 37 45 71 42 5 54 100 26 70 30 93 81 88 23 49 62 35 86 14 76 22 55 67 43 64 42 53 61 77 58 100 53 94 36 93 70 28 88 28 8 100 12 75 55 57 39 78 93 92 41 6 26 37 56 79 51 53 53 11 7 74 98 28 76 83 46 17 5 47 15 37 66 36 78 26 11 8 87 61 60 26 91 90 55 58 0 60 24 5 66 16 83 35 44 90 57 40 5 22 94 39 78 30 1 69 87 36 78 37 88 9 38 42 1 1 96 5 82 14 99 99 56 75 64 39 80 82 24 93 30 52 45 55 64 91 58 95 62 84 59 38 60 82 52 42 24 36 55 32 74 56 67 22 35 85 6 57 18 55 61 16 33 70 87 84 33 10 3 21 53 74 50 57 73 75 54 69 80 64 0 17 20 47 53 78 89 72 80 4 25 49 51 92 26 65 84 24 50 56 77 98 68 87 30 84 47 48 27 69 19 19 100 47 36 99 89 69 61 34 15 77 25 84 70 76 54 92 29 86 2 56 82 7 68 51 35 96 73 37 92 4 40 98 14 51 39 57 22 94 29 0 49 17 10 70 44 28 38 75 6 13 97 47 95 47 72 53 14 12 62 79 42 51 65 19 27 67 44 21 41 54 19 45 67 31 60 70 43 95 91 8 20 5 10 16 8 22 72 47 19 60 84 40 19 44 88 79 89 62 99 16 64 63 34 40 86 44 20 41 52 91 52 18 96 69 22 42 12 79 76 75 64 50 92
97 71 80 88 98 46 25 21 29 73 78 65 100 58 12 43 96 54 73 57 30 40 38 55 58 50 89 16 27 81 14 53 91 83 6 61 57 52 47 40 95 47 59 55 79 46 0 82 2 20 67 97 75 61 95 52 37 52 20 30 75 63 96 93 53 12 89 19 28 42 18 43 10 62 35 71 15 5 36 80 93 48 77 78 6 44 95 8 44 73 46 4 100 4 69 15 4 76 97 66 88 100 49 69 77 74 34 95 23 67 4 94 74 9 26 45 16 88 81 93 44 12 20 81 81 69 66 38 68 62 17 84 63 46 75 47 77 76 86 33 100 76 35 95 48 93 30 23 96 62 12 84 48 71 27 76 21 80 12 32 0 50 24 4 32 60 0 17 84 56 39 45 61 58 39 86 7 56 34 32 89 75 45 34 61 9 20 90 80 92 22 7 62 29 75 100 34 38 2 28 7 64 74 20 30 27 39 96 59 21 67 40 66 90 90 60 47 32 36 34 26 95 89 28 73 97 22 17 25 34 72 40 10 69 88 83 19 51 21 2 28 33 21 4 56 9 0 98 21 100 34 78 17 57 25 93 81 7 39 82 22 36 19 66 61 24 32 21 27 1 54 33 31 50 51 85 97 14 38 62 23 61 22 51 87 76 20 92 30 75 82 40 73 92 68 96 25 30 86 62 1 34 84 100 35 68 86 43 36 79 6 54 75 38 80 0 76 71 23 84 67 32 90 52 24 25 8 0 33 58 58 84 90 35 90 13 75 62 27 9 60 22 10 16 56 2 16 74 21 96 33 45 27 14 47 100 98 55 65 96 96 10 56 83 74 73 77 92 59 36 5 37 62 58 62 91 68 8 60 100 4 25 18 48 73 64 7 39 7 51 9 16 98 10 76 25 18 37 28 6
3 51 83 4 55 68 69 75 47 94 97 24 41 45 5 32 63 58 89 77 23 86 22 59 4 82 18 52 4 32 18 5 93 10 68 81 40 52 73 26 8 99 48 52 33 89 68 74 25 44 68 14 35 76 51 59 10 62 47 41 1 44 35 10 74 24 35 20 45 28 39 26 28 51 31 28 41 68 5 60 69 5 72 83 57 86 92 34 7 85 30 35 80 46 44 48 72 2 48 30 67 76 39 5 97 65 54 1 0 64 39 37 74 96 18 76 2 36 47 3 9 62 0 70 34 53 15 53 41 58 75 81 8 44 39 60 100 45 27 60 37 16 22 57 5 75 15 14 15 81 53 31 72 67 83 30 94 36 27 97 30 68 1 5 83 35 55 76 32 13 92 11 68 18 36 12 69 0 81 73 73 47 22 84 79 15 55 87 62 18 43 53 77 58 100 46 46 34 62 92 64 31 41 18 66 56 68 81 8 5 14 27 41 49 90 46 18 61 25 5 46 27 10 25 44 87 75 81 44 52 75 61 39 56 60 74 56 61 50 13 89 77 51 44 41 9 90 55 67 46 22 15 69 19 37 92 68 55 24 45 31 28 97 49 14 24 8 53 39 81 5 29 32 84 58 44 96 73 66 32 73 1 2 60 60 22 8 5 2 31 17 59 23 70 55 27 10 13 80 96 61 56 82 46 16 89 41 16 64 82 39 72 82 62 26 20 68 45 37 8 5 6 57 57 20 17 55 26 72 95 20 10 49 24 68 23 24 75 85 7 41 27 92 65 97 26 75 67 17 0 83 75 46 18 16 35 8 100 67 24 79 24 42 10 7 35 25 51 93 24 94 100 78 49 19 65 25 99 49 100 2 70 94 38 16 83 24 51 83 68 7 71 59 89 91 53 10 34 89 19
61 36 69 24 34 96 36 63 99 69 62 1 5 92 23 48 80 66 86 1 53 51 53 32 59 0 34 71 71 28 11 66 59 35 60 69 46 81 43 96 78 35 77 68 83 64 36 75 47 15 19 22 73 48 4 84 95 67 30 99 45 33 69 29 69 35 9 18 9 59 12 91 26 96 61 14 2 61 92 38 44 83 33 53 94 78 12 44 63 76 41 83 2 21 61 52 45 89 67 95 98 63 94 79 60 62 30 80 25 70 73 52 73 56 80 62 7 72 39 32 65 27 58 18 54 26 77 87 57 93 65 26 62 4 72 17 25 15 11 13 39 87 71 32 67 97 73 24 57 18 96 24 12 23 65 71 13 62 26 4 47 33 62 62 35 56 54 29 42 4 17 20 15 48 88 68 70 55 73 22 59 81 10 9 4 22 77 77 64 76 25 89 40 13 19 26 74 32 27 47 67 36 83 52 21 89 88 59 5 94 85 88 98 27 70 61 3 8 11 16 30 96 55 39 93 4 80 64 11 93 5 95 73 88 29 53 89 96 43 90 5 60 41 85 2 93 18 68 20 66 11 71 85 65 37 56 84 83 32 51 100 31 81 7 84 23 38 6 39 89 45 33 28 60 58 70 87 14 31 44 91 27 72 83 22 58 35 28 74 49 56 45 78 63 19 66 10 83 25 8 42 77 49 59 98 52 0 41 64 27 32 60 66 64 73 5 17 11 95 36 3 61 72 51 81 92 59 83 78 69 77 12 90 39 94 20 37 72 87 89 34 72 17 33 18 80 52 23 28 34 31 51 98 89 14 70 36 24 2 34 98 4 28 9 89 34 0 80 75 27 64 24 94 68 48 69 100 32 73 54 1 19 74 41 42 31 67 70 70 14 48 70 52 68 85 39 81 84 24 26
83 14 65 47 79 49 49 80 50 27 44 22 41 26 33 44 9 82 9 65 62 40 55 70 46 93 65 14 59 99 12 37 75 49 33 0 46 73 0 68 82 50 97 67 43 77 79 63 61 30 7 3 92 1 96 11 53 35 49 92 13 24 84 66 68 71 59 19 0 59 16 91 67 88 1 13 33 61 75 73 58 2 85 13 21 97 61 93 92 84 79 22 88 73 55 85 23 15 63 98 64 82 64 29 57 78 68 14 65 84 94 34 41 66 83 29 17 98 31 10 75 66 37 41 69 23 51 16 48 85 38 80 30 88 40 76 98 5 14 10 97 9 86 14 56 93 69 72 86 67 83 56 6 30 97 96 86 32 82 24 68 60 72 56 13 38 97 29 80 55 41 84 38 68 96 75 60 4 94 41 22 5 6 90 67 28 61 90 52 20 55 7 99 97 45 89 82 77 37 41 43 90 60 53 8 24 39 16 89 39 82 82 92 65 40 8 100 75 13 3 65 79 33 8 52 1 34 19 17 45 0 16 100 66 18 86 91 29 99 85 68 36 37 6 86 91 14 91 26 58 80 25 37 6 67 83 60 60 30 54 41 92 39 40 95 77 49 14 29 53 44 15 16 2 57 38 22 84 46 56 1 32 4 6 29 75 19 98 27 55 96 38 50 12 45 19 54 17 62 32 46 16 2 91 58 69 89 4 7 67 22 40 35 27 79 85 4 95 73 68 5 11 74 62 74 70 67 50 34 62 64 52 74 82 32 64 26 47 72 18 22 96 59 95 47 36 54 80 17 25 93 44 29 21 8 36 38 97 17 69 59 67 66 72 63 63 57 41 48 87 88 2 56 83 1 75 85 15 85 32 80 22 84 83 76 7 26 25 28 10 77 13 62 17 43 25 12 100 20 90
89 91 99 5 61 98 61 81 91 95 55 43 36 85 62 93 91 88 19 88 63 90 3 80 15 18 46 9 77 39 41 53 16 22 96 38 43 44 20 82 1 16 24 64 64 23 14 70 8 4 18 0 63 99 3 49 4 89 2 63 11 82 42 54 85 4 24 13 62 40 35 92 61 71 55 78 59 91 71 59 99 71 8 68 48 39 53 5 58 87 46 67 72 53 100 99 81 89 71 28 96 45 48 38 42 23 22 91 45 56 8 47 79 64 22 61 20 36 21 69 89 86 28 30 81 3 22 17 55 27 81 16 41 63 35 49 65 84 84 7 45 20 9 24 98 61 25 13 49 72 60 75 5 63 41 25 64 26 4 19 9 14 14 76 87 46 21 85 70 86 75 55 50 98 75 28 91 45 15 46 94 50 71 5 52 42 15 56 32 34 63 55 21 12 24 25 64 39 19 20 5 76 59 29 92 21 90 18 66 61 63 49 69 61 28 73 92 95 16 40 79 85 5 31 37 58 97 19 33 74 84 10 72 90 17 37 27 0 46 22 82 100 76 27 20 8 36 38 64 97 97 75 89 77 79 100 95 67 68 1 69 87 37 2 31 13 49 48 10 77 14 5 7 31 26 59 32 64 38 51 10 61 38 49 66 43 63 15 21 87 89 31 85 78 77 40 35 95 30 3 66 14 4 96 40 16 54 30 60 41 31 80 5 27 15 50 41 70 43 66 60 35 12 82 97 26 98 74 54 7 4 91 1 15 9 38 11 23 40 12 9 43 41 94 48 65 47 23 32 45 70 45 70 91 12 90 89 43 84 23 75 77 26 58 29 41 48 46 80 8 42 2 9 50 50 2 70 72 85 0 67 54 76 64 8 53 32 51 95 6 93 52 43 55 20 86 14 7 80 98
12 29 39 96 45 97 71 93 44 48 34 9 96 62 43 98 50 9 96 35 16 71 9 44 24 4 41 91 62 80 42 7 78 93 23 1 95 34 26 1 54 47 36 38 98 23 66 32 9 44 89 99 10 64 96 42 21 1 58 37 44 48 60 27 57 8 85 17 84 70 63 85 92 26 68 68 66 87 34 6 53 12 11 56 38 66 24 76 85 56 30 66 4 80 67 92 79 70 32 99 87 53 20 1 98 99 10 12 79 82 4 66 5 30 78 74 30 55 37 43 3 90 50 69 84 85 52 15 10 61 22 12 16 68 59 61 66 25 53 25 90 85 36 20 5 26 66 30 59 63 9 55 37 33 33 5 14 52 84 64 5 9 88 78 27 37 58 96 62 92 14 86 18 94 94 16 12 75 68 16 30 82 48 6 39 93 37 95 86 74 73 30 16 83 52 61 76 69 5 87 26 20 28 77 62 24 59 81 53 87 27 65 68 73 27 37 44 67 83 44 91 17 17 26 21 18 26 98 99 12 1 19 0 12 23 10 92 15 33 48 42 17 6 76 47 14 91 51 41 41 44 42 92 45 13 23 12 73 10 77 58 32 83 27 62 52 16 75 28 25 8 34 83 55 21 98 19 79 11 77 95 82 22 44 60 29 53 5 25 100 95 23 27 56 62 16 81 22 81 33 71 64 74 24 23 77 37 71 42 27 23 15 55 30 96 36 91 5 46 95 0 87 47 70 80 30 94 0 76 49 24 13 44 1 98 40 93 56 81 18 31 32 58 14 18 77 83 49 6 59 37 63 0 95 31 93 56 50 33 43 0 26 69 23 11 78 5 99 93 19 53 73 28 58 36 0 98 78 20 87 42 34 13 54 31 2 74 88 95 68 26 65 25 42 52 40 90 47 90 27
5 81 63 31 28 50 85 85 44 85 7 59 92 87 83 93 94 41 55 59 31 67 94 79 64 89 21 45 64 23 7 61 12 58 67 52 72 31 16 23 100 27 96 25 52 90 91 84 63 67 44 14 63 78 17 79 96 78 81 15 51 56 72 21 74 12 1 43 33 27 54 87 86 77 83 97 89 27 39 30 51 53 91 91 100 87 83 21 6 78 79 47 66 68 8 49 38 34 64 92 60 95 60 32 71 39 18 79 24 35 56 62 82 44 22 87 77 87 1 100 13 40 95 11 8 68 17 11 74 81 34 69 58 49 49 74 78 88 28 70 81 80 98 9 36 18 98 23 8 84 21 39 75 15 79 15 71 2 51 78 1 23 68 19 27 70 20 91 96 92 89 89 58 45 70 94 92 83 96 7 62 29 50 7 58 42 47 19 10 91 72 2 81 11 7 13 43 55 16 46 24 22 36 59 25 44 23 71 32 11 20 55 48 94 74 21 59 3 38 34 44 29 45 74 19 71 85 79 41 45 15 15 35 63 35 23 69 81 34 28 100 75 43 63 72 50 22 28 60 10 26 23 96 34 52 100 31 25 93 92 56 61 23 90 41 74 66 14 28 48 91 97 62 68 23 8 28 29 41 98 84 45 40 96 55 59 91 5 52 12 88 77 35 79 33 59 79 96 89 30 97 87 51 49 63 91 21 92 12 95 50 85 69 48 55 13 1 62 64 83 39 82 1 58 72 45 33 32 92 14 12 6 60 97 45 0 30 32 55 21 40 24 64 7 41 61 76 4 16 4 33 69 100 32 41 80 9 60 35 80 93 8 21 98 47 99 36 85 16 98 14 22 51 7 35 80 97 22 49 22 46 35 53 41 60 69 60 93 58 71 17 31 67 76 88 76 83 78 15 74
89 0 64 92 87 32 13 97 70 5 99 52 99 20 26 13 88 99 99 67 29 53 77 13 8 16 28 72 57 70 33 62 89 19 23 39 35 70 24 8 41 39 13 98 15 32 66 31 47 32 2 30 33 4 72 68 60 4 25 0 74 70 36 65 24 96 17 64 27 61 43 76 29 47 50 76 4 78 15 28 100 24 12 0 56 98 24 93 46 41 76 49 53 47 23 2 68 36 97 8 58 66 64 5 84 52 72 92 86 79 67 7 33 41 69 75 38 68 95 12 56 7 54 80 69 36 93 60 14 94 41 91 38 44 63 7 74 9 48 4 61 96 41 21 94 43 7 67 37 69 0 98 9 64 55 0 76 86 69 70 71 43 68 11 97 2 18 9 100 74 66 24 61 82 41 63 74 82 66 84 99 74 90 39 20 76 87 36 41 88 53 97 69 52 83 8 29 96 18 68 17 66 73 89 11 49 77 67 14 75 24 68 99 98 36 86 50 74 1 25 99 4 35 12 42 35 64 57 70 51 55 20 84 36 68 95 32 16 37 74 85 77 45 32 8 48 8 67 14 42 43 23 64 64 57 87 27 53 78 67 67 99 32 54 73 46 66 30 90 83 56 25 0 81 86 78 74 4 8 65 40 80 58 51 34 82 72 12 97 26 26 63 2 78 73 19 42 94 74 92 67 83 41 59 16 50 41 46 74 90 59 0 27 75 22 59 74 87 76 86 14 1 93 4 58 69 16 43 1 77 65 77 11 12 94 72 23 84 55 46 73 77 52 22 66 28 26 100 39 48 63 34 67 78 14 28 73 38 53 100 26 56 50 23 97 96 32 58 98 34 22 26 4 32 44 44 27 20 75 36 37 98 84 12 100 34 72 68 14 71 85 56 96 20 20 3 50 54 7 16
72 89 51 100 0 83 46 80 56 9 7 39 55 18 39 3 97 73 43 20 12 78 77 66 63 6 69 4 40 26 53 31 62 97 7 3 8 46 9 88 24 97 39 80 75 44 94 84 91 65 9 93 20 19 67 22 95 94 27 74 35 70 90 82 14 97 93 5 95 43 29 11 39 87 91 75 60 40 62 43 64 1 29 24 66 92 26 64 2 8 23 84 38 41 18 71 56 33 96 37 2 97 21 29 69 37 94 19 93 3 75 26 62 86 53 96 41 74 56 4 50 84 80 49 81 19 8 51 32 21 21 37 19 58 26 72 27 1 55 51 68 46 15 6 9 16 26 91 75 99 29 99 100 73 33 90 97 30 2 92 85 43 38 63 84 30 22 0 70 46 85 97 67 52 39 6 34 36 72 92 97 67 50 10 67 33 19 49 19 15 52 39 68 8 99 66 5 87 32 33 1 64 19 30 9 29 3 61 23 95 27 73 25 80 27 32 57 88 74 97 64 21 69 23 30 89 98 25 76 99 87 80 90 32 47 41 66 24 80 7 97 38 41 67 35 30 24 84 33 10 4 24 57 19 95 7 91 40 7 63 42 27 67 95 7 58 55 39 44 3 100 30 22 38 68 12 61 15 13 48 69 50 66 75 60 97 75 56 43 8 7 94 54 34 74 39 99 11 55 15 47 48 4 22 42 79 54 15 62 89 22 45 45 51 79 66 55 20 49 33 41 69 30 59 6 54 5 14 96 57 27 8 81 72 100 90 19 64 61 74 60 8 100 83 47 57 5 86 86 42 16 14 95 83 57 99 98 16 60 97 51 33 68 49 57 21 29 4 5 14 83 81 39 44 42 91 85 84 48 80 24 13 80 47 62 64 92 55 33 24 85 14 2 83 55 45 1 58 70 84
43 76 24 78 59 32 100 10 87 25 63 41 77 25 44 91 66 37 42 5 19 40 58 16 61 21 12 43 50 30 67 20 50 90 98 44 84 63 99 67 17 27 19 10 56 88 7 76 78 91 89 34 31 37 59 49 69 15 69 10 58 68 43 24 50 25 9 62 97 70 99 61 96 26 29 27 90 87 44 70 64 33 54 79 62 33 84 66 80 28 62 0 89 40 19 32 18 57 38 96 90 56 25 63 19 45 22 37 52 54 47 45 58 61 73 63 63 5 20 72 62 73 6 21 33 76 82 53 65 54 2 55 55 90 79 9 36 58 77 82 78 70 0 61 54 45 34 100 52 55 10 24 99 83 80 84 83 78 50 20 79 85 91 92 62 29 66 37 68 72 24 42 88 3 16 87 27 16 46 97 30 51 43 50 46 38 74 85 75 25 17 52 27 93 70 40 33 96 60 98 94 91 24 92 29 91 70 4 93 98 39 75 76 63 16 9 99 11 13 7 99 39 35 75 38 3 99 64 26 85 28 61 51 49 18 47 95 81 79 2 63 61 30 79 57 18 98 25 20 81 13 46 94 65 30 81 83 7 10 77 48 80 23 44 38 82 36 62 91 68 6 89 88 75 48 81 47 21 23 16 92 72 62 21 43 19 23 56 45 7 0 33 6 8 77 79 59 42 95 94 19 89 3 0 5 68 82 35 85 15 48 15 49 53 48 9 12 56 12 5 92 87 4 32 100 8 87 62 59 82 34 62 10 64 69 24 94 2 59 9 89 31 0 84 80 36 84 92 29 78 35 8 25 15 59 54 66 63 52 22 58 40 44 1 98 69 41 12 49 45 37 68 39 15 21 93 34 8 9 63 20 64 8 98 6 52 84 92 4 85 56 68 86 35 60 92 91 59 90 75
88 15 14 72 55 89 94 82 35 35 96 3 33 26 96 43 8 85 54 39 34 100 95 81 53 91 53 81 67 84 99 45 48 94 85 31 5 58 43 51 56 80 68 55 81 77 66 93 6 17 55 43 92 1 13 21 78 5 67 77 76 38 0 12 94 13 10 50 72 52 71 46 51 18 69 2 34 72 75 90 86 77 76 52 41 48 11 96 61 30 0 75 86 34 97 78 25 100 31 88 49 46 72 21 95 32 66 70 12 31 78 15 44 6 94 43 61 29 45 78 21 34 29 14 30 8 87 9 38 7 61 62 36 34 54 57 17 81 0 55 27 37 82 14 51 93 64 11 90 53 10 37 42 26 76 72 23 98 57 100 95 79 43 10 87 97 15 19 47 17 75 98 38 43 8 29 73 0 2 14 4 80 13 38 98 95 10 1 20 45 97 44 99 56 5 28 15 71 40 26 15 65 12 9 60 9 73 42 18 39 56 9 10 35 50 41 58 100 9 48 30 85 41 37 43 62 99 74 49 13 53 1 56 90 68 74 35 94 80 62 31 12 2 41 99 78 36 99 93 46 84 87 5 55 80 1 62 23 2 67 60 74 55 36 21 15 2 83 35 93 58 83 35 50 72 26 44 32 57 67 51 84 90 94 83 92 74 70 33 62 7 13 29 86 55 90 56 33 56 26 48 48 43 43 100 20 76 4 59 64 100 74 34 30 100 47 96 69 31 26 81 46 65 95 67 57 47 76 19 59 23 10 40 33 5 79 89 70 58 79 37 38 29 90 31 18 74 22 51 31 31 96 25 31 1 3 29 56 35 18 87 20 36 40 84 16 9 46 65 12 59 63 2 56 58 23 20 70 35 27 65 26 74 38 58 74 98 67 26 30 26 88 0 10 20 100 98 57 1 51
79 76 82 79 67 71 33 30 48 11 72 85 23 64 12 4 33 41 32 49 65 32 10 77 79 95 64 1 42 57 18 3 41 15 46 60 27 55 98 58 22 23 21 83 60 36 0 43 89 54 57 6 55 90 29 69 34 87 42 96 89 90 99 46 85 50 52 34 5 100 75 81 42 23 92 10 6 20 21 54 71 56 41 1 17 22 4 1 56 56 37 48 75 39 67 45 15 84 50 63 16 83 49 78 48 44 74 62 22 84 95 87 3 45 95 39 19 75 76 91 52 93 26 27 62 15 32 67 25 100 21 20 67 79 50 80 16 12 32 57 9 99 32 70 63 89 6 14 83 1 87 68 9 25 75 91 51 42 37 44 54 1 15 93 22 49 70 92 32 96 100 0 65 38 5 97 73 49 10 10 76 52 89 8 22 4 94 7 4 2 59 40 5 37 17 16 29 84 38 77 27 62 71 91 27 54 45 88 91 43 36 16 45 74 22 12 15 44 89 27 45 68 48 81 92 56 4 84 36 58 33 56 22 55 43 41 59 66 14 55 58 41 53 55 1 12 100 95 3 60 59 82 25 48 25 10 74 25 81 51 86 72 56 22 39 62 99 36 88 89 11 61 20 26 66 76 52 43 70 48 98 80 32 86 57 6 3 49 10 25 0 23 17 45 93 69 50 12 83 95 6 50 42 10 54 84 76 60 39 90 99 16 25 87 3 12 67 70 91 57 12 56 1 48 37 20 58 93 47 42 84 94 59 80 79 78 1 49 67 0 26 58 88 63 20 77 36 54 76 94 89 44 22 61 60 11 83 49 90 45 6 80 62 31 54 1 49 34 55 64 76 42 0 19 61 27 19 29 10 78 48 55 45 19 3 69 34 20 51 85 31 93 74 9 94 10 69 32 43 23
64 48 42 70 89 52 82 14 22 79 9 12 77 17 84 78 1 75 98 63 50 29 13 39 13 40 16 82 93 48 86 53 58 28 95 95 37 13 66 81 2 52 13 26 39 43 16 54 18 42 70 31 81 33 85 12 87 35 96 92 83 65 25 64 47 11 25 61 17 31 17 59 32 9 37 75 1 48 55 1 75 37 80 54 23 47 45 93 39 64 47 46 4 48 43 78 50 44 42 94 24 29 95 16 4 99 44 68 78 68 73 51 66 93 99 79 77 93 23 60 81 58 29 32 24 29 11 72 81 9 69 92 10 46 55 86 51 92 46 26 27 66 50 55 20 95 3 23 86 23 43 46 41 39 44 60 7 36 89 70 37 46 99 75 20 25 50 58 5 81 8 36 85 34 75 45 72 81 22 62 31 31 27 30 65 42 42 89 21 55 43 67 76 17 58 58 89 83 39 75 50 94 97 52 24 34 66 31 22 92 56 12 52 39 53 28 9 23 86 63 47 23 48 81 37 26 27 54 43 53 12 100 51 44 1 61 55 84 59 79 48 49 39 74 31 8 37 73 58 85 15 77 65 74 54 75 55 91 65 75 40 5 63 94 4 1 24 94 11 50 79 13 81 22 39 19 81 77 51 54 6 15 97 56 42 50 19 34 38 28 32 91 49 95 87 8 84 97 32 47 81 100 93 59 36 29 23 13 7 19 37 21 57 59 79 33 97 0 37 34 38 61 37 95 28 77 67 46 52 76 83 45 48 73 8 38 71 15 36 26 25 98 16 1 9 52 99 7 85 3 100 52 4 86 93 74 33 82 47 0 14 65 89 20 53 49 21 38 71 32 48 89 84 29 58 40 92 67 81 69 31 86 54 33 88 1 51 95 95 90 39 21 78 97 14 43 9 0 73 18
92 27 76 99 46 21 50 64 12 64 56 47 92 93 31 50 59 92 14 40 9 65 65 100 99 82 25 93 60 64 89 71 50 52 26 88 95 13 31 1 23 77 33 14 32 4 69 90 51 31 91 9 56 59 16 1 31 64 90 48 72 13 7 10 72 83 3 18 77 52 76 98 62 39 5 62 22 70 34 10 90 14 30 1 79 38 17 35 95 100 31 13 22 4 1 1 10 96 86 18 3 25 34 74 64 84 32 41 95 27 22 0 18 97 59 35 89 65 86 1 66 88 37 32 55 95 14 37 23 19 27 48 54 28 81 60 80 92 16 64 91 68 85 21 89 54 32 72 100 62 17 28 1 17 93 4 90 47 73 17 18 68 81 24 68 98 79 80 97 23 59 37 23 44 97 69 92 54 58 27 15 17 92 86 93 53 19 13 70 76 43 39 77 28 16 6 44 88 52 21 14 57 96 92 68 34 36 67 58 93 58 8 68 95 44 26 31 64 89 9 37 67 68 27 1 75 49 25 52 51 96 31 81 95 54 76 89 83 86 16 53 84 75 9 6 60 53 68 66 15 71 54 43 40 77 38 29 49 48 80 65 40 5 65 21 34 71 50 32 6 17 4 80 69 15 98 30 68 6 78 19 13 56 22 6 99 40 69 27 49 100 18 80 98 87 11 74 79 21 73 20 59 54 17 63 40 87 14 19 85 45 0 84 43 37 30 31 90 2 44 100 8 57 31 21 93 84 89 25 22 4 85 21 35 64 19 75 45 14 21 55 80 18 4 98 64 17 66 20 15 94 93 63 10 76 73 41 21 36 55 49 0 49 94 66 13 80 41 14 100 55 22 29 7 72 53 6 51 9 78 83 97 40 40 25 43 81 34 45 40 32 86 49 37 37 74 95 89 80 32
42 50 80 39 12 26 83 91 68 56 100 97 66 70 72 50 92 6 39 32 82 83 80 100 53 57 71 66 70 49 28 25 57 30 79 93 6 92 13 30 67 83 16 60 28 51 54 49 59 77 74 60 62 70 53 3 75 15 78 87 0 57 41 44 75 94 87 62 3 48 64 57 6 13 49 72 99 4 76 27 72 10 42 89 59 33 54 59 28 19 91 66 75 99 44 52 36 50 12 40 68 24 80 96 94 76 72 23 15 31 28 97 67 48 2 3 77 78 35 88 15 84 38 36 82 77 78 89 81 7 58 60 82 81 75 96 47 73 78 70 77 14 0 8 67 34 77 40 53 72 41 67 15 1 19 92 77 67 65 91 27 96 51 46 86 78 72 30 15 21 41 34 15 0 19 60 52 54 51 81 67 69 27 77 80 11 81 10 3 66 50 72 87 13 55 0 40 73 29 66 91 45 7 53 26 82 78 20 75 62 100 53 21 44 28 91 31 94 36 75 14 41 27 87 43 48 20 12 49 24 95 50 3 70 73 2 90 2 49 34 18 82 60 41 55 49 82 81 98 68 42 24 21 8 94 48 79 91 20 73 45 56 59 65 50 66 24 65 70 38 95 13 25 58 18 17 25 4 40 6 1 1 76 72 86 75 41 64 24 3 33 95 44 15 98 33 26 53 14 30 10 82 98 66 3 91 88 31 22 82 22 16 32 51 67 99 89 97 90 44 75 2 31 34 81 15 34 14 25 0 80 2 94 62 69 69 10 92 51 91 8 2 38 90 96 67 7 12 17 49 46 99 0 20 86 5 45 78 100 51 98 86 24 45 23 100 86 24 61 4 37 43 97 88 94 62 78 54 25 91 39 74 37 80 78 28 81 87 94 90 38 86 99 11 73 30 86 4 14 30
100 78 79 82 18 89 50 15 9 76 43 15 34 45 8 99 64 64 49 13 63 62 4 56 86 24 99 72 6 74 14 37 16 42 60 91 60 71 35 53 10 17 15 44 21 43 53 17 2 64 41 87 13 93 70 86 33 9 60 11 85 7 4 64 41 45 40 71 57 87 89 34 14 2 84 28 44 35 52 63 13 77 71 15 11 10 29 0 74 51 61 79 85 13 64 65 59 80 77 33 30 12 15 68 5 29 79 13 77 26 69 47 86 99 87 81 45 29 83 23 97 51 46 31 58 48 46 74 66 13 76 92 25 93 88 84 92 24 76 91 45 74 75 73 65 94 99 96 68 29 81 7 6 57 8 3 80 85 59 85 88 81 51 84 93 82 32 82 35 77 2 46 50 36 20 95 97 41 2 85 9 94 19 47 56 40 55 41 7 56 55 36 6 37 52 2 20 31 62 88 12 37 79 0 21 16 89 78 92 74 20 11 38 87 93 12 30 33 64 52 0 61 74 39 7 76 67 95 68 76 95 80 44 81 93 47 18 34 5 12 72 76 17 66 33 57 90 21 57 79 10 18 56 7 84 73 0 66 45 82 72 11 4 39 62 29 35 35 85 20 69 76 32 24 86 53 29 18 14 37 32 9 14 29 42 64 90 10 50 66 49 62 44 66 4 31 0 70 32 52 97 0 6 8 12 16 68 63 7 60 10 27 96 99 76 50 50 42 8 91 63 48 15 55 8 29 93 65 78 72 37 79 61 74 7 58 80 39 83 1 53 62 83 73 57 78 60 60 68 85 93 80 41 31 3 23 39 36 99 87 62 6 54 76 65 9 55 34 90 24 6 12 72 64 13 61 65 100 49 84 34 38 67 49 88 77 10 17 18 20 68 71 81 82 2 11 82 82 95 8
33 97 13 33 22 73 83 89 52 83 84 26 14 10 95 1 70 73 79 36 11 7 17 54 61 68 85 15 84 16 49 64 0 31 23 21 27 55 82 0 68 87 31 15 6 78 72 34 55 76 52 1 84 60 14 77 56 40 5 91 69 5 93 9 22 51 67 59 26 92 35 59 22 21 26 32 0 47 16 47 99 22 91 5 32 8 34 65 53 92 73 33 12 42 2 41 56 22 61 7 26 41 45 49 79 95 84 5 61 5 81 21 13 54 52 78 34 68 36 23 94 69 71 37 94 94 75 77 28 97 27 79 83 2 36 50 83 61 37 17 63 93 31 98 47 19 88 35 65 59 28 1 63 78 81 67 14 38 7 29 47 25 63 41 28 41 88 19 47 25 81 59 4 87 55 44 5 78 96 81 95 50 78 8 83 22 4 82 21 16 33 21 51 96 8 57 76 13 98 100 81 93 62 82 45 23 29 38 8 18 74 46 79 68 67 75 90 79 97 75 62 40 78 14 35 58 72 55 48 35 17 44 19 44 56 58 32 39 97 24 43 58 9 19 72 7 34 20 32 88 84 12 84 68 28 14 20 82 44 80 87 51 4 45 96 0 80 62 75 72 7 11 98 45 17 29 28 67 49 45 38 60 4 10 96 20 3 30 16 78 68 41 54 14 57 47 60 46 67 45 18 93 2 49 26 75 88 54 91 9 38 56 41 65 20 1 36 36 48 7 0 31 64 11 39 18 21 89 19 69 36 59 99 13 16 1 44 62 77 87 31 67 11 7 66 21 38 46 66 95 20 76 53 63 84 30 24 94 39 46 71 95 3 18 11 65 86 16 23 90 30 57 46 34 76 100 25 95 14 95 78 87 91 26 31 9 17 98 93 31 18 79 46 26 59 48 38 19 88 66
50 15 50 8 95 4 80 51 72 75 24 81 47 95 71 95 100 89 5 21 65 40 28 44 80 52 54 95 3 19 15 60 99 96 100 27 100 70 99 33 3 76 42 40 56 72 66 81 29 17 8 19 53 84 65 35 30 9 21 82 15 77 56 94 39 7 77 17 30 68 39 66 18 20 79 44 0 88 24 5 18 47 39 80 72 87 47 8 6 19 45 90 70 0 8 1 91 50 56 15 3 12 20 18 56 75 35 26 37 0 47 45 59 9 80 11 80 93 27 22 26 26 52 8 27 93 57 27 70 21 39 46 69 82 69 35 72 37 79 44 58 30 59 15 70 58 32 13 93 75 50 23 12 39 27 23 72 33 89 89 35 32 84 24 44 65 66 60 27 27 59 32 33 96 63 51 28 83 39 94 9 21 4 17 6 39 67 14 19 73 11 80 36 1 46 3 87 54 84 40 5 35 44 49 90 43 86 48 23 64 99 48 34 81 26 39 5 27 14 27 83 68 6 81 70 71 51 45 3 82 67 27 0 30 49 11 65 90 93 65 54 40 28 57 58 97 45 8 34 50 16 69 72 36 99 85 92 14 10 8 13 57 70 22 63 68 53 91 71 88 85 62 59 67 100 84 20 35 72 83 40 45 13 11 98 64 75 0 17 48 40 23 42 5 20 68 23 21 53 100 13 95 61 27 77 71 25 28 59 20 55 51 84 62 67 15 27 3 46 72 88 1 88 75 74 93 27 48 58 23 24 14 32 3 59 34 64 65 18 94 32 92 83 89 55 65 10 11 60 69 20 52 57 87 38 21 85 21 62 10 67 29 69 65 11 11 88 74 24 92 66 64 52 81 87 23 100 8 21 100 15 76 73 69 7 59 100 56 86 36 57 56 47 44 79 54 67 18 64 91
8 15 87 67 56 22 47 9 76 50 78 96 89 50 79 9 95 58 47 24 46 78 98 32 75 11 71 42 26 55 97 62 49 1 5 24 50 30 3 35 50 0 60 85 50 80 19 97 49 63 10 91 0 97 46 12 69 58 90 1 65 35 34 60 63 53 22 51 17 2 10 55 88 100 48 13 36 88 63 31 70 35 67 88 96 29 60 45 96 2 82 96 52 28 48 30 49 61 18 76 35 91 14 86 89 56 62 98 24 32 38 32 91 51 84 39 0 1 4 98 16 53 72 27 5 54 23 5 28 28 21 96 83 71 53 90 23 20 86 54 44 36 72 95 21 44 72 38 78 2 97 72 14 24 69 31 33 12 31 6 49 24 41 5 2 32 28 43 21 69 33 7 58 90 0 64 40 83 93 19 5 91 12 5 6 83 67 14 86 12 1 23 96 22 55 99 98 21 49 75 83 37 80 66 44 62 16 23 4 72 70 66 25 57 37 11 64 64 94 22 18 87 100 32 77 100 5 94 20 19 81 90 50 20 4 10 9 17 37 45 76 6 12 75 13 45 89 20 37 53 42 96 58 75 57 8 14 19 49 7 60 21 42 1 55 34 36 4 90 41 56 88 45 99 60 78 99 5 22 43 30 59 95 68 74 59 5 90 2 49 95 30 66 97 36 47 63 88 100 17 9 2 70 52 6 5 37 28 32 28 91 81 77 6 56 20 39 78 4 31 70 13 10 32 51 14 99 30 8 76 59 30 84 24 79 96 62 45 47 43 98 94 33 39 15 47 44 76 48 23 33 59 49 40 58 27 5 6 81 6 58 17 41 67 60 65 29 14 93 36 47 96 11 8 95 1 59 99 69 39 25 64 72 3 56 4 43 85 11 74 36 86 42 41 87 55 79 16 79 92
22 62 59 14 48 33 63 28 42 19 62 18 27 88 24 15 7 16 76 51 79 64 47 82 84 29 21 68 72 51 46 28 59 91 18 98 51 66 35 80 47 93 91 63 61 66 24 63 31 62 34 77 51 56 10 74 59 15 50 67 70 29 83 46 18 4 43 70 31 70 69 53 88 77 55 90 75 21 61 58 92 81 27 27 69 73 24 16 90 64 43 24 21 33 93 47 42 45 17 50 9 21 48 63 81 40 9 43 50 100 30 96 96 12 94 26 7 44 87 65 16 88 58 49 53 65 55 88 49 51 13 13 43 32 18 55 17 96 38 11 18 92 38 13 41 66 41 55 56 36 23 59 18 6 52 60 33 55 22 47 24 97 56 46 44 50 53 48 48 51 66 41 55 57 92 66 21 27 73 29 26 15 6 8 83 51 37 66 100 70 42 19 19 31 31 97 39 43 83 95 55 56 53 29 82 39 93 4 20 62 85 4 55 45 93 30 83 70 5 68 38 18 21 72 79 62 13 34 20 28 100 43 41 35 97 59 95 8 21 86 91 1 25 71 24 39 69 80 11 13 6 31 45 77 14 93 45 2 74 96 77 37 17 50 76 69 61 36 69 23 81 84 88 84 69 51 64 93 93 87 25 4 59 41 58 38 87 20 26 35 48 88 39 52 27 46 34 54 26 56 66 18 72 44 57 83 23 56 43 10 2 67 51 63 46 26 74 26 48 26 43 68 57 66 82 25 19 34 16 50 89 37 0 58 9 37 56 73 73 15 80 7 71 76 91 97 36 38 29 21 82 22 1 91 37 99 32 0 78 50 98 80 1 35 83 34 9 74 72 15 44 62 31 87 48 67 14 76 40 98 32 31 19 80 18 74 51 51 70 44 7 4 84 77 73 44 63 25 44 50
80 73 48 81 15 20 59 51 73 14 13 63 96 68 21 92 59 70 27 25 83 40 75 7 74 76 31 39 68 62 23 74 99 1 21 67 52 42 20 33 27 50 40 93 25 36 22 27 97 13 58 44 52 40 73 19 89 63 62 39 92 32 40 68 61 94 35 91 69 82 75 9 54 56 30 42 57 87 41 9 25 58 100 84 46 13 58 60 84 17 57 58 1 73 75 42 69 66 46 38 100 68 78 97 46 40 40 80 76 32 20 88 45 46 42 52 19 29 24 80 37 30 79 66 74 16 53 30 99 2 36 48 7 32 65 1 3 19 79 93 67 62 77 46 4 97 81 39 19 73 31 0 14 47 66 38 69 15 96 3 30 94 21 38 86 80 0 23 21 59 8 71 7 100 65 83 17 16 68 91 33 85 67 1 33 48 90 80 20 7 33 95 58 19 51 76 18 12 93 0 83 69 3 18 60 74 20 95 46 96 4 59 96 67 79 92 78 58 92 82 68 56 18 66 49 17 91 70 28 3 2 33 11 1 59 46 18 14 11 63 62 17 33 66 84 86 34 22 48 64 75 23 64 84 22 29 50 6 20 79 96 99 79 33 90 84 27 50 40 57 10 22 65 98 68 19 36 66 42 49 97 86 5 38 3 35 32 73 85 7 40 58 55 92 91 67 62 24 6 64 42 72 85 96 21 23 6 24 47 4 56 80 62 86 38 64 80 62 87 95 7 11 92 7 40 32 48 38 66 69 68 9 27 5 46 27 52 21 14 79 66 70 19 23 87 62 1 24 26 25 71 72 43 88 10 34 81 41 5 67 55 25 49 66 78 90 72 66 31 37 99 62 0 95 69 9 55 46 43 69 6 96 64 78 95 77 66 1 4 44 29 98 59 86 77 88 98 79 44 85
84 15 38 36 6 87 11 91 39 89 73 100 8 89 41 6 4 11 52 78 77 100 32 52 57 88 78 53 88 4 43 69 70 91 0 11 4 77 75 91 23 30 25 47 42 37 12 96 90 76 30 12 93 38 64 26 8 89 94 85 28 41 92 94 3 45 86 46 60 13 36 37 78 37 34 98 23 43 9 13 12 48 41 58 5 62 1 87 17 79 34 16 65 81 94 21 64 4 93 32 46 50 51 37 30 38 51 59 31 27 28 93 80 1 53 0 28 97 85 57 23 23 55 70 51 49 45 38 9 54 55 20 54 99 57 34 43 63 90 45 36 88 15 71 43 99 94 45 1 63 22 76 28 66 1 75 73 98 63 41 18 48 97 4 81 75 13 17 67 54 50 57 8 33 62 91 60 90 79 56 72 27 91 8 75 35 77 55 48 67 5 15 34 86 59 7 67 51 30 19 68 50 25 21 8 37 27 24 23 14 0 99 21 35 88 90 100 65 57 15 4 70 8 12 10 82 31 77 66 14 16 69 39 10 21 12 97 66 47 72 91 73 45 39 81 80 89 39 21 0 79 1 83 68 41 3 85 19 34 9 98 100 2 63 94 36 6 33 26 26 49 1 84 30 57 1 99 87 54 69 90 95 29 11 0 85 26 71 46 39 70 11 63 14 69 20 1 5 55 27 78 54 90 92 1 68 91 51 9 75 38 68 99 6 39 99 33 83 35 62 70 53 40 41 71 34 79 100 34 30 78 53 38 91 62 82 85 33 93 96 50 36 25 11 28 7 66 11 11 61 48 38 65 10 21 59 27 73 60 29 3 29 96 86 59 23 71 70 43 63 96 15 23 63 92 57 50 32 13 19 47 77 10 58 19 23 22 71 97 78 75 66 30 4 69 24 72 37 88 66
21 1 84 97 68 55 69 93 32 77 58 9 59 23 81 77 86 22 99 69 22 47 38 21 19 20 67 54 72 27 65 13 13 26 76 62 29 92 20 28 96 80 5 78 77 62 53 79 21 43 43 89 69 16 42 28 99 18 1 27 3 100 34 61 41 27 70 28 38 53 71 60 58 5 83 9 7 59 9 42 31 100 44 57 68 20 58 0 49 30 83 99 17 16 23 32 97 53 96 43 27 3 77 92 42 39 88 91 48 62 36 30 84 57 65 32 27 24 8 16 6 47 85 53 99 67 69 85 10 40 97 70 62 73 19 26 13 79 73 39 67 12 21 56 24 10 62 28 23 28 3 24 37 11 20 72 49 90 36 16 75 61 50 92 97 100 26 80 64 2 98 8 1 72 95 21 0 81 51 35 36 55 92 37 81 11 49 98 1 9 77 93 77 0 4 60 39 91 24 35 11 94 93 83 27 90 69 29 22 27 14 49 59 19 75 69 31 67 99 86 65 76 55 11 73 4 58 94 73 68 63 93 47 11 35 3 48 77 86 31 34 18 78 13 35 19 55 41 51 18 73 96 33 95 45 55 59 76 43 98 19 38 69 75 77 6 26 53 67 13 15 72 95 5 34 61 20 14 94 68 19 37 100 71 28 61 9 99 49 54 48 15 4 1 63 87 74 37 50 62 69 20 24 93 38 75 12 80 64 57 54 56 43 14 67 96 79 78 99 93 51 47 33 10 40 14 77 34 80 76 60 100 33 20 34 38 80 57 47 24 32 9 32 49 40 91 0 40 27 66 66 44 20 1 9 39 61 67 64 67 81 98 2 50 46 94 11 17 79 56 29 1 97 2 69 27 59 41 73 59 83 86 47 84 37 16 8 64 57 36 87 40 5 22 79 6 3 21 24 9
17 83 94 23 31 72 78 97 29 66 79 28 59 93 80 36 67 41 43 21 80 80 0 91 59 12 29 87 15 39 66 94 52 50 68 87 66 63 80 86 0 73 35 15 29 70 53 98 87 88 85 86 89 96 17 40 14 75 74 17 67 76 77 42 6 0 28 28 99 15 82 39 70 13 7 100 50 56 90 45 73 63 93 28 13 30 69 45 61 74 26 81 15 47 82 36 27 73 43 85 77 90 26 0 1 96 54 0 66 24 39 86 94 9 2 25 69 33 13 81 64 3 62 8 31 54 80 88 14 21 55 1 17 17 58 27 5 34 94 78 65 62 98 48 8 5 77 58 89 79 30 11 40 91 39 17 33 24 57 72 25 93 52 19 30 20 19 13 14 39 21 13 81 65 94 89 90 64 39 31 61 74 79 12 13 76 34 36 8 0 11 74 45 0 99 83 12 78 10 85 21 55 12 46 26 63 74 35 83 78 27 65 88 29 23 92 30 77 30 23 65 25 83 25 32 18 22 44 27 77 80 78 96 23 18 2 99 26 51 47 49 72 11 62 14 83 32 29 89 34 83 36 90 94 23 72 82 73 38 6 55 91 53 37 79 97 77 85 23 6 22 96 10 56 46 84 36 15 8 37 100 32 18 93 86 44 84 97 35 41 35 23 22 72 60 71 33 17 93 57 31 73 1 39 29 59 17 65 26 60 54 96 54 94 49 5 48 68 45 50 46 77 30 51 73 60 84 82 48 56 54 48 25 22 90 77 60 78 85 71 6 82 65 62 42 40 38 30 59 78 1 79 41 61 5 19 8 76 81 11 63 50 5 71 96 59 92 53 12 78 74 8 97 34 23 30 68 87 13 68 9 33 97 23 12 1 9 79 74 15 17 11 60 37 40 27 83 64 11 35
50 33 54 28 53 67 33 74 57 4 51 41 7 95 35 98 59 11 31 67 54 56 94 56 5 72 45 14 22 13 24 87 80 100 34 87 60 66 99 3 90 79 72 78 18 53 1 34 100 35 52 16 68 48 7 81 96 46 14 71 24 20 41 55 23 75 45 16 62 16 96 44 0 23 72 70 56 91 22 7 1 14 21 66 62 43 92 15 70 73 3 84 22 23 3 23 7 52 34 21 57 10 74 81 93 27 3 38 25 43 18 74 32 77 53 17 47 69 42 44 63 29 55 64 90 97 50 53 59 3 32 79 32 90 97 19 86 74 72 88 80 55 27 82 22 100 28 3 93 67 93 38 46 81 4 11 54 10 21 58 86 58 68 36 47 0 3 55 28 16 98 93 7 86 99 21 3 3 100 11 8 43 62 90 12 88 65 88 41 27 29 25 81 34 4 35 8 13 55 45 73 19 72 98 11 55 74 27 55 73 56 90 79 2 23 69 95 50 12 35 98 63 69 81 80 1 61 22 11 26 71 92 27 63 40 51 85 24 25 22 19 76 92 5 37 39 86 42 68 54 21 61 20 84 15 18 85 1 74 24 28 1 65 47 48 59 86 81 28 39 46 79 45 0 41 88 52 22 2 8 55 83 4 67 86 53 96 68 56 49 95 78 72 65 100 17 99 98 81 74 13 33 59 75 24 23 70 17 4 23 92 38 56 70 76 68 87 41 64 98 0 28 97 23 28 28 28 33 14 27 74 19 40 28 11 17 44 7 0 17 69 66 10 17 61 100 53 63 43 98 4 97 5 77 75 97 72 49 87 87 62 18 56 14 45 29 100 15 67 21 16 12 47 32 74 85 3 43 89 91 61 86 98 10 63 74 2 87 28 54 30 70 7 38 26 17 56 94 51 39
30 74 62 13 72 63 93 55 4 64 62 35 28 60 63 66 14 80 9 23 35 34 94 19 68 48 78 44 80 69 43 51 6 28 98 60 5 64 13 1 94 57 62 26 76 56 77 90 68 82 85 19 32 21 27 54 81 10 61 26 67 57 79 67 36 50 14 30 22 49 45 10 72 57 38 82 91 95 48 62 59 70 80 95 96 70 46 8 55 19 36 63 73 0 83 18 62 7 71 88 50 94 96 71 97 1 25 57 33 40 30 89 88 60 58 5 39 96 40 6 28 58 98 69 70 94 39 35 34 55 58 87 45 55 84 59 34 91 14 46 56 22 81 66 7 24 29 20 7 72 11 14 48 75 13 59 25 51 14 16 77 3 37 75 91 96 3 8 87 22 64 0 39 16 98 86 13 47 60 22 10 41 53 18 74 40 68 100 59 38 72 93 14 81 46 99 84 7 64 65 52 16 32 60 20 51 84 68 66 22 66 13 77 73 55 71 56 19 83 68 71 9 44 23 68 46 2 25 86 59 57 44 97 20 35 85 65 99 96 75 24 70 15 71 44 26 48 6 8 93 97 56 81 97 25 36 80 14 67 90 77 69 22 60 35 42 29 99 57 93 88 34 14 69 34 79 40 47 4 42 49 26 84 7 12 31 76 91 45 94 46 71 3 92 19 3 55 73 54 73 14 96 54 26 42 77 12 9 85 94 33 1 91 67 67 73 49 55 48 91 58 64 74 71 81 51 17 11 85 65 24 37 96 85 90 12 40 9 67 17 34 32 40 16 37 44 14 79 29 17 48 0 41 77 50 29 95 94 44 61 26 17 34 71 0 82 23 57 64 33 39 40 96 19 30 64 34 6 68 44 93 88 79 60 28 87 100 27 59 12 15 45 97 27 96 16 38 42 95 57
42 69 33 41 67 64 66 15 18 37 55 21 25 75 72 46 76 49 78 58 52 76 69 90 30 61 0 48 48 83 33 73 84 43 36 83 28 41 2 66 52 99 64 41 4 72 61 20 74 58 16 21 40 68 12 29 47 64 88 2 90 9 20 48 38 22 16 50 23 29 12 77 62 92 32 86 55 56 10 6 58 45 3 55 17 91 84 98 45 18 0 68 76 79 37 34 30 12 8 77 62 19 87 97 100 39 3 3 34 86 41 28 95 55 57 15 0 18 37 17 28 23 37 14 73 79 69 71 12 62 86 11 64 41 22 59 59 36 26 21 53 1 7 21 29 60 17 70 82 92 70 88 88 14 80 25 12 96 77 74 56 9 16 81 60 36 58 0 46 76 93 76 10 99 3 66 32 86 92 66 91 62 53 6 62 75 13 62 29 61 24 54 67 86 91 8 86 22 26 6 32 34 44 30 75 47 45 90 18 68 9 8 79 47 48 11 81 97 49 76 29 31 63 57 94 85 4 20 80 7 80 27 100 8 100 93 57 93 33 93 79 58 7 70 52 4 58 63 83 73 44 93 84 17 35 67 43 99 82 54 60 26 97 7 88 100 24 73 64 43 61 58 50 45 10 10 96 73 49 49 95 67 71 68 21 16 63 35 95 94 29 55 43 21 28 84 59 62 46 62 1 30 48 24 9 100 78 74 84 55 5 18 58 46 51 91 14 58 67 9 8 73 39 53 1 42 87 46 33 88 67 40 26 22 30 91 50 67 15 3 85 74 3 54 75 57 38 44 4 18 17 85 41 89 25 51 14 14 64 17 60 44 85 50 22 59 66 16 42 4 47 46 80 1 62 32 90 61 20 10 23 26 11 94 55 0 20 7 79 43 27 88 47 75 62 70 89 77 69 46
83 21 68 56 95 41 72 11 26 42 80 26 55 55 79 15 32 98 78 24 25 37 5 79 68 31 50 92 43 54 18 37 29 40 73 89 53 98 19 2 4 44 46 99 38 74 71 96 88 60 29 95 0 49 46 21 54 57 11 5 46 38 96 51 51 47 14 91 62 54 4 53 51 33 31 8 20 82 60 7 58 63 81 89 18 75 12 18 14 74 35 32 19 21 23 73 36 25 24 61 83 72 64 8 76 35 54 21 25 95 14 95 67 52 54 63 25 56 88 13 10 62 96 1 70 72 66 14 18 54 96 81 25 32 35 13 18 88 53 66 21 11 64 72 69 55 15 78 72 48 61 73 49 36 6 89 7 79 11 83 18 7 7 29 41 90 64 80 12 3 93 64 45 75 35 45 77 38 30 62 69 37 54 85 27 10 62 77 95 14 85 35 21 61 29 64 5 0 31 36 63 30 26 55 7 46 70 2 66 66 69 69 91 24 91 4 23 25 86 95 42 54 60 52 32 14 4 33 6 9 71 96 24 40 6 93 79 81 97 5 30 0 12 33 44 10 32 3 73 84 38 39 28 68 86 35 98 89 14 78 93 46 50 56 24 78 70 77 7 52 70 48 62 84 51 56 2 55 89 19 98 2 86 30 58 71 50 26 3 44 18 91 86 78 69 36 73 88 39 98 14 67 96 22 90 61 31 93 57 57 72 16 61 87 74 50 64 63 76 37 71 86 8 80 17 10 96 47 90 60 57 42 27 16 21 37 90 5 8 63 96 92 39 94 21 94 72 40 2 25 56 48 50 50 19 4 36 34 41 41 22 3 23 7 100 87 92 0 51 61 18 17 87 9 94 99 45 81 42 43 26 40 46 1 80 28 46 31 39 29 6 31 62 49 94 92 88 68 66 68
48 96 63 6 60 53 36 42 43 8 79 77 54 95 73 97 30 67 48 41 88 33 59 47 36 1 66 30 63 92 29 41 53 55 96 79 67 78 80 72 48 13 8 5 41 12 25 32 74 36 94 1 78 4 53 31 86 9 43 87 84 43 39 22 77 49 15 83 9 48 22 93 46 49 20 30 85 53 39 55 47 70 27 50 3 56 31 8 83 10 4 82 71 0 57 13 88 66 92 95 76 12 33 18 23 3 9 28 31 27 40 3 85 55 66 79 66 96 83 51 66 51 7 25 4 25 57 10 48 61 64 7 47 3 71 68 57 41 37 57 76 52 26 65 60 24 74 87 38 26 59 23 86 34 42 65 32 93 75 69 23 85 58 34 39 34 68 2 45 47 26 92 63 50 89 42 89 62 14 68 59 3 89 11 55 49 96 76 83 74 6 82 84 79 97 3 90 92 12 40 1 7 0 8 30 33 2 98 5 94 89 38 32 96 28 71 24 67 35 1 93 41 98 89 2 20 0 63 99 56 2 46 15 60 18 49 29 6 56 36 67 22 54 78 70 69 28 30 42 73 16 43 88 28 7 97 44 87 39 76 21 40 26 69 43 84 97 28 36 93 73 24 49 72 5 91 92 72 54 64 5 18 59 88 36 66 41 86 48 7 64 70 6 83 57 82 58 83 16 56 86 41 46 25 43 93 73 9 33 89 42 50 32 99 87 83 99 25 78 91 43 92 49 53 12 92 48 23 47 18 51 23 51 63 88 73 78 89 70 58 3 94 0 7 84 100 93 38 97 80 76 49 84 24 18 66 84 21 54 76 50 61 54 95 55 28 44 32 19 38 70 67 67 17 93 7 19 75 66 66 72 47 99 84 72 86 73 64 41 41 33 3 4 22 57 50 72 79 38 79
17 46 90 42 88 87 95 25 24 26 97 67 37 31 70 35 43 63 14 91 93 65 97 0 22 39 68 10 77 73 45 58 88 24 83 61 41 1 33 83 43 85 32 87 91 42 25 81 100 93 34 51 17 83 51 14 51 37 10 32 49 12 30 87 27 91 36 2 19 9 93 92 73 7 96 5 44 37 94 32 59 13 33 0 55 75 17 50 95 48 54 8 10 5 32 56 82 65 99 99 35 76 88 83 71 56 77 75 97 4 77 17 8 79 70 95 7 51 26 85 35 3 61 6 78 53 6 15 60 46 42 96 37 80 93 69 29 4 52 35 48 92 60 67 30 39 96 31 78 38 55 13 72 21 27 69 25 84 11 83 58 36 4 3 21 59 37 20 93 46 95 22 68 81 85 65 22 15 33 100 55 77 81 84 71 12 11 61 50 100 75 4 1 65 32 22 55 18 2 97 27 83 59 10 85 34 45 68 70 54 96 22 63 82 100 76 14 12 78 80 67 96 44 64 89 80 66 55 44 75 61 14 93 31 9 67 76 76 11 42 78 17 60 61 2 9 92 92 47 85 18 20 16 27 39 42 79 97 2 34 31 30 55 44 0 77 54 91 73 30 16 90 69 81 24 2 15 4 53 67 27 68 81 6 40 59 46 86 26 47 28 81 57 27 27 43 49 4 81 67 42 83 21 52 92 18 47 14 99 24 22 100 98 89 83 61 13 55 88 20 41 7 59 39 95 11 9 75 36 75 31 48 89 47 27 60 15 51 89 44 67 45 91 91 98 76 69 88 82 8 84 77 34 97 10 44 86 10 85 36 69 23 44 62 86 95 51 63 82 57 47 41 48 73 86 0 9 1 24 71 62 29 93 10 55 14 2 9 25 65 37 60 50 71 88 86 0 31 34 88
37 66 73 48 97 82 22 13 68 65 92 43 65 55 33 99 3 8 74 75 25 100 46 88 75 89 95 86 75 83 52 53 30 83 81 94 29 88 52 77 59 12 76 46 67 52 22 61 19 42 23 43 70 63 90 13 1 44 40 71 75 45 1 2 29 52 87 2 57 43 44 20 68 55 12 50 33 37 94 64 67 50 87 70 0 83 10 17 27 7 97 24 16 56 0 17 67 57 75 39 44 97 73 85 4 94 66 69 0 23 46 58 70 96 67 9 5 46 76 63 57 32 94 45 87 55 99 32 24 62 5 7 6 8 7 40 25 30 6 28 71 75 93 1 95 87 61 10 50 69 61 9 46 70 38 15 96 31 17 1 5 8 40 15 80 0 22 13 63 58 1 9 79 8 24 55 98 11 68 68 96 30 44 85 79 48 94 61 36 1 33 67 51 51 43 98 83 86 24 50 17 72 12 44 26 35 55 74 5 13 20 47 52 24 31 91 13 14 94 18 96 13 74 48 88 62 19 41 10 68 77 91 34 4 44 85 99 55 52 76 85 7 40 17 95 45 2 69 86 21 20 15 57 41 64 56 42 22 55 64 82 85 55 67 44 74 56 92 78 89 96 70 21 61 59 16 38 11 1 7 37 36 7 76 56 61 93 46 98 19 40 36 94 92 53 66 83 46 0 13 39 99 100 64 85 65 62 60 9 87 57 82 29 90 45 38 98 31 10 91 1 36 90 36 42 6 61 4 57 13 59 43 24 33 78 9 23 56 95 44 53 5 76 89 100 23 78 66 24 60 69 43 79 10 51 58 82 11 47 99 77 89 63 68 83 41 93 34 91 59 42 79 94 11 67 66 48 6 90 7 24 11 82 38 48 58 100 32 84 24 35 69 98 36 56 71 55 5 44 19
27 100 25 22 26 10 89 25 63 54 9 95 12 91 15 63 44 74 95 61 21 37 34 18 95 91 49 53 14 22 17 60 62 25 46 12 38 45 97 59 84 7 27 48 22 46 86 26 53 60 18 61 79 18 95 16 95 18 43 98 40 19 75 43 46 45 68 83 75 56 31 1 22 22 29 89 69 90 48 100 48 10 33 45 49 96 83 60 56 12 92 24 78 87 57 39 4 74 18 45 32 83 87 2 44 50 25 93 89 44 37 54 10 88 27 69 12 12 36 94 15 84 72 20 90 98 39 5 97 41 58 50 85 52 73 3 29 51 53 9 63 8 38 39 92 51 59 76 71 3 66 57 14 29 52 85 65 4 18 44 56 54 92 43 37 1 94 88 47 87 18 85 14 80 63 25 56 30 22 52 20 84 38 8 77 41 91 34 44 61 57 37 78 80 82 16 89 69 47 51 51 3 23 96 55 27 76 80 100 99 77 4 3 46 22 56 94 65 23 94 60 62 31 57 24 25 8 10 5 3 58 6 93 86 89 98 8 46 98 68 13 89 27 38 56 7 93 49 70 14 36 83 37 72 78 92 18 91 99 45 4 20 95 42 71 90 80 14 56 56 9 34 82 37 46 39 8 73 36 82 94 63 45 22 2 85 6 19 37 21 41 36 37 19 60 50 27 70 6 70 74 5 72 99 73 75 82 86 82 18 81 57 20 14 29 25 7 9 73 91 68 45 48 41 78 44 76 28 77 41 79 26 48 32 65 62 95 51 23 98 34 34 70 83 50 63 58 29 62 59 37 48 95 93 4 88 67 27 72 82 6 92 93 72 98 98 47 41 100 64 25 89 64 92 30 55 93 11 12 72 32 87 39 4 49 94 87 3 49 72 27 88 33 93 87 55 66 51 22 22
70 44 22 19 46 23 30 12 59 100 75 18 74 47 61 57 14 50 49 88 19 8 99 68 26 38 40 72 56 69 100 26 92 8 5 57 84 89 9 40 59 65 100 74 67 33 52 45 57 90 66 10 16 10 66 27 93 85 19 84 23 44 84 86 93 11 39 32 41 25 38 68 94 50 95 97 73 8 18 32 2 85 23 68 99 82 64 91 93 7 38 7 71 29 84 74 94 89 74 64 51 73 71 42 63 80 45 35 67 35 55 51 80 8 53 34 17 34 39 4 18 76 74 2 84 83 44 99 57 0 100 88 1 29 94 91 74 56 26 70 92 67 62 10 46 100 10 77 84 29 36 64 95 56 100 34 98 15 87 11 53 54 50 90 22 73 73 91 87 75 69 23 83 82 91 49 91 96 29 79 91 0 17 50 1 88 62 97 5 66 64 51 67 77 95 96 29 97 25 28 91 46 24 11 76 78 73 93 76 50 5 97 45 39 23 2 30 41 20 33 65 90 99 49 92 16 27 61 35 64 56 27 78 83 85 44 62 65 21 20 12 13 67 36 5 82 40 37 86 75 67 81 19 41 35 59 45 19 38 93 5 38 24 42 77 57 57 74 38 57 52 8 22 96 66 6 19 1 68 67 54 58 58 97 68 60 100 62 23 37 46 46 83 39 62 40 24 70 28 33 50 55 71 20 93 75 98 63 10 87 44 25 81 25 78 7 62 41 42 89 33 28 56 76 54 60 24 50 25 73 11 23 74 92 73 11 81 40 57 33 89 67 85 12 47 89 88 60 51 63 25 2 61 34 14 84 100 84 60 95 84 60 95 8 70 70 66 28 5 52 64 7 64 98 61 10 52 92 75 0 35 97 12 38 52 17 32 75 90 59 49 70 3 26 95 92 96 55 84 96
5 2 41 42 38 66 44 49 76 45 49 67 30 13 38 32 40 26 85 12 99 14 0 94 19 32 98 36 12 69 36 58 25 32 40 91 18 43 2 9 57 66 62 23 56 42 97 34 65 43 42 67 18 5 71 92 96 2 1 23 33 95 36 78 96 75 60 56 60 6 20 0 20 39 13 33 55 4 6 53 60 15 34 19 85 37 30 26 50 92 49 88 66 90 73 67 69 39 21 22 20 94 65 10 96 93 99 87 36 89 70 80 86 82 39 39 76 49 69 74 93 50 76 46 23 17 90 54 58 90 40 23 64 30 35 60 96 50 0 27 26 34 76 92 31 73 11 45 39 11 67 64 84 66 36 88 8 19 63 53 53 13 57 70 76 96 62 43 93 55 21 44 81 51 43 22 54 51 30 26 16 10 0 9 14 51 26 77 10 43 76 89 7 93 50 84 54 46 31 55 69 79 59 16 73 16 51 52 30 95 3 69 56 18 48 95 62 44 72 81 92 17 94 50 86 54 16 99 6 22 48 36 48 22 3 32 74 43 34 64 88 45 84 71 9 98 83 41 46 49 72 68 11 8 12 25 28 36 60 9 45 65 53 57 46 21 5 88 36 66 16 81 97 14 100 38 83 27 96 42 23 6 10 94 26 85 87 3 69 85 69 58 75 26 78 23 68 36 9 69 3 67 100 23 80 10 64 28 12 4 99 65 54 29 31 65 69 66 84 69 72 6 88 18 1 21 40 91 94 55 51 31 79 56 28 56 74 86 51 53 28 11 78 55 60 35 86 82 21 27 45 47 85 93 78 53 5 6 10 8 50 61 67 29 34 72 46 27 84 70 76 71 59 40 39 28 80 39 29 59 53 35 77 79 99 40 5 91 42 13 71 58 15 18 39 67 22 85 93 30
36 60 32 7 100 13 83 45 29 46 11 14 59 72 81 25 24 20 81 80 75 67 56 96 44 1 5 77 84 50 90 72 75 27 88 58 67 31 63 5 3 94 67 89 51 75 38 49 41 20 81 80 72 88 49 92 50 35 49 76 6 1 24 2 31 1 40 75 1 12 95 84 5 51 11 55 21 26 15 90 23 27 46 69 63 46 92 95 87 22 53 16 84 79 19 8 70 6 7 84 59 82 28 6 38 2 89 15 64 30 2 12 46 51 11 36 100 47 32 18 41 0 75 32 47 75 47 16 34 38 72 46 38 21 17 2 50 96 81 71 62 12 41 21 47 71 71 84 80 76 47 17 10 99 80 100 78 1 78 17 54 52 26 79 66 2 47 10 25 77 86 71 60 65 43 48 59 59 1 87 36 39 52 99 82 93 47 91 50 82 1 43 78 85 38 95 64 92 36 36 17 85 52 6 73 94 12 84 10 83 8 62 14 82 90 81 89 82 13 18 71 23 39 28 93 71 54 48 8 91 0 27 63 29 23 76 10 39 81 10 69 21 66 11 38 86 35 43 9 62 68 59 80 93 70 24 98 1 15 82 48 82 22 43 86 27 40 17 0 57 17 57 40 0 95 53 32 29 91 4 94 88 39 47 44 62 35 82 12 23 99 32 42 22 83 70 90 17 3 57 86 5 68 35 7 1 7 56 87 86 79 1 67 75 21 60 98 77 43 29 49 70 93 1 58 17 0 88 60 15 40 41 67 38 87 93 37 23 96 57 44 39 92 71 56 40 23 40 51 77 51 55 57 25 90 25 79 60 90 20 96 1 77 4 68 35 99 13 71 37 94 9 59 52 40 50 59 97 25 38 32 56 2 91 80 2 52 32 99 83 43 49 32 71 17 89 9 16 64 37
71 52 57 100 99 92 67 33 78 19 91 30 9 74 33 75 57 11 18 28 57 90 24 73 1 42 75 46 23 50 20 54 59 87 71 41 39 22 34 19 60 55 45 35 89 38 54 85 57 38 70 71 4 7 51 44 90 97 48 90 74 33 38 55 5 86 78 10 76 52 95 48 77 84 47 74 37 55 74 3 45 6 89 73 9 36 73 68 34 31 77 44 31 6 64 99 88 36 54 44 43 13 28 38 18 4 71 49 17 64 12 46 65 61 78 31 67 70 81 8 38 36 37 4 97 52 25 16 15 21 59 40 7 48 97 19 11 12 45 30 26 49 43 95 82 24 50 29 49 35 34 7 78 57 61 29 37 10 26 45 21 70 6 15 56 69 26 53 74 54 64 48 60 3 56 78 8 20 48 69 16 56 78 12 60 64 51 47 72 93 46 91 19 13 80 11 35 3 64 77 90 50 1 37 56 31 89 38 34 23 37 7 43 15 67 54 1 79 100 91 1 93 0 79 11 96 17 89 100 7 100 9 81 19 86 96 68 1 77 25 72 96 66 35 35 39 68 27 43 56 92 75 94 64 67 34 43 38 62 55 93 20 25 90 21 84 77 41 10 89 34 43 5 9 32 6 100 2 69 63 81 100 10 9 11 1 38 81 98 18 47 5 94 29 31 5 41 36 98 8 43 86 53 24 56 82 66 31 57 67 21 11 53 6 72 14 95 34 89 91 70 11 94 78 14 60 66 27 8 5 12 46 20 6 7 90 73 45 15 40 50 55 5 70 70 38 64 85 56 86 48 76 15 88 7 61 35 28 26 95 32 15 92 71 49 26 29 79 86 87 11 47 12 81 28 1 20 25 92 53 61 61 49 11 0 84 66 53 70 24 62 78 36 20 84 17 14 93 18 75
38 61 45 94 80 72 19 32 36 66 99 27 94 46 8 4 38 66 57 93 12 46 89 49 82 82 92 69 9 84 3 19 64 39 54 84 92 61 94 76 22 1 40 95 94 56 1 79 15 6 52 27 14 91 45 92 100 86 24 88 26 77 73 62 5 58 71 85 45 76 90 16 7 48 91 86 59 11 75 5 24 86 27 46 79 39 42 97 48 50 39 39 98 25 81 45 7 63 78 85 16 72 82 41 74 11 43 63 24 34 42 100 33 60 64 21 84 55 30 100 68 90 2 20 24 98 52 46 26 81 32 8 87 32 36 78 14 8 91 92 15 23 41 26 63 71 74 82 82 6 63 53 0 20 63 12 63 82 15 28 8 41 34 11 84 0 60 69 40 69 94 68 70 12 89 3 99 24 75 85 93 96 62 80 67 54 33 90 83 72 53 77 82 64 69 77 18 30 51 95 57 29 83 4 68 1 16 19 7 81 96 46 80 33 36 89 3 72 20 3 16 51 68 77 45 50 44 19 19 62 58 73 92 84 8 57 17 16 64 57 100 74 74 22 8 3 0 8 1 17 27 42 4 75 67 26 54 0 20 17 39 96 46 96 26 86 81 98 76 5 9 69 59 87 11 11 34 39 29 2 42 53 52 59 53 7 27 19 13 20 86 63 25 82 50 22 47 71 0 35 54 28 52 73 47 5 35 53 62 16 53 33 7 53 92 100 38 49 86 43 66 40 1 92 91 21 28 4 78 95 20 26 90 35 90 86 44 85 74 21 14 61 79 68 50 97 7 71 2 18 5 46 76 96 68 100 26 41 50 57 59 42 34 88 29 79 48 54 1 92 10 8 28 52 88 18 37 70 69 3 42 96 91 42 0 8 38 10 39 17 33 9 11 45 16 93 29 90 76 5
13 62 77 33 22 85 14 7 77 45 31 14 71 77 7 60 86 67 42 64 34 36 52 16 45 27 97 45 60 28 65 24 49 63 88 65 38 80 83 39 7 10 36 82 95 54 79 0 60 11 64 60 12 43 23 2 27 23 42 84 82 29 23 3 83 44 68 79 18 45 44 90 51 67 53 76 45 20 65 39 31 25 26 54 9 38 4 30 78 46 4 7 26 100 95 32 0 51 34 28 53 29 75 84 30 38 63 39 6 36 46 9 42 49 40 43 100 50 98 24 14 98 67 8 20 13 52 27 18 13 17 91 93 8 41 65 70 62 58 10 21 87 39 42 42 73 80 89 46 74 64 49 14 28 31 96 55 75 6 85 3 42 97 39 67 58 58 79 11 71 68 63 75 97 51 99 79 98 56 22 97 60 69 48 100 4 11 88 49 83 47 75 80 82 79 38 66 63 93 52 57 96 100 80 32 90 1 73 62 94 26 77 75 24 19 44 72 66 78 35 31 93 0 48 29 66 55 79 3 73 84 62 25 70 44 80 15 73 33 0 47 64 79 45 47 84 92 99 5 42 14 25 100 82 29 68 57 72 73 5 48 36 74 87 63 60 21 32 14 64 86 6 8 15 13 66 12 47 73 73 43 35 99 4 34 43 84 39 24 12 52 53 33 40 42 31 49 95 11 32 84 48 32 37 52 96 41 100 5 43 26 75 79 6 49 33 65 27 72 13 61 47 1 1 4 99 63 42 62 51 1 55 73 74 55 67 46 75 99 44 19 22 32 69 90 28 10 31 61 94 70 92 43 69 62 53 78 68 57 57 89 71 43 69 97 84 93 84 3 14 74 67 91 15 50 43 66 43 78 49 62 16 81 32 66 84 91 52 43 87 36 29 23 6 46 48 43 30 16 3
21 85 52 45 90 58 87 52 73 57 72 57 51 22 12 4 25 9 92 82 97 89 74 6 46 79 51 68 97 13 49 34 43 99 66 16 79 42 44 77 48 63 65 49 49 46 78 54 58 94 5 58 91 74 9 20 67 52 40 63 29 65 80 34 72 1 14 8 95 91 95 32 10 27 43 17 47 57 31 3 30 98 74 49 67 97 74 12 16 71 8 33 3 91 29 41 42 55 79 86 66 4 9 37 72 95 65 8 78 68 75 60 88 55 34 100 89 75 57 62 31 48 26 100 89 13 62 66 92 67 52 11 96 94 55 14 94 53 87 22 96 52 29 39 52 31 59 67 40 12 42 76 15 60 89 39 73 100 35 63 30 90 9 81 30 20 1 25 73 91 58 53 96 10 33 99 32 59 72 74 68 23 55 65 62 49 22 6 31 15 59 61 9 11 45 20 45 16 31 6 80 21 10 68 39 77 71 76 75 37 95 49 88 79 74 99 94 12 26 33 20 23 51 20 16 30 80 34 45 5 13 19 16 30 35 45 87 43 38 66 56 66 48 97 73 38 20 37 3 48 22 13 47 33 68 90 22 88 44 1 63 67 85 39 31 89 1 99 64 88 58 27 26 93 36 0 40 10 48 72 46 100 11 94 62 4 65 84 7 23 94 65 87 47 33 87 36 94 41 6 70 16 30 47 56 28 97 3 84 65 27 82 18 49 86 91 45 17 10 71 39 34 73 75 73 77 17 100 58 46 72 9 69 51 38 17 57 35 58 11 96 0 47 94 72 60 55 12 55 61 2 46 54 39 36 89 91 55 25 96 73 10 23 13 59 77 14 75 3 21 37 22 95 63 2 57 43 12 76 76 95 90 20 30 57 25 42 71 45 71 62 82 77 7 6 77 94 54 15 80
52 26 17 68 25 42 89 53 35 16 5 60 93 24 52 6 27 1 7 52 48 32 48 33 16 42 93 44 59 97 89 99 81 20 85 93 69 85 44 75 41 46 74 33 25 82 41 76 44 42 26 0 27 84 52 95 28 57 35 53 80 93 92 70 41 64 81 38 56 18 73 49 10 4 33 7 51 62 96 66 1 93 0 61 90 23 48 18 63 92 37 74 42 11 39 46 6 83 6 8 93 24 69 39 71 6 81 80 21 0 82 19 19 42 89 73 78 59 89 100 21 25 8 14 20 62 46 98 67 72 39 81 93 88 97 36 79 83 58 22 41 89 27 64 50 58 64 17 51 39 68 95 60 77 43 89 74 68 66 63 31 95 47 14 75 30 9 80 19 45 12 29 23 38 11 74 16 24 56 20 0 5 14 94 23 80 42 59 3 73 16 52 29 20 4 55 69 69 62 39 47 37 70 27 25 73 34 89 85 91 43 75 1 44 54 84 29 36 93 73 74 66 93 27 17 26 59 93 93 27 8 97 55 32 74 19 77 9 15 40 79 40 80 55 92 45 66 90 100 84 70 58 28 12 22 81 90 9 28 77 80 41 3 56 58 27 94 39 100 87 75 65 42 31 74 24 82 82 53 40 86 97 8 85 82 40 21 29 84 42 48 85 20 24 96 85 6 62 54 95 92 15 32 80 87 39 11 28 18 67 22 64 74 15 39 51 67 50 71 12 27 85 48 30 84 59 73 66 10 81 59 34 95 57 17 32 83 63 86 61 33 45 97 87 95 34 69 7 0 45 97 59 61 4 2 59 21 75 39 34 22 67 90 94 3 69 48 14 51 97 100 95 21 76 80 69 32 95 92 10 4 62 29 6 56 90 32 33 40 61 2 38 34 25 62 99 65 56 30 68
62 96 13 92 50 82 79 94 99 64 34 82 20 71 80 38 93 69 99 8 0 65 26 44 44 54 89 35 30 39 39 3 1 76 98 74 13 34 61 1 79 33 91 42 83 52 73 69 96 61 41 17 62 77 81 100 50 10 64 61 97 42 67 41 85 76 74 11 27 96 11 13 7 63 11 81 0 83 68 94 40 93 100 44 76 77 81 20 76 23 1 0 97 65 57 56 95 50 39 57 54 34 56 53 70 10 24 91 89 56 89 81 100 79 26 73 48 59 22 11 93 58 64 87 34 21 73 98 83 51 45 1 79 47 18 56 97 45 51 16 100 85 44 4 2 98 53 76 94 59 32 91 30 59 78 43 42 34 32 9 83 2 11 10 68 75 16 65 19 80 27 100 61 90 77 0 6 55 98 30 56 28 48 81 33 40 85 39 0 47 5 4 11 69 58 90 58 21 95 56 0 27 51 18 49 0 31 4 4 24 39 54 42 80 68 62 56 85 41 10 74 1 84 7 43 14 58 57 50 41 35 31 11 39 93 96 73 31 69 64 43 58 91 57 42 93 78 20 62 32 53 72 80 67 22 97 96 31 73 74 11 80 74 88 24 63 71 59 59 60 0 47 100 72 39 41 63 42 31 22 38 61 38 72 41 51 95 86 16 99 61 28 16 3 8 25 8 17 46 15 7 45 73 37 71 33 12 36 60 51 20 99 72 54 9 77 60 81 66 76 45 90 22 50 58 95 68 0 100 16 27 82 92 90 49 51 15 46 80 16 65 72 70 83 81 0 70 37 92 53 59 43 97 71 85 74 62 44 58 77 1 27 85 39 97 43 6 97 12 15 41 84 76 7 25 50 5 22 27 32 43 54 37 98 61 73 47 74 12 51 74 54 80 87 88 17 30 30 5 27
2 5 41 21 79 81 66 55 45 25 61 57 58 58 0 98 83 100 7 16 50 65 37 93 56 92 44 25 17 29 72 78 28 87 57 12 2 25 71 45 13 81 5 19 77 13 10 78 60 12 81 30 89 15 41 99 64 11 0 81 33 45 57 44 83 59 52 46 93 43 23 84 40 96 73 36 34 41 35 75 80 72 74 42 0 81 64 58 26 61 48 18 35 23 21 3 68 7 0 99 89 4 17 61 85 93 97 16 78 15 60 25 67 92 20 96 22 99 64 68 0 50 75 87 59 7 12 47 8 40 93 70 43 85 36 73 3 93 87 89 47 30 2 38 59 73 49 26 13 18 85 53 71 43 92 50 38 39 67 39 50 68 50 26 4 70 65 1 53 43 75 63 51 87 68 12 49 15 36 42 78 13 58 97 70 76 52 83 41 86 44 66 23 92 72 82 16 11 0 59 74 14 12 78 16 16 54 85 43 59 60 46 77 58 68 78 78 35 63 13 1 42 26 21 80 94 77 35 66 77 76 62 98 7 22 19 52 41 94 78 14 50 51 0 13 98 100 15 38 21 38 74 72 7 54 25 12 71 41 60 97 44 0 3 49 47 37 44 26 60 93 9 90 69 7 71 77 27 78 8 27 12 95 90 52 84 24 1 66 25 59 87 72 99 20 53 96 37 49 18 35 25 8 89 44 50 35 99 16 82 26 93 49 78 42 52 56 8 61 15 70 32 65 55 46 59 99 82 34 0 42 6 37 82 39 20 25 64 24 43 35 72 54 51 10 70 90 91 37 76 50 67 19 22 68 91 77 88 77 5 96 31 94 58 24 36 18 78 23 61 25 89 64 22 40 15 23 3 57 4 21 35 87 54 6 78 84 74 56 82 63 23 53 28 5 67 13 64 95 9
24 43 28 21 24 98 23 49 55 50 3 10 69 83 50 55 53 19 76 65 12 11 21 83 15 59 49 44 19 67 69 31 29 73 46 79 51 78 56 61 71 9 4 31 40 85 45 55 99 59 14 76 60 48 31 22 61 71 64 63 72 91 78 64 28 29 38 70 4 5 45 65 20 7 94 70 46 60 6 20 66 76 69 35 64 83 82 74 95 64 59 8 71 93 59 85 52 62 61 48 67 77 77 17 10 92 99 72 31 87 8 78 93 16 13 63 55 60 39 41 66 95 15 51 10 68 88 54 53 6 85 16 63 83 95 62 31 35 15 100 1 43 17 99 27 78 28 57 68 95 1 28 16 24 44 96 48 83 75 64 30 17 71 37 90 15 32 1 92 56 46 21 70 11 65 18 69 38 71 47 41 80 70 93 10 17 12 93 44 43 45 70 67 58 28 60 92 76 13 60 49 69 89 23 45 42 89 84 23 83 84 99 99 71 50 52 11 27 96 79 61 23 37 27 49 78 68 35 64 94 74 28 1 2 44 33 61 12 82 82 39 95 48 33 21 10 56 80 44 8 96 52 72 12 33 31 80 52 7 99 53 32 18 48 82 93 43 31 57 36 26 66 90 46 91 42 73 52 11 61 14 97 93 96 2 91 91 2 69 2 17 0 44 70 89 7 33 58 36 54 40 87 33 52 65 77 32 4 67 17 81 61 87 80 5 96 87 45 89 52 60 39 68 86 88 22 34 86 34 2 22 33 93 30 52 26 61 51 57 62 20 83 31 70 33 48 8 79 42 39 89 75 15 86 100 95 55 26 60 76 0 2 67 89 48 45 46 14 68 96 62 6 3 15 23 74 89 70 90 1 35 72 99 79 24 83 46 42 7 69 53 95 76 37 30 50 58 90 70 5
72 83 20 22 33 70 91 4 88 95 81 9 13 23 49 99 24 96 31 21 35 55 76 38 27 37 48 3 44 37 52 1 2 73 22 78 99 95 41 76 11 5 67 67 22 46 65 9 95 47 72 35 55 30 30 4 2 9 37 66 64 49 100 16 41 15 13 48 100 34 89 58 68 30 23 72 90 40 24 74 31 98 57 30 81 98 97 21 60 31 93 88 58 1 64 86 51 97 66 7 63 40 18 18 56 88 42 1 100 9 80 50 33 82 75 9 65 35 14 0 38 68 80 58 16 69 77 75 85 21 66 46 96 87 73 25 84 93 60 49 26 30 31 66 65 57 77 41 8 86 20 13 70 36 34 44 21 35 59 45 33 34 35 56 56 5 16 87 83 52 68 94 97 76 93 84 87 80 44 30 55 33 19 40 96 64 95 59 16 27 33 36 88 96 25 45 89 32 36 65 16 32 89 67 71 3 50 37 18 67 33 43 35 100 7 19 85 89 83 79 77 4 53 4 28 13 62 16 61 17 33 3 6 20 49 70 69 93 84 83 51 2 46 20 39 2 30 94 95 81 19 67 30 31 15 31 34 30 20 7 70 9 46 2 4 21 52 22 50 44 8 78 99 14 34 13 96 26 64 20 63 25 51 92 59 59 26 46 13 55 55 11 45 41 86 8 76 90 51 7 33 100 66 68 82 39 94 94 23 44 46 85 97 19 22 37 55 10 92 43 50 72 88 44 94 10 17 15 47 24 87 35 85 77 69 77 74 82 61 96 20 70 74 40 80 70 79 76 46 53 63 2 17 66 4 64 14 0 41 95 11 73 59 1 58 36 47 64 80 77 84 40 22 36 23 37 86 72 21 51 78 9 89 62 79 38 87 16 7 71 53 9 49 35 71 43 26 44 55 32
11 9 49 57 36 100 33 17 23 15 94 35 25 79 68 77 10 43 93 97 69 78 98 1 68 55 10 76 86 72 52 8 31 88 27 52 54 6 100 75 5 22 52 70 25 87 58 72 25 70 4 32 15 19 45 27 93 2 60 24 22 57 12 88 100 50 1 91 11 31 9 17 5 92 13 76 100 94 63 25 91 52 91 38 42 32 35 89 82 16 29 85 75 16 79 47 63 51 94 64 73 16 16 100 75 35 5 9 27 23 6 16 46 33 1 55 63 22 89 20 39 31 70 30 3 70 10 22 0 30 18 85 77 13 11 90 68 59 37 94 88 61 38 77 85 6 20 67 25 23 72 74 94 93 42 62 31 28 67 83 67 49 17 64 15 14 25 16 49 50 0 3 59 41 21 74 91 6 78 20 82 100 84 75 4 30 35 80 73 61 99 13 98 70 6 82 31 27 70 25 89 84 24 40 82 15 82 16 67 66 44 45 35 54 96 56 86 88 64 10 6 39 12 40 19 48 6 90 73 94 29 93 83 11 85 85 9 51 28 9 5 9 1 25 89 16 19 32 100 66 86 51 9 11 18 96 24 46 25 19 46 7 4 89 71 79 13 53 81 81 84 42 20 26 16 45 58 100 31 21 5 86 48 68 92 24 5 8 92 2 12 96 84 0 73 7 55 5 63 12 28 75 11 55 30 24 96 0 49 72 80 36 15 34 15 86 9 8 83 68 82 68 75 91 38 11 4 41 16 93 89 56 7 13 60 20 97 53 9 47 73 54 63 96 46 69 78 11 80 82 31 57 40 97 36 15 56 39 74 70 44 66 77 46 15 11 81 18 5 91 68 19 79 96 78 48 72 17 33 33 33 23 21 9 86 43 12 51 93 35 24 34 81 98 25 47 36 8 94 85
41 94 19 24 42 14 47 69 92 92 2 18 31 33 27 43 99 18 7 43 16 26 3 8 91 88 28 36 13 45 23 61 61 80 16 8 23 45 30 14 22 74 93 48 52 78 30 79 23 42 39 67 11 68 70 0 75 87 86 71 48 72 84 27 71 31 78 89 96 87 69 15 47 42 30 57 8 43 78 18 81 40 15 95 88 78 23 16 21 20 28 87 94 33 77 68 68 23 78 93 55 34 71 62 0 73 92 96 82 42 56 67 66 13 74 11 40 34 61 63 25 29 63 72 78 22 39 22 18 97 32 70 35 90 23 74 82 97 13 35 5 97 80 34 69 23 57 85 50 71 43 50 17 92 32 22 37 89 53 57 78 38 88 84 76 26 23 64 82 34 26 97 67 83 53 16 91 29 67 72 58 94 64 11 88 6 82 45 4 62 17 5 62 71 32 81 57 42 79 54 36 33 1 38 67 80 30 99 77 83 18 11 9 64 42 82 20 30 39 53 35 71 3 52 44 98 81 72 46 3 22 49 76 63 36 30 46 18 86 63 38 10 23 73 47 59 55 18 10 43 54 99 31 94 85 55 45 64 19 98 97 92 69 26 11 2 65 35 23 67 44 99 40 53 80 44 68 73 31 49 91 37 48 87 82 85 15 79 41 75 20 92 100 1 80 24 10 93 18 60 72 50 68 82 85 86 32 88 41 28 7 82 10 62 58 0 49 16 80 41 85 49 73 69 34 50 95 46 56 81 37 62 71 36 69 0 42 66 43 75 75 42 49 39 18 75 4 4 40 21 33 63 69 29 0 33 2 60 80 16 77 92 45 10 26 76 35 9 25 27 24 84 90 86 62 35 63 87 80 47 30 56 96 1 17 17 18 36 89 96 64 67 56 72 60 74 54 35 40 40
11 53 52 90 76 66 67 23 53 20 98 59 2 55 22 84 57 93 55 45 53 12 59 73 87 29 48 5 77 57 34 13 49 60 68 21 22 19 57 57 71 59 92 83 35 31 28 35 52 60 70 76 68 6 35 45 57 54 34 98 41 100 89 97 47 4 63 0 67 86 43 59 50 7 83 51 9 5 56 9 30 24 94 67 84 14 3 61 21 64 76 46 23 12 63 65 61 42 43 62 56 88 91 27 28 89 38 4 12 44 87 10 53 71 56 58 90 86 91 42 55 65 74 33 61 82 56 45 47 59 55 41 75 54 34 1 3 52 48 9 0 74 78 20 13 96 23 81 50 96 71 43 70 36 19 39 30 72 1 17 52 27 83 8 31 30 81 96 1 66 75 73 0 65 75 41 45 54 88 69 70 73 35 38 96 4 39 27 33 17 2 100 62 63 12 20 1 80 60 63 98 56 11 57 20 20 86 39 18 66 15 8 14 75 87 12 33 91 81 54 21 4 42 11 2 48 1 79 52 4 25 63 55 51 22 80 93 6 67 34 79 0 30 94 52 69 35 66 29 51 17 38 93 32 73 44 26 66 23 33 44 7 78 40 15 26 91 74 56 86 74 28 3 69 36 3 85 62 49 0 56 26 37 62 70 76 52 89 39 75 100 20 66 16 42 89 65 28 22 90 67 96 20 75 65 2 42 97 69 89 4 1 24 10 76 64 99 52 52 96 33 57 54 59 32 43 82 66 73 70 20 3 43 74 99 30 51 9 49 29 36 89 7 100 10 93 79 92 13 97 62 26 89 75 33 25 69 99 20 100 1 35 36 59 92 31 75 44 81 20 37 14 9 21 56 96 56 79 95 94 99 87 42 72 92 96 33 42 31 61 46 27 31 34 99 83 61 16 11 5
68 99 0 28 64 60 5 97 12 58 46 83 82 26 87 76 69 20 18 66 5 23 5 14 18 98 9 61 92 70 8 77 90 29 88 88 85 17 7 37 6 44 45 90 61 52 9 31 53 89 40 35 2 60 0 73 84 39 25 57 34 56 68 74 5 23 21 88 80 1 86 38 35 17 60 62 100 61 37 16 5 18 85 54 33 42 65 40 20 20 29 50 45 2 80 60 9 23 99 54 94 52 97 100 44 80 8 0 50 75 81 76 63 98 57 57 37 59 91 40 70 88 47 87 43 18 73 86 80 68 89 5 78 42 62 49 94 57 57 65 64 62 2 81 55 47 70 76 46 72 67 45 11 24 98 56 9 86 12 1 43 15 62 17 32 51 59 80 70 53 55 59 1 16 60 92 0 46 100 7 95 34 72 53 37 15 27 55 35 27 45 6 58 15 65 36 17 53 14 1 74 2 57 63 1 30 74 23 96 15 14 48 19 40 88 57 25 72 50 52 61 41 73 39 88 41 3 47 91 65 9 0 78 12 34 21 33 39 38 5 65 38 37 88 81 39 1 52 66 97 18 31 3 81 49 95 43 38 47 82 44 79 98 93 75 45 20 33 61 45 87 37 14 65 60 36 50 94 30 64 3 0 37 67 1 43 25 95 84 6 38 35 49 0 58 56 92 15 53 15 28 59 35 34 87 16 43 39 44 61 84 24 7 22 40 95 82 78 89 87 28 70 29 77 20 93 3 24 71 74 99 73 72 88 15 37 84 85 50 74 35 31 39 83 43 75 35 67 67 99 40 66 50 78 84 11 91 29 11 38 22 49 62 85 98 57 96 62 40 85 81 16 38 42 49 82 88 78 74 92 39 31 89 72 12 38 63 91 37 8 5 23 86 82 92 6 18 81 74 97
13 92 84 59 55 78 22 49 50 50 42 52 22 76 28 27 90 46 59 12 36 63 6 57 77 89 11 92 92 33 93 64 52 6 88 92 17 44 15 72 90 36 28 14 85 41 83 6 8 0 81 3 84 93 64 69 33 88 35 9 76 9 65 68 53 22 2 28 56 15 36 88 42 100 16 81 32 25 25 51 12 82 87 49 92 30 64 18 16 25 48 23 60 97 32 39 35 54 57 49 64 37 33 23 26 87 0 35 6 65 93 43 12 33 25 58 1 78 33 55 13 65 22 2 29 64 47 66 59 93 97 53 63 71 29 81 73 81 13 59 17 65 57 1 54 20 51 85 65 45 1 19 24 2 25 87 99 62 71 79 81 94 89 94 99 25 80 78 88 91 0 67 70 91 88 27 66 59 39 23 78 26 95 92 31 84 97 29 30 86 43 17 67 85 4 24 83 26 76 77 100 26 50 37 55 41 51 81 88 55 63 94 52 29 76 33 18 45 42 22 10 26 23 26 91 6 29 50 99 24 9 34 15 66 71 48 54 50 92 71 91 37 90 36 36 25 72 7 62 80 12 74 94 100 66 32 50 12 72 74 80 39 100 100 61 31 8 41 65 38 62 80 30 5 97 11 40 3 77 99 19 85 30 24 32 45 39 66 35 44 6 57 37 20 34 82 35 24 6 30 47 4 69 25 63 20 41 48 44 82 95 82 86 62 52 66 59 38 67 79 8 60 20 11 81 17 42 33 87 16 43 68 56 88 60 87 89 75 28 85 55 89 19 53 7 34 0 4 37 12 54 76 82 24 13 60 67 46 24 70 19 51 41 24 1 4 11 7 49 38 70 90 36 96 93 24 38 41 97 48 52 76 84 50 88 57 97 57 87 86 13 11 36 51 3 22 68 3 49 52
15 38 92 15 5 13 66 14 10 78 47 21 25 10 49 81 72 97 47 28 52 86 80 41 37 41 94 24 57 38 50 96 40 12 80 51 21 34 30 59 82 96 55 66 5 40 100 64 67 100 54 33 18 59 64 28 15 68 38 14 32 30 9 41 11 16 81 45 4 23 7 87 97 71 75 63 66 48 94 11 22 50 11 40 7 8 63 16 34 64 21 26 89 39 22 18 82 84 9 36 35 39 2 57 77 25 66 68 20 64 86 27 50 9 6 48 44 8 83 24 20 29 55 23 97 37 18 14 86 98 21 8 39 23 65 23 48 9 38 65 3 14 16 51 48 90 21 48 66 27 69 29 7 79 69 42 77 64 26 92 23 18 83 55 31 15 34 49 47 93 52 71 91 94 13 24 51 60 55 26 62 85 54 46 85 92 25 0 94 48 50 39 65 67 67 92 92 77 99 46 80 7 37 19 43 11 27 28 57 40 62 9 69 15 65 59 88 7 83 79 85 23 52 1 20 51 2 17 28 10 72 55 24 57 11 94 59 70 56 10 3 54 44 95 7 96 80 81 9 21 4 15 98 61 73 60 95 42 29 85 97 18 3 5 82 37 58 88 88 78 59 78 79 50 31 100 55 77 98 56 93 27 39 88 99 76 22 21 26 93 51 65 57 79 25 99 37 9 73 77 88 25 26 13 57 78 22 50 23 11 34 61 57 30 24 98 14 98 20 41 28 93 80 12 45 5 53 58 3 61 4 38 67 59 69 65 30 90 13 59 24 84 92 91 9 98 15 10 48 51 5 43 93 65 27 42 28 13 67 85 0 94 92 33 65 47 78 63 24 91 14 22 79 67 57 72 72 40 79 38 18 95 88 28 13 50 58 75 58 20 36 40 15 51 45 2 18 95 40 100
50 24 88 20 48 79 63 17 26 51 26 56 23 54 82 41 64 100 63 100 73 96 76 18 89 49 89 27 1 73 96 80 5 8 3 13 30 42 35 23 7 58 51 39 89 29 15 49 24 12 51 13 74 42 55 51 79 32 53 84 24 26 4 94 49 0 80 67 58 92 62 87 24 51 69 48 72 61 81 1 55 94 34 57 26 85 73 13 91 44 72 74 3 48 31 83 100 73 44 99 13 44 43 56 35 93 57 18 30 83 1 90 6 52 39 71 71 85 45 98 64 89 94 74 64 18 1 45 33 2 72 70 31 36 83 54 15 26 45 13 81 13 59 9 97 40 28 77 13 21 66 67 51 65 33 9 74 1 98 16 47 59 37 4 57 68 14 34 76 24 99 22 14 32 52 37 83 95 0 31 47 50 34 27 99 72 72 78 64 24 44 69 47 8 16 34 30 56 23 91 67 54 0 23 40 0 17 63 90 35 99 44 83 94 46 53 13 0 34 66 31 54 83 17 22 62 21 20 13 57 30 25 90 22 40 40 55 14 13 2 85 71 93 35 57 32 94 80 92 87 28 50 18 28 99 65 87 74 80 84 69 82 27 85 8 39 35 86 92 57 25 41 72 57 68 7 35 77 41 27 19 9 20 52 14 38 0 6 32 79 2 60 61 85 92 88 3 42 91 55 50 80 100 69 74 67 54 16 44 10 1 46 71 85 36 79 84 99 7 51 96 28 71 60 97 14 67 83 29 63 86 51 83 57 38 22 75 81 14 55 26 81 85 33 78 54 30 29 33 24 50 9 45 97 51 82 77 45 76 49 27 5 61 30 10 37 47 24 24 96 77 79 24 72 20 60 46 28 5 59 15 30 90 41 3 57 61 45 80 6 72 28 30 24 45 14 39 20 16 46
24 16 46 91 99 84 1 63 87 24 1 70 21 87 55 18 32 50 36 74 12 69 67 79 72 17 54 63 5 85 15 20 12 83 63 45 22 89 14 92 19 16 72 66 94 82 71 61 43 71 81 4 71 81 1 28 58 80 43 76 4 53 57 20 2 43 73 91 90 95 63 67 54 71 17 26 39 73 68 92 37 17 2 35 34 47 67 51 8 95 21 8 52 72 75 32 55 59 33 68 62 28 89 46 7 32 33 88 50 81 26 55 91 77 86 39 94 95 86 9 85 70 3 65 21 83 2 19 76 53 39 78 51 72 34 48 62 95 76 62 96 88 31 84 98 87 77 15 30 30 38 29 10 47 6 20 2 76 39 14 31 17 3 3 3 8 5 20 28 20 53 63 97 70 4 17 4 99 44 77 80 43 20 33 8 53 73 41 55 97 33 76 32 11 94 4 90 15 84 88 98 45 62 6 86 74 79 78 90 78 62 52 52 56 84 70 28 86 24 54 66 14 2 43 95 85 62 86 81 100 24 41 70 74 8 73 41 8 13 70 69 27 76 79 82 42 59 67 89 59 72 59 23 75 50 41 97 46 12 71 3 50 63 87 27 6 28 92 47 31 58 19 1 80 80 56 23 46 46 14 61 54 19 23 16 12 17 66 56 92 59 24 21 2 82 50 44 21 46 40 98 9 56 38 83 78 4 83 61 3 29 42 94 63 91 98 99 49 43 89 52 48 89 52 26 95 27 9 23 59 7 86 72 8 8 10 95 55 17 20 7 73 50 97 66 99 79 8 78 83 5 78 27 85 55 100 35 8 24 49 85 38 83 36 52 87 76 62 14 70 33 13 25 73 5 35 73 50 49 65 8 7 11 74 98 30 3 43 39 76 50 81 6 4 51 27 24 79 74 100
1 42 47 28 92 49 69 88 46 12 22 40 48 8 13 0 28 17 76 8 78 63 95 19 46 37 86 64 9 88 41 47 62 77 5 0 72 63 35 93 10 50 24 29 93 25 63 76 81 3 51 96 97 39 36 82 67 31 66 32 29 97 4 69 59 31 49 14 62 77 19 27 74 88 94 3 55 11 3 85 97 73 21 49 90 97 100 14 66 43 78 74 7 27 34 33 4 26 37 56 89 49 96 50 44 24 43 76 11 5 25 73 66 18 27 72 54 19 54 11 16 67 18 90 37 68 78 87 70 33 85 6 41 0 27 61 19 40 84 28 22 60 33 62 15 84 79 25 13 10 88 66 44 50 9 15 33 60 74 3 81 95 42 92 54 29 51 10 85 28 37 80 23 63 71 10 77 51 20 59 38 56 22 70 21 71 79 94 59 56 65 32 44 7 75 97 83 87 32 49 68 98 50 50 84 79 67 43 33 17 68 87 47 4 92 75 3 93 19 73 50 74 2 59 99 38 76 84 30 44 78 63 10 29 13 42 29 79 10 10 28 97 52 96 80 63 37 75 26 97 70 63 17 53 43 67 45 65 20 77 22 47 82 23 43 34 39 86 63 11 42 57 92 56 46 25 80 22 99 28 92 59 33 93 82 0 3 43 80 44 90 70 45 15 3 12 69 71 5 0 79 64 71 5 87 69 53 46 48 96 0 66 57 76 80 6 30 14 21 31 45 95 23 14 85 87 10 86 44 0 81 7 43 10 68 27 57 62 96 2 21 16 66 6 0 33 54 94 98 85 39 39 42 4 27 76 53 22 73 77 7 47 86 94 25 74 92 18 15 47 17 65 37 96 1 26 98 57 2 95 95 62 22 96 20 30 48 40 76 53 86 68 56 28 53 13 35 52 26 18
58 51 64 88 94 23 93 78 9 75 83 15 94 78 1 78 26 88 97 71 37 48 87 85 64 59 52 52 15 14 26 33 15 54 94 99 61 4 72 80 79 73 54 1 85 66 8 23 72 99 95 61 84 43 61 6 15 91 99 38 33 7 5 9 74 30 40 97 12 19 2 77 80 47 54 54 72 13 77 99 20 2 3 59 46 99 5 81 32 53 79 49 88 63 6 70 90 63 26 99 71 35 75 100 95 17 68 5 19 79 34 5 78 6 30 4 24 18 69 91 72 26 70 6 2 25 60 64 4 6 5 88 49 54 32 49 44 54 5 54 61 63 44 66 70 2 31 80 10 14 57 14 19 61 83 62 46 60 44 88 11 15 12 24 85 66 12 61 43 41 3 71 81 68 54 36 77 92 53 76 8 72 24 65 16 69 34 25 45 99 68 40 10 24 2 42 75 57 91 46 32 86 69 36 62 74 47 93 49 100 24 42 89 19 2 13 60 20 14 56 88 10 60 98 49 65 43 93 8 9 78 52 24 23 26 31 52 27 2 77 24 58 47 59 36 36 15 42 64 47 16 87 28 27 21 74 3 80 64 99 2 38 40 56 0 87 6 34 43 23 66 88 71 57 96 95 66 42 94 4 69 79 0 95 89 13 93 73 68 74 91 76 76 24 27 44 29 49 24 0 76 25 61 74 1 10 92 87 95 4 61 72 67 28 53 61 23 38 6 22 84 76 67 9 58 53 66 1 8 65 19 34 67 33 75 31 4 4 73 82 80 50 100 96 24 53 97 25 26 72 81 83 58 61 55 92 63 3 31 76 37 51 86 12 84 32 44 90 8 15 58 36 8 66 83 96 27 20 81 66 17 31 62 19 54 7 15 42 72 59 3 8 92 22 94 98 48 5 21 63
63 54 87 100 33 45 45 4 13 54 39 64 29 51 1 24 74 44 61 25 51 76 39 94 94 26 62 94 58 31 51 68 29 65 23 34 18 83 15 65 0 27 59 91 86 56 65 56 47 95 64 37 0 37 91 12 77 72 88 1 3 27 28 22 83 90 73 57 16 40 98 100 97 50 15 86 77 8 70 74 40 37 74 30 68 16 67 99 11 55 39 56 20 7 79 99 32 10 18 79 77 14 84 2 66 23 25 9 40 67 44 32 94 75 5 18 24 98 38 84 13 22 33 20 12 65 14 6 33 70 9 33 21 97 64 75 63 13 77 37 97 42 70 60 18 68 49 71 17 98 31 46 13 49 7 48 71 47 90 57 23 51 7 30 46 17 72 63 9 67 70 83 6 91 38 11 74 57 6 10 38 68 30 62 91 48 80 95 96 71 72 73 71 68 67 28 79 71 32 49 13 18 50 99 43 17 17 12 86 94 21 24 28 94 44 61 9 77 34 18 28 29 56 86 4 7 45 99 6 96 74 77 99 54 94 62 9 53 65 77 29 33 10 66 16 3 13 39 97 29 45 34 17 28 30 33 3 29 69 91 83 91 26 27 44 53 3 45 13 15 66 51 92 10 68 61 39 42 83 88 30 38 58 45 8 42 10 23 13 57 13 57 72 56 38 92 3 32 87 83 57 92 37 96 53 51 71 79 14 59 38 48 19 96 47 83 43 58 15 0 15 68 55 79 73 8 93 27 69 35 10 47 98 94 60 14 18 24 25 71 44 73 67 92 33 48 77 2 28 48 20 40 69 21 70 48 0 30 13 1 27 12 33 58 30 5 40 51 75 60 90 62 65 99 68 55 73 8 2 44 99 32 46 53 43 42 54 87 93 31 99 39 65 63 10 99 6 62 54 62
74 58 64 49 35 58 60 15 90 72 53 63 64 16 65 52 50 6 75 85 66 83 83 51 38 99 78 13 26 13 95 4 92 75 38 99 4 0 96 46 28 28 85 66 18 26 95 27 18 7 45 34 1 28 94 39 27 56 50 16 30 88 98 40 5 67 0 36 37 34 100 76 85 49 70 77 2 7 31 34 73 23 41 92 25 13 47 41 77 57 44 71 70 39 31 99 50 62 78 63 6 36 39 34 98 27 53 66 74 32 15 44 87 48 31 74 61 10 86 91 61 31 86 12 33 24 80 89 67 80 22 18 67 93 46 40 85 15 87 6 33 15 93 33 68 25 85 36 49 92 57 50 13 15 59 26 8 54 55 78 33 12 93 18 54 57 22 75 42 14 17 51 35 22 3 64 98 17 22 11 22 82 57 2 2 66 59 98 60 96 41 15 15 13 23 93 100 19 54 13 95 22 98 82 63 12 74 56 59 15 93 91 76 8 48 79 5 72 60 85 13 2 59 77 44 74 19 46 58 70 98 76 49 27 90 52 80 0 22 42 74 83 7 88 5 31 83 55 19 68 93 96 17 47 68 38 74 8 36 64 22 22 34 17 65 84 87 91 13 25 5 46 81 25 82 44 57 59 6 18 7 86 88 25 22 63 50 3 97 54 57 2 97 18 73 56 83 40 43 60 86 83 33 31 7 65 98 49 41 34 1 74 65 53 90 0 48 100 62 83 12 47 77 52 85 58 50 24 92 89 80 31 22 21 93 73 83 90 34 58 17 64 76 78 53 51 39 3 59 5 96 98 89 98 71 49 85 57 8 14 19 5 86 17 94 49 69 83 85 8 12 81 78 33 15 11 83 37 20 24 39 80 48 53 22 59 89 82 11 99 77 33 92 5 54 27 98 42 47 56
26 96 56 71 30 12 53 66 1 27 74 3 73 28 85 74 74 68 60 81 19 2 13 4 63 46 94 7 39 87 36 91 18 39 26 8 91 28 91 39 52 86 61 12 42 49 95 48 70 34 17 31 84 49 83 98 36 33 56 13 2 60 14 90 11 46 86 58 68 77 60 54 87 98 7 49 32 12 59 29 6 26 11 68 60 90 93 55 21 41 65 24 75 71 26 13 0 3 64 50 48 2 83 92 50 63 94 87 27 62 65 70 68 24 69 65 1 28 48 43 25 54 18 4 38 93 15 75 86 37 47 3 13 53 91 51 5 49 32 69 36 45 43 21 64 31 25 38 69 33 99 96 71 60 95 82 61 68 63 33 82 63 31 12 49 36 70 59 96 32 42 68 84 92 49 70 81 39 62 73 33 72 82 86 23 2 87 92 11 86 16 68 67 8 66 85 56 89 83 74 78 8 92 10 96 66 7 29 82 95 81 92 83 47 20 7 73 24 26 81 5 86 81 14 13 16 44 5 64 86 40 9 89 5 67 39 53 4 57 40 20 45 95 33 54 54 1 9 68 72 13 54 94 29 19 85 7 90 52 39 71 3 46 10 81 28 56 69 80 69 13 28 89 14 92 27 4 47 8 52 5 69 24 38 4 89 9 100 83 50 52 51 31 27 62 56 64 73 2 61 60 63 26 63 11 51 81 97 6 57 74 48 93 21 63 13 32 96 13 22 73 92 6 19 22 2 53 96 78 26 12 98 4 60 27 30 16 0 10 73 68 26 98 0 52 79 27 97 14 86 54 63 72 100 96 18 43 95 70 31 94 36 23 60 40 35 18 62 71 86 38 50 99 65 70 42 90 63 4 0 75 53 70 48 56 72 37 79 94 24 44 75 86 34 38 53 25 81 4 6
15 75 80 74 79 44 53 0 13 41 37 94 41 59 51 99 65 53 27 90 95 25 75 4 79 68 88 3 97 13 57 11 78 76 87 17 7 3 59 86 37 78 81 36 58 75 44 17 66 45 41 44 42 63 57 50 74 3 61 38 28 2 31 19 29 70 3 78 36 43 83 53 64 3 2 52 82 37 56 88 80 11 26 46 82 60 82 13 58 70 53 78 32 54 28 1 11 42 14 36 71 95 46 29 41 42 18 28 17 31 22 88 83 42 22 23 2 51 22 99 25 11 78 83 97 38 32 69 5 12 90 30 72 31 69 44 5 87 93 62 48 27 1 25 16 4 13 78 21 54 93 56 78 79 40 64 43 41 91 12 32 98 73 8 50 8 96 1 0 78 92 72 65 83 81 31 34 35 68 23 32 74 48 42 93 84 20 35 0 41 74 59 10 36 23 86 99 88 37 62 32 63 24 15 79 45 85 71 69 61 40 56 85 51 10 68 93 32 0 22 74 17 89 52 47 14 67 62 57 77 52 4 82 48 82 67 12 95 42 29 62 28 48 52 34 92 73 90 71 88 39 61 87 81 54 88 0 38 13 39 75 81 69 29 33 70 56 58 37 69 19 10 87 38 17 73 16 78 42 45 39 6 64 30 28 40 58 51 61 13 66 74 60 2 45 13 15 33 72 61 29 96 99 18 30 76 30 50 14 90 23 8 65 82 86 79 60 38 96 16 42 58 27 81 38 100 40 64 78 2 69 76 54 31 63 68 18 84 20 33 58 90 46 67 57 38 42 48 74 10 88 80 45 18 19 12 7 86 99 49 14 82 73 40 7 13 33 80 17 92 26 6 22 24 12 29 73 79 73 56 1 23 58 52 78 36 28 68 23 37 40 38 52 48 50 77 67 29 54 14
27 28 98 36 90 44 99 75 24 86 47 13 82 12 59 2 74 65 92 18 78 22 59 34 93 23 66 38 96 38 80 65 33 75 9 2 17 21 53 92 8 30 38 70 11 75 69 32 85 76 60 4 22 19 5 81 69 64 10 16 26 60 41 65 17 92 79 25 87 81 28 26 19 33 1 1 53 61 52 59 93 2 74 19 3 9 32 61 14 86 18 81 94 54 65 100 81 80 95 54 65 93 20 66 63 71 8 45 8 84 47 10 24 83 14 81 12 94 51 9 65 85 37 72 43 48 22 32 60 99 52 18 92 29 3 58 18 75 36 11 11 5 42 6 22 76 94 46 19 15 12 84 94 13 58 33 10 16 29 46 95 10 73 69 50 60 81 36 70 11 71 83 87 92 44 54 1 60 0 60 38 51 64 78 5 35 59 2 19 8 40 37 55 42 19 20 18 12 69 59 78 74 64 16 18 40 16 14 86 44 9 66 64 2 21 73 88 31 70 48 80 23 94 42 62 73 39 12 90 16 64 31 16 67 6 68 22 26 87 90 64 59 76 16 55 53 62 80 8 75 38 65 51 27 69 56 1 27 74 68 84 30 26 61 19 48 44 56 39 9 98 3 84 91 81 44 71 97 30 45 18 77 29 91 79 56 58 77 67 41 32 68 43 68 76 93 32 57 63 15 14 24 64 32 47 88 47 100 17 79 76 73 10 13 59 81 99 75 76 44 22 38 61 57 68 64 74 39 17 83 90 45 47 51 66 83 21 98 60 46 57 52 29 53 6 50 38 4 41 35 33 7 7 22 62 23 72 14 97 11 20 87 0 60 69 71 51 4 62 50 21 71 25 88 11 46 7 62 40 32 75 37 88 8 29 75 43 22 45 40 21 47 75 28 78 75 80 25 13 28
46 77 78 85 87 47 33 95 55 39 39 78 3 50 96 34 53 91 54 77 88 48 63 65 80 54 17 22 79 16 67 61 97 90 80 95 32 95 86 32 23 93 12 70 56 76 26 0 70 80 48 20 71 89 68 81 59 42 10 100 97 15 12 73 8 94 96 22 73 7 12 87 44 10 4 53 62 6 97 53 57 25 8 36 26 65 49 64 81 95 44 86 5 100 16 99 24 83 31 90 87 79 48 9 73 11 6 92 69 28 62 27 53 25 48 10 69 41 13 96 69 23 66 16 33 49 43 82 1 83 19 64 73 89 83 6 46 93 49 79 69 17 77 44 3 95 54 79 94 62 7 78 55 5 86 33 93 98 92 73 7 84 41 52 26 62 12 90 16 18 68 80 2 71 57 44 50 35 18 20 33 27 64 4 89 99 64 39 64 78 51 42 98 76 68 84 48 11 40 27 60 14 7 26 54 28 21 71 38 70 25 10 73 23 77 64 67 88 9 55 43 84 7 99 77 95 59 23 88 10 80 88 93 67 50 80 41 13 94 21 22 52 87 52 86 33 71 3 1 29 29 75 25 69 43 42 11 92 84 80 54 88 34 29 49 19 62 37 8 7 19 38 35 62 39 44 6 96 91 15 6 25 18 27 78 75 91 9 35 39 15 95 87 46 19 36 65 5 34 85 67 6 37 67 34 63 92 7 53 7 40 66 64 72 74 9 90 17 8 10 35 100 85 56 61 54 5 72 55 27 47 91 99 32 2 77 77 55 37 55 41 3 55 14 87 89 95 49 66 29 90 34 54 92 29 77 43 17 85 37 2 86 89 82 30 5 86 54 86 92 84 49 18 74 33 83 78 42 22 19 50 71 16 68 96 65 69 29 10 94 91 98 5 100 65 83 10 65 99 85
95 79 23 75 95 2 91 65 55 89 8 95 86 79 71 6 87 48 9 40 90 61 73 27 92 21 72 17 73 5 57 14 48 43 49 84 78 5 91 24 30 18 73 21 39 25 87 35 21 18 14 67 75 74 94 2 81 35 49 44 19 68 46 94 34 95 36 90 54 49 27 20 48 34 63 30 50 40 76 12 68 42 96 16 44 85 15 96 20 63 81 17 26 11 24 65 98 79 82 15 97 80 60 8 31 32 50 61 65 79 27 78 4 23 19 59 14 68 85 5 80 66 49 17 100 77 29 63 25 34 88 51 18 63 6 1 54 88 87 54 25 37 93 58 10 56 58 26 66 22 32 43 68 10 74 47 16 97 8 15 40 25 59 64 21 41 54 5 52 28 28 17 70 90 11 86 86 85 23 69 72 95 68 12 74 74 19 8 0 59 91 72 16 20 19 34 16 90 98 96 71 67 66 88 42 90 16 94 36 5 5 74 87 41 20 32 74 49 4 52 0 3 26 74 54 98 27 66 61 59 34 58 23 20 88 81 27 32 46 39 49 19 72 8 55 81 56 93 76 72 74 100 15 71 7 57 28 37 35 22 3 27 89 55 71 22 80 79 87 36 64 66 13 34 95 66 42 44 94 47 70 92 5 5 67 74 76 54 92 94 64 35 89 22 64 68 64 41 86 31 45 31 11 22 69 71 62 23 82 41 21 10 37 86 87 68 57 2 100 64 66 89 11 33 58 30 6 55 36 68 25 2 19 71 99 43 81 66 65 74 42 29 87 13 9 33 43 97 2 14 64 55 48 93 77 44 38 96 42 86 31 3 43 2 20 14 67 34 20 93 96 39 42 89 59 5 94 32 47 100 20 60 24 30 38 49 31 76 74 10 31 9 10 42 89 81 34 54 97 69
58 30 8 94 43 74 69 1 28 27 64 33 8 23 0 40 34 92 53 8 62 57 86 57 23 7 38 72 18 73 37 36 51 86 73 39 50 26 80 40 50 17 76 67 7 42 17 52 55 10 79 90 49 21 78 20 82 89 29 84 33 78 37 23 75 37 6 50 76 79 42 21 6 88 64 60 17 86 4 0 11 95 55 61 11 60 66 87 38 87 54 26 14 68 89 28 60 24 33 75 90 70 59 49 30 79 13 54 95 79 71 21 38 29 42 100 87 13 28 43 87 74 15 33 69 90 57 70 24 84 33 100 19 58 84 54 67 77 77 22 87 66 90 36 15 58 44 62 75 38 97 18 78 2 41 32 64 7 28 52 59 91 73 31 64 92 35 92 0 76 18 15 7 32 64 47 6 5 62 17 30 28 92 39 79 98 5 98 88 20 68 36 32 100 24 81 16 46 46 44 23 27 30 7 58 30 44 86 63 56 43 92 10 92 9 98 64 99 80 74 60 84 77 49 87 44 69 26 66 84 84 48 18 44 14 86 6 34 29 76 67 11 64 46 86 30 79 28 9 36 73 96 63 14 27 75 10 70 7 10 63 40 42 10 0 89 73 41 26 96 22 39 34 76 81 33 5 32 97 42 9 71 86 42 100 36 80 16 65 83 38 48 50 33 60 80 47 70 47 4 43 1 81 2 30 2 64 71 17 73 45 36 50 40 2 97 68 16 37 91 32 26 34 76 81 44 78 30 52 92 95 20 77 4 25 88 69 4 35 22 61 78 71 82 39 8 22 47 49 81 95 21 35 10 3 84 1 98 44 10 40 11 98 68 51 66 2 47 73 91 95 69 24 7 2 30 59 89 65 41 6 87 97 75 89 79 61 43 12 90 70 38 100 60 22 57 12 86 46 8
82 22 61 33 76 42 71 8 77 38 82 54 10 95 41 26 96 48 49 44 42 14 52 20 36 79 80 86 23 82 71 89 25 89 6 3 71 6 8 17 88 51 99 26 0 38 84 4 4 56 74 28 100 100 63 64 77 15 24 14 72 1 85 68 10 3 37 35 74 8 74 52 19 71 0 5 85 15 45 9 79 2 53 62 92 35 82 79 51 62 20 44 80 57 7 0 56 83 37 90 36 100 61 36 60 88 85 92 34 4 84 76 61 27 94 15 44 84 64 27 25 34 68 0 88 80 57 43 27 96 12 9 56 91 66 3 77 53 82 56 14 23 84 28 4 4 13 99 100 19 47 37 80 14 2 15 7 99 4 62 38 21 51 46 36 74 95 52 30 10 26 14 10 49 14 77 39 22 80 58 31 87 26 54 27 43 38 40 78 3 18 58 3 63 80 79 98 99 57 7 30 17 1 30 75 59 61 80 59 2 34 37 40 35 3 58 14 95 75 14 81 39 31 89 33 30 3 22 86 19 45 17 76 56 84 80 75 96 99 27 47 1 21 53 91 73 48 99 89 99 91 23 77 31 18 2 4 21 29 27 19 4 75 14 19 50 92 29 36 40 86 90 9 39 23 92 1 94 41 48 10 62 75 1 70 48 20 14 92 81 5 7 79 7 30 11 75 96 60 77 77 69 13 72 24 14 57 47 43 25 47 64 34 10 61 49 12 48 81 86 84 54 56 73 79 80 1 21 1 45 12 98 44 36 69 93 52 19 43 39 77 76 59 89 73 52 91 53 65 91 32 93 42 39 2 57 8 12 11 96 45 61 50 25 36 38 61 96 65 82 70 60 90 89 36 98 19 58 69 25 34 21 18 27 22 8 91 56 14 74 21 52 24 97 79 39 88 49 27 23
95 10 44 37 0 42 85 38 33 45 79 25 1 56 53 45 55 46 6 93 44 92 68 96 67 96 98 8 22 96 47 78 54 96 100 39 63 75 29 55 43 31 68 16 39 8 34 14 38 8 57 61 64 86 59 5 20 48 82 52 15 4 75 49 9 17 97 93 4 41 12 78 82 64 24 43 12 75 84 75 88 15 2 88 98 20 43 6 46 63 11 8 36 59 32 65 4 0 36 85 1 70 45 69 21 84 42 52 58 91 84 70 25 67 85 80 80 60 55 92 31 30 0 33 90 9 5 71 26 65 15 69 22 37 50 21 38 58 12 50 58 27 73 74 19 95 36 54 7 44 30 14 1 63 91 32 88 85 25 57 14 22 75 6 82 32 39 98 47 5 99 30 75 63 36 76 5 18 91 45 11 45 99 77 86 56 53 68 30 49 82 58 70 58 49 45 64 52 3 31 57 1 33 72 48 45 35 3 39 83 60 43 25 18 87 54 65 29 43 58 88 92 29 65 69 32 71 59 89 16 30 0 56 61 9 63 37 5 65 2 42 63 41 59 21 30 24 64 79 75 6 81 81 11 48 0 52 1 28 78 17 82 11 35 85 37 14 8 23 3 74 60 16 56 78 10 91 57 59 68 23 46 59 42 12 88 87 78 51 7 95 32 40 4 51 86 40 82 0 50 0 61 76 7 74 29 88 13 55 99 15 0 35 0 21 24 8 38 61 25 48 59 88 12 3 50 84 85 72 33 80 18 41 15 40 88 79 73 40 12 4 7 91 62 66 53 71 31 34 20 56 88 77 65 93 84 46 7 34 27 15 29 78 19 52 33 27 22 88 70 13 81 19 60 19 47 71 14 6 99 66 42 77 81 75 60 54 76 16 97 99 43 88 97 41 40 24 51 57 27
68 43 45 35 48 99 8 25 47 83 53 51 98 34 19 44 52 58 6 22 98 53 5 84 38 39 53 37 92 52 86 5 93 55 26 16 36 63 13 42 39 82 34 91 59 12 64 30 26 88 29 49 23 32 38 77 58 36 36 55 55 88 33 24 11 42 76 56 0 42 8 35 94 41 67 76 58 43 4 0 34 18 87 69 27 74 11 72 11 44 24 64 55 52 96 67 44 21 65 61 59 13 35 90 91 100 25 56 28 8 94 92 43 57 60 64 32 7 76 93 65 72 62 4 10 73 66 33 63 46 99 98 29 65 71 67 96 43 60 11 57 24 20 47 17 19 10 70 91 69 20 45 5 76 17 21 17 70 20 13 57 81 4 34 88 83 71 84 10 43 28 89 66 25 23 56 0 71 21 63 100 18 69 27 18 90 33 67 9 79 12 31 58 41 89 75 11 45 62 27 41 68 48 18 19 54 0 33 1 6 55 63 94 5 87 76 78 40 60 50 1 70 20 75 18 11 30 69 8 43 47 33 2 65 32 77 35 14 48 19 23 77 37 38 78 15 13 19 81 74 8 61 56 90 15 61 100 53 35 71 72 24 95 59 74 2 1 66 15 55 42 47 56 60 29 84 66 70 57 88 24 63 10 57 76 33 0 96 1 94 66 70 6 30 1 92 87 92 89 43 92 68 62 98 15 1 85 67 36 54 20 70 37 10 42 26 89 96 77 78 31 4 78 52 11 36 76 9 68 89 47 37 58 44 47 23 70 74 38 9 55 73 85 39 58 32 50 15 69 48 10 5 63 13 4 80 67 16 35 10 72 69 45 79 40 58 24 53 66 4 79 39 50 3 72 100 34 39 73 73 62 6 65 35 12 27 2 52 15 23 67 95 12 2 79 88 74 31 99 96
27 68 5 90 93 33 51 97 66 10 83 15 36 90 0 88 74 72 3 13 38 95 73 94 5 5 50 4 65 57 63 95 69 33 66 9 5 0 66 57 78 31 75 89 40 37 60 16 0 17 37 21 36 58 88 48 46 18 58 75 4 24 61 45 79 19 57 92 60 4 24 4 43 26 92 91 77 89 71 81 88 39 89 15 68 38 36 24 70 56 76 8 91 18 68 62 41 61 57 93 46 21 9 34 88 74 96 23 85 28 45 63 65 9 38 84 82 11 60 79 68 83 22 52 2 0 54 83 94 39 54 19 11 100 35 44 87 67 55 34 62 96 25 54 7 65 8 9 91 92 71 42 46 80 22 50 6 31 47 32 64 56 64 85 50 11 84 58 63 34 19 20 10 43 9 89 13 70 74 3 44 67 68 60 26 29 92 20 10 27 50 45 35 22 36 58 30 52 29 40 64 63 74 91 15 67 7 79 68 90 55 66 5 38 76 96 78 44 53 83 43 12 36 87 13 20 28 36 81 20 46 36 34 19 37 75 27 46 76 74 60 59 51 97 17 91 53 11 47 59 85 95 1 33 83 4 7 73 68 94 91 83 28 88 56 99 41 0 25 61 10 20 93 13 61 6 13 12 22 14 28 28 60 37 14 96 20 13 69 21 67 0 33 25 51 57 38 95 69 30 52 58 10 30 93 97 81 37 54 57 76 48 23 6 40 11 47 53 95 68 34 55 37 39 52 36 100 69 14 46 53 42 92 100 71 64 49 35 44 42 47 58 0 22 73 92 16 72 43 43 89 100 30 16 35 67 12 47 6 99 24 2 77 24 40 55 29 39 66 17 33 91 32 92 75 41 25 66 25 40 43 69 29 31 12 61 7 52 6 41 18 44 23 68 30 39 2 55 21 16
9 44 43 43 77 89 30 1 76 66 85 77 69 22 49 35 15 74 3 91 3 96 42 20 97 8 97 88 80 58 74 66 26 55 75 19 90 7 67 99 43 22 81 27 47 84 38 15 16 91 54 34 73 66 57 2 6 20 31 39 72 93 48 30 91 36 78 50 57 19 56 96 69 43 61 4 18 70 0 35 100 89 49 19 74 87 1 90 63 1 83 16 22 93 35 19 5 49 98 62 36 53 91 98 91 46 61 54 78 11 12 84 19 10 75 8 24 4 45 56 100 31 79 77 88 48 72 59 4 36 98 30 34 87 86 24 24 6 10 52 8 21 61 55 11 33 19 99 19 76 35 20 54 81 53 54 66 8 55 41 68 83 87 94 46 96 56 99 10 91 1 86 23 91 51 62 43 84 99 56 9 67 10 13 30 6 6 29 46 29 85 13 95 82 41 65 41 59 60 59 10 3 59 63 34 89 46 25 20 31 14 38 74 59 62 24 76 8 67 90 8 44 76 79 55 18 79 92 91 50 26 29 90 53 44 35 11 98 39 8 7 8 29 54 6 97 85 27 59 32 86 21 38 12 51 74 46 90 2 3 96 82 98 24 61 96 20 80 29 45 71 23 27 1 7 0 37 39 88 65 92 78 55 28 66 85 31 27 62 93 54 100 22 32 58 44 83 23 79 82 10 27 72 15 13 63 53 29 56 39 80 76 32 87 47 84 22 76 60 24 47 66 19 59 16 63 25 12 22 99 6 94 4 1 31 31 47 46 58 93 90 56 13 96 33 48 51 60 82 78 81 66 70 9 93 3 98 93 80 82 77 28 61 35 10 4 35 39 83 42 82 81 89 90 5 7 65 16 82 5 89 82 93 78 26 5 99 98 18 36 41 54 66 86 70 0 21 10 94 23
0 41 89 23 12 35 16 79 15 73 41 99 97 27 79 61 22 18 96 55 6 96 49 12 76 84 18 76 79 27 43 85 73 32 29 36 35 45 12 79 64 13 67 43 11 43 75 59 74 44 16 8 88 60 77 43 95 23 3 78 35 35 6 80 21 51 7 87 38 64 9 31 65 49 9 64 92 49 77 79 58 77 13 73 25 36 0 12 1 28 49 43 22 42 2 66 23 99 47 70 59 29 23 97 66 86 6 7 42 60 8 68 75 54 53 1 58 64 72 36 80 77 95 57 53 87 45 23 88 56 25 29 22 28 100 83 84 57 4 94 3 45 28 93 64 72 23 71 27 15 96 86 30 34 47 42 62 47 44 24 92 54 25 65 72 93 2 59 89 87 5 5 7 51 82 89 53 56 88 73 12 85 80 25 22 32 24 73 91 47 97 51 67 42 49 45 28 9 6 100 60 49 98 77 15 21 27 8 2 38 34 98 21 55 60 100 19 96 56 86 89 88 83 90 65 69 32 36 85 67 18 81 34 30 4 89 33 25 76 5 11 100 5 35 86 97 8 51 87 87 2 40 77 20 60 68 85 1 8 82 4 67 44 30 26 87 33 27 55 1 59 28 95 86 32 23 67 42 55 95 70 54 60 82 75 74 96 5 6 69 45 24 69 17 73 64 98 52 2 100 39 5 42 4 51 69 49 95 1 8 57 6 1 96 12 33 24 96 1 82 60 75 58 21 98 73 98 30 84 45 73 37 45 74 7 100 100 7 91 38 17 16 19 85 91 41 28 91 39 70 100 56 8 41 65 86 99 63 56 90 8 12 1 39 67 8 18 85 25 44 49 11 26 95 66 89 69 94 59 24 57 95 30 58 23 66 31 68 56 53 50 38 1 70 42 55 1 55 34 100
26 43 12 12 19 98 38 4 55 12 92 3 51 67 56 88 75 42 83 65 87 59 85 34 52 74 43 34 89 30 42 54 94 27 61 89 23 83 68 58 68 58 77 38 58 72 8 12 33 85 34 34 77 52 19 95 96 22 62 44 8 83 68 55 91 17 27 26 8 82 96 26 57 17 16 58 92 98 22 19 90 51 19 31 23 40 7 34 85 75 92 45 80 4 64 29 32 97 93 68 89 60 71 88 87 36 95 13 61 35 13 81 50 47 16 85 46 39 43 94 32 11 68 7 28 49 92 35 98 59 87 21 76 80 100 77 47 53 72 67 42 8 36 18 85 70 25 16 82 12 69 99 59 50 37 11 41 6 33 45 18 14 63 80 12 51 86 95 61 35 54 12 64 94 59 78 3 34 99 75 43 74 75 12 94 49 83 62 49 8 59 49 36 85 75 90 88 73 77 89 16 9 8 71 89 17 64 72 44 100 72 27 92 1 85 78 5 7 84 58 61 27 98 67 80 24 65 96 3 57 3 51 11 24 5 46 54 39 82 49 7 29 89 55 22 83 37 68 2 34 62 79 51 55 24 85 36 34 59 34 52 51 54 66 96 75 97 93 51 29 28 50 96 24 57 95 14 50 20 37 19 25 64 96 75 77 67 69 63 32 83 76 17 18 19 16 75 46 65 97 100 28 89 19 45 6 47 42 19 4 25 73 56 93 46 83 23 63 6 51 8 57 87 71 82 23 71 89 87 11 78 76 1 99 90 50 43 87 74 85 72 0 24 2 10 25 32 69 73 28 45 93 42 41 58 27 9 64 30 51 87 23 84 50 70 7 47 51 2 37 89 65 21 22 44 51 66 31 60 100 98 81 42 57 5 77 21 17 78 71 77 11 97 90 45 18 27 98 34 78
13 32 15 21 62 39 8 59 81 68 64 52 46 33 70 48 81 29 42 3 37 12 4 3 95 71 11 4 90 74 32 6 61 34 45 87 74 39 20 90 74 79 47 88 54 36 26 4 31 66 68 80 94 42 54 57 23 90 29 11 98 76 28 97 15 65 6 24 76 69 59 28 58 52 58 90 88 50 64 98 21 1 40 43 4 58 40 64 87 38 23 96 16 29 9 79 98 18 46 46 65 11 84 81 46 21 22 49 10 35 64 94 86 84 48 26 40 12 59 3 23 69 25 36 87 7 27 95 49 52 56 69 23 10 53 26 10 92 80 52 12 16 94 70 59 63 38 31 42 93 43 71 2 25 16 100 6 100 87 42 61 95 33 5 59 35 29 86 50 63 99 48 59 32 93 20 80 25 84 11 69 98 54 86 88 67 34 6 3 99 22 66 9 77 86 8 67 15 49 31 99 11 1 60 58 37 11 96 99 50 10 25 17 75 15 100 92 8 27 26 45 48 94 34 97 11 54 84 73 48 37 22 28 97 20 5 55 48 2 73 97 3 58 98 45 80 86 47 38 75 3 11 5 46 0 35 94 61 1 58 3 29 93 98 88 41 38 48 79 95 82 71 48 69 79 48 59 82 40 39 85 14 69 52 3 39 67 17 82 13 37 97 77 60 18 68 86 44 85 99 41 35 88 78 19 97 65 90 78 36 9 47 92 42 31 39 94 92 18 47 67 11 32 58 40 17 33 5 42 76 64 4 97 41 42 1 82 8 98 88 10 75 9 58 18 28 49 52 26 20 32 55 99 2 94 35 13 84 71 12 8 35 54 26 42 37 16 61 4 90 50 5 17 63 52 60 9 91 54 35 55 22 1 4 100 34 72 52 46 39 7 36 82 39 60 40 59 33 76 13
95 96 33 76 55 37 32 27 50 50 81 73 18 16 62 29 68 77 59 40 43 4 46 58 43 65 69 80 38 87 37 65 56 88 81 47 85 23 6 30 0 70 94 0 77 33 26 79 18 29 63 74 49 90 13 38 92 48 81 99 49 68 66 90 62 52 67 25 10 52 17 88 17 46 78 78 70 96 92 39 10 80 13 61 100 100 26 35 70 61 34 32 81 31 67 77 65 81 91 8 19 94 86 80 67 81 52 83 95 46 23 23 87 7 100 73 53 63 76 26 70 20 7 14 49 48 9 50 56 44 72 71 17 4 78 73 80 94 16 94 44 43 56 39 37 6 83 69 33 64 71 31 33 46 22 100 47 63 7 92 65 84 34 16 15 34 5 57 51 4 6 20 99 15 47 25 69 91 10 98 26 21 2 35 36 47 77 77 35 92 9 78 28 82 69 63 53 49 49 95 76 3 29 30 10 99 28 69 99 5 86 13 44 61 92 20 91 8 70 26 31 67 68 26 79 92 3 54 75 91 38 13 71 53 80 56 70 72 4 54 56 65 81 28 25 97 11 45 98 60 95 41 75 56 84 86 66 55 9 55 70 62 18 43 66 57 99 71 31 77 51 67 33 62 25 40 15 56 40 31 40 83 2 9 31 34 22 87 3 20 99 48 19 34 12 84 6 58 24 29 86 78 6 77 9 76 96 29 62 19 41 20 78 74 83 23 1 88 90 99 51 0 45 94 9 85 34 15 52 88 96 75 16 14 85 55 96 47 41 64 0 91 62 28 11 78 14 17 11 56 80 20 60 39 64 89 65 90 92 85 19 30 59 88 58 24 3 58 32 42 34 20 90 17 28 17 87 58 44 63 32 85 17 50 72 87 69 47 70 31 92 80 72 65 4 62 6 82 26 73
66 78 85 25 90 82 92 44 61 64 2 57 69 5 69 56 68 82 31 73 83 50 94 31 44 48 69 44 51 10 13 19 15 67 90 33 48 72 38 33 52 20 83 51 42 99 81 56 83 58 2 5 33 94 3 66 81 51 77 93 75 41 42 0 30 22 23 80 50 60 71 74 53 71 86 11 84 87 20 40 53 29 7 54 2 17 14 27 10 70 19 8 47 59 30 68 2 58 87 60 80 63 10 99 48 85 55 95 100 99 68 67 50 92 8 53 14 28 99 17 36 50 94 3 64 83 44 38 30 22 4 37 51 81 32 62 50 78 22 51 3 7 68 46 72 66 92 97 82 75 32 43 0 52 92 53 19 87 12 13 61 14 21 65 69 63 87 39 91 22 66 100 12 2 66 17 58 87 53 5 39 72 96 20 55 14 24 85 57 76 48 76 41 33 92 55 69 97 92 5 31 17 94 48 82 63 6 92 38 77 100 99 44 99 73 45 92 56 25 86 43 27 82 9 76 37 80 3 73 29 67 24 99 42 42 97 62 74 3 42 73 65 80 70 79 64 84 83 91 13 74 27 53 50 0 36 17 17 61 97 98 38 66 92 15 35 43 71 56 74 43 81 14 51 38 40 56 34 53 62 18 37 49 29 57 97 1 14 97 2 81 97 17 47 11 20 72 46 77 75 81 91 91 7 20 86 15 15 35 19 18 55 45 61 62 12 98 57 84 84 51 57 2 46 48 93 64 25 96 3 65 65 16 36 75 42 45 48 46 62 69 68 99 43 17 48 63 70 78 38 68 8 91 95 82 38 61 59 30 5 40 53 36 28 46 37 56 51 14 51 54 91 66 9 70 50 69 85 51 55 24 36 46 94 40 5 68 68 6 68 47 97 47 18 27 73 56 48 91 93
22 38 29 70 94 46 55 29 83 40 36 68 12 65 37 19 51 78 97 56 35 70 8 17 73 60 49 12 75 54 4 37 84 15 17 23 37 59 72 34 41 50 42 74 40 47 3 1 5 20 81 59 45 20 54 10 27 82 68 26 82 75 82 30 38 60 24 92 77 22 71 45 8 4 26 67 82 64 42 18 31 88 2 68 54 21 44 8 34 18 29 4 81 84 9 55 80 63 9 67 19 17 33 68 31 25 4 50 5 24 91 18 65 84 54 10 97 70 23 4 65 38 95 17 24 83 50 79 46 100 39 86 77 52 28 100 75 20 81 54 35 21 9 55 90 34 74 35 99 39 21 81 14 76 93 44 88 81 30 11 74 92 35 35 29 79 51 44 96 51 25 21 58 78 25 55 32 1 98 94 16 85 54 2 42 99 2 79 64 9 31 84 44 29 4 57 23 63 12 73 63 95 7 14 100 40 6 32 34 72 1 52 24 44 75 40 41 24 73 58 24 26 3 26 90 59 16 45 81 29 71 96 24 98 76 61 71 69 73 94 51 13 23 79 11 7 60 23 42 70 84 96 87 97 74 11 26 6 41 54 27 15 61 56 94 65 2 27 10 90 92 39 92 99 40 37 64 17 99 22 29 5 92 25 30 100 43 78 44 9 98 26 7 84 15 39 67 30 84 55 10 94 70 39 17 87 98 53 12 78 70 61 74 95 61 92 21 8 33 68 63 24 94 64 25 92 86 13 96 95 64 77 21 80 4 34 80 81 39 36 40 33 30 74 40 26 63 89 13 13 68 24 97 18 5 90 68 84 98 94 98 86 95 80 95 66 62 9 59 23 42 93 2 24 93 72 75 48 34 4 67 95 44 70 96 70 84 66 100 44 71 45 62 38 75 11 55 20 84 68
88 91 51 2 54 41 62 68 28 99 49 89 42 46 84 8 46 35 83 57 58 2 33 29 91 66 22 39 29 80 79 77 93 15 57 59 15 65 49 69 94 17 19 18 30 33 28 63 70 31 92 81 31 77 80 95 30 86 11 17 47 61 13 54 20 71 94 18 97 49 10 55 80 0 27 33 16 77 80 75 64 7 80 42 57 65 39 15 44 64 37 74 34 54 98 71 89 9 90 29 55 66 48 30 9 67 88 77 61 79 59 83 26 94 23 93 75 76 72 39 18 78 51 85 74 53 18 90 30 59 11 71 98 24 2 94 4 9 77 95 71 8 69 52 78 65 82 46 82 93 82 28 32 48 97 88 27 33 33 77 19 82 15 62 48 74 71 14 2 91 4 32 4 14 26 22 53 78 10 43 10 93 13 22 0 84 67 76 90 15 79 60 45 27 60 19 87 84 21 86 53 45 39 81 9 14 54 53 23 14 54 31 34 47 21 46 89 66 36 37 9 2 96 11 40 98 19 22 26 56 49 86 93 89 27 45 14 100 35 24 14 22 61 13 44 2 70 62 35 49 90 95 88 32 40 14 61 9 83 44 69 78 58 52 30 44 16 43 40 56 45 62 34 34 0 27 10 72 94 71 88 4 31 19 52 71 44 71 79 21 11 59 18 79 18 67 98 100 9 37 19 54 75 48 75 65 0 32 69 50 31 36 65 21 95 66 39 7 39 47 13 43 8 5 57 65 83 72 21 33 47 80 17 73 7 6 33 27 55 93 68 69 24 31 63 32 34 18 77 1 34 79 2 7 21 76 3 54 66 95 44 26 59 18 60 50 51 99 4 70 73 36 31 24 39 84 83 65 70 10 30 64 57 57 34 22 98 85 2 86 63 36 9 52 62 62 47 0 27 89
11 41 32 90 18 75 13 67 57 6 78 2 54 29 23 30 24 51 40 64 1 99 68 22 46 51 71 41 57 72 29 66 100 1 90 24 0 1 43 35 54 39 71 27 26 51 73 89 60 45 33 80 76 44 3 46 99 51 60 4 62 70 47 72 56 64 62 100 19 59 61 96 7 63 36 74 78 16 65 54 9 43 57 46 27 4 86 51 5 0 100 42 15 77 99 74 93 41 38 36 54 41 29 94 58 68 29 43 39 55 66 42 21 29 76 11 3 68 98 17 26 17 72 68 20 96 88 70 32 30 89 60 2 64 74 7 77 32 31 40 84 29 100 62 70 15 29 89 7 25 48 63 8 60 7 67 32 37 44 74 77 46 56 24 94 84 22 49 48 38 27 43 50 30 17 41 89 5 14 25 41 26 64 41 10 47 24 95 70 60 3 100 79 18 69 37 48 31 80 7 19 83 57 55 63 72 68 38 74 90 35 12 74 40 80 5 84 95 31 18 87 95 100 93 16 11 15 90 40 75 66 40 54 65 63 3 41 69 42 82 40 4 66 96 43 0 17 19 69 54 57 33 74 80 37 64 51 34 87 24 56 43 96 60 83 97 71 47 53 85 94 45 58 2 40 7 66 49 6 86 80 90 48 36 77 93 26 91 71 98 72 17 20 8 96 57 63 45 54 74 92 59 89 30 58 90 88 21 46 35 34 51 14 69 47 18 87 82 9 32 53 40 84 46 77 80 90 92 4 97 42 17 60 54 85 41 94 34 62 90 77 44 18 86 67 88 59 16 1 74 76 50 36 31 6 91 51 46 86 70 93 88 31 44 21 54 73 0 75 98 94 30 76 100 46 30 10 13 53 72 32 63 65 36 88 75 90 61 45 83 28 85 72 16 72 66 96 37 100 40
52 34 79 94 92 76 91 93 71 46 100 79 23 89 32 75 56 79 71 8 56 85 38 14 71 80 84 21 74 2 83 65 75 11 15 45 50 45 14 84 14 97 15 98 85 54 81 88 8 34 34 93 0 93 5 50 85 21 4 30 56 73 90 83 66 67 68 96 53 11 50 32 4 50 6 43 96 40 55 65 1 96 98 56 93 55 84 89 26 55 83 7 87 33 49 84 10 60 93 15 75 76 58 93 0 24 6 5 15 37 25 15 93 66 45 24 36 8 58 64 72 43 8 86 76 19 85 93 96 29 29 35 60 48 15 73 11 28 67 36 58 57 49 55 5 49 45 20 3 86 33 38 62 96 25 73 21 49 59 74 78 35 81 70 66 71 72 78 78 14 33 32 66 93 63 3 4 12 39 43 64 46 35 73 40 21 42 41 47 44 98 60 65 8 72 14 58 80 16 97 50 37 5 39 55 11 40 40 89 86 20 21 8 40 25 68 61 65 40 80 72 66 22 44 33 71 3 63 21 81 72 14 98 57 37 16 41 91 88 36 85 48 77 52 39 81 97 22 15 51 86 60 49 70 42 87 0 100 36 55 26 7 12 59 84 93 26 7 16 73 28 21 87 59 91 16 80 35 13 73 50 95 59 16 85 13 90 53 5 28 75 6 83 37 94 78 9 61 86 2 29 64 62 48 75 47 55 28 85 34 57 34 26 74 19 61 60 95 64 39 50 44 86 32 37 2 77 54 20 47 38 17 61 55 58 22 4 15 21 82 67 12 40 47 83 61 83 43 69 8 94 74 31 84 28 36 64 27 48 36 1 86 69 47 76 16 16 85 49 92 11 38 92 64 57 36 93 69 48 85 59 50 57 33 89 25 25 1 38 35 51 15 25 100 97 14 13 80 22 56
0 77 72 73 61 27 66 37 25 30 87 3 78 54 61 2 16 63 82 22 59 32 79 8 60 27 4 66 7 8 4 72 73 37 58 5 57 0 17 64 77 86 78 59 1 67 25 60 10 16 53 43 32 7 98 90 29 34 52 68 84 58 80 41 80 48 14 2 34 86 94 56 86 90 34 22 27 73 87 76 36 7 78 85 41 8 34 5 46 19 90 69 4 2 26 59 87 72 83 100 74 96 75 69 25 43 99 91 86 45 63 7 14 75 38 86 9 86 83 59 36 95 3 48 91 27 41 5 7 45 81 4 26 59 34 21 33 66 96 63 86 73 30 10 36 37 60 66 94 13 66 12 2 61 22 13 3 60 97 78 51 54 55 36 95 19 10 88 80 26 10 90 9 36 85 35 79 30 78 96 80 92 41 18 7 73 32 60 11 31 8 35 90 24 51 55 20 6 13 92 87 0 47 15 2 8 22 61 66 79 77 22 28 99 91 63 37 78 10 44 15 95 4 99 66 82 7 41 60 65 73 92 59 56 98 9 44 93 81 88 88 83 82 2 17 16 32 46 4 16 11 83 2 44 64 49 91 97 42 87 98 83 58 100 51 7 89 73 41 90 55 31 54 77 58 15 2 0 40 96 21 18 25 14 14 71 44 63 82 19 73 8 86 99 6 90 11 19 24 75 35 12 85 93 11 44 36 19 57 2 94 74 70 50 99 50 11 13 66 51 67 30 35 94 83 9 23 89 43 70 26 11 17 27 39 99 39 73 87 86 20 37 3 48 49 72 99 64 95 80 45 86 42 34 65 97 85 8 91 25 2 67 23 18 21 70 8 47 85 4 51 66 62 31 5 52 18 15 70 92 4 2 29 36 41 60 0 1 40 28 89 37 82 73 23 69 33 92 34 2
13 28 16 55 13 59 5 70 5 44 27 23 61 22 47 79 20 60 60 0 58 68 81 68 26 51 32 92 14 91 12 71 87 31 89 53 53 85 94 40 76 86 69 26 72 77 4 86 42 25 24 33 13 57 23 17 48 18 6 72 58 80 76 26 6 69 95 15 70 0 16 73 46 87 66 73 70 4 51 32 98 13 94 23 32 98 43 92 76 23 97 58 92 7 73 36 98 14 31 100 99 17 82 89 65 28 16 13 75 70 77 90 15 98 12 98 14 23 7 70 68 81 81 66 64 84 34 67 0 70 3 93 99 76 44 75 12 15 8 21 62 22 1 79 30 16 56 97 30 98 17 64 2 16 97 85 10 60 3 39 80 84 60 99 7 28 7 64 26 24 6 37 19 97 98 24 11 56 3 85 100 85 45 82 100 29 4 54 54 15 72 92 31 80 91 73 65 35 74 54 19 47 16 12 52 56 93 63 76 17 100 8 28 45 3 22 85 36 90 50 27 82 57 55 30 29 31 14 76 92 95 43 93 16 37 91 94 63 44 68 81 33 52 29 73 15 51 42 19 24 25 39 14 9 11 0 38 66 36 78 67 92 86 85 95 13 37 27 44 99 93 10 13 70 2 43 89 84 11 27 3 98 43 26 95 44 36 66 79 23 85 61 31 10 1 15 19 6 85 71 46 91 85 96 21 71 58 34 50 2 61 63 81 84 94 9 99 92 100 67 77 23 80 72 98 93 25 55 19 69 88 95 79 6 73 68 35 91 5 39 2 6 61 54 88 54 94 58 75 6 51 33 44 71 75 62 95 4 50 86 61 96 61 48 8 57 36 59 91 0 79 56 31 94 1 44 63 87 51 18 75 13 64 16 68 81 92 9 4 72 7 82 78 58 99 57 52 70 38 36
60 78 60 14 62 80 18 9 71 39 52 11 56 49 15 37 0 85 42 46 96 83 73 42 22 91 53 29 77 60 99 1 93 61 37 90 53 90 48 49 20 97 78 100 98 50 49 33 68 82 31 90 67 33 50 54 10 25 73 35 32 65 15 12 64 44 62 22 2 28 86 76 27 11 8 37 95 22 40 3 54 70 8 44 96 63 25 87 78 17 12 70 4 48 85 71 16 67 48 93 93 78 46 22 82 19 90 22 87 2 75 79 19 48 86 60 95 70 50 4 37 9 69 98 55 13 58 43 0 30 46 61 6 13 80 88 6 93 97 54 1 11 42 83 24 37 95 7 80 21 58 73 40 63 23 81 18 28 3 91 100 70 86 17 66 73 17 24 38 31 21 23 29 60 89 49 13 8 39 49 74 45 50 99 67 10 73 42 66 55 23 20 10 14 79 86 75 82 81 36 16 21 27 31 6 19 4 41 64 85 41 82 23 82 54 80 56 20 17 10 67 82 25 88 50 100 88 20 49 33 13 8 32 3 91 96 29 56 53 51 60 78 92 54 30 66 47 3 6 76 91 51 98 61 67 11 68 5 78 45 80 62 15 49 93 95 79 75 11 67 33 26 7 9 93 52 31 60 77 34 95 62 41 36 59 91 8 67 46 72 50 51 22 39 100 93 51 51 55 49 10 83 69 44 63 79 38 32 43 71 35 69 8 81 12 18 90 18 47 15 56 63 12 51 66 74 24 10 2 87 42 43 26 20 19 33 12 15 17 96 48 34 79 19 20 91 96 90 83 18 75 46 8 45 47 42 63 78 77 89 26 98 69 73 75 5 9 15 16 0 65 37 27 43 46 82 64 11 40 51 33 39 55 1 74 0 9 91 41 47 50 12 13 29 26 6 0 10 36 88
18 67 48 84 12 54 49 53 47 65 87 17 37 29 6 65 90 98 3 82 9 23 92 81 29 5 62 2 60 96 51 96 24 21 62 49 56 38 12 41 62 61 1 58 7 33 96 94 30 7 8 1 96 89 52 95 27 19 99 4 6 39 98 20 8 42 94 26 50 54 63 71 74 51 63 50 10 88 56 18 81 19 40 21 85 77 24 62 28 55 88 17 52 19 43 56 1 93 57 92 18 34 27 26 25 21 43 60 1 48 64 82 61 71 42 26 9 33 65 71 4 84 59 75 55 59 19 63 86 72 73 62 92 31 77 11 15 89 43 84 33 43 88 34 6 64 82 57 52 49 39 34 77 60 24 54 69 60 65 51 5 41 23 34 14 19 15 97 37 53 86 31 65 21 91 75 17 13 96 9 17 44 76 4 67 57 52 77 79 49 4 52 95 88 78 5 6 87 59 71 68 69 68 86 99 97 40 73 48 41 92 12 33 73 28 84 21 12 46 76 41 59 86 62 20 9 57 60 5 65 86 28 78 70 89 67 14 25 42 17 3 96 6 1 21 37 50 9 18 25 45 65 99 1 97 16 58 20 26 53 53 71 61 80 9 66 35 18 80 63 25 90 53 81 49 3 43 49 75 8 19 38 76 31 54 53 50 74 90 46 91 43 76 94 2 83 46 60 24 83 68 81 60 47 52 79 53 5 88 9 50 69 64 35 38 72 90 38 5 84 74 2 93 54 77 80 32 84 59 12 44 72 1 96 81 9 11 86 78 43 88 82 1 7 55 15 22 69 53 99 65 85 1 69 76 34 40 61 75 81 47 0 46 47 4 30 9 97 83 74 66 61 50 9 9 70 1 28 72 9 30 47 89 50 76 99 35 71 12 30 77 95 17 85 85 49 43 62 58 63
59 77 72 10 54 38 5 80 30 21 16 75 88 92 72 62 95 91 9 77 19 96 25 9 100 70 10 0 94 53 22 99 63 60 57 81 43 89 11 3 56 98 97 41 21 19 11 34 48 76 86 73 99 46 9 69 81 65 33 40 93 46 23 53 24 96 33 94 5 82 85 88 63 53 29 47 69 67 79 71 75 18 9 32 37 67 87 70 26 42 43 49 54 92 2 97 89 34 97 11 79 61 43 17 60 42 97 67 39 88 83 68 99 52 49 23 39 92 96 43 0 49 91 21 75 20 5 35 26 90 38 28 53 81 63 55 12 56 25 13 35 67 82 83 93 60 3 13 41 94 71 63 84 16 81 78 31 60 22 35 7 5 34 3 97 45 77 70 71 66 90 9 10 6 74 7 58 83 2 80 8 90 73 63 55 1 15 15 61 47 100 7 84 11 75 60 51 43 18 36 95 74 93 92 83 87 56 79 68 96 41 79 96 70 27 69 2 83 93 80 12 82 58 31 36 84 91 31 85 68 74 13 59 88 2 35 0 15 83 22 81 68 33 8 56 77 81 64 72 92 52 95 93 7 32 75 64 48 13 39 34 64 8 17 48 58 81 72 35 97 65 84 1 35 63 53 73 17 44 77 6 46 17 65 50 61 80 84 69 68 42 18 29 28 87 38 10 15 60 6 22 11 22 61 42 12 2 95 5 100 52 13 66 72 95 28 63 13 71 88 63 78 86 45 53 27 60 50 100 54 90 52 1 92 25 51 18 31 75 83 71 79 15 32 43 18 93 9 63 61 10 52 73 82 48 90 29 55 97 88 49 57 78 34 9 34 60 16 18 17 82 99 21 84 46 30 16 56 24 49 24 35 22 67 87 19 18 80 91 22 53 23 83 46 87 29 65 27 22 4
32 80 36 52 52 43 25 75 76 36 72 88 97 60 13 19 18 63 56 30 90 87 38 18 36 5 9 18 59 5 5 24 13 8 45 86 47 49 58 63 92 94 13 41 83 75 69 37 42 62 11 38 82 0 21 31 40 8 26 98 7 60 51 44 98 56 52 78 70 9 63 30 31 19 57 46 2 89 3 43 7 57 84 36 73 42 4 63 6 55 72 16 49 24 54 5 29 5 27 14 77 76 67 48 62 98 46 0 56 76 33 93 25 79 65 26 67 14 15 67 11 97 33 73 36 29 5 24 57 27 87 62 55 64 76 35 82 64 19 68 86 48 83 21 33 41 84 93 45 49 51 18 24 18 42 93 47 33 84 99 12 98 14 32 78 59 75 87 99 50 9 46 59 42 14 48 0 10 47 53 26 48 37 17 92 41 38 97 63 99 51 39 7 22 79 8 39 44 7 38 100 38 21 27 48 13 13 28 31 90 62 25 53 67 85 63 69 46 97 58 40 20 34 45 25 51 55 67 91 6 73 32 17 53 95 17 2 38 84 76 82 10 97 40 39 9 48 98 19 8 67 40 49 91 87 73 95 6 11 76 56 77 28 22 83 6 0 97 7 24 85 75 99 55 97 5 88 17 49 63 70 78 82 17 2 13 84 3 4 59 88 60 34 3 27 49 16 49 35 38 2 57 43 46 58 33 14 4 78 7 89 44 67 1 7 35 47 13 17 54 11 33 86 57 100 31 1 6 41 83 60 71 9 33 42 78 56 35 25 53 90 30 86 45 28 44 59 93 7 17 3 58 100 38 59 34 21 93 68 59 23 83 84 26 22 5 94 54 69 9 20 85 37 55 73 14 40 70 65 44 67 61 12 51 75 4 52 46 39 17 71 92 67 13 56 84 89 86 15 26
3 25 7 89 34 88 33 96 70 72 46 58 23 82 17 44 67 74 91 93 55 78 28 1 50 84 60 47 79 11 5 27 54 5 4 72 68 73 14 13 69 62 57 22 58 35 74 55 89 30 37 5 86 84 1 65 52 21 20 2 73 19 58 32 31 91 74 16 53 91 77 33 35 37 85 51 1 59 59 23 79 60 81 39 33 56 56 15 7 52 22 78 100 9 68 34 37 88 17 55 73 35 6 5 48 49 27 13 40 66 73 67 94 42 36 28 30 63 99 91 44 3 30 20 23 3 50 72 30 77 63 45 0 46 94 51 23 40 21 67 61 86 20 20 68 76 83 37 81 81 22 35 98 21 37 38 81 94 24 45 43 11 33 71 71 41 66 24 70 6 43 20 27 87 89 57 23 62 43 83 49 5 42 37 68 95 45 51 7 36 46 91 16 17 37 32 82 95 39 14 66 95 28 23 64 26 49 55 18 75 56 98 33 0 91 9 38 70 62 76 18 14 79 94 54 91 34 35 45 45 49 69 11 28 35 44 34 29 75 68 74 34 38 33 34 85 44 82 50 56 54 18 60 88 55 26 95 73 91 12 53 49 9 50 9 99 100 34 58 97 41 72 97 73 39 64 15 61 85 94 54 56 15 57 58 31 49 81 100 62 29 96 97 81 47 25 44 86 7 71 37 12 33 53 69 62 50 45 34 52 18 41 18 44 20 93 74 89 22 78 34 84 7 68 86 8 81 2 18 84 66 84 83 30 1 63 59 90 58 63 47 15 2 70 19 39 85 53 23 79 94 13 19 89 18 13 52 23 54 5 69 58 25 35 49 5 88 70 13 54 77 61 26 43 10 71 0 27 56 47 99 74 15 54 69 31 46 79 68 73 100 49 63 34 90 82 65 61 84 25
15 17 67 58 6 97 26 24 5 61 91 45 68 100 39 11 22 41 97 17 45 5 85 66 15 66 55 35 60 75 40 99 97 98 26 39 13 31 34 63 55 41 54 55 48 68 31 54 39 17 18 39 98 40 11 55 51 9 24 6 51 10 79 56 21 68 100 62 2 51 41 75 65 8 13 12 23 63 41 79 87 53 6 32 13 37 88 24 81 22 37 77 69 39 12 77 38 66 57 26 4 32 100 74 6 39 28 75 89 46 1 20 42 93 66 58 28 77 46 12 44 12 42 46 74 15 6 1 67 26 6 28 77 18 31 50 87 25 14 33 67 94 71 45 68 95 86 77 51 87 20 54 29 87 14 59 50 68 33 73 60 97 8 65 69 45 39 76 74 38 25 33 1 68 62 57 73 67 100 14 75 44 12 15 70 41 63 59 98 54 17 83 2 71 60 71 54 57 24 66 26 4 17 11 60 1 37 95 76 99 38 86 86 83 73 76 99 8 88 74 2 81 99 2 78 36 100 54 40 33 80 94 41 29 91 97 72 3 62 15 69 17 26 88 8 29 33 91 10 51 33 31 70 94 22 24 5 31 91 42 61 100 33 0 29 72 73 39 18 73 11 63 11 53 17 37 52 73 1 91 15 23 14 25 26 50 12 23 11 9 77 88 45 63 54 35 38 31 86 91 60 11 63 77 84 79 77 37 49 54 25 48 73 38 74 12 33 79 90 37 0 98 23 66 9 79 18 31 53 97 59 52 35 54 63 86 74 39 0 37 27 94 28 60 27 44 16 4 94 96 57 100 93 13 51 27 11 59 16 5 96 65 97 62 13 38 83 82 60 57 8 74 50 12 93 44 68 84 45 62 55 31 70 21 23 27 20 43 90 42 100 47 51 42 94 34 10 45 8 16
23 58 10 10 19 37 88 97 82 72 95 23 95 36 86 59 5 3 99 62 61 60 21 61 38 76 90 69 77 19 25 53 6 63 52 79 93 28 74 58 78 38 90 95 80 34 5 37 92 29 35 38 79 72 56 16 82 69 49 77 66 61 47 79 33 33 41 73 29 26 32 20 44 63 99 66 24 74 37 9 84 4 74 13 45 3 21 43 5 13 11 94 84 36 0 59 100 24 0 48 60 51 59 98 3 51 22 15 8 2 39 52 30 45 61 71 89 29 12 30 41 46 82 17 33 13 0 50 26 72 1 37 31 5 68 67 7 37 79 6 21 26 87 63 32 23 13 59 100 98 15 84 4 83 44 1 47 48 64 39 3 19 71 73 99 48 40 3 47 96 68 65 16 48 6 60 46 17 46 14 31 30 86 60 19 34 57 73 46 67 71 46 5 34 19 84 83 5 5 32 28 0 74 76 58 94 46 16 58 58 89 14 69 33 43 41 92 68 50 38 4 32 34 2 66 88 45 61 33 53 56 100 17 69 15 60 39 46 3 70 36 87 94 14 12 89 15 74 80 89 78 64 28 65 16 46 62 91 80 91 39 83 97 11 76 75 75 56 98 77 5 74 92 25 35 36 5 3 15 94 34 2 33 22 37 29 90 86 23 6 14 4 84 34 9 92 33 81 11 38 58 1 50 92 14 46 29 6 8 7 64 96 22 13 59 22 16 15 18 30 76 97 57 78 85 60 50 64 47 9 5 84 1 85 23 67 19 51 60 65 9 9 6 52 100 80 82 72 3 81 62 10 4 53 4 7 78 91 33 98 22 5 66 74 48 85 64 4 11 95 36 52 68 78 4 87 84 65 17 24 91 31 75 24 44 96 64 33 2 61 63 26 88 83 3 2 24 55 35 58
20 23 87 76 36 11 97 4 56 37 76 89 44 81 44 26 77 78 4 13 49 56 94 49 1 44 75 16 31 62 47 15 52 94 75 48 19 1 41 45 30 76 68 21 64 74 13 14 43 15 16 4 37 32 93 71 71 0 59 97 66 85 4 20 78 83 19 55 63 69 76 75 88 41 74 54 49 32 60 67 1 40 49 96 7 82 94 55 45 72 87 61 3 26 41 65 86 40 40 96 24 79 54 66 6 89 60 41 91 19 41 46 42 18 18 50 13 78 32 42 73 97 95 96 18 92 44 47 44 14 27 90 61 100 95 98 82 63 95 2 93 88 42 36 36 24 2 66 94 5 12 44 66 12 14 68 1 38 42 36 75 66 43 87 88 51 33 57 49 1 99 32 25 57 50 43 23 42 51 92 0 62 44 64 70 18 63 57 93 63 64 44 75 53 27 76 71 96 63 26 6 74 22 89 80 28 82 14 34 57 90 14 58 35 16 92 59 16 59 13 33 94 26 36 56 65 45 14 73 93 70 90 92 95 50 33 62 10 26 20 99 42 92 82 62 91 58 68 18 22 74 98 54 65 8 2 85 41 68 30 74 7 34 3 29 73 39 99 100 62 5 36 81 87 72 13 41 28 8 83 29 63 33 79 30 46 44 23 1 38 45 12 68 48 61 68 81 4 27 48 74 25 32 82 43 15 17 50 32 19 4 58 11 7 91 94 53 91 15 42 34 80 38 6 9 19 8 100 85 92 55 45 55 45 36 15 29 72 100 27 64 58 87 50 76 12 100 17 100 44 84 1 34 51 15 10 76 96 20 96 2 63 34 80 0 41 17 58 48 3 23 51 51 63 53 19 32 97 63 61 54 25 53 85 10 43 85 97 69 7 53 14 2 76 84 47 40 99 98 57
88 73 70 90 14 37 98 92 84 61 97 80 13 55 94 43 8 56 48 66 71 39 81 74 83 20 13 81 9 95 51 0 6 53 85 69 76 71 79 38 36 84 10 32 81 36 43 27 2 76 73 69 15 94 96 68 38 93 45 70 28 47 87 73 42 25 0 11 63 55 33 76 74 90 70 1 40 94 77 18 94 49 16 78 40 57 43 60 88 70 33 31 17 9 98 100 97 59 60 13 69 12 24 49 17 44 96 73 100 50 51 75 19 14 3 94 47 8 15 42 34 70 28 20 98 44 8 100 42 76 19 88 12 66 97 44 26 43 20 67 8 65 38 99 17 19 53 17 11 87 48 51 76 71 15 91 92 76 33 95 60 74 90 61 95 2 86 38 13 26 2 49 94 11 88 91 74 65 91 7 75 97 16 48 90 29 44 60 16 29 55 35 51 99 55 29 91 70 72 95 89 82 23 31 75 100 56 58 30 38 54 73 54 98 49 93 8 8 52 88 20 38 20 10 47 41 99 42 55 46 51 86 46 51 81 33 0 99 18 49 95 32 84 79 60 97 15 96 10 46 29 20 24 65 40 39 40 99 13 73 13 56 35 96 52 26 72 74 71 26 22 33 64 11 56 87 42 48 71 48 7 8 81 10 80 82 11 15 37 56 97 8 4 72 10 33 41 16 60 36 70 61 69 56 57 59 35 78 77 41 68 16 55 68 33 95 49 11 17 49 74 40 55 49 25 63 87 19 55 79 73 59 33 46 94 28 42 55 92 66 87 51 96 11 38 59 34 24 69 73 32 1 60 89 62 80 18 22 72 57 91 3 45 71 67 35 63 95 79 91 36 56 48 77 27 39 64 90 0 73 23 38 85 79 92 55 23 68 17 66 82 67 93 29 96 47 60 98 39 100
12 3 96 34 41 27 82 27 51 18 42 19 21 52 74 45 64 96 72 12 42 46 63 78 81 0 49 69 88 90 27 49 74 92 98 85 60 23 16 34 56 8 71 95 11 14 1 69 69 22 47 22 4 46 77 20 65 0 58 74 96 73 11 41 22 68 43 83 54 43 72 61 72 44 33 14 100 76 76 40 75 35 55 33 27 26 56 84 92 91 8 70 10 25 10 32 19 63 58 97 5 44 69 39 4 37 10 41 64 88 85 24 34 28 46 36 30 84 16 12 75 86 23 75 66 81 31 25 73 66 24 59 13 57 9 9 3 76 18 16 49 28 70 15 30 5 27 86 22 13 6 25 7 14 65 30 93 73 86 1 90 49 80 26 96 77 52 57 43 48 58 98 41 32 86 27 3 80 65 99 33 85 71 19 37 34 72 60 63 74 29 39 85 14 37 58 61 55 32 3 30 79 94 55 65 31 48 33 10 68 99 24 75 95 11 80 42 28 53 25 42 41 76 53 61 54 2 95 66 21 12 93 27 97 23 22 61 27 65 58 89 14 32 35 14 95 56 69 38 2 54 68 38 35 0 88 82 11 59 58 3 65 69 94 95 43 73 80 44 48 60 84 48 67 15 68 13 32 83 48 7 35 48 45 97 96 96 73 41 3 24 70 10 78 35 73 96 71 100 77 16 89 65 21 31 70 84 44 79 57 37 1 76 33 21 77 57 19 93 45 62 28 74 2 39 47 59 95 58 16 62 38 83 28 31 47 61 68 14 2 96 59 30 33 22 70 15 3 44 40 73 60 61 35 96 61 84 13 44 72 21 25 29 6 77 66 66 42 27 26 66 92 8 50 12 19 58 76 62 94 28 4 96 79 75 8 17 72 25 72 74 5 76 30 0 90 96 86 70 18
3 88 37 32 34 16 33 54 90 33 21 52 53 76 27 45 40 88 84 22 23 62 45 94 45 42 5 1 34 29 1 32 54 46 41 6 46 49 6 26 26 44 6 10 3 5 24 30 59 10 92 60 62 54 17 3 45 87 84 68 78 24 93 75 55 65 19 73 16 53 99 92 65 51 65 4 12 51 90 45 43 90 38 64 52 60 46 74 18 86 22 90 37 68 56 10 16 64 73 29 28 32 44 92 12 99 2 19 26 21 37 2 82 77 22 100 15 95 98 77 44 58 96 79 40 13 79 42 76 68 77 61 16 77 33 38 31 77 43 20 38 88 1 81 19 93 14 94 18 97 12 12 97 73 50 83 11 97 72 20 19 58 12 41 93 24 67 93 50 96 26 1 10 26 10 44 67 73 21 39 18 4 2 91 21 81 97 12 34 61 46 91 63 60 66 55 21 86 26 46 76 17 96 23 97 27 40 32 91 60 7 39 38 51 82 75 27 8 61 79 10 68 10 47 23 45 44 59 23 13 74 48 43 91 95 43 27 82 58 41 41 23 85 6 22 43 40 65 91 71 15 52 14 5 73 18 53 52 95 25 89 52 95 89 50 94 36 61 34 8 96 33 100 92 8 75 91 97 52 38 18 17 92 14 34 96 0 28 57 71 4 65 99 39 45 85 34 54 75 70 87 29 75 64 0 89 66 54 18 59 8 3 89 14 6 43 90 2 80 26 80 54 30 76 88 70 1 55 48 81 84 69 78 95 33 73 96 30 49 27 2 72 95 84 69 3 99 75 83 53 33 84 92 44 46 61 51 11 29 86 38 26 56 46 48 55 30 89 50 4 41 66 13 88 47 82 11 13 13 19 86 47 37 27 7 36 68 59 54 81 95 58 17 98 97 3 46 56 26 44
5 10 53 74 70 0 7 79 33 14 50 96 12 45 90 67 50 33 60 76 1 79 66 98 48 74 80 59 37 58 42 10 43 79 3 34 70 45 31 82 95 13 95 26 58 21 95 0 23 63 78 0 88 79 85 4 75 28 30 49 22 16 26 60 45 88 77 21 21 71 70 16 2 21 14 36 73 78 96 23 18 33 84 79 73 20 5 94 7 43 28 83 79 93 56 58 74 90 65 17 56 21 99 89 87 73 81 4 9 49 79 78 16 33 51 44 93 36 75 28 71 37 24 58 54 71 43 10 29 71 58 7 30 64 28 70 89 2 86 33 42 48 90 52 5 30 14 42 97 17 56 21 76 92 59 73 21 77 69 82 52 53 30 45 56 52 87 29 91 12 76 75 57 45 82 29 79 8 8 64 8 91 92 91 82 39 57 8 68 81 21 72 83 42 68 25 66 76 82 71 28 20 25 57 0 82 9 46 96 9 90 38 17 0 95 55 81 95 93 93 72 86 98 34 61 53 0 6 43 30 6 47 55 35 41 25 91 97 14 73 11 27 64 70 55 19 60 13 47 82 98 29 33 19 62 63 42 54 44 85 97 47 35 61 2 7 11 89 91 100 94 43 70 84 2 53 5 55 42 90 17 94 1 48 42 51 92 81 40 41 95 98 32 74 11 4 75 39 95 56 10 44 33 82 20 59 74 86 46 63 11 82 15 50 88 9 83 0 80 11 21 67 30 3 70 46 82 89 89 30 26 0 20 7 85 6 62 55 21 71 24 86 30 79 64 38 74 20 63 35 19 30 88 58 45 79 46 34 75 2 42 28 1 77 95 13 60 56 38 56 49 43 1 5 5 9 27 66 46 82 5 72 63 85 3 41 94 43 100 83 70 99 58 99 20 54 86 49 30 62
37 92 25 93 100 63 99 4 54 79 12 55 45 31 34 78 24 5 67 20 9 72 96 86 60 79 52 54 2 20 30 92 32 44 88 64 92 100 99 85 69 14 69 41 90 54 90 70 8 76 32 84 47 58 90 43 74 7 78 57 28 25 56 25 35 44 46 82 67 67 100 19 81 72 4 92 86 44 45 0 53 19 90 54 63 36 78 14 60 86 51 45 76 53 65 80 6 65 68 66 4 18 89 19 64 2 93 14 78 83 18 84 78 7 78 12 51 9 33 82 26 78 80 52 34 56 5 90 81 58 55 37 36 47 76 59 52 96 36 22 73 8 14 32 95 61 44 7 39 7 87 83 73 6 9 3 55 35 85 56 95 22 29 72 24 8 3 71 79 65 72 21 30 85 30 28 32 52 65 49 28 41 4 65 56 61 49 50 93 22 70 15 59 18 77 16 33 17 32 78 88 85 75 77 72 63 78 24 34 50 79 71 67 3 42 70 30 29 48 42 85 14 87 59 99 32 76 94 84 26 10 58 10 47 9 20 18 25 45 52 22 49 79 53 28 5 50 24 61 34 4 82 34 26 97 49 44 69 78 65 46 5 75 4 8 4 99 23 62 20 22 20 5 53 37 47 27 89 32 51 97 100 75 90 42 85 42 5 17 59 48 9 99 52 75 87 94 77 69 34 9 36 14 14 53 98 1 66 13 91 69 87 14 43 46 12 63 49 79 70 25 86 46 61 84 8 68 75 53 76 74 51 20 97 4 66 92 71 86 46 21 53 74 61 0 57 77 34 41 89 57 27 36 58 8 64 47 53 70 60 13 37 60 90 50 84 44 58 1 21 47 24 76 49 48 3 19 44 100 98 63 90 52 26 96 39 8 28 71 87 29 85 87 32 40 3 16 98 37 68
5 29 98 43 10 11 95 3 38 36 14 17 16 34 34 59 18 93 43 79 90 33 53 83 33 23 72 59 0 63 70 80 43 18 43 40 82 30 12 42 7 34 24 36 97 75 26 58 4 14 93 80 1 56 48 46 52 64 11 98 40 52 56 69 96 85 63 8 73 43 86 0 81 61 43 30 84 49 53 4 99 75 7 59 22 8 61 88 27 79 45 5 0 12 39 4 72 17 65 89 74 0 31 60 43 18 65 1 8 6 30 10 55 77 59 24 8 84 85 19 47 37 81 57 75 46 28 24 49 87 17 24 33 92 2 97 95 93 12 11 93 20 47 69 91 97 43 92 82 47 53 48 56 1 78 86 32 13 65 85 22 81 71 73 92 73 82 79 2 33 43 18 1 84 21 19 0 78 55 65 4 48 11 45 97 71 93 29 1 84 22 29 62 54 98 80 88 91 50 22 22 44 31 72 75 30 51 78 5 74 92 99 39 70 46 11 45 6 88 35 37 2 10 61 86 67 27 50 9 31 49 75 27 85 23 21 65 21 87 1 80 8 99 35 52 17 78 78 2 60 6 46 69 91 62 43 26 39 30 58 23 7 39 77 74 77 63 90 45 31 22 5 41 42 17 37 61 39 67 32 33 59 96 74 62 70 0 5 57 69 99 59 51 46 27 97 78 5 86 34 57 75 69 7 57 28 56 63 55 88 32 35 69 8 67 11 84 56 82 43 26 40 83 34 87 3 36 73 49 73 11 50 52 99 4 98 4 53 4 31 37 55 68 10 95 66 92 23 4 9 7 91 88 15 32 10 14 77 1 45 59 63 93 68 29 40 29 5 13 51 56 25 43 13 90 1 24 63 53 84 26 39 7 7 2 90 6 88 99 83 54 3 56 48 77 63 21 64 94 35
15 94 3 9 45 11 72 33 50 38 1 74 47 13 33 35 60 12 47 7 20 76 39 13 13 38 67 70 96 35 89 28 30 16 24 64 25 24 75 32 9 53 65 97 79 89 89 98 4 25 2 60 64 40 46 36 80 97 86 62 7 1 75 61 82 93 58 70 33 86 49 23 80 57 99 1 73 84 71 32 4 21 19 93 2 11 90 22 94 32 55 53 94 61 34 27 73 87 65 45 30 53 38 83 10 92 46 46 18 24 32 73 46 70 78 14 50 24 58 14 96 0 77 2 45 72 68 92 9 43 14 44 7 18 91 97 1 34 45 30 12 31 27 44 19 73 69 41 79 58 48 19 55 12 57 7 7 100 51 80 68 9 43 6 47 94 96 40 43 1 22 7 54 83 27 52 59 63 28 15 48 19 18 21 64 40 76 18 2 69 94 66 21 1 84 11 84 14 75 69 17 9 83 56 15 41 67 24 17 18 31 60 12 38 55 74 33 5 51 55 96 85 8 100 19 25 51 39 9 58 10 46 93 87 23 73 3 63 9 12 31 36 41 99 79 41 10 22 77 26 60 39 17 67 9 2 7 30 73 89 58 41 87 44 81 71 79 27 55 43 88 56 65 76 28 24 54 71 65 95 83 54 79 24 61 27 45 2 29 4 81 28 50 48 28 29 1 1 88 58 44 57 7 94 42 32 26 10 79 8 16 66 47 99 94 28 87 19 41 91 44 6 66 22 84 59 23 40 80 20 47 76 37 15 1 9 11 9 76 30 54 56 86 29 50 76 64 17 2 17 0 16 43 33 35 18 60 87 10 18 83 49 43 40 75 0 76 97 43 4 100 46 92 1 56 59 22 12 27 25 97 54 19 83 18 0 24 15 21 35 93 81 27 88 32 24 100 62 88 86
44 42 51 32 29 72 22 7 59 41 53 43 32 75 50 78 17 66 32 56 24 70 29 41 62 12 32 17 3 29 78 97 76 14 22 26 58 38 85 35 52 50 48 91 82 91 81 12 55 79 92 98 40 36 27 83 86 54 89 35 2 84 80 23 34 38 89 48 26 60 15 60 37 93 8 22 30 53 22 48 22 99 76 4 75 43 54 13 1 1 61 37 66 46 86 19 17 33 61 49 23 94 2 93 19 42 52 25 89 19 15 53 94 89 28 46 50 94 4 49 99 72 100 92 16 73 47 86 28 59 63 8 8 27 8 66 78 31 85 76 57 19 37 47 84 71 4 25 73 66 51 67 19 12 76 54 74 95 55 77 82 18 65 78 63 99 60 81 16 61 1 2 91 84 62 5 36 58 75 76 32 1 35 65 58 69 0 76 10 78 33 36 29 27 27 17 87 25 100 83 86 81 86 7 46 57 44 14 41 74 10 26 50 52 91 40 5 94 90 2 7 80 83 51 57 47 99 59 29 97 92 29 14 39 37 28 84 70 6 59 24 100 62 48 58 34 89 39 94 58 43 59 100 85 100 78 79 14 85 91 41 28 94 49 79 49 79 67 23 79 64 61 34 61 30 98 78 75 30 54 14 29 23 77 44 56 23 86 1 66 44 17 50 1 79 92 87 27 88 93 33 25 10 29 71 56 89 7 29 47 89 40 80 66 18 17 13 36 2 31 72 71 68 49 36 49 92 59 73 37 15 99 16 12 43 57 54 0 26 15 27 66 62 27 27 22 73 85 30 56 53 77 40 55 33 94 93 0 98 53 66 34 91 88 70 65 20 52 81 99 46 88 49 82 86 58 97 68 13 81 67 0 96 10 1 34 29 55 59 93 15 40 92 70 22 85 23 87 8 52
52 42 15 96 12 45 33 0 32 7 8 74 8 68 92 27 24 38 7 27 91 95 55 41 29 47 94 41 29 25 75 90 13 50 58 82 79 27 32 73 55 88 46 91 58 81 13 8 69 12 84 69 58 67 33 74 30 79 17 42 37 44 0 77 35 82 46 2 48 92 59 5 43 23 12 83 39 76 84 91 88 60 83 71 98 47 54 55 83 24 76 35 77 4 89 88 89 39 8 10 97 14 93 40 39 97 88 14 57 32 68 95 14 57 63 69 31 58 63 83 8 94 54 39 34 67 64 45 29 12 81 80 59 57 58 75 34 35 64 0 56 0 95 7 50 46 71 68 77 45 23 2 36 23 4 73 5 8 26 24 45 46 24 52 53 46 73 62 88 58 53 58 7 56 30 48 68 47 2 16 30 78 53 57 30 66 85 74 25 79 21 84 21 9 48 20 53 25 93 84 62 65 9 33 16 2 34 13 95 96 54 67 65 97 15 76 15 93 60 73 58 98 43 24 53 15 85 28 55 6 92 74 95 58 11 10 7 27 62 77 45 24 57 28 10 9 2 92 21 65 10 32 69 67 90 24 39 32 25 20 37 53 89 67 83 23 62 55 7 54 88 89 46 69 87 60 12 15 8 84 72 27 61 12 93 59 48 92 39 22 13 66 89 3 69 83 86 95 92 41 3 3 47 99 38 44 15 78 70 65 10 91 93 33 30 16 65 12 75 14 95 24 96 15 58 58 69 22 89 55 75 5 69 16 75 70 54 54 16 100 15 1 8 4 24 54 29 35 42 15 97 5 55 61 3 15 96 86 91 2 25 91 67 12 37 87 36 42 83 6 37 59 43 41 13 30 62 17 86 83 3 41 0 80 50 49 30 20 72 88 51 27 0 18 44 78 14 49 60 29
95 78 46 73 94 21 63 71 81 8 99 56 25 19 24 63 82 47 3 2 93 19 11 98 8 49 61 2 0 67 3 84 81 83 50 66 18 15 23 72 56 7 93 31 10 50 58 81 63 65 16 76 48 19 2 85 55 88 94 38 14 56 36 83 83 1 63 35 80 9 66 35 26 20 77 90 87 34 6 90 13 36 41 73 52 6 96 41 71 7 37 68 4 86 85 80 64 47 14 68 12 16 64 72 5 69 83 60 91 53 84 41 36 23 47 87 38 67 9 16 100 19 51 80 70 10 94 0 81 43 73 10 31 90 92 80 86 100 70 16 65 35 94 39 65 99 75 72 65 75 72 35 4 40 31 94 10 26 48 87 70 28 93 78 86 88 41 33 69 19 55 10 17 33 16 63 91 41 97 42 30 6 40 72 52 91 98 48 73 72 96 36 79 43 34 98 88 61 21 27 57 52 44 58 42 90 99 85 77 95 48 30 69 76 86 18 75 3 6 48 25 86 81 68 61 63 90 17 70 73 58 64 62 83 2 58 55 43 83 43 22 75 61 73 56 86 30 49 12 57 20 18 42 81 92 46 11 8 89 33 52 17 3 98 82 14 73 76 16 51 40 56 3 47 84 58 77 58 80 44 99 92 2 51 17 25 96 57 58 58 7 41 89 5 19 16 22 46 42 46 88 45 6 81 24 88 76 65 92 46 77 19 66 98 85 21 45 77 3 68 8 57 18 5 33 52 22 92 20 75 64 26 16 88 84 23 43 89 69 22 77 84 11 26 45 10 98 3 89 31 31 57 56 52 91 100 1 80 6 14 78 84 20 98 88 42 47 82 71 75 8 70 86 100 31 65 9 46 82 54 27 94 76 21 27 44 43 44 46 24 0 15 99 93 30 49 40 76 98 29
62 21 28 30 24 79 24 99 75 49 72 19 19 15 11 23 15 25 16 60 2 1 33 97 28 94 33 77 57 34 85 38 70 49 31 26 91 33 52 12 48 84 61 83 77 78 90 99 42 60 69 87 25 69 20 59 25 78 15 38 54 90 71 42 48 89 35 8 72 60 86 87 12 12 50 65 21 71 55 99 50 16 19 81 90 42 26 75 70 71 12 55 94 48 32 65 64 42 48 6 3 74 52 55 33 16 60 18 42 17 18 18 78 18 90 14 46 5 33 9 61 1 4 93 53 61 6 32 98 84 45 85 0 21 85 42 37 4 6 38 20 17 66 63 21 55 67 53 56 84 64 31 36 92 61 71 81 79 34 93 17 41 91 48 4 64 78 80 43 43 60 66 18 83 93 36 94 17 65 41 1 61 51 14 16 17 37 59 75 68 34 99 88 38 88 44 67 56 78 31 44 68 32 18 82 37 85 20 25 84 91 100 22 66 4 53 11 36 63 60 85 40 1 21 91 38 68 90 82 78 11 60 68 1 14 52 8 92 64 58 30 42 78 53 63 13 6 74 93 30 93 12 79 67 78 39 70 26 33 46 48 99 86 83 95 24 92 83 52 15 12 85 5 67 36 32 20 88 86 94 64 53 93 100 77 46 11 98 74 84 71 11 28 9 50 22 97 56 97 40 54 8 38 36 82 2 76 37 12 10 51 53 95 79 12 26 4 78 32 69 26 29 47 99 0 65 55 86 2 91 89 60 90 68 84 89 44 24 66 60 61 6 40 99 38 20 7 33 29 74 33 11 82 14 14 68 74 71 36 6 19 32 81 68 15 47 96 16 93 82 40 0 70 67 15 98 47 30 67 28 32 70 61 40 49 3 38 43 51 32 91 77 30 82 18 37 84 5 66 76
100 98 73 7 61 31 81 10 28 90 92 91 3 75 83 7 100 59 64 36 9 34 9 19 41 29 45 87 31 21 6 28 96 84 62 85 24 23 37 92 37 37 70 65 60 92 87 58 21 53 23 28 35 77 92 55 6 52 74 51 55 49 97 46 45 42 38 19 89 30 33 79 10 10 14 45 16 100 46 100 18 57 53 21 80 25 9 22 64 74 82 5 48 12 0 60 27 85 93 63 86 18 53 79 94 24 7 67 64 75 66 64 87 1 25 2 62 44 2 1 69 67 15 64 5 45 97 35 24 0 30 28 22 33 29 57 53 79 56 83 30 22 79 41 58 16 4 2 50 34 4 39 25 2 76 16 55 43 37 98 43 73 28 96 58 41 37 91 93 5 5 74 31 7 82 20 41 17 8 93 5 46 86 92 96 29 15 41 10 46 86 74 86 23 44 33 79 89 55 0 16 72 32 94 15 53 50 40 25 98 11 52 1 28 95 89 29 99 2 97 36 79 8 54 7 82 99 8 37 79 77 78 83 91 95 61 29 39 41 65 75 55 47 2 43 21 8 6 88 6 68 87 69 66 18 83 42 28 56 8 1 4 83 35 88 100 57 24 75 67 55 28 38 24 75 76 3 44 26 53 95 86 31 26 96 67 85 12 63 69 60 9 76 50 33 37 85 4 81 4 58 94 98 33 83 10 74 80 15 22 5 29 12 26 22 64 3 6 91 31 21 86 37 42 76 63 70 96 65 14 6 54 67 23 63 89 65 46 90 53 71 27 91 61 78 89 7 82 10 84 31 4 76 82 73 39 27 98 3 81 62 5 82 100 20 64 15 27 77 46 6 70 51 73 89 51 87 65 41 58 90 47 96 38 89 93 92 56 32 61 78 96 97 93 84 100 7 37 89 21
82 13 13 27 13 69 41 15 37 31 84 43 9 15 95 29 63 92 79 2 42 79 69 76 27 45 17 64 1 60 51 28 35 56 100 79 83 71 62 5 47 85 19 0 56 16 7 38 62 14 67 67 96 17 15 47 78 88 11 8 29 13 66 62 18 13 90 76 73 91 67 8 53 10 8 81 38 13 61 41 91 54 91 6 47 84 4 0 17 41 66 20 67 30 27 37 63 56 67 47 79 16 77 81 70 1 17 98 30 48 16 31 28 22 21 3 49 56 85 16 1 36 54 16 11 66 21 77 32 70 54 30 11 77 10 64 25 39 0 13 77 17 43 62 26 55 86 27 31 84 59 66 36 77 73 16 95 99 57 5 47 59 67 15 74 15 86 29 1 39 70 34 56 5 62 7 67 39 24 22 94 43 41 10 55 20 78 16 27 6 37 36 72 37 35 80 40 78 29 15 10 79 35 56 19 14 73 83 42 2 4 1 3 87 81 47 48 99 17 90 27 90 69 38 76 81 75 31 92 18 77 35 26 64 18 75 55 71 46 58 99 38 82 55 89 96 67 6 66 8 52 62 70 69 97 55 98 63 82 91 21 79 89 94 58 85 84 56 58 47 43 32 30 39 58 75 66 87 86 65 42 80 3 26 68 52 47 37 90 74 79 29 43 58 41 44 75 79 92 47 67 15 1 18 56 92 78 44 16 99 85 8 29 99 83 27 30 21 66 89 54 25 29 5 80 16 59 32 30 51 12 90 86 77 65 19 78 93 49 35 52 77 78 20 68 87 91 62 48 14 11 46 88 43 100 63 18 61 38 47 39 95 81 89 2 73 63 48 13 35 95 15 45 90 88 29 54 88 5 99 5 31 94 3 0 64 30 47 42 36 84 37 8 21 87 20 73 15 40 71
68 27 77 91 67 15 2 87 90 46 43 67 96 67 94 81 53 68 71 71 79 39 2 9 29 72 57 47 19 35 98 31 85 90 82 12 3 61 47 29 0 55 13 39 24 3 66 89 35 17 34 48 92 85 69 72 97 38 5 12 97 51 90 38 95 55 51 97 91 82 25 75 70 41 100 90 57 49 59 36 70 35 30 41 40 34 48 49 17 43 62 9 61 76 41 48 31 54 9 27 31 52 10 30 58 62 83 14 85 61 19 13 23 33 3 100 48 0 13 54 69 4 2 91 66 74 99 90 88 58 26 65 66 73 94 18 94 59 43 61 13 63 15 95 58 68 41 96 94 45 61 8 41 27 61 30 92 22 50 72 92 4 38 98 39 48 35 8 43 54 45 41 37 55 71 73 21 78 52 25 96 44 61 38 70 44 58 73 70 7 50 31 20 52 4 60 80 45 94 65 72 17 69 37 98 0 40 65 29 67 86 55 98 11 84 74 53 22 74 57 76 80 35 46 65 4 25 35 70 88 75 96 7 56 25 28 97 100 82 42 80 48 0 36 45 73 62 80 5 41 31 17 86 47 44 33 91 52 86 4 58 69 49 47 75 60 71 75 94 95 76 24 78 69 29 43 37 19 33 42 66 37 56 85 62 33 44 76 49 50 31 90 5 97 8 69 35 32 15 5 21 60 63 20 76 99 36 76 38 53 13 79 89 4 45 63 25 89 92 44 1 50 69 64 49 23 54 18 92 62 36 51 91 77 53 50 34 86 99 35 47 26 63 58 36 0 55 56 15 75 68 32 37 17 55 92 25 46 52 61 31 22 93 73 63 9 29 14 12 18 57 25 90 74 77 60 77 95 77 37 82 16 81 93 31 74 28 23 27 42 14 54 67 72 49 37 99 78 21 3
45 59 74 37 12 20 32 22 58 89 95 71 91 78 66 7 3 1 87 10 42 75 57 93 26 87 26 54 92 38 37 12 22 59 29 90 94 89 67 94 40 13 25 89 72 79 30 81 73 84 68 3 75 34 8 35 17 13 49 55 32 13 43 74 14 11 62 91 57 70 17 42 53 41 97 1 92 68 29 64 7 93 44 43 68 41 41 54 46 91 81 26 40 0 8 47 78 5 4 59 98 30 73 17 88 21 17 19 68 42 88 62 30 51 38 10 29 71 68 49 74 30 6 70 21 95 100 21 56 34 83 53 60 42 32 17 57 52 85 59 81 52 69 29 53 35 83 64 86 3 62 47 65 7 81 24 56 63 75 58 62 99 13 6 89 26 35 64 16 68 35 9 78 83 91 60 27 25 60 39 60 94 62 32 42 26 47 58 15 55 85 29 56 85 47 68 15 92 81 14 81 16 83 96 85 20 82 86 11 40 35 62 95 38 69 31 93 29 10 39 61 17 47 24 40 34 31 66 7 72 57 95 86 44 95 25 92 16 32 97 91 71 86 51 100 69 12 17 44 53 26 26 13 6 40 61 0 23 50 91 58 4 50 57 32 74 26 10 83 9 26 15 47 73 98 12 41 81 44 95 49 85 93 20 11 4 80 26 74 64 52 89 41 99 68 80 80 67 25 12 62 18 40 7 59 73 1 28 94 1 52 32 83 97 3 12 8 99 97 0 33 27 82 55 19 5 54 35 12 92 65 43 22 92 16 23 35 39 94 31 88 70 67 25 23 95 51 47 87 70 35 69 94 56 38 13 29 48 36 38 53 47 92 99 0 38 81 32 16 28 95 30 87 98 25 89 96 55 45 9 13 44 75 6 19 43 82 41 50 34 30 100 96 4 48 67 50 34 49 79
39 49 40 91 83 22 4 85 13 73 23 15 95 56 88 32 97 17 41 19 1 72 82 48 8 21 39 38 17 23 81 26 16 18 58 54 57 56 63 100 53 76 29 51 95 9 79 17 89 80 34 9 24 26 39 71 56 46 3 75 51 3 68 53 7 80 98 4 91 32 42 19 77 51 43 10 95 77 29 66 46 98 23 70 46 63 46 7 90 27 95 35 48 79 58 75 11 14 75 53 39 51 96 35 93 54 17 38 73 30 20 87 55 13 99 34 27 53 95 67 89 16 58 61 99 92 41 33 49 75 82 64 28 5 34 14 21 76 84 26 60 83 18 22 88 99 35 76 61 0 97 95 32 45 75 29 54 36 56 85 46 84 23 94 60 44 84 6 7 71 95 30 56 19 55 36 27 69 43 91 25 11 42 14 98 80 21 26 99 71 64 43 38 11 62 67 95 83 76 60 61 8 96 48 18 89 40 90 68 7 94 96 59 77 12 51 93 27 36 90 39 17 39 63 7 10 31 83 69 58 44 85 8 94 29 63 87 30 45 74 42 73 49 83 37 25 51 65 47 76 54 0 23 49 11 52 68 37 95 30 9 100 68 36 59 15 70 80 20 51 99 36 93 30 10 50 91 47 66 34 68 95 71 89 86 74 84 54 92 72 76 82 33 52 65 16 10 97 63 43 53 84 51 30 5 100 99 30 2 49 97 18 17 96 46 90 70 87 8 99 89 64 52 82 70 26 27 97 93 58 20 99 30 99 75 36 67 60 45 55 46 42 13 58 4 59 67 77 7 78 39 29 22 83 83 93 60 54 45 49 86 59 32 74 29 77 37 65 46 54 51 42 3 24 49 50 37 6 3 23 12 26 56 10 16 65 90 87 3 79 77 38 43 65 54 58 63 90 58 23
69 45 7 84 63 22 30 50 45 63 91 58 55 29 35 60 52 52 26 46 1 15 10 35 51 24 30 91 8 6 58 46 33 77 95 21 31 33 57 41 24 55 71 44 83 42 37 14 70 99 33 62 25 1 48 99 29 67 70 96 92 41 30 77 83 35 78 43 26 95 39 43 40 48 87 3 4 7 26 63 45 27 6 28 36 43 82 60 75 71 91 80 1 77 79 12 15 44 20 69 22 8 98 66 46 3 46 5 8 12 42 0 61 68 69 12 39 3 6 81 10 28 32 60 78 81 69 66 0 61 48 86 39 7 81 99 37 8 40 10 30 100 78 8 66 69 95 21 29 61 72 3 31 80 31 66 97 94 34 2 15 40 77 60 85 65 96 2 49 38 62 19 30 74 80 3 75 1 76 28 85 54 34 31 7 58 63 58 45 21 92 27 49 16 63 51 75 29 74 51 83 71 3 99 63 67 98 61 54 85 79 35 78 20 59 8 100 94 35 96 83 22 9 72 27 31 33 90 56 32 84 71 26 55 14 55 51 60 87 39 12 43 49 83 96 62 100 23 69 12 16 25 56 60 35 16 73 65 77 53 43 77 13 99 54 95 57 59 26 53 18 28 76 7 10 47 4 86 10 23 37 37 47 43 11 86 90 71 62 80 17 59 36 82 11 23 58 71 64 88 68 65 90 96 63 45 81 80 36 76 24 7 23 81 62 48 32 64 40 44 61 37 94 23 58 72 36 28 62 76 1 16 61 36 23 18 97 88 98 21 35 16 79 17 38 34 14 28 73 25 96 11 94 85 66 0 37 12 10 37 10 61 91 14 7 81 6 85 65 88 49 66 67 77 25 20 51 1 33 35 47 61 40 1 8 22 79 69 66 80 43 37 100 10 1 54 27 26 40 49
11 15 33 19 88 0 64 84 27 10 20 81 16 76 33 87 92 13 45 7 69 10 11 10 70 65 23 72 10 96 100 5 35 64 70 79 65 46 22 7 46 21 95 100 94 17 6 82 10 20 0 61 84 18 46 39 68 84 30 50 42 58 58 91 87 95 57 89 55 66 93 82 92 27 99 74 64 40 74 66 43 81 100 66 37 29 82 56 19 90 98 78 21 2 89 77 99 37 100 36 17 88 95 34 69 71 8 7 13 63 83 14 96 9 60 89 38 81 58 82 42 14 84 29 6 44 56 84 83 39 9 72 39 82 93 5 92 46 48 5 96 35 43 71 34 8 12 67 85 37 79 38 78 60 33 48 45 0 45 42 28 34 27 28 94 18 50 68 55 91 6 87 82 73 11 60 51 73 91 99 51 67 73 50 0 40 40 6 53 100 99 56 50 70 23 46 68 62 96 100 82 70 49 64 30 53 75 65 94 29 8 97 100 78 22 27 10 34 14 11 67 49 28 87 16 84 48 51 7 27 54 58 2 32 91 28 35 43 24 69 36 13 63 23 0 59 7 25 59 1 75 45 26 12 18 4 29 10 90 18 63 84 38 38 11 2 81 62 58 57 45 69 14 28 23 8 29 28 90 6 63 6 7 48 42 1 49 36 3 33 22 97 44 47 92 73 39 56 19 17 72 29 0 87 63 60 30 58 81 19 0 47 6 15 91 62 64 25 53 36 2 88 3 68 61 81 23 27 38 67 60 65 58 50 54 11 98 10 35 69 45 36 93 45 38 0 71 70 84 85 96 10 21 15 36 60 93 43 74 4 46 25 76 63 86 11 0 98 53 58 4 100 61 27 61 72 52 27 78 49 3 0 28 28 48 72 95 40 19 61 50 28 75 93 10 16 69 35 45 56
23 11 19 25 14 14 30 56 7 7 98 43 0 12 23 95 48 14 54 92 58 10 9 26 13 13 0 37 0 6 28 100 98 78 25 79 21 23 63 11 42 100 36 34 29 68 41 71 71 95 56 38 49 24 59 35 49 30 96 3 77 88 12 20 5 54 86 18 52 63 74 100 91 91 72 56 83 80 18 66 68 8 23 60 37 93 92 27 26 50 18 0 100 40 85 83 39 35 100 58 87 7 94 35 18 67 70 51 93 68 9 79 85 29 56 77 26 19 11 10 64 41 28 28 70 54 22 36 38 14 80 44 12 85 44 2 2 91 28 89 6 2 85 28 99 71 33 97 80 85 4 5 44 9 73 31 100 36 41 5 14 84 91 41 79 98 5 7 26 40 97 24 29 80 60 7 22 18 40 21 58 71 44 16 50 65 98 53 88 94 16 89 3 92 3 71 19 97 96 55 87 35 44 29 89 55 29 17 74 83 84 56 44 83 15 6 31 70 8 73 67 36 39 19 7 45 54 87 15 37 23 58 65 88 78 84 22 39 2 47 93 93 25 95 17 71 58 65 84 61 54 45 79 52 77 70 76 49 39 81 38 26 32 91 59 36 24 14 9 34 50 32 6 4 44 31 7 23 1 18 28 28 69 26 40 42 72 94 24 2 55 98 4 25 27 31 52 88 41 81 72 99 24 29 79 0 70 54 23 71 9 35 61 91 72 58 91 96 31 96 19 32 16 2 56 0 15 48 96 86 71 77 52 28 61 70 39 30 54 1 14 66 85 66 85 28 90 91 16 23 97 28 22 49 36 8 41 61 98 46 80 29 85 41 24 67 86 58 84 67 82 30 55 57 80 23 31 41 35 67 16 86 2 34 95 10 18 40 24 37 26 71 69 19 89 11 43 8 46 84
63 65 5 93 17 80 35 83 42 97 21 28 35 91 59 97 100 0 34 44 67 58 71 36 29 54 0 32 5 100 12 70 64 43 14 89 4 5 69 79 68 50 27 65 52 56 19 30 100 46 21 30 78 100 4 82 36 24 24 27 35 38 67 24 63 47 93 51 20 31 90 10 60 18 95 90 31 73 28 97 81 76 69 57 26 45 43 2 37 63 70 7 41 39 71 42 19 2 94 39 21 84 70 57 45 19 0 52 73 80 79 1 20 99 13 0 94 20 90 22 37 44 66 87 41 10 50 21 53 43 28 24 47 27 86 46 93 76 93 11 32 15 41 85 38 98 59 37 22 32 2 24 6 88 59 3 0 5 44 99 43 69 26 58 73 54 57 97 76 71 57 11 72 7 81 14 77 41 29 57 51 77 29 97 40 15 56 67 82 26 88 90 38 61 11 18 100 71 65 32 85 68 80 52 70 34 14 71 50 60 86 23 36 50 5 56 77 48 92 50 27 79 11 37 5 67 81 10 46 4 84 60 46 40 40 24 35 63 7 23 24 53 63 59 19 15 82 79 69 62 45 76 50 78 70 85 24 32 96 66 26 28 43 34 2 93 79 64 33 46 16 51 96 88 56 83 26 100 50 6 6 69 79 2 66 42 86 99 85 56 34 24 99 76 79 91 3 85 80 45 7 0 52 11 52 72 89 10 50 2 13 77 91 42 25 6 0 16 72 19 33 5 37 34 24 81 1 58 43 30 16 49 77 87 82 38 67 60 66 89 69 18 51 49 42 85 59 1 92 71 90 71 78 64 1 29 17 30 80 76 13 23 13 36 54 15 13 39 14 51 62 86 59 5 17 22 88 11 1 18 64 66 60 17 61 7 19 48 50 24 74 80 78 41 65 91 12 84 52 45
51 77 27 77 47 35 14 55 2 7 21 24 32 7 28 70 36 40 32 22 37 92 76 44 26 31 7 58 34 49 64 99 80 68 32 30 94 74 59 24 13 73 62 9 36 50 43 93 7 35 12 86 84 4 95 41 23 82 70 53 12 3 42 79 28 20 78 75 96 37 46 35 27 72 43 12 46 42 93 77 75 71 44 70 3 9 99 66 67 77 72 9 15 54 91 81 36 99 27 43 89 58 64 6 56 88 64 39 72 57 77 41 3 53 11 12 26 47 84 6 71 77 46 52 78 28 14 67 57 7 33 24 81 15 89 8 42 14 27 71 29 47 67 52 22 16 42 61 50 8 94 100 7 7 43 81 56 46 88 42 37 65 78 44 67 6 77 57 62 30 61 99 91 16 38 42 72 42 0 18 49 12 19 68 13 92 9 80 22 57 43 21 21 19 43 10 38 57 47 54 88 99 22 12 15 23 88 33 26 35 34 57 54 31 82 12 17 84 85 25 25 12 9 80 71 72 53 9 27 20 3 50 1 24 84 36 45 9 37 75 20 41 18 91 99 57 13 57 3 77 80 45 51 29 39 49 75 29 49 99 75 24 29 91 60 57 9 22 83 27 50 15 4 42 66 61 43 91 55 29 56 99 59 59 92 37 50 8 44 21 97 33 89 7 34 89 47 16 48 24 75 35 1 62 22 50 67 33 93 21 89 73 67 76 95 39 49 44 44 31 47 46 58 51 56 83 98 93 87 10 5 29 37 36 97 36 46 90 40 45 5 65 62 35 17 57 47 25 75 26 53 79 75 68 88 56 32 19 59 93 8 90 17 19 90 36 41 25 75 75 21 70 8 45 14 50 55 17 15 80 100 93 43 37 92 96 85 47 29 52 33 79 26 55 61 80 11 46 52 34
53 86 27 35 32 53 61 63 17 29 93 58 82 82 65 58 91 58 67 79 31 50 4 19 54 35 56 9 29 20 20 41 96 11 99 53 87 46 15 53 66 12 56 33 13 89 34 33 24 22 25 44 72 74 10 84 59 14 3 97 89 37 26 54 46 69 9 62 38 2 53 98 47 71 69 73 47 16 98 29 82 93 24 34 47 34 17 23 8 31 70 79 87 98 91 96 32 25 39 24 71 9 93 56 27 20 92 42 50 23 7 24 62 38 53 42 35 24 42 87 12 48 95 70 64 66 30 65 10 86 51 82 32 17 75 50 2 27 51 42 54 0 58 96 53 69 45 64 3 38 87 39 71 95 41 34 61 54 36 46 97 64 81 15 82 66 34 81 32 86 72 92 67 19 30 20 53 57 14 76 34 99 52 42 82 41 63 23 61 80 32 5 2 5 24 13 98 13 48 18 51 81 58 65 29 93 4 30 24 23 35 17 54 42 99 81 83 61 30 17 0 96 74 15 18 88 88 74 87 95 8 28 12 65 41 91 99 34 74 22 94 70 68 95 25 78 58 2 87 70 24 38 92 51 89 36 29 77 40 100 93 2 58 62 30 38 50 52 52 45 40 27 66 31 61 4 13 20 35 88 12 32 41 60 93 13 47 70 15 34 7 27 40 92 25 32 82 86 72 71 92 76 64 70 59 42 64 51 34 67 28 51 79 58 35 15 33 77 35 20 91 86 3 96 39 86 25 69 9 61 67 42 90 1 43 71 90 76 28 13 69 9 16 10 14 76 35 66 75 90 54 73 74 56 1 17 27 59 73 95 71 98 42 23 53 51 50 7 84 8 4 76 10 20 41 1 20 71 80 96 90 22 66 2 16 46 76 20 96 2 62 81 50 85 11 60 39 68 16 93
51 82 51 20 35 4 64 56 29 15 75 10 74 48 55 35 77 16 96 53 72 21 43 94 59 21 99 1 1 25 22 69 58 46 88 8 84 71 91 7 8 0 77 95 93 22 65 16 74 38 8 17 18 62 91 23 4 15 2 50 51 2 87 59 35 66 71 78 81 78 19 43 91 54 40 39 0 93 85 69 66 85 18 30 91 35 93 85 13 44 27 33 22 1 36 8 46 71 46 5 31 19 94 80 72 87 25 56 52 61 61 60 70 91 92 93 60 24 98 58 65 9 77 21 67 12 2 76 87 72 42 46 46 65 25 53 83 42 52 90 90 48 85 15 28 6 17 17 46 61 0 52 100 76 27 78 4 63 70 24 99 22 76 67 4 32 22 6 2 85 76 11 6 37 40 10 45 43 47 75 68 98 53 22 99 2 21 30 60 3 17 23 93 17 4 17 29 99 44 44 53 66 68 58 67 90 63 74 41 31 1 95 76 100 8 46 80 11 36 11 53 14 76 33 37 9 97 69 26 27 7 38 40 70 73 20 36 11 86 62 74 74 92 67 1 37 34 87 27 53 98 26 38 49 7 30 27 82 87 84 8 48 27 32 12 47 59 7 95 18 87 70 67 70 2 80 60 86 72 50 73 21 68 10 17 52 6 83 41 0 5 82 73 2 76 84 37 78 99 62 22 57 92 51 62 20 55 79 96 4 91 80 1 58 47 32 52 55 75 27 38 78 64 75 83 8 66 71 18 82 52 75 38 12 37 38 29 40 37 4 25 99 79 95 34 86 49 42 35 43 60 49 80 71 15 27 36 1 41 3 15 20 21 48 95 53 68 30 99 92 69 61 4 50 94 83 18 18 29 46 94 40 10 17 2 0 46 92 36 74 16 11 88 42 82 15 13 85 66 46
7 74 72 4 89 57 87 76 40 84 38 70 3 64 94 23 50 63 32 82 76 96 97 12 0 22 80 50 92 73 27 35 86 58 49 28 44 25 46 57 5 5 59 50 4 75 18 67 65 96 38 25 47 23 87 54 72 44 86 17 77 73 6 46 67 56 17 90 89 73 52 53 60 14 42 82 4 7 8 83 70 28 5 79 44 26 70 11 69 62 82 62 16 39 37 13 34 48 13 35 71 79 10 84 90 28 99 59 60 75 10 28 67 49 27 61 3 35 10 79 81 34 11 38 42 56 66 90 40 75 82 100 57 76 19 66 62 44 84 6 24 7 87 36 30 82 97 75 67 33 3 96 86 48 86 45 17 21 74 100 3 51 93 78 68 21 35 53 0 48 5 90 29 16 24 89 27 58 76 81 71 58 61 53 16 55 41 27 57 72 86 74 78 77 22 85 88 70 49 83 46 10 73 53 4 75 26 30 36 50 89 77 14 78 84 84 25 83 95 96 84 17 68 44 10 40 61 98 51 59 63 31 4 63 74 78 97 95 32 79 84 50 67 28 52 18 48 92 6 73 11 27 53 72 7 70 25 29 91 74 49 65 78 40 60 57 5 67 81 59 83 60 3 63 8 33 14 75 87 61 81 26 97 76 99 60 64 12 33 20 22 90 11 87 37 23 28 62 97 30 91 18 2 19 26 63 47 8 19 25 71 74 69 37 13 84 61 32 3 16 5 30 7 0 42 3 79 28 12 45 98 7 43 65 37 25 39 69 18 96 90 86 23 64 43 32 48 6 53 11 30 74 23 60 20 9 32 70 80 22 76 100 92 20 78 18 53 19 38 98 49 93 44 76 45 56 68 72 63 48 71 86 71 82 97 48 30 72 80 64 73 90 16 66 8 94 24 49 67 3
18 98 42 37 79 7 42 12 20 61 57 34 61 11 62 39 94 33 76 4 38 64 99 96 91 61 37 32 77 62 41 92 25 80 38 49 73 100 8 41 93 76 87 28 7 96 87 79 52 25 45 16 57 65 51 44 41 98 86 13 57 45 30 54 67 26 27 82 2 85 95 16 16 68 64 2 17 12 53 5 91 67 47 48 74 53 68 42 59 93 40 38 38 3 51 90 60 41 60 1 26 2 91 42 21 74 5 81 41 40 48 3 0 26 33 100 35 9 78 58 75 64 22 69 42 21 59 84 27 13 53 46 99 30 42 27 81 53 19 73 67 40 18 75 16 62 27 12 5 57 64 61 16 9 32 14 18 94 33 73 96 46 93 48 65 15 88 100 94 91 17 90 81 45 25 99 38 36 80 89 11 57 75 45 96 6 45 70 49 40 75 16 28 83 81 86 45 6 7 52 94 49 90 58 71 60 4 70 44 1 64 15 80 7 97 73 52 15 76 50 71 30 55 8 78 68 20 7 7 41 23 32 14 13 32 0 31 40 78 95 81 46 95 20 20 68 5 95 51 36 84 84 89 29 11 34 44 10 5 3 29 49 8 29 87 53 1 17 37 50 1 66 14 50 69 47 58 88 34 95 53 42 100 46 91 63 23 40 21 19 96 76 43 35 81 78 82 20 34 70 18 46 78 76 97 57 90 46 96 34 79 17 8 19 27 36 44 64 4 45 57 96 44 49 42 81 38 57 8 99 89 48 72 46 9 11 1 26 47 30 24 2 40 58 30 14 69 59 10 40 38 36 50 27 14 46 26 84 58 18 35 30 71 43 70 1 9 55 37 62 83 95 88 90 74 34 28 91 86 50 47 84 97 10 76 78 28 1 23 90 92 14 36 93 28 66 14 40 58 64
68 26 71 76 88 45 89 80 39 62 36 27 79 21 90 85 26 59 38 30 83 65 77 94 99 51 44 41 99 43 73 21 51 9 93 88 54 100 93 90 60 69 0 17 37 51 49 3 76 88 54 29 51 30 81 26 95 96 93 35 91 10 2 100 89 70 8 95 9 52 54 75 97 46 37 57 89 22 55 65 52 82 48 82 96 80 34 87 37 32 64 29 41 42 15 64 44 46 37 8 22 98 14 19 21 31 1 98 30 47 55 31 67 18 67 90 92 78 59 36 62 3 62 73 43 80 59 71 10 99 70 38 31 62 62 80 0 67 79 50 8 13 79 28 85 73 88 12 93 82 53 32 23 10 98 70 26 84 4 28 63 40 18 39 96 24 59 40 94 14 48 58 56 76 45 87 63 58 82 12 54 61 19 63 72 79 1 91 39 57 30 72 44 97 73 86 95 13 10 77 14 49 26 74 53 99 62 22 62 81 7 50 39 77 41 32 81 42 42 56 93 39 26 1 34 45 1 31 17 81 95 14 31 84 11 5 45 100 46 49 29 2 72 66 16 14 20 74 67 3 76 88 13 45 38 85 89 12 14 75 51 73 38 65 46 60 67 83 67 62 50 12 5 77 15 98 44 81 95 54 52 32 94 36 12 29 15 91 35 36 49 96 60 64 80 49 76 100 26 34 100 78 38 34 52 30 17 28 42 59 6 92 59 28 3 39 4 29 76 84 63 3 90 15 53 63 39 30 61 85 56 20 36 70 89 31 12 60 3 68 38 76 80 93 12 24 70 41 29 93 45 14 60 46 31 38 12 3 63 13 34 76 43 50 73 40 83 90 16 26 45 40 5 48 38 59 49 86 52 37 73 49 74 61 7 78 66 19 4 87 82 97 11 58 84 45 20 26 95 5
3 56 97 8 14 36 59 28 58 38 49 32 30 84 0 81 40 10 62 17 63 80 74 92 31 6 44 11 56 73 61 9 64 53 26 4 19 8 82 53 49 21 69 50 9 55 70 13 80 66 72 67 9 48 5 31 53 45 98 91 92 83 96 19 29 12 80 70 66 62 57 74 16 14 51 3 15 3 91 52 84 60 75 40 6 87 24 22 69 51 47 10 75 30 35 52 93 2 77 24 62 79 43 84 84 20 78 22 90 66 56 23 33 43 9 8 52 85 16 87 58 2 7 85 41 54 92 82 95 26 61 15 38 0 94 3 11 15 99 12 37 27 72 64 16 46 26 43 51 29 7 27 69 85 32 18 83 88 11 61 14 82 83 67 34 61 24 13 12 5 64 19 66 19 36 17 76 77 93 28 36 74 96 59 6 81 94 78 54 4 83 76 21 55 98 98 58 93 86 80 68 50 36 95 19 61 93 54 10 83 32 65 51 18 35 58 84 80 62 46 4 98 35 17 34 63 18 30 9 19 70 15 23 29 99 16 70 41 69 49 47 75 25 53 68 74 64 80 5 99 6 10 34 83 66 99 23 76 40 82 55 23 38 37 0 43 92 99 76 8 39 5 96 83 76 51 75 47 85 33 82 20 0 27 61 83 77 25 35 96 26 50 26 41 78 21 8 34 55 83 96 41 10 11 9 59 64 70 57 32 78 18 5 42 34 91 4 40 20 87 51 11 18 79 41 74 45 62 90 53 34 53 69 20 84 7 63 35 89 90 50 78 62 38 84 41 38 29 46 72 16 28 65 96 13 76 88 43 13 14 70 36 84 31 28 18 57 22 98 92 33 51 30 12 12 16 80 69 19 46 35 67 10 77 20 61 41 68 18 61 50 97 82 93 44 6 62 30 49 39
45 1 10 84 87 19 76 90 51 82 65 76 78 59 77 85 23 22 50 100 45 10 56 26 27 85 82 17 90 17 34 15 18 37 50 44 15 5 76 6 6 22 51 44 80 7 34 59 4 68 36 36 36 45 50 77 22 27 52 66 55 33 99 56 40 99 60 31 9 89 8 73 46 2 72 18 79 77 9 45 65 25 32 28 55 84 88 86 80 86 96 78 64 28 13 28 53 88 96 92 92 92 46 26 21 25 30 4 72 56 62 60 3 24 97 9 5 37 47 89 50 17 66 42 83 27 75 80 96 68 8 28 1 33 33 5 11 49 22 52 25 44 88 86 44 43 49 18 14 98 19 5 36 80 83 36 68 30 62 49 51 46 26 48 90 66 13 8 33 71 33 26 31 20 93 51 6 44 80 78 72 36 58 85 33 88 76 41 41 0 37 27 14 6 34 10 25 53 92 80 64 9 43 8 52 74 44 72 65 43 34 41 82 35 47 23 7 82 86 85 58 59 72 18 81 68 94 73 35 70 47 19 21 84 26 43 83 13 16 76 32 13 28 60 50 95 36 84 73 36 64 92 84 75 70 13 93 86 46 92 92 27 55 49 56 7 53 99 1 28 3 85 79 39 72 4 70 80 100 93 41 25 6 74 78 3 62 45 53 60 27 97 17 28 1 91 76 95 72 39 28 91 76 21 80 37 50 84 76 31 2 17 26 80 4 40 38 0 50 93 39 36 3 17 32 60 51 63 92 14 58 5 12 41 67 68 33 37 10 32 13 10 49 76 0 82 65 10 39 22 73 93 59 38 76 93 7 41 40 95 83 54 98 82 41 48 80 81 28 79 14 95 67 15 30 23 23 33 17 52 25 71 100 44 10 24 52 97 71 88 1 28 2 34 23 56 67 46 56 88
23 55 97 57 89 56 46 51 46 95 54 45 35 68 18 7 28 54 72 82 54 99 78 65 68 97 19 78 47 95 99 6 12 4 12 77 48 55 96 44 1 32 5 0 77 26 77 60 1 18 46 60 54 94 43 54 70 88 54 85 71 58 21 66 23 53 5 68 64 11 76 90 80 53 19 24 10 46 63 82 47 82 0 15 68 32 89 43 93 79 44 31 3 33 44 57 12 49 8 7 34 89 78 13 52 43 67 46 77 53 0 5 47 83 79 46 50 24 64 68 54 18 63 28 16 33 40 80 77 37 92 46 99 95 3 92 40 0 95 73 100 52 53 74 82 20 4 54 62 99 38 38 40 87 11 50 80 81 18 31 76 87 93 21 76 49 61 41 17 5 79 35 18 1 79 67 34 44 19 48 52 66 55 8 94 44 84 15 87 39 42 39 96 15 50 57 81 97 92 46 79 38 23 21 19 43 38 1 29 36 30 8 34 24 96 54 14 7 46 43 69 6 13 84 94 35 94 99 70 62 86 54 20 93 7 38 83 74 66 78 75 10 12 2 71 62 3 69 42 1 43 61 65 89 47 83 55 18 35 45 34 32 80 14 23 13 80 81 71 75 85 40 87 70 78 54 42 75 96 52 83 71 99 79 29 59 100 15 71 96 73 68 50 39 54 70 62 98 59 12 60 75 51 25 31 52 87 95 96 84 34 92 5 20 76 68 7 30 91 64 9 38 16 57 46 24 48 0 18 36 7 8 45 41 81 55 70 76 41 100 2 32 72 64 41 22 16 0 99 66 77 43 53 89 82 12 6 52 38 97 38 14 52 28 23 33 90 90 59 59 81 75 18 68 41 62 77 85 60 11 53 40 16 7 12 44 99 43 77 19 21 20 1 0 76 2 42 38 61 71
83 5 34 38 68 88 38 36 67 15 3 87 80 40 40 66 31 90 64 56 35 9 1 77 78 39 78 47 48 68 99 64 56 48 84 61 30 50 7 75 55 41 44 6 87 48 98 13 99 66 2 80 2 16 63 57 76 91 31 7 40 38 40 80 29 34 71 76 26 67 6 5 29 78 99 50 73 11 47 9 5 54 75 18 90 39 56 54 8 72 20 6 62 60 68 25 31 51 59 19 64 73 29 45 10 71 48 76 57 88 6 86 15 45 40 19 8 71 19 88 5 19 73 22 58 40 79 9 20 53 27 22 1 11 81 81 32 35 42 83 24 37 42 78 71 94 74 22 38 30 65 42 99 43 78 14 61 12 0 33 23 64 29 32 99 86 100 72 33 66 21 31 62 3 62 76 55 3 83 45 96 46 46 62 49 78 61 91 87 32 56 6 44 8 24 1 22 65 6 2 46 61 26 63 86 19 0 70 29 16 22 50 96 28 35 87 11 60 46 95 1 34 95 40 62 58 40 15 94 41 34 23 89 14 27 70 49 3 52 0 23 69 46 37 77 71 84 52 7 38 30 31 5 51 43 68 5 58 69 36 51 3 41 97 21 23 46 24 21 78 91 75 16 96 56 18 23 39 83 88 57 28 71 41 69 22 33 87 5 17 86 45 5 47 54 88 65 21 65 76 24 11 25 46 62 40 74 70 76 100 68 21 64 85 86 39 14 92 40 67 79 34 36 43 91 26 35 77 45 77 82 35 49 94 17 26 12 31 32 71 14 28 81 99 57 60 81 40 33 90 26 55 47 55 35 35 17 13 24 39 11 73 42 0 42 82 36 6 51 93 24 77 61 25 22 76 5 82 24 31 65 33 98 87 63 43 46 93 39 22 7 100 42 100 33 34 14 27 100 64
59 41 97 20 52 76 16 88 12 88 89 50 84 30 89 30 67 60 29 20 97 45 14 33 65 70 17 26 55 94 86 13 88 0 82 22 48 60 0 94 95 28 57 36 77 84 28 88 66 18 12 74 54 54 9 54 22 40 49 82 95 32 49 31 93 53 9 31 48 86 46 38 17 28 37 75 63 22 20 44 58 37 94 24 10 46 40 43 4 95 8 71 99 47 89 13 100 72 56 9 99 68 2 78 1 51 74 96 80 48 18 88 27 40 7 99 43 15 42 9 19 98 15 100 30 9 24 60 96 30 50 98 34 19 3 29 66 31 41 36 28 34 42 55 3 97 77 47 93 83 10 49 59 66 48 76 91 70 79 95 17 69 44 35 12 14 9 82 64 36 97 96 53 8 94 34 0 80 27 83 9 87 65 68 37 10 16 6 6 73 84 30 75 93 18 46 80 31 96 45 29 66 92 18 55 1 97 32 61 1 87 59 14 54 19 29 52 65 79 70 13 22 82 3 72 15 29 66 37 89 53 94 65 75 43 37 2 15 41 71 89 93 95 0 46 87 2 48 8 39 73 94 61 22 45 33 79 8 61 37 79 17 22 84 6 45 97 58 69 66 72 12 32 58 11 53 84 88 68 25 37 33 25 35 55 62 14 87 10 80 28 33 89 56 74 71 49 23 22 84 4 71 95 83 23 93 3 93 20 19 71 32 39 8 18 81 93 59 67 42 99 12 33 70 96 97 53 60 48 19 33 78 97 55 90 2 33 50 74 9 57 56 11 92 21 3 83 95 76 63 31 4 90 100 91 46 80 72 43 93 86 52 83 39 0 80 91 62 7 92 68 15 11 50 36 57 48 86 2 40 28 19 96 2 91 33 43 37 19 2 1 61 33 18 100 7 34 68 30 4
57 87 68 63 29 35 65 80 16 15 37 58 30 86 28 86 21 18 93 74 2 50 2 9 5 24 6 16 97 7 22 37 45 46 62 73 88 4 47 84 1 15 64 65 14 74 78 15 51 37 14 58 8 69 94 12 45 83 33 82 39 65 91 54 54 74 66 23 84 1 74 27 85 21 2 36 40 92 63 98 26 87 30 37 39 30 94 77 14 28 93 8 11 55 29 46 55 12 96 31 70 94 20 92 98 79 85 83 19 72 62 32 84 49 39 99 64 29 50 12 12 89 85 66 48 21 70 74 44 94 52 32 45 4 55 8 71 81 60 1 42 76 91 26 20 31 34 63 19 35 50 7 92 42 38 79 97 34 46 11 49 35 22 87 37 92 84 29 1 17 72 42 22 99 7 100 1 29 78 86 92 47 31 2 28 36 75 86 13 0 4 34 42 34 4 59 35 24 2 59 16 27 59 38 46 91 36 83 42 99 14 75 93 68 27 19 13 33 19 13 3 78 59 2 3 42 29 67 81 33 56 22 62 84 13 87 37 76 64 90 8 52 47 32 65 93 75 10 82 11 56 82 68 4 59 83 57 83 28 29 80 17 61 66 81 52 41 14 60 67 23 17 23 72 64 79 2 5 8 1 74 94 2 76 70 17 33 78 50 60 18 97 87 83 93 96 52 66 52 90 31 27 95 58 95 95 21 78 76 98 31 13 37 91 27 82 59 29 93 88 48 54 13 99 55 91 47 8 32 53 68 77 95 25 81 35 35 32 18 93 95 25 69 25 37 45 23 83 60 91 52 23 94 56 7 36 7 49 53 48 49 52 85 84 59 39 65 85 5 26 55 27 13 60 34 93 48 57 7 6 11 99 68 41 70 77 40 31 99 49 19 97 83 9 22 61 65 95 75 23
86 93 50 99 23 26 2 49 57 20 5 22 0 76 31 71 89 99 48 22 8 0 84 55 38 51 65 30 2 72 88 15 1 82 27 17 59 31 12 52 58 68 27 1 14 63 80 67 70 88 24 75 19 58 38 47 9 3 14 6 97 83 41 38 50 87 4 9 80 99 90 23 65 41 58 67 59 6 79 12 30 23 76 80 51 72 34 13 22 85 91 58 0 57 10 34 5 19 5 93 100 61 93 25 54 47 27 9 100 58 50 1 93 32 23 65 44 89 98 98 39 1 84 88 37 7 29 10 97 67 36 18 29 92 57 10 84 46 32 62 6 10 11 47 85 78 99 100 32 33 37 15 43 73 81 64 64 98 20 10 87 36 65 33 18 1 87 76 47 81 77 64 32 34 18 85 95 70 27 59 17 4 22 59 33 64 79 28 48 72 86 81 67 2 94 14 80 32 80 42 83 59 10 43 17 27 15 98 32 12 5 40 70 50 77 20 53 54 37 35 88 95 33 21 63 53 25 21 24 64 29 76 83 77 43 59 51 73 80 23 67 12 29 42 5 45 14 39 42 75 63 75 76 3 43 34 58 62 39 33 46 31 94 36 74 20 3 95 7 2 35 96 30 30 0 72 85 64 32 43 76 70 44 11 11 28 89 85 59 66 62 47 62 32 8 51 25 56 43 9 21 12 78 53 2 79 51 90 9 1 61 88 31 14 72 51 52 44 1 11 47 5 25 49 29 69 1 39 71 39 78 32 62 76 74 50 84 51 49 94 60 46 33 32 49 85 92 18 2 38 23 9 41 24 89 84 66 27 77 0 63 73 67 44 12 56 47 1 95 42 63 30 8 11 52 68 54 6 59 98 100 93 7 52 58 71 90 90 40 19 24 19 70 2 43 79 24 51 57 60
43 46 27 6 45 54 53 6 60 33 30 18 70 77 42 95 31 98 100 1 8 7 11 61 49 81 85 21 67 14 9 19 36 61 53 8 85 3 1 93 53 82 9 28 3 61 72 42 95 76 59 54 48 8 64 34 97 71 16 75 95 64 66 68 99 11 34 45 70 43 86 6 52 26 88 93 36 51 15 100 62 48 2 92 26 23 12 82 13 51 41 43 57 94 3 7 96 63 26 71 69 39 19 74 73 73 20 74 14 41 31 36 56 39 47 47 21 3 70 90 48 86 31 95 90 92 71 49 98 15 82 94 91 1 57 11 96 36 58 10 1 29 48 1 93 75 3 27 86 90 1 79 18 50 20 53 59 74 71 0 90 81 68 76 43 65 97 60 37 30 13 28 38 67 1 50 64 33 65 36 89 69 27 0 68 48 7 38 72 1 16 93 58 60 14 62 3 27 24 45 45 5 45 41 92 46 30 0 55 94 62 90 38 27 17 49 0 53 32 6 46 17 98 60 58 79 99 19 52 4 95 87 76 52 48 31 41 8 74 45 60 53 90 67 88 57 27 63 37 64 82 19 28 41 9 16 46 80 73 61 69 8 62 56 57 8 47 22 62 43 63 89 26 16 54 38 100 10 25 93 51 96 0 86 12 77 10 29 37 2 54 64 78 74 54 79 16 12 50 44 51 29 29 83 13 61 87 50 50 84 65 0 49 34 89 96 62 1 95 93 51 6 58 30 31 43 97 36 2 17 51 22 28 86 42 69 36 70 36 80 32 33 25 59 56 4 18 25 3 22 27 23 67 61 49 32 63 20 45 61 83 67 37 84 50 90 0 58 19 57 66 40 83 30 4 53 82 39 7 1 77 14 88 51 69 81 90 99 12 64 76 58 81 17 41 86 59 24 94 55
65 65 78 34 36 24 71 0 21 22 68 63 46 49 49 38 37 90 12 77 9 1 3 82 51 45 74 58 87 29 95 25 29 1 92 14 59 52 9 100 9 90 74 91 30 13 80 71 30 68 37 84 57 22 57 93 3 85 16 12 16 61 16 77 25 25 84 37 39 12 5 83 15 95 23 22 14 90 80 52 19 89 85 32 38 76 49 40 23 14 53 28 89 15 85 23 40 44 74 80 98 96 35 27 8 97 93 34 76 20 83 95 44 53 95 16 48 1 44 68 38 35 45 37 83 35 18 2 92 58 11 40 61 90 98 32 35 37 36 77 50 19 88 81 77 8 10 33 88 77 96 82 29 89 85 20 61 6 17 28 28 36 10 17 22 37 86 100 0 38 17 61 3 45 79 45 87 19 7 62 85 92 11 83 9 59 27 94 68 77 94 4 77 37 94 35 42 26 55 45 22 4 74 78 84 51 20 22 36 99 25 26 16 14 60 31 69 41 55 30 85 18 75 21 38 53 52 62 99 81 26 41 16 80 72 83 25 1 99 55 66 6 22 38 66 46 64 91 95 51 21 23 33 72 17 33 14 71 27 2 35 8 88 92 70 53 52 99 82 75 87 63 8 73 15 22 51 77 86 26 1 68 12 98 47 30 42 39 60 47 88 54 20 51 73 57 84 11 10 3 45 43 84 0 27 86 62 34 55 97 46 12 88 74 87 4 24 75 95 68 98 91 47 82 26 6 81 10 82 16 69 46 48 28 18 86 76 9 61 14 85 17 97 50 85 70 69 26 12 85 32 34 34 54 12 27 74 27 85 32 26 16 93 61 47 91 32 44 72 81 62 98 40 7 76 45 88 55 38 64 66 39 66 3 43 43 46 36 31 73 66 34 3 50 17 61 60 79 72 1
7 36 76 39 35 97 42 0 75 57 82 18 6 38 78 100 31 2 30 42 42 38 82 98 41 62 36 100 33 45 65 35 82 78 19 84 5 19 43 49 96 72 93 62 21 55 13 13 70 74 42 34 28 3 57 16 91 75 1 80 80 91 60 68 27 21 0 55 39 32 98 84 19 79 13 37 63 14 81 76 12 56 73 76 97 2 76 44 23 59 58 54 22 46 3 5 77 75 21 78 87 73 60 65 49 11 17 0 18 12 45 71 44 97 50 56 52 90 100 33 69 87 58 23 90 99 47 19 73 34 29 62 99 94 91 7 47 96 42 42 96 4 32 49 27 34 99 77 77 98 18 59 1 23 88 1 62 95 25 14 36 76 96 72 42 36 15 3 9 5 45 39 59 33 64 10 59 96 72 62 99 38 5 49 8 3 26 1 18 8 46 82 1 100 77 51 55 16 63 80 45 57 92 38 3 13 12 85 42 15 72 95 2 3 41 51 34 33 17 59 53 41 88 73 8 10 68 90 22 62 24 49 100 28 25 96 57 49 91 91 17 47 5 71 41 72 34 49 67 29 62 56 60 8 37 70 99 19 85 83 94 37 43 78 2 64 69 4 88 80 1 99 68 52 42 70 38 38 3 37 84 49 8 6 66 80 39 59 13 7 12 26 40 8 30 2 79 99 0 67 40 38 18 71 27 26 80 88 5 35 6 60 69 42 40 6 52 49 89 48 81 79 31 58 71 46 76 72 7 44 57 59 56 2 6 56 85 15 85 93 57 24 49 99 33 67 26 8 9 71 1 61 55 90 87 60 4 55 72 49 83 11 54 37 66 98 4 43 24 58 55 35 47 47 37 0 79 3 68 32 90 72 53 59 45 52 9 3 27 46 43 48 4 9 76 98 50 80 69 68
28 4 70 54 47 34 58 69 63 46 76 54 8 99 35 53 39 100 71 85 22 62 33 95 3 62 82 44 89 21 42 87 80 11 85 92 75 83 94 24 94 99 7 15 64 20 62 6 72 40 51 8 87 5 42 33 18 63 46 26 30 93 100 71 56 32 53 52 83 5 67 24 100 4 17 54 44 79 53 74 65 34 58 55 25 56 6 57 35 21 94 15 15 42 85 36 39 67 23 9 95 75 65 66 7 72 4 78 51 6 8 18 24 22 25 57 32 65 47 7 72 22 38 59 63 15 70 10 64 54 65 52 25 11 6 26 95 99 94 20 6 11 9 4 64 20 91 32 3 41 34 59 94 56 98 42 53 7 59 90 87 50 51 80 65 90 54 42 29 36 27 24 18 76 64 70 5 60 76 77 23 66 35 88 60 7 52 47 90 22 70 57 71 56 57 7 32 80 1 47 93 46 14 83 17 73 20 70 13 55 59 66 20 95 4 59 19 41 98 87 70 84 78 19 81 35 75 16 11 21 31 20 35 4 11 85 94 83 28 59 14 69 73 55 99 37 90 2 71 77 43 78 70 82 81 74 80 81 18 41 10 67 17 49 39 7 52 64 66 78 47 83 5 41 36 92 1 71 85 4 43 78 68 78 82 41 1 77 17 96 38 75 88 48 34 73 73 44 17 77 42 40 86 75 34 100 72 77 22 86 38 15 56 18 60 22 55 0 67 81 3 91 26 55 0 88 90 22 97 94 9 29 31 48 18 95 57 89 44 92 100 87 17 33 34 85 85 66 23 26 49 71 34 32 33 23 59 79 28 89 28 60 51 62 18 0 28 47 75 14 84 71 97 8 12 47 95 29 13 79 42 0 69 48 99 75 50 28 53 8 64 90 2 46 55 19 91 57 62 49
64 10 45 28 60 47 9 82 61 32 25 86 87 96 50 51 9 4 74 40 52 37 42 36 60 20 87 44 23 87 37 18 59 65 65 39 71 71 17 73 84 0 91 48 49 18 74 24 51 91 66 13 50 74 83 24 5 29 98 64 48 81 44 55 46 12 46 62 54 62 76 71 73 32 33 56 12 74 15 90 17 9 70 98 86 47 96 76 73 64 54 98 36 5 30 76 39 14 3 8 51 49 64 48 9 67 36 54 29 62 97 59 4 36 21 49 70 89 47 37 16 99 73 54 91 32 26 62 50 41 88 15 76 0 7 73 83 11 25 93 76 61 9 26 78 84 0 97 78 84 97 9 91 66 53 35 4 45 0 37 79 0 9 18 80 12 18 41 15 79 18 78 16 33 39 7 15 70 85 41 85 56 29 34 41 25 39 76 23 72 83 7 20 62 55 36 62 58 81 33 69 9 99 47 6 99 3 71 57 85 1 80 98 40 40 5 84 9 63 63 13 70 72 25 23 3 34 76 8 61 78 58 83 28 18 76 23 42 92 84 27 36 27 4 5 89 12 90 22 28 31 36 9 93 57 40 28 68 2 34 27 13 48 71 49 30 25 56 49 84 65 47 4 49 50 98 85 47 99 12 6 34 81 61 29 82 61 1 45 32 91 7 3 69 5 10 97 62 83 66 50 74 29 7 71 93 16 64 70 33 29 61 89 96 63 14 50 20 93 32 92 31 73 15 21 12 37 61 21 0 47 21 8 42 28 46 83 5 14 44 7 56 29 4 58 41 98 85 81 14 17 1 35 62 61 14 54 40 43 29 50 17 79 29 68 25 16 100 88 35 16 11 99 27 78 9 58 33 15 31 60 94 54 71 64 49 96 69 58 21 5 81 50 56 14 82 5 33 17 24
18 40 50 73 89 62 18 78 66 56 80 7 81 90 20 66 69 60 54 67 82 14 24 20 0 58 43 65 31 74 53 3 56 97 60 74 95 31 88 59 51 34 98 30 79 39 25 20 4 34 0 51 68 19 95 74 58 23 63 10 87 21 77 14 98 6 5 51 57 59 80 60 18 80 35 80 40 53 13 66 19 22 51 95 35 50 84 89 84 91 24 77 17 1 98 92 15 15 37 59 69 0 99 60 56 85 57 37 93 37 35 100 11 0 24 83 4 96 49 30 17 13 18 96 85 92 98 8 12 52 57 45 50 74 79 66 17 67 74 24 78 36 47 26 68 63 9 51 18 82 88 53 29 12 79 86 49 10 37 91 38 44 44 25 79 64 91 72 31 66 46 53 41 17 41 25 99 24 60 10 5 36 3 50 98 86 70 8 90 96 50 36 65 83 53 66 27 71 75 5 18 48 73 81 90 89 76 77 14 36 32 10 20 46 80 72 35 1 30 43 39 30 35 96 19 14 82 88 29 9 63 34 53 55 88 20 83 50 8 71 13 93 52 92 3 2 64 17 84 42 71 2 72 96 77 19 18 15 64 35 44 44 46 46 39 30 13 14 0 19 99 78 30 71 27 81 53 40 96 99 76 58 81 88 59 15 10 45 15 20 92 76 48 6 11 11 89 35 45 85 19 0 60 13 92 55 95 69 27 58 91 3 6 35 46 85 76 27 74 66 1 46 81 87 50 24 37 85 21 47 17 30 17 4 19 9 22 29 81 39 37 44 18 15 0 19 88 19 25 51 12 57 95 63 71 63 12 22 99 70 11 60 78 8 71 8 37 70 23 73 73 35 96 78 100 75 85 88 1 80 83 60 36 94 75 66 98 54 50 83 48 28 53 60 44 99 75 8 98 96
72 59 87 0 41 42 15 76 67 73 22 31 69 79 40 74 82 80 25 92 5 19 53 64 95 84 47 94 96 45 87 82 95 98 10 70 98 53 40 97 76 53 43 33 81 66 56 29 61 61 33 86 65 18 30 3 61 72 93 71 51 16 18 89 71 87 61 74 97 22 6 71 93 52 96 94 32 22 20 87 82 49 13 7 27 40 96 81 81 99 48 59 65 55 89 20 23 10 46 34 5 93 63 73 84 43 76 92 92 51 84 78 35 74 75 26 68 67 90 10 50 69 72 91 29 31 51 72 80 55 95 67 38 41 29 77 81 51 97 78 16 69 71 3 75 89 24 14 73 28 24 91 11 72 93 29 81 46 3 5 71 89 54 56 21 27 85 19 20 10 42 89 69 99 97 21 96 1 56 52 7 15 27 17 89 48 87 55 80 0 89 4 51 43 69 7 95 44 15 72 6 26 59 14 62 51 57 53 0 44 91 82 14 46 56 9 41 98 73 67 11 23 13 51 80 63 98 97 68 30 35 70 26 52 22 17 57 85 49 17 16 45 78 80 53 57 42 44 28 76 39 99 53 81 79 31 99 25 52 50 64 77 8 63 12 38 34 24 33 99 100 58 56 54 86 91 35 41 55 13 82 73 5 67 88 93 90 6 61 72 41 5 52 75 42 14 35 2 58 67 6 16 79 61 3 22 86 55 93 18 0 56 19 86 75 12 28 32 18 64 70 49 76 91 91 64 4 35 14 60 99 98 100 91 78 94 10 75 100 100 17 99 16 45 39 67 52 66 12 58 56 100 0 53 19 97 48 45 96 39 45 75 3 82 92 21 92 35 2 14 4 17 50 17 24 63 6 26 15 7 17 74 63 78 71 74 18 90 83 97 77 95 25 90 67 37 13 95 73 82
30 91 79 26 62 66 34 2 62 80 14 86 10 60 60 42 39 80 27 7 19 0 94 6 19 36 27 58 24 90 100 17 55 79 82 91 64 85 18 80 83 80 17 5 30 81 10 90 42 17 8 93 94 17 86 52 54 26 41 91 59 79 25 95 89 78 77 90 65 44 82 0 10 35 92 49 71 13 98 88 61 95 15 9 12 44 46 95 12 87 31 95 63 87 48 42 18 25 58 14 28 10 74 60 26 2 73 45 22 52 84 47 92 40 83 37 4 88 70 43 30 50 14 12 100 9 69 58 75 19 31 14 93 46 76 60 92 40 78 37 89 5 13 64 33 43 92 35 53 48 88 97 49 87 98 3 25 20 37 76 65 93 51 80 100 22 76 99 34 97 13 19 66 67 2 97 58 78 82 91 9 83 33 84 5 57 82 88 17 13 51 82 52 48 11 34 37 59 81 50 0 88 13 74 28 17 27 19 16 66 77 91 35 53 86 59 58 76 58 8 10 39 25 24 13 11 0 100 3 91 90 70 2 21 46 98 40 15 7 1 54 39 55 14 19 69 88 24 20 30 51 4 2 89 19 20 74 42 36 16 13 13 41 75 75 46 56 65 33 43 23 40 33 85 40 48 25 66 18 75 1 80 45 48 25 31 15 20 23 60 47 27 96 10 74 36 0 30 80 19 41 38 98 49 25 27 3 30 55 6 98 88 56 97 24 100 11 63 22 53 57 39 84 69 9 77 0 83 34 70 34 14 10 92 75 3 98 87 68 25 62 28 67 57 30 1 35 62 51 45 38 55 99 100 49 83 69 48 21 71 63 90 98 39 35 96 78 96 60 66 16 88 35 58 4 85 34 48 33 6 15 24 98 6 1 42 66 49 83 80 55 92 65 22 49 57 92 23 43 21
49 68 34 8 64 58 20 82 13 28 66 36 88 1 47 69 30 69 15 99 62 77 61 0 72 30 48 30 64 30 76 37 68 5 82 5 2 82 85 77 19 37 84 37 19 14 57 96 80 9 80 89 33 75 1 3 21 72 7 24 64 10 100 43 22 98 85 88 9 31 7 31 24 67 66 82 94 99 33 48 42 18 49 2 43 30 51 82 94 14 48 24 71 52 100 7 90 8 99 65 7 53 56 22 60 78 98 44 38 97 76 43 34 58 8 16 48 38 0 21 35 80 54 25 21 70 100 25 89 26 73 13 14 72 32 77 55 79 66 73 19 14 4 35 82 1 97 71 55 55 2 16 24 89 16 53 31 78 22 2 90 69 84 24 91 97 83 5 44 58 60 88 55 35 17 46 78 49 92 45 86 23 75 28 5 5 40 93 4 78 99 25 86 66 2 7 51 79 59 86 54 73 57 13 85 41 2 11 57 35 57 18 32 28 36 98 7 7 48 61 54 51 92 41 26 5 52 49 36 99 2 47 37 94 82 13 22 92 88 45 94 100 96 68 17 6 71 17 52 81 81 96 23 70 89 20 38 40 35 2 46 14 13 24 97 80 21 52 88 89 37 78 85 9 93 28 54 1 57 49 33 28 57 63 39 31 41 78 15 50 73 61 38 0 4 57 11 98 97 55 35 42 8 32 56 26 63 65 27 59 51 75 94 25 38 14 61 8 87 26 77 34 22 2 44 10 0 51 14 87 77 91 6 81 13 90 43 79 91 6 26 41 7 51 2 69 90 89 29 71 66 9 52 26 66 82 77 18 62 11 11 94 7 56 84 76 12 44 78 61 26 77 25 68 61 61 80 98 38 56 3 99 92 41 90 69 21 21 86 53 7 39 89 14 56 48 85 24 69 95
52 32 62 42 67 59 99 21 22 80 45 80 33 93 77 65 81 65 60 63 5 45 93 2 41 80 100 16 8 35 91 73 27 20 13 20 78 38 8 76 59 89 61 87 84 24 55 9 76 42 1 87 3 1 39 44 26 54 50 63 62 56 82 41 68 79 100 11 83 54 10 80 58 84 20 64 53 80 30 91 46 7 83 92 50 99 71 51 47 5 55 6 96 70 90 13 77 42 85 79 23 9 82 11 39 32 81 33 79 32 6 56 63 52 52 25 37 41 52 1 45 31 40 0 22 0 4 17 95 44 60 7 55 29 91 77 28 63 6 50 48 52 92 18 74 97 32 68 86 93 75 32 69 83 58 60 10 43 92 68 93 67 65 40 13 93 73 7 23 72 77 0 48 0 90 83 39 19 38 86 50 53 75 16 48 47 14 78 9 11 82 90 10 65 81 60 93 75 20 63 8 57 61 56 90 10 80 96 73 42 21 98 38 54 1 91 18 10 75 93 93 46 27 26 45 15 80 64 41 43 85 72 55 21 30 24 80 86 100 53 45 96 15 92 28 89 52 86 34 33 46 58 76 3 56 46 30 64 23 90 99 62 71 30 58 5 22 26 13 33 68 88 28 70 71 13 0 9 13 69 69 95 19 15 78 51 5 26 5 49 90 51 68 11 56 64 35 26 95 38 31 74 75 20 43 18 44 6 73 51 8 58 49 47 80 83 97 80 100 86 64 31 9 35 73 25 75 85 56 70 63 24 44 6 70 20 20 55 61 58 47 7 78 57 19 21 70 99 50 67 93 93 70 14 62 78 2 25 25 61 36 100 48 52 72 99 43 13 66 44 49 85 8 87 84 38 37 62 58 97 82 5 11 59 34 2 96 38 27 23 45 47 4 23 0 82 93 75 56 33
92 63 42 19 98 34 68 96 31 49 8 96 11 31 1 93 80 25 45 70 23 9 20 26 88 9 74 73 88 67 36 4 84 19 57 96 16 30 88 96 10 99 14 94 74 34 85 95 5 73 73 94 57 18 56 21 85 16 59 50 11 59 27 15 2 17 42 59 63 77 29 26 57 80 54 41 54 90 7 17 28 7 33 50 56 89 9 84 7 75 20 74 99 76 10 29 31 48 55 82 32 0 67 81 76 21 84 74 99 3 87 17 62 39 86 30 40 10 62 49 28 72 39 12 88 25 33 4 51 96 35 46 66 68 8 2 86 3 44 80 56 76 66 0 98 46 71 55 11 42 80 95 90 22 92 89 66 3 39 70 56 52 88 3 37 100 67 76 84 57 12 9 50 82 99 4 90 62 66 12 71 19 7 82 64 94 3 19 29 94 0 21 86 82 57 73 33 13 23 22 88 4 91 79 2 0 74 26 31 62 6 21 48 21 85 90 61 44 60 47 24 88 57 27 69 41 42 1 69 57 88 93 25 94 60 17 100 24 12 22 24 24 42 21 72 74 8 51 73 69 57 98 96 89 81 79 43 32 66 51 74 16 44 10 85 44 60 30 70 12 33 89 10 97 72 20 0 23 3 62 94 68 3 100 66 39 91 3 3 73 89 79 21 63 53 76 7 3 8 43 98 48 99 13 93 57 21 78 75 34 94 18 74 38 95 79 100 77 61 35 84 48 95 46 34 66 30 53 28 59 3 70 15 70 48 53 19 16 62 22 79 25 39 19 93 78 36 91 41 36 65 93 77 92 60 19 96 54 84 3 63 73 16 50 62 74 39 49 44 28 46 49 49 56 22 74 99 86 47 93 9 96 26 92 81 98 26 90 4 24 80 57 100 39 54 21 15 6 16 51
37 59 27 25 88 89 70 4 87 31 61 62 96 37 78 89 40 2 81 38 74 44 18 26 14 32 97 91 9 39 72 65 14 71 43 70 85 19 1 43 49 83 12 23 12 49 44 83 20 85 56 100 45 36 76 68 42 100 34 22 96 43 82 58 100 74 99 62 57 86 65 92 96 74 72 76 85 1 86 88 79 15 79 85 45 85 68 98 81 39 3 93 7 41 29 74 15 12 67 86 64 42 50 70 28 66 26 20 26 40 6 98 32 51 17 0 8 20 22 66 27 3 54 50 38 6 99 81 96 57 16 38 22 11 1 89 31 88 60 73 7 6 34 74 67 48 48 36 6 97 15 91 71 53 95 39 3 79 45 49 23 32 49 67 93 64 46 75 3 70 57 11 2 63 100 10 28 59 82 24 50 83 84 82 26 51 32 69 47 10 40 63 49 87 34 21 9 29 17 59 90 77 44 92 84 45 68 40 63 49 93 76 29 92 91 50 72 95 59 94 7 82 38 57 95 70 94 9 94 68 89 39 55 44 53 12 3 89 22 85 26 31 43 40 100 1 14 8 88 69 100 23 82 28 38 33 64 24 66 15 63 2 45 17 68 52 36 59 30 43 69 28 68 97 4 57 38 29 57 58 42 67 27 26 28 78 8 39 40 29 53 4 100 49 45 48 28 54 97 19 65 19 84 26 52 6 35 70 20 14 95 62 35 61 20 37 85 53 20 18 14 7 2 2 94 22 94 82 41 44 82 24 30 81 19 34 18 92 32 5 69 36 100 100 69 83 33 59 56 41 38 100 49 5 39 100 10 73 4 94 16 0 85 68 1 26 62 34 82 74 15 90 73 81 73 7 46 52 75 6 62 100 36 13 34 14 99 72 12 13 64 44 39 99 87 96 4 54 89 96
41 92 2 27 62 0 68 17 5 11 86 44 50 68 85 50 50 63 55 94 42 42 46 51 27 82 45 72 58 45 69 22 54 4 57 29 61 3 15 77 8 2 100 61 93 44 13 5 19 90 54 96 87 59 52 53 41 93 97 14 5 35 45 38 9 30 5 38 51 17 18 46 0 78 77 72 18 64 55 28 99 8 36 98 11 49 48 45 62 99 52 76 99 1 4 95 36 82 68 68 70 86 26 13 51 22 85 83 94 91 46 19 12 83 75 33 18 4 67 36 71 61 70 94 13 71 44 57 68 69 19 61 84 74 34 21 84 64 87 22 71 53 56 4 37 0 38 57 18 75 53 89 46 43 65 7 77 42 49 76 46 25 7 22 64 51 2 4 96 35 71 10 52 14 34 31 55 9 29 44 88 79 12 63 37 86 51 20 40 8 38 57 96 27 29 26 73 47 91 94 29 31 47 21 91 93 36 8 97 18 81 22 93 65 1 81 25 58 20 32 95 44 51 77 64 20 40 71 65 36 96 0 41 23 2 60 69 51 43 87 59 37 26 17 9 32 20 73 90 49 53 92 69 37 4 93 62 72 80 54 1 16 87 77 97 97 67 88 29 50 100 4 2 61 52 17 23 43 24 70 40 85 86 67 88 40 44 60 22 1 51 39 16 71 11 55 57 26 25 92 61 76 49 16 48 80 87 70 19 62 63 66 3 45 59 48 97 97 70 71 10 19 21 63 13 48 11 26 64 80 76 92 25 89 26 77 53 70 30 70 46 72 35 16 94 64 2 49 65 20 58 56 46 34 92 60 41 77 82 33 79 4 3 81 50 68 28 16 12 1 14 67 22 57 33 12 60 75 92 47 94 30 72 67 30 46 62 74 43 15 52 81 68 89 7 28 14 55 61 32
99 49 74 51 10 12 34 70 23 74 50 63 20 32 84 69 58 5 1 31 7 35 50 80 94 99 77 63 7 62 86 53 70 72 76 77 82 63 23 31 50 65 22 76 52 67 44 8 95 77 71 90 24 49 84 70 24 14 4 52 48 65 32 85 89 18 53 79 24 44 18 69 3 93 96 26 32 51 28 16 63 56 91 32 75 56 55 55 47 95 100 28 40 40 96 85 36 48 32 55 19 57 83 59 42 83 60 2 95 85 71 16 24 45 56 53 66 63 57 18 38 70 15 27 86 55 38 5 83 4 52 55 87 23 24 89 97 78 91 7 64 45 95 23 71 15 26 79 60 77 3 65 51 28 93 52 76 1 71 62 38 62 2 83 14 99 17 43 81 55 66 9 15 32 8 5 17 55 70 26 12 94 52 44 83 75 73 16 41 28 60 75 14 49 85 53 10 17 82 85 77 97 71 62 86 42 81 81 87 68 59 18 67 64 20 54 17 28 59 87 43 47 3 8 23 100 97 35 40 52 30 73 22 27 89 76 79 76 87 89 71 79 14 4 43 21 4 48 37 54 28 60 92 4 42 60 59 20 69 26 90 74 58 19 82 60 96 4 56 13 58 81 92 67 1 68 64 89 82 14 88 5 50 31 100 53 95 14 21 2 49 16 44 87 44 57 40 2 74 50 37 72 84 51 79 72 36 21 30 96 91 6 91 4 72 25 1 78 22 78 81 39 6 40 100 46 76 37 38 95 89 25 69 78 84 45 88 17 89 34 20 75 50 93 0 40 63 14 17 37 3 41 2 41 30 99 45 36 12 18 54 23 89 89 79 84 82 30 49 18 61 68 39 49 79 19 1 15 57 22 37 0 94 22 17 11 94 7 2 23 70 15 1 78 70 56 10 50 55 10
5 64 91 12 98 53 7 14 63 75 13 5 60 53 51 92 56 40 56 10 11 69 62 68 50 9 73 20 25 20 93 99 93 2 19 40 75 82 25 37 26 60 24 55 36 84 75 15 85 65 29 11 12 86 32 68 34 16 36 3 95 9 51 97 9 1 32 55 31 63 74 96 8 88 38 68 31 29 12 70 95 79 55 89 17 50 66 18 45 40 94 75 99 19 18 18 76 80 6 81 56 69 97 4 33 19 16 61 16 49 9 36 19 35 87 34 27 77 67 33 75 41 63 77 56 17 6 56 76 88 49 85 41 36 95 27 55 2 57 92 69 47 57 55 71 14 86 77 64 15 12 25 14 15 36 92 15 90 48 85 62 51 75 29 15 49 71 53 44 0 94 27 87 4 68 64 28 10 43 36 37 14 45 50 63 98 11 8 22 90 9 38 66 19 73 30 97 23 13 68 49 9 95 56 79 88 7 12 23 46 73 91 73 47 47 70 54 8 90 49 13 31 96 80 23 36 53 58 24 80 25 92 81 13 64 64 18 77 4 86 27 93 68 24 6 12 29 24 4 4 19 90 2 66 88 70 8 66 95 0 73 51 37 65 87 54 33 21 24 37 50 30 48 79 4 33 2 24 0 73 3 5 93 58 7 23 34 80 69 5 29 87 12 22 33 42 96 14 84 91 94 29 68 98 46 16 60 27 95 11 84 84 64 75 13 50 89 13 28 93 0 20 27 4 21 51 21 96 21 100 12 41 27 85 25 25 84 73 54 44 31 56 98 80 89 98 18 62 82 54 42 56 20 91 92 94 99 96 39 51 54 36 5 72 81 58 94 98 6 39 37 78 63 69 25 51 29 76 91 4 87 66 96 71 32 38 37 90 25 48 16 60 12 8 14 65 36 9 65 29
14 31 65 34 56 87 65 71 40 14 82 48 0 48 57 72 42 44 62 53 37 33 95 78 26 49 88 97 37 3 8 61 45 69 12 93 27 8 67 41 89 78 40 42 62 19 44 92 39 86 66 32 68 15 88 26 100 24 16 2 41 1 36 93 43 25 94 56 82 97 29 17 78 5 80 86 44 29 2 40 35 66 4 84 73 2 100 11 77 50 93 52 56 37 36 78 44 66 50 29 86 53 61 89 43 57 84 91 92 10 100 69 4 98 32 27 1 85 53 58 40 79 89 32 38 81 42 6 43 7 31 32 14 50 6 51 46 69 0 69 34 12 39 67 12 69 13 22 72 51 45 79 34 11 51 32 92 2 69 47 21 51 84 92 57 23 39 49 92 16 37 93 5 38 21 8 0 79 23 36 37 56 55 55 35 42 95 79 80 61 97 97 8 31 39 93 94 55 6 47 34 72 2 44 95 40 12 52 34 53 3 93 28 28 99 36 84 18 35 67 14 93 87 35 73 62 48 2 38 88 78 74 34 61 83 39 14 50 47 85 59 52 96 12 25 9 61 74 14 0 64 26 0 94 30 92 64 66 47 46 38 66 60 38 90 79 92 86 99 21 96 97 13 30 54 9 53 65 66 20 8 79 40 40 72 80 81 35 4 17 2 55 10 95 59 46 78 31 87 100 97 50 66 35 52 96 97 76 23 61 39 15 36 89 48 56 37 29 0 74 44 32 25 63 77 97 0 5 52 24 10 99 80 2 22 49 50 38 36 41 0 36 51 16 92 42 21 12 75 87 76 28 69 10 100 5 10 32 68 0 95 47 59 29 69 4 7 95 14 27 38 47 21 4 46 49 61 71 88 82 43 89 30 18 28 13 96 23 40 35 78 8 66 90 77 34 50 41 8 41
37 17 17 4 29 72 38 90 94 70 62 62 59 2 4 5 92 55 46 27 95 26 50 1 25 4 87 64 74 76 13 44 39 65 92 69 17 5 90 24 63 57 41 55 52 15 75 36 69 90 62 64 3 51 6 20 25 32 72 75 88 20 83 4 19 75 22 3 52 5 73 6 2 20 20 79 50 39 34 40 53 54 12 82 59 9 21 94 32 95 62 55 96 80 87 43 65 91 12 20 13 19 58 71 50 21 89 20 62 22 10 18 58 71 24 74 47 30 26 97 70 38 79 69 40 97 85 79 50 15 52 65 30 99 40 95 50 62 90 48 72 93 52 45 72 7 60 83 21 31 14 4 91 52 63 34 56 90 13 20 39 62 27 88 81 25 56 42 3 38 52 94 80 41 59 15 3 49 20 60 69 100 69 31 37 58 38 5 27 24 49 58 1 59 79 54 74 81 50 62 38 67 91 65 41 77 71 14 16 59 77 61 87 77 71 64 52 7 26 84 27 41 6 0 72 80 8 86 70 36 63 93 20 63 34 33 30 57 40 40 67 88 78 7 19 64 66 98 50 82 98 41 78 0 62 44 98 19 61 38 56 4 2 11 54 30 20 2 64 13 49 12 5 14 42 40 99 70 49 53 67 91 45 23 23 7 22 100 74 9 97 23 38 53 92 76 38 16 50 46 49 7 3 29 48 84 10 26 87 89 81 49 89 29 55 3 41 66 68 56 9 92 14 94 97 82 33 21 74 7 43 60 24 14 25 55 89 43 75 86 83 39 77 30 62 55 41 7 35 88 22 95 23 90 73 37 97 62 84 41 56 56 43 80 69 53 21 4 22 86 34 51 76 84 61 11 42 1 92 85 77 85 51 97 80 77 16 12 11 3 56 84 83 16 7 30 73 82 55 50
52 45 42 4 62 9 56 59 75 89 21 26 3 14 65 22 42 70 17 31 100 30 91 18 33 15 32 29 90 22 18 51 53 17 72 82 51 49 72 62 80 41 29 64 12 45 78 95 27 76 52 28 56 89 89 70 91 20 39 90 8 61 65 22 62 9 26 63 96 38 48 40 57 18 42 27 100 36 93 1 13 2 34 0 90 87 29 38 8 16 47 23 74 1 58 60 33 5 23 32 4 60 77 86 99 58 58 39 75 49 50 21 45 30 49 55 27 17 32 47 56 67 45 25 29 84 18 84 6 46 36 78 93 42 20 87 24 25 98 77 32 90 77 65 60 86 54 49 60 62 22 87 49 99 42 10 95 87 94 6 14 36 17 99 99 31 28 11 14 2 21 79 63 9 41 96 55 99 85 100 1 51 34 7 42 26 97 88 68 19 10 18 85 81 6 91 52 83 94 38 84 6 41 69 60 100 67 41 95 34 63 62 95 92 43 96 57 7 78 13 34 32 51 42 15 20 46 76 56 68 74 16 33 24 67 76 29 43 15 66 42 80 41 53 80 38 92 42 0 42 98 58 48 62 77 88 64 79 85 51 33 13 79 22 55 75 44 30 99 84 5 48 23 23 77 20 9 11 27 20 61 20 55 40 2 6 29 42 78 59 87 60 46 95 88 6 71 26 13 76 56 82 5 80 80 62 50 8 2 70 73 87 61 47 57 87 42 85 10 45 38 98 16 24 68 45 2 83 28 49 45 28 77 39 83 51 29 57 48 63 18 37 94 86 62 90 41 19 99 44 60 59 43 23 22 22 57 38 19 88 12 87 64 54 25 93 51 100 58 71 61 12 37 71 27 8 21 52 21 67 2 41 24 58 17 37 59 13 98 79 97 38 78 68 34 70 40 48 12 93
56 13 40 12 31 25 100 51 45 94 86 56 13 70 63 39 62 29 77 13 38 2 48 11 43 93 61 53 18 8 41 53 95 83 53 56 4 23 59 58 7 88 91 68 55 95 89 87 66 91 81 59 56 55 10 31 63 6 65 21 82 18 49 39 51 66 43 50 59 24 30 11 41 21 93 25 89 97 21 19 7 52 90 64 8 62 93 82 10 92 83 26 37 75 7 96 16 0 36 26 62 22 32 22 89 19 80 100 89 34 81 99 6 69 54 78 40 25 82 24 61 61 40 36 97 92 38 28 85 50 79 83 87 77 59 66 33 21 18 63 78 54 52 18 83 13 62 93 76 90 60 32 87 82 48 100 85 5 72 52 42 57 45 94 85 68 80 0 88 29 16 34 83 58 97 5 95 69 52 49 66 26 21 59 95 62 96 57 81 21 90 21 100 76 52 38 20 51 19 59 89 54 92 45 58 43 29 20 5 75 94 55 40 32 44 58 18 28 42 15 36 85 88 11 83 90 50 18 89 96 58 55 87 10 21 85 40 53 30 67 53 64 24 79 30 73 7 100 52 91 67 25 91 23 35 94 85 35 29 72 10 74 32 57 4 92 62 24 20 99 88 74 29 38 84 13 92 91 67 56 66 80 14 10 90 92 60 11 21 67 33 97 54 57 17 48 47 91 40 80 37 18 82 56 19 65 29 82 26 58 34 88 43 17 6 6 9 20 4 65 29 77 63 56 39 79 63 79 87 91 71 99 66 48 77 36 85 53 4 95 12 83 22 97 20 98 95 36 43 80 29 32 43 37 62 71 51 65 25 56 69 65 89 12 100 62 12 64 96 13 14 14 42 2 17 64 32 16 67 35 79 34 85 35 63 87 86 57 65 88 3 56 65 40 14 72 13 94 58 8
70 11 23 59 6 99 91 91 76 29 28 5 73 96 100 32 70 88 60 25 18 74 64 64 77 95 21 56 54 83 12 36 7 14 79 81 0 25 99 71 63 80 79 72 50 12 37 28 100 4 64 58 64 35 58 13 98 7 63 25 87 85 75 30 41 22 5 16 21 54 15 86 45 20 96 98 98 33 3 25 88 40 27 55 89 100 50 46 20 39 83 98 28 50 72 46 22 25 11 79 49 12 17 40 85 63 4 31 92 8 79 46 35 72 3 54 65 45 25 19 72 66 1 87 7 73 32 24 69 7 98 97 20 54 55 2 10 32 97 70 94 97 1 64 91 43 56 36 36 31 64 98 7 80 53 13 72 44 70 87 8 86 3 55 41 8 8 54 65 73 11 37 9 66 1 61 51 60 90 60 35 44 28 61 36 56 31 8 67 49 51 81 93 31 76 53 7 61 87 63 80 13 91 68 39 3 53 0 36 58 49 96 16 2 25 49 89 2 9 80 1 78 6 79 88 65 20 9 35 49 75 44 72 78 67 18 69 89 88 4 62 52 29 43 45 7 84 63 78 13 77 23 27 2 55 45 28 92 54 92 75 92 37 55 73 95 98 85 6 89 15 15 13 87 92 40 77 3 36 59 61 0 53 72 83 0 65 24 27 31 13 5 14 3 94 33 45 18 83 51 26 10 36 12 5 93 72 42 87 41 65 53 44 39 30 42 59 26 43 16 67 5 14 16 3 87 72 62 55 77 93 35 98 36 22 79 26 70 7 72 79 82 30 60 73 51 33 87 36 89 40 58 95 3 2 0 79 33 19 53 39 12 48 75 85 48 32 95 79 63 43 4 1 26 70 41 85 3 27 73 15 44 70 23 52 50 10 40 25 100 52 92 44 74 10 96 1 18 49 65
43 39 100 51 20 74 59 56 10 56 40 63 43 59 77 46 84 63 60 98 38 30 67 41 61 57 82 99 2 78 38 93 27 39 97 19 37 97 92 85 5 95 39 45 45 61 50 63 98 50 27 95 63 6 43 6 38 86 97 6 61 11 38 89 84 40 40 24 59 71 75 78 29 79 4 29 41 45 63 95 13 33 56 18 43 45 10 66 47 80 74 22 3 39 25 56 4 11 99 92 67 2 27 30 23 43 50 29 16 92 40 16 98 71 99 9 60 26 87 60 93 67 11 4 68 72 93 44 95 54 95 76 21 22 70 10 30 25 93 39 33 17 58 29 54 7 56 99 15 13 53 91 30 85 58 68 4 8 42 20 48 9 16 46 74 93 47 66 95 22 49 32 72 42 90 8 70 32 76 45 49 22 11 71 47 56 43 90 36 95 7 36 11 17 15 62 61 38 87 26 25 79 85 77 12 17 36 19 98 1 38 19 76 83 14 1 80 8 87 92 65 88 74 66 31 98 11 93 12 76 92 14 66 70 8 7 80 28 81 77 72 24 36 26 32 71 24 73 99 98 43 67 92 42 2 0 86 12 91 84 40 32 52 42 65 63 46 92 42 70 93 21 38 68 34 40 33 23 68 0 75 28 91 90 0 6 7 15 61 71 15 10 26 9 36 16 14 85 75 52 6 86 41 77 32 93 70 10 82 12 38 42 45 94 81 96 34 58 17 45 51 42 11 42 35 99 34 55 19 71 1 49 52 54 78 5 68 41 36 95 4 39 3 7 62 77 92 45 76 28 17 73 98 64 65 99 64 99 3 78 38 85 75 30 63 87 17 48 40 12 16 77 31 70 73 32 90 5 42 55 39 38 76 51 6 21 45 96 21 16 9 38 85 5 61 53 21 57 6 29
26 99 15 31 26 56 80 99 38 30 41 29 48 15 18 27 17 29 69 17 20 65 98 81 79 69 70 9 43 42 97 90 43 52 23 39 0 1 75 20 50 42 91 51 34 95 80 20 67 82 49 33 81 32 56 18 93 56 30 52 57 15 79 65 97 41 89 7 0 78 94 33 56 37 57 29 80 21 25 23 92 7 24 11 25 38 46 15 37 45 44 83 42 94 72 58 35 57 53 23 22 88 22 50 19 37 81 13 12 51 64 78 17 35 76 73 90 9 65 78 52 86 97 20 51 95 53 41 55 59 70 0 3 60 43 45 37 65 90 8 58 76 98 53 53 64 9 24 50 85 71 77 19 72 67 43 14 45 5 47 76 39 95 63 99 66 29 56 15 41 74 81 21 91 34 47 10 72 13 45 56 22 64 59 80 69 17 80 50 32 7 64 2 83 48 75 14 17 57 12 34 11 82 42 39 19 0 69 92 72 48 59 4 26 36 92 18 77 14 44 16 67 43 14 3 68 89 44 69 15 44 12 46 30 83 2 51 38 66 1 44 78 55 83 21 72 47 19 22 95 45 96 85 63 53 69 56 40 97 36 90 84 91 44 69 59 93 67 49 5 31 41 35 36 26 29 87 15 43 20 83 16 4 36 39 92 49 96 11 66 27 41 82 7 62 77 4 59 46 19 25 77 47 78 58 71 42 44 10 61 24 25 17 98 10 22 70 29 76 70 10 70 98 74 87 12 86 64 100 23 46 71 96 97 54 48 37 78 85 74 33 2 21 52 90 58 53 29 18 87 51 81 38 4 15 50 37 0 71 39 2 76 9 55 92 51 44 14 40 19 21 25 42 86 77 24 96 87 11 65 8 65 78 48 34 3 49 24 25 45 62 10 54 35 91 49 12 45 65 82
53 32 40 21 8 99 77 61 54 9 100 73 57 96 76 93 7 24 19 79 78 61 31 97 56 68 44 31 85 12 21 96 45 80 41 53 94 41 7 54 89 32 86 86 64 61 4 58 93 78 85 50 75 48 68 16 15 59 93 96 49 51 91 5 70 97 22 97 33 2 79 96 74 58 26 63 64 35 67 14 74 37 33 63 96 17 17 75 41 4 78 27 33 25 69 54 26 13 96 86 97 85 90 31 84 86 68 33 60 13 44 17 49 89 0 16 59 42 17 55 27 67 41 97 71 73 65 89 61 68 2 23 52 3 63 96 67 53 62 97 37 72 57 61 55 45 21 44 95 74 23 91 47 85 16 0 72 75 30 78 77 85 22 5 71 40 3 3 36 55 67 8 32 60 13 29 65 45 91 84 53 95 59 95 48 76 57 90 66 54 82 77 82 36 89 77 54 8 11 76 74 69 50 20 83 56 22 18 62 61 98 16 77 39 6 22 58 29 9 97 75 9 18 54 51 3 27 41 22 52 88 2 74 68 90 36 61 67 97 52 25 65 2 17 56 35 69 67 57 52 33 23 22 89 2 76 83 47 22 36 26 53 3 31 72 42 63 49 86 13 26 69 63 95 37 28 71 77 94 33 79 11 14 59 92 85 24 90 44 45 88 39 92 34 47 30 99 46 7 73 84 35 8 67 87 53 47 20 96 85 31 52 92 23 22 34 2 53 53 13 5 0 58 6 76 51 36 74 26 46 78 76 76 47 62 7 1 61 24 99 10 19 25 52 41 28 20 19 92 47 0 62 87 72 74 3 100 33 84 57 79 62 93 45 28 96 74 50 31 26 71 100 3 75 59 45 74 40 75 8 43 71 38 80 24 4 80 79 87 67 23 63 42 35 6 93 4 22 30 46
50 12 35 69 34 11 47 82 72 51 82 30 21 16 97 95 56 64 17 41 56 86 94 9 73 77 0 58 25 5 57 66 85 16 50 80 89 55 56 9 49 3 3 60 85 76 90 22 38 12 30 29 25 0 70 5 79 66 84 44 49 91 74 37 12 85 67 96 28 31 67 72 86 58 8 47 92 38 18 96 89 98 12 8 4 46 74 39 51 50 78 5 14 58 55 15 87 95 57 7 98 46 37 100 44 74 81 78 60 32 58 66 96 12 16 55 92 0 66 30 32 21 35 8 88 86 60 50 47 19 46 30 31 9 21 91 42 62 45 83 100 49 47 68 8 66 80 12 63 76 30 15 22 4 79 18 59 2 14 20 89 15 73 92 81 14 62 44 88 13 2 17 56 52 54 72 12 99 60 77 26 24 35 81 99 44 71 43 23 57 1 57 95 85 78 69 4 73 76 99 25 38 24 50 92 5 68 42 87 99 76 93 13 62 88 13 96 32 26 40 87 74 18 38 38 62 43 100 63 44 31 34 12 73 7 35 55 40 87 65 85 29 57 20 19 52 53 24 61 38 32 75 27 85 72 68 70 29 12 10 18 20 85 39 39 50 97 96 40 66 12 45 89 0 2 54 50 78 93 65 71 10 99 14 28 46 83 79 84 38 87 15 66 8 32 51 41 90 24 16 90 7 44 37 70 32 90 13 6 32 80 53 20 84 8 66 5 0 34 33 26 28 3 56 46 92 91 89 79 5 97 51 68 9 67 25 10 9 58 32 52 15 86 50 26 80 20 42 10 33 12 19 96 64 87 82 22 81 61 95 41 80 18 92 96 33 72 15 5 79 89 56 20 80 44 75 13 18 18 1 25 57 72 53 42 96 69 25 73 77 86 40 25 95 20 92 58 6 13 73
69 33 93 60 61 42 96 75 89 0 24 81 46 99 25 87 45 76 26 56 1 17 48 78 84 26 44 38 59 7 67 24 92 61 53 59 64 35 66 0 97 86 44 86 30 0 8 35 12 56 90 35 0 40 33 58 64 11 80 43 52 71 11 23 57 37 29 34 23 94 63 10 16 55 98 81 87 45 52 21 4 7 6 66 16 80 13 85 86 38 32 62 12 67 71 0 2 1 0 57 100 53 18 97 46 99 86 57 8 87 83 59 98 43 41 98 71 34 72 20 75 44 40 61 76 5 94 37 99 5 93 19 62 99 40 57 32 84 61 86 74 33 73 50 37 56 94 51 61 51 30 92 99 80 44 23 54 44 54 55 17 89 24 57 5 88 53 61 53 64 96 54 36 5 62 98 23 18 49 6 66 93 68 77 64 11 20 44 19 0 16 0 9 11 13 26 25 80 92 17 20 9 8 49 24 95 48 99 51 76 100 2 98 0 11 58 17 18 94 83 98 100 44 37 16 42 63 43 78 30 65 4 44 97 59 64 59 44 52 2 9 3 62 63 20 37 90 12 63 26 69 17 61 57 66 15 45 79 50 47 0 91 45 44 92 65 22 50 48 28 40 91 51 88 48 48 41 45 95 32 64 80 39 22 35 85 1 80 98 95 76 6 41 74 53 80 29 63 53 25 47 14 6 91 80 19 22 76 15 9 85 45 35 74 6 0 93 10 59 100 8 73 76 16 99 11 58 50 69 72 64 66 38 95 2 17 99 55 22 51 29 5 71 90 100 58 46 81 6 97 83 19 100 73 36 54 53 21 70 82 31 86 73 6 9 63 5 71 65 98 98 71 92 94 37 99 73 77 73 39 44 77 72 36 68 57 51 73 54 87 94 19 7 96 27 17 55 26 15 47
61 53 4 0 17 11 77 74 58 80 82 68 54 71 76 28 57 40 16 1 87 41 80 73 89 50 85 24 63 83 46 3 48 59 95 38 9 77 69 43 57 76 92 33 81 87 18 74 83 33 37 0 68 62 0 32 36 96 99 87 28 92 39 72 87 64 97 90 83 36 68 61 57 70 37 19 56 81 16 61 1 58 96 99 55 59 17 92 15 79 47 9 65 23 61 25 89 28 62 33 16 95 63 14 31 37 6 70 91 44 94 92 65 50 62 3 87 4 27 23 70 23 82 85 94 62 67 98 18 95 95 15 57 20 54 96 57 87 98 76 58 13 46 83 89 82 100 13 26 34 87 71 81 75 75 46 67 45 83 74 6 62 86 5 3 24 30 0 84 39 74 57 45 10 76 14 72 77 39 9 49 23 0 42 79 49 3 44 8 47 61 50 48 4 54 56 34 73 47 59 43 84 37 78 3 82 82 34 99 37 62 95 70 49 61 22 53 44 23 5 87 90 80 87 89 16 31 31 98 29 100 13 29 90 60 5 74 90 97 10 5 80 38 88 95 32 36 24 21 74 93 3 66 0 38 71 25 43 62 80 48 4 55 99 95 10 4 22 36 13 75 94 51 52 63 13 57 3 77 82 59 33 6 79 83 5 30 25 15 87 68 29 26 85 27 17 1 37 48 8 25 28 23 39 87 55 75 17 3 100 19 48 26 19 85 70 94 42 20 38 8 15 10 79 45 4 94 11 98 16 99 89 55 95 68 50 71 28 5 27 85 22 41 11 5 28 31 30 3 38 71 29 48 8 12 1 39 81 7 10 9 15 67 42 34 16 71 43 54 33 52 7 64 8 26 92 33 56 79 4 100 23 80 91 99 15 86 0 5 84 92 32 1 43 28 71 35 52 4 64
39 49 19 65 6 82 4 35 39 8 32 56 49 85 36 14 43 34 35 25 22 74 33 3 66 29 53 54 47 96 61 87 56 32 43 45 54 80 53 57 99 46 64 19 79 95 91 51 15 18 76 94 11 60 37 69 21 19 49 90 66 94 73 30 93 94 49 54 82 2 79 33 61 18 96 81 73 13 58 41 49 11 52 72 36 62 12 31 37 68 56 67 90 13 73 59 64 14 34 99 34 33 98 1 91 36 100 10 90 92 24 70 99 98 9 83 20 61 58 12 77 24 84 73 31 54 32 4 79 28 48 52 10 23 35 90 29 37 79 53 42 51 65 5 71 84 57 56 1 92 79 36 44 6 82 0 14 55 64 34 77 79 49 10 66 4 35 19 65 9 83 13 48 89 14 70 17 29 32 67 8 63 83 31 49 54 39 18 97 38 88 94 93 22 39 85 57 60 80 53 46 93 31 37 2 59 10 47 34 85 97 35 24 30 31 96 66 68 76 45 35 58 89 2 96 34 19 24 3 85 38 4 40 80 59 90 81 52 64 70 98 67 44 49 47 52 10 30 65 41 4 12 67 97 49 98 40 62 75 43 4 49 8 24 2 75 82 40 40 75 16 89 40 30 84 43 96 21 11 24 58 34 14 42 39 18 98 19 88 36 57 20 32 81 43 25 88 56 6 52 88 73 47 84 90 83 47 24 77 57 22 58 31 83 87 39 17 46 33 65 18 76 58 28 56 32 96 58 77 34 88 90 45 65 78 98 84 34 66 71 40 29 11 48 64 72 79 66 70 9 18 98 50 18 50 98 96 55 3 93 66 55 7 55 13 78 58 57 62 32 26 5 39 44 19 18 9 7 27 12 77 78 89 74 48 22 56 10 6 55 0 57 0 84 74 21 27 95 49 25
78 7 13 93 35 40 77 93 69 67 26 79 16 89 23 10 90 81 63 49 92 40 66 97 91 6 99 10 87 53 68 5 71 91 34 51 77 90 3 7 83 83 95 4 46 81 35 30 92 12 5 7 4 12 100 24 12 28 48 30 83 7 65 2 4 93 70 93 37 72 41 40 80 75 62 52 33 34 18 89 22 41 88 22 77 76 45 81 82 78 62 76 81 64 6 2 41 25 12 80 18 77 30 33 49 50 73 41 46 53 79 65 87 59 36 23 35 22 85 42 57 63 74 7 97 15 80 56 85 83 26 29 63 27 7 0 27 60 25 88 54 14 5 43 59 67 61 100 34 53 33 74 59 4 97 8 49 32 48 77 60 19 35 9 47 29 48 37 69 35 91 68 40 31 77 90 51 12 86 49 91 45 79 96 48 64 47 25 40 61 55 78 61 45 86 92 48 20 39 38 96 87 46 52 28 33 26 18 34 68 69 82 99 87 67 82 65 28 95 63 27 33 51 62 47 31 38 73 71 38 27 19 59 46 80 74 55 43 79 27 10 65 1 10 8 4 96 94 14 12 35 75 60 53 60 22 43 65 60 29 0 49 81 56 64 1 33 87 28 83 59 55 22 78 47 44 4 34 12 23 0 34 40 66 0 21 67 56 84 82 100 48 6 56 12 4 19 5 22 16 82 79 96 5 72 24 39 36 89 66 98 64 82 62 58 47 28 23 25 15 46 69 67 31 85 23 25 29 56 97 9 99 94 94 42 99 82 30 56 93 11 91 91 85 57 33 28 55 100 34 29 18 64 32 65 80 28 89 76 3 11 81 42 32 18 91 4 78 50 60 97 10 59 2 13 72 40 5 65 56 72 8 42 63 64 9 59 74 44 29 69 91 95 59 1 4 63 11 3 93
2 15 37 48 42 84 58 18 57 61 93 94 99 5 94 27 50 13 9 83 94 99 58 55 49 64 29 40 48 43 65 91 41 38 77 73 99 3 38 42 12 62 81 9 53 15 49 3 88 34 94 39 91 10 64 57 49 41 39 56 67 34 99 32 39 82 45 57 13 2 51 16 71 68 56 100 80 11 93 7 5 16 25 84 40 67 38 16 90 39 56 85 39 75 94 53 16 8 31 3 0 30 8 24 79 33 25 99 22 73 20 62 64 86 54 86 60 80 22 23 32 12 24 69 10 100 86 79 76 96 58 35 76 56 4 99 39 67 70 26 56 0 92 82 22 52 87 98 25 61 55 44 56 58 57 0 95 61 51 100 96 55 14 66 90 83 40 32 2 14 92 13 2 2 78 81 45 74 41 62 18 56 83 56 29 13 6 28 51 17 48 38 16 1 53 51 33 10 37 79 96 20 96 8 20 36 40 54 46 88 16 45 70 20 35 65 92 41 49 25 62 96 29 64 55 33 9 61 100 29 18 100 39 18 6 53 55 46 87 27 35 16 25 35 70 78 71 28 34 18 84 36 21 10 32 98 53 11 75 18 67 31 19 54 82 96 75 13 14 43 28 84 93 58 4 98 20 74 51 1 82 85 77 98 18 7 69 98 98 39 1 61 45 60 19 8 19 69 82 55 77 1 43 72 65 2 46 88 41 48 26 96 15 5 100 17 6 100 47 8 88 32 40 76 46 72 87 6 82 10 86 54 40 12 24 54 5 38 89 5 38 6 5 69 29 49 16 55 21 29 85 44 57 24 87 42 37 83 76 92 98 43 18 71 78 79 13 41 43 84 74 57 86 52 52 75 47 11 24 40 13 10 29 45 28 24 79 55 9 60 23 5 13 65 8 3 92 23 34 99
45 69 41 76 74 89 48 55 39 2 55 15 8 83 61 89 42 5 35 42 42 42 89 61 15 22 60 64 73 53 8 0 46 73 25 83 27 94 50 19 17 13 81 87 28 57 21 0 35 36 46 29 72 34 95 62 17 8 90 69 64 65 29 95 6 14 92 80 89 58 50 43 2 15 37 1 15 72 55 73 15 25 1 18 48 81 69 75 10 91 87 20 56 68 34 72 45 95 0 7 17 30 85 83 84 52 42 97 68 96 10 92 42 38 68 98 66 100 46 7 97 15 64 69 51 55 71 81 19 65 89 39 7 50 85 93 56 57 80 55 21 4 67 76 76 11 42 94 26 61 97 68 21 98 82 94 67 4 75 83 9 12 4 97 18 95 19 42 55 71 80 97 65 11 75 85 14 37 30 93 70 26 54 57 89 75 32 63 5 98 16 32 71 64 85 56 21 45 63 39 78 37 37 54 13 60 79 47 62 86 30 72 2 51 71 72 9 85 70 35 17 31 49 13 54 1 24 28 44 16 49 99 52 78 43 60 6 63 26 80 5 29 18 64 20 45 32 50 48 90 82 44 20 13 34 17 84 43 88 40 2 61 37 18 44 19 59 49 58 69 41 78 49 85 63 46 68 64 100 64 44 96 81 52 68 80 16 2 46 35 66 0 95 23 54 89 27 1 66 18 58 93 98 9 16 26 71 68 48 4 50 67 89 52 59 8 7 81 74 47 66 23 38 59 76 56 30 72 15 0 4 23 32 2 12 1 9 68 79 40 80 90 72 29 84 11 38 5 75 55 49 98 59 5 93 0 48 88 57 76 46 59 47 87 20 35 64 36 60 52 6 87 65 78 4 24 59 67 17 93 95 15 87 49 51 90 27 39 87 49 68 81 52 88 96 56 42 87 50 66
4 58 6 22 56 88 67 93 99 74 24 60 2 21 54 75 36 22 8 98 35 49 34 14 7 5 95 96 63 1 90 29 20 65 23 75 73 31 30 31 41 12 69 67 1 21 32 90 78 14 19 29 34 58 78 32 40 25 18 49 83 84 18 51 70 63 16 10 49 94 66 2 48 98 55 79 98 96 96 6 56 33 68 30 88 14 26 92 72 2 86 65 71 94 34 36 66 73 93 96 13 70 88 21 54 3 10 71 60 49 30 69 71 97 86 53 15 88 48 17 90 78 56 8 30 25 99 76 91 96 94 79 83 35 54 78 85 76 57 26 69 31 46 9 76 13 63 74 64 53 75 6 82 16 79 5 94 15 60 0 30 52 62 75 82 20 74 29 24 63 66 90 87 61 86 69 37 4 100 56 90 9 7 93 38 87 38 27 84 15 90 27 63 94 43 28 65 74 24 55 2 12 73 0 76 36 71 60 0 27 62 20 49 24 38 29 93 78 100 86 22 81 24 72 0 62 78 12 19 93 17 42 9 85 68 47 3 84 28 72 88 76 9 62 28 66 74 55 30 65 32 41 77 46 12 29 1 27 14 90 45 34 55 83 93 35 17 31 9 11 69 18 53 2 89 2 52 56 45 56 5 60 32 37 41 6 44 88 4 82 33 96 25 20 29 52 59 80 12 45 40 95 47 86 5 57 23 23 48 88 94 45 98 30 89 40 78 47 1 79 5 95 46 12 92 13 18 52 30 4 96 97 26 46 46 95 71 66 76 59 87 44 46 2 61 4 16 50 27 57 100 60 89 29 87 83 45 66 20 69 98 5 13 59 9 25 22 37 41 86 86 25 59 95 17 3 52 100 4 64 61 53 25 92 97 11 100 45 55 34 9 83 94 60 49 40 77 18 65 63
39 34 57 18 82 20 86 80 63 29 32 86 40 69 4 16 19 92 24 74 77 59 66 49 25 4 50 85 59 26 68 97 98 97 54 57 92 23 28 43 32 52 44 62 13 95 83 91 18 1 30 60 67 47 21 58 67 79 11 92 43 71 64 34 87 66 93 69 51 63 51 39 59 5 98 42 82 26 8 70 4 16 10 41 88 42 57 21 66 22 60 89 96 6 69 13 32 47 2 81 37 60 43 33 37 55 3 43 5 41 42 26 10 58 27 16 85 5 86 6 52 99 29 3 85 97 48 46 87 97 39 46 83 0 79 93 18 53 42 40 55 33 83 48 52 88 64 80 87 3 89 85 56 62 23 98 74 92 11 64 39 48 93 30 22 14 19 60 83 54 44 72 67 75 10 77 73 44 22 52 84 51 63 12 79 12 16 22 40 47 99 97 93 83 100 90 56 51 80 37 78 59 94 75 10 48 44 25 70 78 99 72 93 98 52 24 40 3 65 45 12 9 100 95 83 74 26 80 5 85 86 32 5 51 22 2 39 80 23 51 28 37 61 18 24 66 73 24 6 57 17 69 35 0 46 74 2 26 28 42 82 84 76 3 44 60 0 19 70 47 54 49 20 79 100 8 10 82 78 20 59 35 39 65 22 13 8 83 23 13 5 75 87 39 91 83 26 65 59 20 30 79 2 40 57 8 45 70 59 67 14 64 36 57 48 79 11 47 34 32 61 39 88 82 11 66 78 55 87 5 74 20 99 82 53 64 55 88 18 53 33 30 62 47 92 34 70 72 83 13 63 89 68 49 90 31 17 71 10 97 68 7 29 92 34 49 37 36 27 95 91 99 6 26 60 94 12 60 29 74 70 42 68 91 10 90 76 72 62 31 20 46 76 17 84 67 19 76 85 25
60 27 47 69 55 77 79 70 69 85 57 56 79 27 67 59 12 49 93 80 37 98 30 45 37 24 62 95 31 32 63 41 63 99 36 42 15 75 9 23 90 82 38 86 15 64 35 69 81 34 13 25 11 15 55 53 30 40 37 72 81 36 78 7 10 93 71 91 63 64 27 11 48 45 14 0 72 74 13 3 37 40 54 71 41 12 34 49 11 19 85 86 30 34 34 36 79 25 53 87 18 54 54 96 15 16 98 90 32 7 13 73 61 26 97 29 1 41 1 68 84 92 22 75 65 20 56 97 66 19 59 21 85 55 87 45 58 96 66 92 2 3 88 93 100 23 27 84 24 65 45 3 74 25 3 26 84 32 32 42 1 11 51 90 13 67 92 76 6 26 89 15 43 78 78 57 0 40 41 43 28 83 61 7 52 54 2 29 68 58 47 46 72 6 48 71 70 8 71 81 57 38 60 63 35 87 87 70 88 51 8 51 76 59 2 67 68 3 54 58 67 23 38 1 99 65 14 64 52 68 86 77 27 46 56 29 75 39 79 51 91 60 32 7 49 55 21 0 100 90 36 72 89 5 18 2 97 38 60 79 75 20 31 4 55 19 19 31 32 0 67 12 61 74 24 85 86 9 37 24 17 99 33 42 88 30 13 69 87 92 65 86 26 91 87 35 37 34 14 32 87 4 11 3 68 44 69 73 98 46 17 65 58 8 21 88 23 88 78 60 28 83 65 36 7 0 19 53 67 94 89 62 14 61 15 97 3 62 60 97 27 16 91 18 12 92 84 59 73 38 66 86 31 63 72 51 43 86 23 64 21 96 75 12 87 43 57 62 55 54 37 34 73 83 23 17 18 88 75 31 40 91 22 21 42 89 72 58 16 8 52 20 48 55 97 76 82 100 84 74
51 90 3 7 32 79 52 25 0 17 89 61 55 57 62 5 10 17 82 58 38 68 78 87 82 36 33 50 16 1 62 59 66 18 28 88 55 87 82 26 56 1 47 20 64 11 1 70 43 60 80 71 19 66 79 10 100 67 6 72 62 17 13 79 71 32 27 15 34 9 8 27 24 19 19 82 69 20 88 80 99 32 32 96 42 47 35 11 24 51 25 66 6 68 8 26 64 81 57 11 46 76 67 20 18 74 56 18 15 69 55 88 70 55 53 85 67 79 48 98 95 34 74 51 31 53 4 64 54 33 96 86 52 72 10 54 81 85 73 70 8 48 94 82 7 23 44 74 31 86 49 73 33 73 18 36 35 34 22 31 10 85 43 8 60 94 14 56 88 53 1 34 27 28 76 89 66 27 66 44 59 6 88 31 99 74 46 82 23 99 78 63 62 100 77 82 44 46 89 29 91 89 72 47 32 32 60 74 16 79 90 28 11 39 72 31 80 21 67 2 12 77 95 51 62 71 96 27 19 62 43 52 54 78 14 72 48 64 23 99 70 61 13 47 59 63 82 28 47 67 98 94 32 61 44 28 56 97 47 44 47 3 79 66 78 36 26 7 84 41 52 15 14 87 90 31 53 96 95 45 68 20 74 63 96 3 77 75 14 99 19 3 19 36 61 84 34 44 69 31 45 24 99 72 49 61 39 18 29 31 55 71 33 73 49 6 69 11 7 35 83 99 27 54 57 32 69 44 46 73 88 37 65 10 5 3 65 51 39 25 97 98 66 29 49 39 82 70 75 70 93 18 21 50 63 67 19 76 78 66 20 23 78 17 62 55 77 68 27 74 83 78 44 1 23 65 20 76 30 52 22 9 36 50 49 92 21 35 23 24 73 100 28 75 96 99 26 13 71 10
50 39 89 55 14 93 10 61 49 68 92 1 72 22 41 74 31 94 95 10 18 91 85 49 47 22 68 82 44 76 82 4 96 24 100 63 60 33 61 62 39 19 64 97 36 66 3 54 7 22 82 48 35 38 73 49 10 94 61 2 53 62 42 69 42 47 66 80 48 2 23 60 9 42 95 40 73 61 80 18 89 53 51 98 59 61 42 74 64 98 65 43 94 55 22 45 95 86 17 57 6 3 28 62 56 22 57 63 31 17 75 22 32 16 83 22 40 15 54 97 91 69 20 21 19 11 19 86 57 86 17 35 4 71 59 50 41 72 21 95 25 63 63 48 90 37 52 34 66 89 2 58 56 46 20 48 39 91 62 67 14 22 14 84 93 47 73 25 13 58 90 59 24 38 72 20 27 77 76 65 100 6 52 58 75 90 21 16 8 77 74 53 51 82 80 64 8 27 53 14 18 28 92 1 64 12 3 6 35 6 4 20 14 23 86 38 44 90 73 8 0 100 27 23 92 55 24 46 1 41 46 17 94 73 8 83 46 97 42 14 60 100 88 23 5 36 75 99 68 74 35 18 40 11 95 51 34 95 8 65 26 74 34 92 26 62 96 7 75 20 62 43 48 22 30 73 46 23 52 29 51 94 5 26 35 23 38 43 96 36 3 62 87 72 32 46 71 38 8 29 48 54 31 52 39 47 91 65 24 91 12 48 59 29 86 40 86 69 36 35 23 61 17 7 61 43 24 94 43 50 13 62 25 68 98 47 43 9 88 84 3 45 69 67 81 100 10 29 84 42 3 48 21 35 67 72 77 25 10 71 74 50 86 79 94 98 13 78 78 89 77 9 70 23 13 84 29 29 37 13 87 1 94 5 90 77 21 10 53 24 1 92 15 91 63 85 19 73 99 50
87 49 26 24 61 22 83 47 6 79 21 35 38 43 72 39 22 27 82 68 28 37 58 46 90 1 87 71 26 90 70 87 71 91 1 12 36 59 16 57 71 56 95 74 45 91 41 98 78 89 40 53 99 35 18 57 38 55 24 2 5 60 92 6 76 27 32 10 72 48 69 96 28 66 82 0 66 60 44 87 23 66 56 61 90 97 7 58 61 13 35 89 77 96 20 2 6 39 97 57 100 16 97 16 5 67 36 73 2 1 76 43 35 10 23 3 67 78 73 13 29 38 39 55 24 35 97 50 62 2 82 89 66 70 71 13 12 93 46 34 65 95 68 70 3 68 85 7 43 75 79 98 34 53 65 34 34 90 98 62 4 49 0 11 67 53 40 32 29 58 87 94 8 97 64 37 24 14 87 53 57 3 76 65 37 82 79 53 61 7 7 2 2 14 36 44 37 16 15 97 44 91 96 92 56 62 55 80 80 2 55 18 72 95 94 20 12 70 3 22 15 79 13 33 95 70 11 75 9 95 98 65 15 89 14 40 59 70 16 42 74 47 39 19 49 96 21 39 67 10 54 75 48 45 63 20 56 3 19 72 34 16 43 44 34 61 18 97 76 81 64 16 73 64 38 60 15 20 87 35 37 74 99 34 18 33 39 38 50 91 41 2 72 24 32 36 92 80 87 76 90 75 63 16 71 49 42 95 11 51 75 51 56 47 23 84 68 61 16 26 17 44 42 20 15 29 11 65 91 53 48 63 25 35 64 18 8 94 79 39 35 26 79 74 83 31 15 89 47 61 88 22 52 23 47 35 18 73 77 29 42 97 91 19 83 4 86 52 21 3 93 26 13 64 19 70 53 23 13 87 18 14 95 75 83 30 38 26 81 86 18 89 1 71 4 21 73 32 38 58
75 35 47 94 96 75 68 13 93 84 39 56 55 91 60 53 71 10 54 74 100 41 11 41 43 2 18 88 88 4 5 18 2 26 43 73 82 22 35 35 58 69 97 55 16 99 12 50 57 75 35 68 81 2 60 69 94 31 53 98 65 86 37 93 43 29 70 57 45 78 30 7 9 13 9 95 28 58 75 85 62 45 35 19 78 15 16 52 40 23 18 81 64 100 44 73 58 0 60 35 54 89 57 7 42 73 99 4 12 60 0 1 7 9 79 36 64 15 28 12 77 4 46 91 57 63 32 25 15 9 14 48 60 44 27 65 26 25 4 69 37 93 16 0 33 4 32 97 71 20 76 81 24 73 76 81 44 75 81 85 33 82 50 61 84 3 55 7 59 11 21 39 55 18 94 58 73 35 81 2 71 50 21 42 60 1 95 11 88 88 2 38 16 58 35 92 68 6 18 96 40 99 1 17 84 10 17 40 9 24 50 100 74 39 82 76 35 22 82 87 66 47 3 4 47 63 75 54 86 74 68 59 26 90 91 17 60 6 97 98 29 35 1 73 45 37 90 65 25 50 60 56 64 37 43 51 97 4 3 25 51 81 7 70 57 20 86 92 23 90 54 40 34 45 60 11 62 46 46 19 68 76 35 56 100 94 19 63 31 17 26 35 63 70 95 9 88 81 27 69 86 69 91 39 32 27 8 92 23 4 35 27 46 74 41 40 9 46 68 55 13 31 57 70 69 61 8 6 3 40 69 51 37 17 33 87 65 47 15 57 29 93 82 97 66 49 34 66 33 25 23 27 40 49 75 59 23 15 93 100 33 12 82 2 72 98 95 25 38 30 11 71 50 15 8 96 96 40 34 33 51 82 64 33 94 52 95 70 60 69 2 1 84 83 90 37 22 54 88 19
65 65 33 21 40 63 91 38 77 34 66 30 89 74 100 28 95 5 10 55 39 12 34 29 30 85 33 25 84 46 49 80 86 71 48 13 67 73 13 7 33 8 79 63 41 58 7 7 81 95 55 1 91 12 28 77 41 99 94 10 0 64 98 48 100 98 95 83 26 45 65 27 5 17 82 46 25 21 5 10 1 46 92 56 14 86 61 31 23 19 62 70 49 25 18 58 26 66 97 23 43 77 56 89 53 79 60 23 4 71 34 29 48 29 2 56 91 45 7 68 5 30 70 7 88 53 9 61 12 33 57 88 5 85 94 75 83 70 26 27 33 75 86 34 57 47 16 29 86 92 45 46 2 70 5 75 26 92 95 9 46 61 79 1 58 34 30 90 27 17 7 34 63 36 3 31 20 6 82 71 100 94 44 99 41 34 69 3 21 60 73 9 68 92 88 44 73 82 54 45 44 78 95 59 74 34 67 24 66 88 78 28 44 97 60 44 9 15 40 39 83 66 75 46 42 90 83 14 15 83 34 64 77 26 61 41 26 20 30 67 100 63 70 93 77 96 66 23 49 11 31 20 88 80 16 34 9 82 5 2 79 1 33 87 93 37 53 11 87 64 37 27 82 18 79 97 34 99 88 52 95 95 82 63 51 47 35 26 93 31 69 64 86 44 10 80 35 20 90 91 14 29 90 15 8 5 18 7 78 9 59 54 68 26 16 88 33 94 85 50 82 91 93 72 16 24 73 72 83 56 67 0 9 91 32 15 3 15 68 84 70 35 62 88 55 20 84 52 36 31 99 58 7 54 18 95 40 71 17 13 30 20 66 94 99 48 51 31 74 97 62 79 33 19 88 42 5 60 94 91 52 34 22 96 52 38 69 29 6 35 21 84 67 76 82 98 44 34 81 23
72 12 31 44 34 88 73 41 54 36 24 1 19 56 11 61 84 28 14 57 93 84 31 71 13 50 85 36 5 60 81 35 28 73 73 40 93 48 41 51 74 19 23 28 65 31 2 34 42 21 6 49 87 16 12 71 70 68 51 25 74 46 31 95 75 30 63 32 96 5 53 51 42 51 44 27 54 64 38 42 52 63 96 89 0 63 55 84 37 66 56 28 46 78 46 32 81 3 58 79 59 38 19 0 31 2 69 79 78 100 29 98 86 94 38 30 50 78 1 68 86 66 92 3 68 97 90 94 5 76 19 89 33 99 58 41 73 39 43 89 89 15 69 72 19 88 57 31 96 6 4 38 96 71 64 35 52 82 1 58 9 12 19 32 61 57 72 53 0 71 72 3 27 0 29 97 50 83 39 9 59 2 69 48 26 60 82 86 18 59 34 54 34 12 67 3 62 89 60 94 29 62 51 61 79 0 14 86 9 3 87 10 82 40 68 9 7 21 89 43 77 13 22 20 91 49 84 25 51 21 49 78 20 21 27 26 80 13 25 37 10 35 51 34 62 95 54 73 71 84 34 3 13 12 77 55 8 39 65 92 24 17 2 19 86 78 95 42 91 55 17 24 98 91 30 2 80 38 25 16 7 39 99 88 64 66 58 94 66 26 35 97 4 26 89 21 24 27 52 6 81 19 0 17 65 72 36 38 61 49 6 93 96 36 96 58 2 67 2 67 32 72 60 5 33 17 3 44 60 19 44 52 62 69 12 34 59 61 57 13 53 55 29 48 28 36 50 42 87 36 96 98 91 43 42 66 94 66 80 64 35 8 4 91 87 79 64 85 22 80 16 70 1 80 91 84 87 98 67 56 55 71 40 83 15 38 77 52 37 83 53 17 34 87 74 39 67 1 93 34
73 47 50 1 50 32 11 18 64 45 38 29 89 29 3 76 54 42 9 91 45 5 42 29 61 70 62 75 83 54 51 45 4 5 73 74 50 79 61 77 8 57 59 50 67 96 18 99 69 81 60 11 16 50 55 57 17 41 15 76 69 88 90 95 84 76 63 61 12 17 22 76 45 29 95 12 67 43 67 97 99 19 40 46 24 14 62 74 93 8 73 87 10 86 93 45 82 30 2 39 2 17 35 66 4 61 37 13 18 15 23 81 56 76 27 58 63 0 99 93 0 6 39 77 59 59 81 20 59 67 46 44 61 23 27 45 16 65 47 22 13 49 45 55 55 15 46 7 40 14 30 22 22 83 31 12 71 11 85 31 48 70 84 66 92 84 45 37 69 45 63 49 45 54 10 26 42 45 59 81 91 53 49 4 50 49 1 56 56 97 69 92 32 81 69 95 64 78 81 82 31 54 95 96 68 12 37 59 54 49 89 24 89 37 65 6 47 91 28 66 14 2 40 98 47 70 25 52 77 87 91 45 19 30 76 85 0 41 22 63 44 68 50 77 3 72 24 78 96 64 37 81 3 72 67 67 10 2 99 20 48 72 9 46 88 13 11 65 39 23 41 4 21 18 84 8 59 98 40 32 8 30 34 5 71 63 23 28 17 69 51 69 51 2 15 35 98 72 49 47 49 26 93 13 70 20 43 67 13 39 81 58 49 41 39 25 12 90 78 73 19 57 81 18 76 59 5 37 39 86 88 31 92 57 21 20 59 12 36 11 49 6 65 77 56 61 30 13 97 81 71 9 50 8 0 34 2 42 44 24 52 3 99 24 77 48 88 78 91 10 74 97 20 20 44 16 94 35 50 87 77 43 25 91 21 22 40 66 71 74 84 6 26 24 15 90 65 75 95 49
90 47 28 97 34 66 44 4 68 10 61 71 70 74 47 36 35 66 43 93 99 90 5 58 60 96 63 1 45 93 52 29 64 19 60 6 28 4 94 86 5 62 8 58 83 41 49 41 55 92 96 42 78 71 76 20 33 10 26 68 80 33 93 0 69 14 78 81 90 88 90 23 85 19 94 77 23 25 88 55 60 98 75 73 45 84 89 70 63 25 49 32 32 25 27 63 32 83 70 43 27 80 36 61 83 34 42 55 41 64 10 46 15 19 1 11 49 46 28 30 99 35 63 1 14 44 93 59 78 74 67 23 15 50 11 84 74 38 66 41 70 34 78 25 65 63 5 12 60 34 5 14 42 1 35 26 52 91 87 29 66 13 94 40 16 80 9 50 5 32 82 98 75 17 10 41 68 41 49 18 4 41 18 49 29 21 17 33 36 1 76 58 88 49 88 99 96 49 28 30 94 48 33 95 2 21 90 46 59 62 49 92 83 92 40 32 64 12 58 42 92 21 75 60 58 86 56 45 81 8 19 75 33 67 45 29 18 40 42 83 95 98 65 96 17 74 45 84 16 90 57 65 90 55 53 86 29 83 56 1 79 48 30 66 28 48 88 2 47 47 9 74 85 47 89 71 35 42 9 27 27 77 51 71 81 88 86 4 61 41 75 34 20 30 71 81 87 98 80 13 69 39 84 18 67 18 9 54 21 91 45 21 41 94 32 53 39 10 25 42 87 77 43 72 21 44 22 84 55 52 82 4 4 6 49 25 73 75 61 78 43 93 36 85 38 26 1 86 94 24 35 59 98 59 77 91 65 21 68 73 94 40 43 97 70 94 85 61 70 33 80 91 5 17 20 87 34 90 75 90 84 81 98 48 44 49 50 12 81 28 60 68 37 76 93 35 47 78 90 45
20 19 43 7 83 97 66 49 33 38 34 21 44 48 27 43 78 9 84 58 14 71 84 82 15 4 44 16 96 49 20 0 28 6 17 34 92 19 43 18 33 49 2 6 85 88 72 52 67 43 27 38 3 68 81 66 5 44 99 14 10 27 32 18 94 60 80 80 57 10 70 93 50 20 49 58 3 84 55 88 4 85 17 62 43 59 83 79 41 62 57 38 5 100 11 15 34 40 56 15 3 69 50 31 69 94 28 0 71 57 36 7 51 51 98 29 88 79 78 40 59 23 0 94 66 8 76 97 4 41 79 79 38 99 80 73 96 43 61 9 21 84 58 21 53 8 13 25 29 67 74 51 12 76 39 38 15 14 78 20 4 42 84 85 62 62 84 9 64 44 95 13 58 4 31 99 94 8 56 28 67 93 67 53 26 52 25 31 67 14 83 30 86 20 76 74 49 49 4 91 67 47 3 5 75 58 15 6 13 60 9 74 39 67 29 56 79 15 7 75 17 75 6 29 59 4 29 76 19 80 30 0 18 32 90 33 29 81 69 37 84 85 50 61 25 71 34 57 59 21 16 19 70 16 17 98 57 52 0 67 1 77 79 49 39 31 70 44 67 60 72 87 41 93 87 40 37 93 46 94 36 0 39 30 99 85 49 32 0 2 19 62 68 89 46 17 76 91 96 97 16 44 62 28 40 41 12 99 98 55 74 10 20 33 10 17 16 66 72 83 85 64 0 69 38 17 72 4 9 53 51 71 8 97 94 69 92 44 58 35 14 9 96 37 99 43 6 98 42 83 37 30 86 90 11 19 70 58 94 25 100 35 14 44 70 1 92 87 96 55 34 75 58 58 78 38 19 61 13 83 26 24 45 66 68 86 93 59 69 95 67 80 73 9 74 74 1 20 43 2
51 60 41 63 74 72 0 3 44 0 98 51 43 77 77 69 49 48 9 69 16 96 91 51 58 59 6 64 36 88 41 57 35 89 1 31 66 82 19 70 63 24 90 90 14 63 78 38 91 92 40 26 55 59 80 2 9 6 31 12 13 39 70 9 59 12 71 37 0 44 25 52 92 88 2 20 29 2 11 8 75 93 61 73 10 34 38 60 16 70 81 81 65 36 100 54 89 79 55 34 44 56 46 34 53 22 10 28 38 9 81 51 47 47 69 68 100 8 7 37 53 39 86 6 71 73 38 56 73 41 5 69 3 81 75 0 89 79 93 77 33 50 56 38 37 34 97 9 11 98 13 29 90 100 68 99 90 60 48 14 2 77 1 93 33 38 81 49 78 14 69 68 30 59 26 40 21 81 20 39 35 83 43 41 60 98 12 8 36 54 31 77 100 35 18 19 62 30 56 21 2 47 65 21 73 98 7 45 25 39 37 90 95 100 23 19 48 75 81 25 73 92 40 49 20 52 31 29 13 44 23 50 89 79 6 4 58 19 87 48 98 61 55 99 90 11 58 10 36 53 28 15 56 27 13 20 45 12 26 3 72 42 91 1 57 35 64 87 74 26 80 93 71 69 43 0 95 23 58 49 55 92 39 19 30 68 5 94 90 92 6 88 32 22 93 16 91 78 45 16 7 25 0 83 63 68 52 58 73 92 98 95 3 51 100 66 73 80 32 8 93 37 54 75 3 6 83 18 75 33 1 2 19 57 92 72 71 19 12 6 73 81 35 97 94 87 57 5 38 96 63 99 74 94 77 50 24 56 81 19 55 76 13 26 4 78 36 69 0 3 94 87 9 46 42 48 6 78 30 17 16 8 15 70 36 8 40 73 21 66 10 54 68 1 48 46 4 48 9 32
71 18 8 15 40 94 41 48 5 71 58 29 23 5 54 90 100 87 62 28 84 94 95 72 76 95 19 90 84 79 82 59 56 37 8 90 2 66 96 32 46 37 54 90 57 62 7 58 72 7 73 60 67 8 80 24 96 62 87 71 19 65 62 82 4 24 93 97 97 62 82 41 89 21 5 42 36 34 88 33 34 3 37 36 19 76 47 10 94 97 73 76 53 33 48 91 61 12 36 24 88 43 10 69 56 25 25 96 43 46 66 84 49 35 20 64 37 64 47 71 85 81 20 81 49 28 25 97 39 72 80 48 65 73 12 36 88 79 30 3 20 21 41 0 74 5 15 92 17 78 17 20 76 50 96 52 81 94 42 23 8 35 21 81 0 57 79 60 40 23 66 56 66 45 33 98 36 92 68 73 92 50 42 28 35 39 87 30 41 24 44 65 7 33 28 1 61 4 63 97 84 5 81 67 6 13 56 74 17 49 100 33 71 40 13 2 88 13 95 3 33 64 77 14 22 38 91 41 10 28 7 43 59 95 46 79 41 17 31 25 85 14 88 26 92 62 5 56 45 62 17 61 58 100 84 23 58 82 46 36 3 82 61 41 84 58 17 12 15 26 10 24 26 98 65 21 7 85 94 20 0 95 10 49 17 67 85 17 71 77 91 21 90 99 86 10 3 70 41 15 66 20 67 84 87 16 76 64 31 62 27 27 5 18 28 30 73 24 83 95 58 36 42 70 9 57 8 94 39 91 41 29 6 53 78 36 90 56 15 18 82 81 55 51 71 92 56 80 47 76 5 94 44 96 61 89 96 67 83 43 31 58 31 26 52 2 97 84 60 81 87 96 41 5 14 92 88 36 87 92 82 94 20 88 29 48 78 86 35 0 29 58 77 44 3 20 39 46 65 14
23 11 13 0 45 77 86 56 62 81 90 24 59 31 91 33 74 60 59 72 34 91 34 47 74 84 33 41 28 60 12 28 22 85 23 52 49 81 100 95 2 49 99 5 55 59 90 36 13 44 91 46 15 23 91 64 24 42 33 10 26 90 75 72 18 21 37 96 95 27 39 22 11 21 9 2 0 78 15 57 26 17 52 83 49 22 12 35 76 45 57 37 3 51 79 36 24 26 79 77 48 13 54 81 6 66 34 38 97 72 95 92 97 48 97 65 41 39 84 36 55 20 24 92 71 43 66 67 40 32 48 29 88 88 53 93 27 15 13 42 87 65 67 29 63 65 97 91 78 55 77 88 58 100 30 69 84 30 16 19 11 91 38 54 29 47 33 41 79 6 94 33 29 30 24 66 38 54 51 11 16 3 73 79 23 28 69 82 27 8 49 75 38 59 8 0 82 12 54 22 43 44 53 67 32 80 10 72 39 20 25 91 78 62 84 97 11 100 0 90 78 65 96 51 1 1 84 68 38 36 75 90 75 63 6 38 55 26 62 23 60 56 10 92 8 70 16 38 98 36 33 99 36 19 12 71 79 0 96 35 14 82 23 16 0 24 42 94 15 63 77 57 91 32 59 67 78 59 32 68 37 45 70 14 81 2 97 56 92 86 88 34 77 58 34 32 89 74 26 26 71 62 97 31 22 27 78 17 59 42 42 93 19 96 42 16 30 82 68 73 44 77 45 25 98 95 6 8 77 28 3 70 89 36 84 91 23 94 51 78 61 79 54 72 80 13 21 95 63 45 36 92 0 55 18 83 68 96 24 85 98 60 85 16 12 88 85 94 35 89 9 92 66 33 61 10 95 7 56 88 60 76 46 79 66 53 97 18 31 97 72 38 31 65 17 100 48 76 51 40
43 66 29 75 24 82 89 100 26 45 91 34 80 22 43 21 80 3 13 61 55 53 34 46 71 78 29 85 14 46 16 76 79 37 59 81 12 13 40 96 52 47 74 53 37 55 82 52 24 44 72 54 41 58 74 30 73 55 53 91 88 7 91 52 91 99 51 84 89 38 22 71 25 23 21 60 50 82 97 90 74 84 24 37 79 92 47 5 31 88 35 29 4 4 95 60 17 83 89 15 27 37 99 2 75 3 99 73 42 91 17 4 8 44 2 8 40 58 73 59 2 66 38 25 58 22 35 84 28 87 82 58 0 18 72 2 68 6 95 20 44 83 99 48 22 95 62 77 3 49 8 97 7 7 29 52 79 99 31 97 0 40 51 77 64 40 14 50 79 45 36 28 50 56 81 18 41 71 63 72 72 17 9 27 12 59 0 27 81 65 93 35 23 49 56 72 57 76 58 66 61 94 38 7 60 15 6 84 47 58 85 100 32 66 37 64 84 76 55 36 86 74 22 98 2 40 12 93 60 1 10 54 70 21 36 54 98 47 63 2 90 84 64 49 90 22 20 75 81 95 22 70 56 71 52 45 27 89 61 47 40 18 46 82 94 71 69 47 85 47 79 75 94 4 63 35 46 24 12 13 40 95 40 99 94 1 72 19 83 44 63 92 55 29 30 73 29 80 24 69 30 59 2 43 73 99 18 66 22 26 61 57 13 75 24 41 23 39 19 67 35 21 27 16 37 92 10 41 79 98 58 12 83 31 61 58 93 26 5 31 15 77 90 52 54 83 42 98 39 92 62 64 25 57 12 51 10 35 20 59 33 0 63 42 40 50 56 16 67 2 8 57 32 17 48 50 38 41 14 19 85 33 89 55 85 44 5 83 77 39 100 26 52 67 50 92 3 78 41 94
55 80 39 30 44 98 34 97 89 16 2 53 90 43 57 90 12 30 94 100 2 28 14 24 86 51 82 43 99 18 39 28 61 88 48 81 15 88 38 95 94 30 93 92 90 18 75 76 11 76 82 77 49 29 28 55 81 57 100 3 27 45 0 58 63 64 46 90 72 75 48 59 77 13 80 42 23 0 33 46 86 10 45 17 80 3 98 78 62 31 50 54 40 77 100 56 29 83 75 53 81 88 88 5 16 85 26 72 96 61 0 54 17 42 91 12 41 100 34 22 15 43 88 45 85 57 30 33 6 63 45 46 47 80 87 90 25 14 42 73 15 59 32 61 50 69 98 51 11 45 48 5 16 72 19 74 27 16 11 99 47 28 13 18 75 75 23 13 40 46 54 70 5 64 81 93 79 21 52 64 63 61 27 66 70 20 84 19 88 93 80 72 18 23 2 93 69 81 59 60 34 92 81 35 41 99 97 46 19 18 35 41 53 96 88 77 11 6 47 61 68 2 55 23 94 43 40 42 51 72 29 64 53 16 87 99 96 67 21 18 9 43 49 27 66 56 3 100 67 54 51 63 77 63 78 37 65 82 2 87 17 90 51 17 47 12 72 89 55 7 61 87 0 44 29 83 49 11 39 79 48 32 42 50 7 77 90 84 77 76 23 21 41 21 32 89 22 20 46 64 83 1 42 31 92 58 7 21 85 56 7 94 50 46 43 84 2 91 46 72 77 91 22 26 94 94 48 52 51 98 26 24 28 59 20 22 13 80 63 45 99 76 58 62 26 12 35 37 59 19 11 85 52 3 75 18 39 33 53 73 30 17 90 68 88 85 41 77 74 20 81 31 2 4 4 22 14 94 87 28 54 23 91 76 33 25 26 92 58 93 25 34 97 49 10 10 63 91 62 8
37 5 75 92 66 96 45 4 38 56 17 80 41 21 1 62 89 24 4 99 36 71 60 58 22 18 46 79 61 56 63 91 43 8 79 51 27 81 33 96 38 26 91 97 86 33 69 50 60 22 26 11 10 37 72 85 49 89 16 9 95 3 6 97 55 93 9 79 33 17 98 69 64 64 84 89 99 78 26 44 77 93 88 97 64 8 72 36 3 34 44 13 19 94 70 59 0 92 47 22 70 36 78 26 85 65 54 24 97 93 70 75 99 7 82 6 99 76 63 39 20 31 72 28 24 58 5 24 100 65 55 24 47 48 23 8 89 1 47 36 20 4 10 91 45 88 62 5 58 82 27 19 77 88 91 64 18 18 21 72 30 6 24 33 75 80 83 1 38 8 83 39 64 28 50 46 3 43 98 8 91 1 58 11 81 37 92 20 60 12 54 89 74 63 81 30 8 5 85 1 15 72 20 10 44 10 27 56 84 3 58 5 32 25 60 40 47 79 63 50 49 32 50 62 70 49 16 30 23 98 47 54 48 44 55 41 62 95 80 1 30 19 81 9 79 32 27 85 12 34 36 74 24 91 17 3 83 76 26 8 68 88 83 39 25 30 69 95 1 51 61 58 43 59 95 57 83 93 43 11 81 55 75 0 70 23 86 86 93 15 21 51 19 28 0 62 14 67 80 44 78 13 64 40 49 71 29 55 83 98 76 90 94 96 52 1 90 85 32 9 0 48 64 8 10 25 35 62 9 59 8 79 15 15 98 41 26 40 98 66 99 49 88 83 79 8 8 68 47 2 42 13 30 0 0 66 77 97 50 66 18 51 31 82 76 36 38 33 40 89 98 21 60 5 22 2 37 75 81 53 30 42 52 95 43 47 71 10 27 83 76 18 80 44 55 41 17 45 29 100
67 100 38 78 61 99 40 24 48 90 44 79 77 14 92 58 39 36 7 24 47 88 19 93 89 79 16 50 65 35 50 86 40 69 21 15 69 17 78 65 84 44 15 43 7 21 5 54 66 67 52 61 83 79 36 5 25 11 13 60 79 6 28 5 69 63 71 64 14 64 4 39 36 29 18 32 99 73 80 72 76 6 32 17 50 69 13 20 18 87 85 21 11 23 28 45 72 33 1 66 78 38 62 83 12 24 47 44 89 43 64 51 57 35 81 37 12 48 65 57 76 42 34 0 68 8 57 60 73 95 81 71 31 17 68 20 95 14 89 87 52 44 99 44 3 47 51 68 62 30 12 61 4 84 91 91 85 13 0 80 16 86 43 65 54 64 54 20 27 65 25 22 81 23 98 75 83 28 81 56 18 12 31 71 51 68 11 18 12 24 21 82 46 46 64 68 27 31 25 35 71 44 56 12 48 34 80 72 78 48 16 67 27 14 44 86 89 51 95 60 81 41 93 14 72 61 94 98 30 32 13 51 95 89 76 88 82 81 59 83 24 55 69 41 46 21 82 73 12 84 61 80 84 64 32 96 61 75 32 7 77 43 68 54 48 78 91 22 22 53 31 1 76 28 18 12 57 25 60 96 33 34 99 99 33 24 49 35 26 5 18 75 51 7 56 65 31 3 26 48 85 97 9 97 58 64 40 14 37 7 14 87 34 43 33 23 41 57 22 4 43 27 87 21 84 35 41 54 60 73 61 0 79 45 54 66 98 79 50 0 63 97 7 34 32 43 44 74 76 79 2 42 49 98 50 70 87 92 10 80 94 37 8 16 35 27 71 94 13 41 93 11 38 29 37 47 4 79 14 57 73 10 33 62 31 5 85 23 69 61 99 65 32 61 0 55 33 74 48 73
64 24 70 20 22 67 24 59 3 86 34 83 2 34 26 45 22 78 54 66 42 8 66 46 22 25 36 40 98 3 60 28 51 77 49 93 70 53 30 58 71 77 65 4 40 6 53 80 44 71 82 87 44 58 61 12 47 41 40 19 64 28 95 27 16 69 51 42 99 26 19 35 14 91 92 44 71 81 31 26 44 65 93 21 57 79 2 64 80 63 91 55 36 75 69 96 69 1 3 43 67 34 63 99 63 22 28 31 77 74 17 84 61 16 53 29 1 88 57 83 12 48 65 35 53 12 25 88 85 78 86 81 6 13 4 19 82 18 96 93 95 80 78 90 50 92 53 56 62 4 76 14 73 8 13 95 100 93 15 0 84 39 36 21 43 26 40 95 15 6 68 42 100 36 48 89 80 69 90 100 30 22 95 50 68 99 18 56 91 90 79 39 54 9 69 99 42 25 86 83 74 16 24 78 62 80 75 43 8 66 82 44 57 100 22 4 14 46 3 14 49 73 79 99 84 13 35 44 82 16 70 6 4 56 49 30 26 53 82 100 71 86 53 62 99 35 87 92 14 72 99 17 11 55 37 51 86 32 55 96 30 74 90 19 36 94 13 91 13 100 9 24 34 33 59 5 50 8 3 44 77 8 29 5 48 70 47 46 85 11 46 93 42 27 3 85 45 58 71 46 13 13 13 81 19 43 38 44 14 84 22 49 21 61 45 97 76 53 19 29 29 51 36 82 47 44 14 54 86 86 97 4 89 37 40 20 9 2 65 26 44 25 25 21 44 77 56 42 56 14 35 38 2 85 48 27 31 70 32 56 48 78 39 48 89 85 12 78 12 86 78 35 1 13 1 19 85 93 30 23 14 36 20 95 62 44 67 42 1 0 7 14 78 63 63 78 65 34 94 71
78 34 4 25 88 88 28 95 20 93 84 78 64 78 58 9 12 18 78 1 10 83 92 75 94 60 77 23 36 16 9 41 17 96 5 94 1 16 95 95 39 50 16 76 41 86 81 30 92 18 98 11 39 26 83 13 45 88 2 29 73 84 80 21 62 40 10 73 14 36 69 44 6 83 37 52 100 53 19 34 42 62 18 95 0 78 58 14 95 89 65 83 5 85 82 70 28 24 68 85 12 8 31 26 12 22 48 18 52 32 10 71 69 14 42 12 9 12 43 62 80 94 63 53 12 82 11 22 4 53 44 1 52 34 31 59 43 84 3 77 85 98 54 37 55 31 75 3 68 77 46 87 71 28 6 43 66 98 12 43 99 50 22 9 18 85 7 49 88 68 33 73 10 34 50 0 29 95 73 13 0 60 16 35 2 28 5 99 27 90 1 44 14 21 6 85 80 23 33 16 36 47 96 85 46 47 50 87 75 8 27 30 77 1 13 89 27 52 41 66 63 90 57 56 28 94 70 82 17 97 37 17 46 80 76 47 23 86 83 42 27 28 6 62 97 99 7 74 83 41 74 34 91 94 20 67 77 11 4 52 97 31 6 24 62 50 35 73 44 11 53 89 4 68 10 28 39 20 65 77 56 64 84 83 22 41 64 31 95 32 78 23 12 50 99 33 35 74 69 9 64 77 64 92 64 25 11 49 42 21 84 78 66 56 9 81 62 67 57 42 45 8 10 49 5 71 47 80 43 10 3 36 40 28 0 94 16 93 46 64 98 0 82 12 57 97 77 27 75 16 2 70 62 65 77 18 77 24 70 43 6 30 1 14 30 15 30 31 27 31 57 67 3 8 50 49 99 29 87 14 85 21 21 80 8 27 57 38 6 89 28 57 30 66 65 41 63 22 74 41
47 32 30 88 45 97 36 60 78 67 3 41 31 78 67 11 27 95 28 98 1 42 37 70 26 91 60 19 65 55 63 93 93 69 38 77 61 42 72 31 55 98 59 90 76 67 100 71 67 38 44 38 83 1 43 49 57 52 82 96 77 4 33 56 86 2 97 91 88 58 70 6 65 88 81 29 18 76 22 87 23 57 68 18 2 90 56 1 22 1 85 49 62 52 94 9 29 82 46 66 78 81 90 90 52 73 32 54 17 84 12 80 51 32 23 79 14 80 75 61 47 16 64 76 44 21 5 68 7 67 59 2 31 100 67 69 44 74 65 38 40 79 11 53 80 72 18 3 97 84 10 65 80 96 44 9 16 88 63 36 18 17 95 48 6 90 91 21 94 71 24 31 32 67 62 94 47 84 56 18 59 14 76 71 94 51 91 62 52 39 45 9 85 12 95 29 75 11 19 33 46 97 33 83 51 78 97 48 10 84 5 74 43 100 100 21 52 57 60 77 62 55 5 14 39 55 47 78 72 43 76 13 62 99 66 74 37 25 84 47 58 52 100 11 55 87 15 73 84 32 40 61 8 86 64 8 66 97 70 13 97 15 72 2 35 59 93 13 71 58 66 57 84 58 37 57 21 15 96 96 24 27 92 29 78 37 74 23 59 1 25 9 24 62 91 15 92 18 79 28 92 19 95 28 13 7 83 70 44 47 79 4 73 76 86 54 2 8 30 52 62 82 9 81 65 66 89 41 98 74 10 11 7 80 37 49 17 98 54 47 58 43 13 60 9 64 7 86 93 6 6 63 92 69 30 67 44 70 59 56 24 62 79 84 8 60 8 65 28 14 7 10 77 69 43 54 71 51 2 77 63 46 40 93 39 49 100 9 70 49 39 34 66 66 78 48 14 11 69 75
4 51 32 72 2 78 20 8 84 64 8 41 52 23 18 67 1 85 55 17 9 81 31 27 0 27 39 99 30 54 35 57 74 64 73 14 69 7 36 27 62 64 20 43 82 41 35 76 35 97 62 69 54 97 96 82 62 81 64 76 95 41 95 93 94 85 56 83 10 20 34 18 63 15 25 95 98 57 89 74 23 88 70 76 99 92 100 83 34 45 91 53 11 20 52 45 95 23 8 29 9 81 55 1 77 83 57 86 15 37 76 45 23 31 32 82 37 50 8 95 11 0 27 74 15 81 62 99 89 81 71 71 41 92 26 23 16 31 44 38 54 76 0 37 44 48 79 72 33 42 22 75 24 88 100 67 78 62 82 77 30 48 48 76 10 4 53 70 98 55 92 19 23 33 51 68 30 23 35 88 16 59 34 81 15 49 55 91 63 98 24 96 32 56 41 81 10 38 83 99 38 97 53 4 6 84 71 36 33 100 70 58 75 55 58 20 49 28 77 24 14 17 36 65 81 16 50 17 9 29 70 8 27 36 34 77 89 66 86 33 57 32 33 77 9 70 77 49 94 3 79 16 18 56 89 63 58 86 11 85 30 84 43 2 33 10 98 39 26 46 71 83 6 9 37 31 47 56 66 56 100 64 53 99 4 50 76 78 49 37 31 81 86 30 87 76 20 75 3 30 4 18 38 3 85 52 36 76 54 59 46 22 26 59 59 50 77 56 37 3 52 94 71 14 65 62 49 55 73 42 20 35 18 67 68 84 59 89 17 97 1 99 18 74 51 86 43 50 64 23 19 30 1 84 76 9 47 44 85 5 35 5 92 47 95 41 25 38 93 16 71 40 66 55 30 2 38 14 35 76 25 23 29 48 29 56 3 55 34 68 23 73 53 25 22 57 91 8 49 91
22 8 14 13 73 79 7 8 59 33 92 91 63 67 70 78 39 58 1 10 5 95 17 11 5 36 47 93 68 26 5 20 91 4 17 16 50 1 79 17 64 26 45 44 94 28 80 10 62 45 26 99 21 81 44 91 61 53 35 81 12 18 53 55 51 59 28 26 94 91 84 0 38 94 17 27 27 14 100 70 57 59 38 34 2 88 76 40 54 58 64 9 99 64 36 46 24 21 30 45 11 32 35 100 23 28 99 77 53 78 69 59 41 84 26 44 57 48 52 2 15 74 71 51 31 49 32 31 18 13 69 24 20 3 19 21 51 37 78 38 29 7 78 82 95 63 75 3 14 9 10 72 5 86 50 0 75 28 61 2 49 24 93 92 14 80 46 95 31 42 59 43 84 21 11 59 69 85 31 65 74 46 91 97 36 66 36 53 67 33 95 29 32 41 10 26 11 71 40 22 17 11 19 76 61 74 1 52 26 42 84 37 61 32 55 4 89 28 11 11 83 45 87 10 52 18 53 2 84 54 80 53 60 45 82 9 26 56 3 73 51 97 30 40 67 85 59 77 37 88 62 44 36 55 24 48 2 6 55 40 87 9 41 22 81 55 83 62 19 55 24 53 98 37 83 25 39 94 15 99 97 96 53 19 17 38 84 58 32 5 61 81 37 97 70 84 9 77 30 98 89 57 56 53 5 18 92 19 86 84 74 51 1 84 59 95 14 84 82 31 28 75 78 37 9 72 11 84 72 31 56 90 23 57 55 13 91 5 32 17 21 60 63 0 75 80 42 22 100 33 67 37 55 91 3 27 5 24 30 6 17 73 9 60 95 100 61 25 56 76 66 20 46 8 43 21 11 29 95 44 32 57 59 4 85 21 85 44 89 11 36 16 64 84 16 74 15 26 91 45
49 10 38 26 43 41 15 0 74 4 49 97 91 92 94 5 38 0 33 22 22 39 11 1 30 8 33 15 83 7 74 4 47 34 57 59 52 23 37 64 20 85 89 74 13 74 27 37 67 15 23 5 7 65 98 49 43 48 87 90 17 1 35 3 46 60 37 15 4 18 34 62 60 29 3 12 99 23 8 9 37 15 16 66 12 38 86 19 66 80 30 85 23 70 42 33 33 74 69 41 83 22 1 71 72 23 91 34 89 1 50 36 17 85 59 69 38 64 15 83 76 44 88 46 84 30 58 6 90 39 96 14 18 26 42 23 87 68 27 60 15 3 93 65 65 20 31 42 30 56 37 87 92 16 36 23 40 90 11 37 85 72 55 60 76 18 12 51 33 44 26 83 99 59 44 86 48 96 69 31 91 57 93 69 93 88 54 1 38 49 19 28 62 67 55 17 92 56 31 58 29 29 99 3 65 97 46 65 1 55 44 2 26 95 84 75 11 25 54 30 3 13 73 25 86 68 28 14 44 34 82 73 93 1 11 23 86 30 38 90 53 3 72 3 91 86 23 31 40 8 97 43 87 28 4 72 36 31 82 89 97 0 50 40 87 37 69 31 79 50 92 71 31 49 54 86 43 98 75 2 49 81 66 49 97 21 99 69 23 3 71 9 69 65 41 88 82 34 10 92 15 47 99 27 89 97 13 66 64 52 51 91 38 45 4 24 46 25 74 24 59 19 48 85 94 79 17 5 13 54 10 8 67 7 52 9 18 27 26 99 45 88 44 50 29 6 67 97 25 93 99 79 83 10 40 88 78 79 61 22 84 86 96 73 51 94 0 67 12 96 68 49 17 20 87 84 25 54 9 13 15 34 45 0 89 62 97 72 100 72 7 69 54 25 36 80 78 15 12 73
26 46 27 30 4 98 1 94 11 29 93 19 9 78 28 55 34 10 68 85 21 76 90 14 58 11 54 36 15 93 46 65 25 5 2 51 76 96 82 36 79 3 49 37 50 27 97 69 85 52 89 17 44 12 19 78 6 30 46 95 76 95 53 74 23 0 95 48 34 83 96 12 80 33 72 42 16 19 84 98 91 98 75 27 8 18 66 73 64 33 27 7 26 68 89 99 26 28 92 92 6 4 84 31 98 2 86 73 1 77 58 26 77 72 25 13 2 43 1 97 24 91 13 54 94 33 7 58 95 35 58 28 19 11 31 58 58 97 99 47 16 21 57 50 76 45 56 12 56 12 88 21 69 60 46 56 35 14 28 34 100 18 74 82 85 24 23 41 79 15 16 69 6 71 8 60 73 72 32 9 38 34 78 95 63 12 89 79 87 98 56 92 5 3 99 93 81 58 34 96 25 50 64 67 46 77 50 6 31 62 10 32 7 57 12 32 44 28 36 11 75 52 24 59 47 79 4 65 25 99 73 78 13 69 27 61 34 10 39 84 51 98 25 24 72 23 30 87 99 2 30 39 41 90 93 52 76 14 73 84 65 97 96 15 96 55 96 55 35 48 16 92 22 4 20 38 15 97 78 18 14 5 57 6 31 73 58 29 45 2 24 54 77 82 8 94 43 40 83 62 16 60 19 96 53 12 45 81 20 73 91 95 37 96 14 30 41 52 69 49 76 45 26 70 39 41 11 56 0 11 84 18 93 22 2 92 26 58 30 22 8 54 57 99 75 74 86 96 78 16 26 18 39 3 3 35 86 53 68 35 60 80 56 46 95 40 16 26 58 69 87 66 53 100 56 94 1 33 57 48 67 4 58 90 24 65 91 16 3 63 13 98 63 28 47 56 46 92 53 4
98 52 7 64 92 94 79 64 48 72 28 100 74 76 59 99 62 43 73 34 70 32 61 19 62 25 37 85 59 17 52 9 40 19 16 50 47 68 35 59 86 57 38 22 52 31 57 75 86 90 66 16 16 39 16 73 33 62 52 26 65 82 44 43 36 18 24 6 91 2 10 40 81 85 100 45 3 25 75 73 82 32 1 86 69 55 100 86 3 80 92 73 43 53 45 68 81 7 7 56 45 40 65 43 24 5 56 12 41 95 13 3 86 23 18 25 32 73 18 38 43 80 3 15 79 82 35 71 72 17 36 98 33 76 8 79 35 75 33 16 44 11 0 64 28 63 66 11 44 37 81 22 35 39 67 56 24 24 51 63 89 8 98 63 39 91 6 62 13 67 4 27 26 59 70 35 27 18 36 55 44 50 56 53 59 25 41 98 46 97 55 5 54 35 84 76 87 37 88 5 30 34 13 17 27 41 75 43 47 32 5 36 10 58 99 71 10 87 5 95 40 15 11 9 91 65 37 1 22 11 5 98 19 91 57 39 26 99 58 39 65 69 13 100 42 35 67 42 39 72 32 47 13 60 27 56 44 87 92 65 52 84 9 98 89 10 50 51 16 72 59 98 1 33 28 86 68 13 73 0 49 81 37 84 69 69 23 45 93 97 99 85 11 76 58 36 17 68 54 95 72 70 47 74 59 64 40 40 100 94 10 9 2 61 71 11 58 47 45 53 77 64 90 70 74 74 17 3 11 32 49 53 71 47 65 52 27 9 3 97 59 83 15 15 65 9 26 99 48 16 39 83 43 38 92 19 70 32 95 37 51 44 62 37 60 87 80 32 38 56 48 38 2 56 73 78 85 18 78 36 66 75 82 28 51 67 2 94 45 43 71 77 3 92 67 41 42 50 86 53
59 39 93 19 7 74 35 3 65 28 5 6 86 97 16 2 65 0 83 28 14 96 45 47 21 30 73 63 41 89 42 35 99 83 24 3 3 81 42 74 26 76 89 57 45 71 99 56 62 27 47 95 24 19 8 15 61 88 95 94 59 79 63 69 65 37 19 10 77 95 44 59 89 90 10 5 21 60 53 69 39 31 93 61 59 20 38 91 59 79 62 44 84 99 82 24 26 33 54 90 78 42 7 18 2 97 99 93 20 50 67 39 20 46 80 56 36 51 93 59 84 79 25 10 13 8 53 5 20 50 32 39 53 94 57 54 42 39 55 76 63 8 94 35 50 57 27 51 75 54 10 65 78 43 41 30 90 83 47 29 31 41 9 96 7 32 34 20 1 97 88 76 28 93 26 92 56 87 10 28 4 34 91 48 29 83 36 79 30 94 33 58 73 54 39 65 79 4 3 23 57 0 2 40 45 99 97 32 21 45 37 36 56 45 42 18 32 47 73 68 76 84 87 29 4 21 94 20 48 56 80 88 48 49 11 51 62 86 3 43 39 14 76 61 91 7 82 51 75 67 17 39 4 100 34 67 87 58 67 44 94 7 45 7 76 11 72 41 43 92 63 63 10 18 3 87 76 60 54 85 73 78 69 30 65 82 59 8 12 4 63 32 58 79 61 20 10 67 42 92 55 35 28 91 21 37 25 72 46 22 41 72 28 84 98 4 92 91 93 22 47 53 37 49 17 27 63 98 16 97 37 86 13 60 58 1 37 93 39 20 59 10 18 41 86 49 41 7 18 28 36 24 26 100 76 44 77 19 21 73 14 25 40 52 36 25 75 57 23 26 64 28 50 34 92 66 19 82 17 20 28 40 17 20 93 63 63 15 67 23 95 53 91 94 81 76 20 84 78 39
72 58 79 75 61 17 37 69 68 72 1 4 74 74 3 90 30 73 51 13 34 65 94 10 76 74 21 60 91 2 88 13 69 86 53 19 19 63 29 64 90 46 74 63 96 86 81 54 14 97 46 30 100 96 94 96 50 77 100 78 14 88 77 88 74 1 94 93 92 92 74 25 87 88 26 58 18 0 43 29 73 19 28 30 64 46 78 3 80 97 69 77 47 19 65 53 77 76 54 39 72 86 52 56 57 3 18 49 43 61 15 98 91 34 53 16 73 40 80 4 70 43 86 86 7 1 3 93 5 76 63 84 39 35 43 63 20 47 38 42 78 84 66 29 66 51 18 80 97 28 93 34 51 56 92 90 79 76 36 58 65 39 69 55 36 23 15 24 9 60 39 78 1 9 27 62 65 62 18 53 66 74 0 40 97 82 13 66 100 86 95 19 59 2 83 63 79 55 43 84 92 33 63 42 47 90 15 97 40 97 69 85 28 42 35 86 19 21 53 88 85 32 23 60 51 28 32 51 68 29 54 32 92 26 33 89 63 32 48 89 23 76 65 62 94 92 45 3 39 79 22 81 50 62 2 28 7 2 86 94 33 37 92 23 66 46 20 8 4 84 39 9 70 64 56 55 43 3 97 46 36 49 1 6 64 6 19 4 88 95 37 28 63 14 78 48 65 25 80 92 87 41 85 83 95 46 88 83 22 79 74 72 96 32 38 67 25 16 47 55 85 35 97 69 30 2 38 8 39 30 8 62 81 17 36 67 21 85 71 46 82 84 37 54 75 38 67 94 84 37 67 21 4 50 39 95 61 11 3 13 25 20 60 24 42 25 2 73 14 84 40 24 82 33 60 76 49 31 35 69 26 58 73 99 36 74 52 55 8 61 42 75 13 86 52 37 83 90 35 56
70 86 6 4 99 15 3 64 34 51 68 99 64 93 40 21 22 48 45 63 65 67 57 80 90 22 26 93 45 16 65 81 81 43 37 69 11 31 66 14 85 28 98 23 43 56 82 84 58 96 32 33 74 32 48 70 24 31 61 84 61 89 6 87 32 68 52 61 16 91 28 4 13 80 97 98 21 66 2 13 17 15 75 79 62 25 5 36 15 79 84 26 14 81 74 60 92 66 98 91 69 68 19 99 42 91 79 74 50 15 32 68 9 8 70 100 44 18 25 93 90 0 29 42 97 65 91 78 64 7 36 27 45 93 69 19 88 35 26 24 53 3 33 94 90 80 2 22 6 32 7 80 18 19 31 52 4 20 49 79 29 64 72 27 65 47 96 1 52 20 33 89 39 21 68 32 97 82 48 29 47 43 89 32 25 99 34 59 8 80 5 94 7 89 13 5 27 10 28 39 68 77 51 40 66 28 13 71 27 36 61 20 78 4 31 47 40 55 89 57 46 10 91 89 60 63 100 12 54 84 1 95 14 46 59 43 59 59 39 4 55 5 46 59 41 94 57 44 47 24 83 5 58 65 76 26 64 82 76 86 74 63 66 52 93 16 44 88 44 9 7 96 1 46 32 47 58 0 10 47 61 97 0 83 96 75 82 58 0 60 87 35 34 31 25 2 76 24 3 6 57 75 83 10 32 90 66 11 42 74 18 18 57 94 41 7 83 80 36 92 100 58 97 47 95 0 6 79 13 4 81 49 42 71 99 42 77 78 28 19 81 12 62 35 11 34 26 35 10 59 77 8 84 36 9 92 64 37 11 35 64 7 97 10 45 46 86 98 83 7 6 13 9 91 67 76 5 68 26 70 40 55 0 17 27 23 44 60 1 50 65 15 7 86 76 47 7 0 26 88
51 75 3 53 81 56 94 14 51 32 83 42 9 17 62 88 35 89 30 11 77 36 45 52 86 90 41 94 68 66 86 61 99 59 68 24 62 86 48 3 29 97 58 98 87 86 92 17 68 71 94 3 40 33 55 98 40 32 21 59 17 82 74 40 89 76 31 88 2 47 55 77 55 66 5 3 66 41 98 51 72 1 50 35 91 42 63 52 42 97 9 53 26 35 5 4 80 49 53 51 14 85 95 62 49 63 97 54 81 99 0 62 76 54 86 86 81 43 79 34 83 16 73 37 29 21 12 68 79 91 6 100 66 100 59 45 0 96 60 83 68 86 12 76 86 50 8 40 45 70 64 94 15 98 25 64 14 59 47 95 10 81 22 37 13 29 85 55 75 15 100 34 30 30 29 76 75 10 40 57 7 0 15 63 26 69 8 37 5 6 32 13 41 42 59 40 70 52 69 32 70 52 3 42 77 40 96 74 3 31 50 22 91 84 78 95 99 37 97 83 16 45 27 48 71 55 42 68 86 14 71 12 94 82 69 58 70 5 99 69 79 78 9 76 11 38 91 77 28 91 75 49 61 24 3 22 81 3 98 12 10 19 3 95 82 60 7 77 72 36 84 11 23 0 60 47 57 25 32 59 7 22 9 0 65 47 7 37 73 75 31 32 16 57 43 2 85 53 26 47 85 74 89 68 90 11 60 9 47 65 10 64 66 100 92 6 28 90 97 51 32 12 85 37 15 48 76 76 47 14 88 53 27 78 54 29 99 47 80 69 20 11 12 39 60 73 41 61 62 65 5 16 49 65 76 45 32 73 79 20 16 52 59 39 4 87 80 48 53 22 84 29 27 35 94 12 46 71 29 66 32 91 98 11 13 12 45 55 84 27 80 17 76 37 39 89 53 47 93 12
72 67 100 53 74 71 8 93 32 52 36 93 19 3 48 99 67 14 88 10 68 23 58 92 76 31 81 19 65 50 81 41 0 6 96 79 13 34 40 65 11 19 91 7 85 51 37 38 46 44 6 30 56 28 93 23 67 33 60 86 35 46 18 55 94 30 29 16 36 50 18 90 10 58 10 94 97 43 98 20 89 83 23 29 46 82 9 58 3 29 76 42 84 76 43 9 45 35 7 17 75 30 48 62 33 95 5 77 27 98 1 37 92 15 26 76 37 8 85 44 66 34 34 78 38 34 46 91 13 41 25 67 10 23 52 31 1 90 53 27 45 30 74 0 26 37 38 70 84 69 30 37 19 100 98 50 5 38 57 13 51 27 91 95 13 22 23 55 1 35 7 30 52 15 68 16 42 71 61 85 28 0 7 26 24 85 71 98 63 98 47 79 79 7 61 28 85 61 59 33 86 24 76 83 80 80 59 84 42 32 38 50 42 22 76 98 81 83 63 1 78 93 29 64 28 24 92 70 55 64 83 11 1 79 82 8 57 72 12 1 35 98 9 0 81 88 76 37 42 63 53 6 71 25 75 14 96 78 42 3 42 3 32 50 18 22 27 23 14 46 84 67 61 55 82 24 30 15 67 89 20 11 100 13 52 100 48 82 70 89 12 0 81 50 47 72 23 31 58 49 21 55 90 78 44 29 12 14 96 54 11 0 87 12 12 32 0 84 37 77 79 73 86 99 99 24 16 3 36 10 18 95 15 46 67 48 95 6 50 93 40 27 55 66 14 51 84 38 61 34 68 16 36 61 49 37 27 28 69 65 77 27 37 83 3 93 58 84 75 3 35 73 76 58 41 72 90 45 79 13 52 7 21 94 47 86 10 55 46 56 4 1 33 82 72 78 44 13 93 70
74 86 25 75 92 83 58 64 35 90 55 7 41 48 56 68 77 36 48 59 14 83 76 49 52 7 97 8 38 53 63 49 58 30 22 64 75 54 74 14 99 9 78 67 45 90 85 94 26 50 29 5 68 63 70 80 31 47 66 49 53 1 54 65 13 19 90 77 3 82 74 73 72 92 5 62 34 100 57 59 68 90 58 29 76 30 90 33 18 77 78 53 47 13 13 73 73 13 15 74 0 24 100 25 55 99 83 91 32 26 25 49 73 72 3 61 75 12 21 11 14 98 41 86 93 30 87 88 25 92 17 23 2 74 17 41 5 39 14 62 9 38 23 46 33 31 21 97 49 47 40 5 39 94 63 49 58 37 6 44 4 87 58 8 3 79 24 91 5 89 49 45 84 20 28 6 82 28 17 32 85 69 1 65 5 54 64 27 97 84 58 64 29 6 22 1 19 7 73 43 9 5 24 61 52 97 76 20 69 39 38 9 63 6 24 73 23 62 88 53 98 15 52 92 3 10 90 66 54 7 79 68 62 33 60 41 74 3 42 21 0 93 15 14 46 55 95 89 20 61 26 63 43 79 77 78 95 60 70 76 33 31 66 15 37 99 84 68 87 49 25 89 32 34 40 88 74 56 50 51 72 61 57 8 29 69 83 95 4 19 88 81 91 23 1 22 67 82 26 58 63 36 84 55 33 17 39 31 61 90 28 1 34 16 15 76 54 3 69 31 17 27 47 5 49 66 13 93 9 78 34 79 81 37 56 85 93 47 78 43 54 84 83 86 60 64 15 90 55 17 16 29 4 73 45 60 9 75 89 77 90 12 97 23 6 98 53 24 42 88 64 98 66 5 13 19 1 78 88 57 26 37 30 67 46 6 25 100 83 88 90 60 81 59 39 95 64 17 38 99
72 31 2 95 63 4 74 40 37 46 81 2 25 74 14 32 88 76 97 6 54 20 18 23 82 17 68 95 63 76 0 30 52 72 14 3 13 6 23 6 9 57 39 79 50 80 65 9 9 18 68 13 82 59 56 19 96 34 15 55 74 13 29 65 39 23 17 66 31 5 8 3 49 24 66 47 96 63 32 27 15 94 45 11 93 8 58 44 58 48 77 35 24 57 61 23 24 63 40 0 78 39 90 95 55 89 46 47 67 97 31 61 61 86 3 77 28 77 62 52 87 47 0 78 43 36 37 26 55 81 11 96 84 59 83 38 100 53 56 66 6 64 12 95 22 56 59 36 39 67 42 59 94 5 25 94 43 22 40 62 58 23 99 29 78 77 69 60 44 79 32 0 45 74 4 1 12 2 31 33 88 41 78 60 49 82 2 1 39 18 86 35 28 36 13 84 68 60 67 50 70 21 47 25 85 43 36 55 78 24 34 71 0 3 8 2 43 7 23 94 88 41 82 83 83 52 90 94 52 29 27 63 28 3 85 5 91 96 42 33 100 18 42 35 40 1 48 18 82 18 80 67 68 55 71 8 42 87 42 0 67 99 37 75 43 13 46 69 53 19 49 30 80 86 6 17 81 6 41 4 73 77 90 48 68 97 85 65 88 84 32 80 19 45 30 58 3 41 8 81 83 45 64 58 71 1 41 91 60 9 13 44 16 23 18 35 70 53 12 64 6 15 22 33 14 5 94 0 10 88 10 89 23 58 77 66 77 9 98 50 71 62 59 92 87 78 73 9 73 37 76 18 43 63 51 38 40 5 91 48 11 17 40 27 3 7 26 92 34 72 78 70 25 17 21 42 81 58 12 90 80 22 17 42 63 93 29 68 2 97 48 37 14 59 35 46 91 82 65 31
0 68 12 11 63 62 55 14 58 58 80 30 24 91 66 78 45 43 92 19 57 90 53 14 68 34 59 18 5 75 32 70 59 17 61 59 92 79 39 22 45 88 93 42 35 62 5 91 6 33 83 93 95 39 23 75 45 47 84 71 18 19 94 85 10 10 16 30 46 8 82 14 55 33 34 68 70 64 75 24 30 89 98 47 60 41 57 77 24 73 0 34 11 40 30 12 83 55 51 81 2 87 98 25 36 88 45 5 53 35 50 55 67 83 14 12 6 29 23 84 77 87 84 45 79 19 60 29 69 15 54 74 85 100 72 13 71 25 25 26 35 3 46 21 52 13 51 47 5 76 96 72 99 88 26 21 12 45 76 62 87 24 82 35 89 21 54 61 63 54 56 38 92 63 62 34 44 98 39 73 45 23 17 7 12 67 83 100 65 5 27 94 28 5 29 12 6 52 96 68 70 95 10 90 64 80 75 89 21 72 49 11 78 99 8 8 51 39 84 26 44 6 71 8 6 78 82 1 81 61 58 52 89 43 8 56 77 13 96 14 96 60 50 71 83 95 68 81 66 3 59 25 83 80 31 27 29 84 12 82 35 34 99 44 83 15 67 51 86 49 3 12 81 28 90 69 48 61 41 78 56 42 7 72 44 97 2 1 33 84 23 35 53 80 39 79 41 74 12 100 53 67 53 83 53 74 65 4 63 69 33 91 48 44 73 71 1 87 40 60 29 24 16 91 76 38 20 76 57 61 55 91 81 13 49 37 59 90 48 78 95 16 26 81 85 60 65 31 98 82 4 7 98 82 27 25 28 91 91 48 15 16 74 51 63 25 11 100 85 44 94 51 72 33 40 52 95 76 3 11 59 40 44 83 67 56 73 43 2 0 3 77 91 73 88 36 72 77 2 19
46 22 60 62 9 13 92 39 22 61 88 1 99 68 57 14 48 91 52 43 32 43 20 45 48 15 53 26 60 96 66 37 22 0 24 13 10 54 81 58 6 98 37 91 72 45 83 98 18 30 59 95 31 85 94 37 43 24 42 31 67 45 90 53 41 98 66 68 54 31 48 92 86 11 41 23 0 22 38 89 100 90 50 78 78 37 17 2 3 98 67 2 28 38 19 95 81 34 29 0 38 7 97 23 9 31 10 96 51 93 20 32 93 66 32 87 95 40 44 64 1 42 48 55 2 33 41 20 89 51 6 12 67 4 57 12 28 37 41 27 8 8 18 86 23 23 100 42 75 66 73 27 67 61 9 41 40 6 43 13 6 48 41 27 87 27 56 43 24 84 58 73 3 35 56 65 85 8 48 91 98 53 59 70 100 96 13 12 56 74 75 61 73 12 40 39 69 73 82 41 76 72 44 53 10 1 51 15 92 26 48 92 97 70 2 41 98 75 23 11 22 2 65 72 43 71 66 26 38 22 96 98 7 86 74 44 86 53 46 23 7 47 87 2 41 69 20 86 69 68 68 2 72 67 63 89 66 75 78 46 58 30 33 10 32 58 80 92 41 0 41 24 34 56 53 98 14 100 11 51 62 16 74 87 99 48 42 97 42 36 34 6 98 41 43 34 85 62 50 77 21 71 46 26 7 6 25 4 27 21 33 43 39 37 5 43 20 75 68 0 27 44 43 100 72 22 26 87 24 77 39 59 2 96 91 12 78 95 13 33 1 32 69 80 2 43 72 66 59 1 2 42 58 100 67 51 58 84 100 58 15 89 58 97 66 43 60 93 65 9 37 41 91 24 5 72 11 77 29 65 15 30 63 17 76 28 35 95 26 99 72 60 47 46 69 34 66 12 23 82
21 35 62 27 94 83 50 81 42 82 77 44 5 96 83 72 10 83 37 37 31 87 53 0 79 26 3 64 18 31 7 71 11 97 29 61 17 2 73 79 99 83 52 3 96 42 47 30 15 32 28 79 63 87 4 64 66 43 94 91 3 57 14 49 93 23 68 37 77 71 47 28 99 87 15 70 95 86 21 58 92 57 5 59 83 11 47 65 10 28 94 54 82 68 61 26 97 59 81 61 29 66 54 87 53 93 71 7 38 4 76 5 48 34 69 5 25 50 47 83 80 42 34 44 78 49 82 99 91 68 46 98 82 46 69 64 16 15 31 69 2 74 41 4 58 76 71 30 64 16 2 49 70 62 36 22 67 44 71 40 69 83 32 93 34 91 68 53 23 69 65 27 89 95 21 0 71 89 16 59 16 43 71 1 79 99 13 77 30 43 90 30 61 21 88 46 50 41 31 72 83 75 97 40 54 97 96 67 17 8 4 87 18 85 94 13 94 29 55 72 12 6 49 1 3 91 59 36 22 16 12 20 94 43 39 47 14 17 14 22 40 88 30 15 91 3 87 7 32 82 86 44 68 33 59 71 3 16 64 5 91 9 2 90 71 41 21 25 39 92 18 41 26 61 10 19 38 73 39 92 2 32 7 56 42 23 44 53 0 41 50 32 12 31 72 73 86 10 100 42 92 100 40 51 2 82 60 26 66 66 51 81 33 60 17 8 94 16 10 63 21 21 59 82 15 99 88 32 14 20 100 87 79 72 35 94 32 14 42 83 34 86 66 29 25 64 76 17 16 28 11 68 62 17 79 55 52 72 3 47 90 2 5 90 100 13 12 27 58 22 22 77 14 28 64 37 92 69 66 71 34 94 100 17 14 53 56 6 15 1 47 67 8 11 79 83 41 51 77 33
69 98 80 1 1 96 64 67 64 15 79 8 2 9 4 50 96 51 14 15 90 40 36 66 99 49 7 84 7 77 93 94 82 93 68 13 12 13 85 99 17 56 44 59 97 35 88 9 0 71 38 65 84 51 43 44 96 79 85 26 88 74 54 7 11 96 58 83 91 98 10 70 89 57 35 40 78 23 39 15 78 73 78 54 84 8 69 4 75 59 74 63 18 60 40 47 96 2 8 45 76 15 0 53 96 51 61 43 7 47 50 65 39 99 96 81 27 82 54 100 77 37 27 34 82 13 15 84 82 5 88 62 9 93 68 82 78 3 44 20 90 88 11 6 7 64 18 40 35 37 32 84 2 50 6 82 72 36 24 55 13 14 52 45 37 77 8 93 37 0 17 71 2 27 22 41 81 17 8 78 37 31 83 14 62 13 77 71 28 66 79 24 19 70 22 14 1 95 93 11 44 55 12 33 100 95 1 21 39 18 94 9 60 13 92 90 21 92 32 40 68 59 96 92 88 83 11 57 86 12 40 40 3 26 64 98 14 16 11 67 49 83 55 56 4 61 76 86 12 76 9 26 35 75 13 11 80 43 4 78 83 33 11 42 9 31 17 85 55 25 5 83 54 55 22 53 37 71 23 94 99 47 35 76 35 43 15 60 12 58 46 74 17 4 38 10 29 46 6 32 74 58 68 89 60 94 63 1 55 75 41 54 4 35 59 19 96 85 75 78 71 49 19 4 16 24 63 84 80 97 97 12 51 58 97 7 36 62 90 75 5 87 79 1 56 91 80 53 56 45 7 46 12 73 4 41 56 54 1 14 71 41 71 15 8 85 23 70 2 32 15 7 83 100 90 84 31 9 50 75 77 94 48 73 50 26 63 28 30 14 13 85 89 38 1 74 80 22 55 53
32 30 9 100 25 62 62 32 87 88 77 74 76 66 52 83 79 67 37 60 75 56 67 84 56 97 72 29 86 23 49 47 45 7 15 77 67 24 100 91 16 73 40 63 50 25 4 32 86 74 69 71 11 75 24 77 47 51 53 100 23 58 17 57 100 58 57 25 100 67 3 78 19 87 9 60 33 91 95 68 85 10 16 35 53 99 23 49 23 63 81 80 47 91 56 72 56 21 26 84 5 87 15 95 33 21 57 1 92 2 25 20 32 24 83 98 72 85 14 12 34 66 67 62 57 88 63 73 81 57 56 48 54 40 30 43 68 72 78 85 48 58 81 43 63 50 96 12 96 21 12 16 63 30 83 52 38 93 15 91 37 75 27 36 67 24 52 84 95 75 79 36 3 67 81 3 91 83 23 35 79 63 15 3 83 9 60 87 88 50 32 65 81 32 78 40 55 92 72 19 63 23 37 30 93 45 46 86 93 54 51 36 82 84 63 65 61 29 5 40 15 98 51 22 100 1 92 8 76 98 72 59 83 57 25 16 61 38 85 34 38 8 72 77 62 100 69 10 78 33 60 53 58 19 35 11 54 33 75 54 78 12 33 41 7 99 3 36 99 80 60 100 6 78 77 41 64 97 81 64 29 78 80 88 19 37 11 3 65 94 84 49 58 94 33 77 26 53 99 66 68 86 10 62 19 74 33 64 0 0 30 45 95 59 68 18 57 26 9 57 94 15 100 91 19 99 91 71 95 47 9 62 41 23 65 99 57 81 61 92 42 66 30 91 79 75 70 11 13 86 47 72 21 42 13 41 35 1 1 92 17 18 89 1 71 63 7 21 28 57 73 94 27 43 58 46 87 73 76 72 39 21 15 79 59 54 9 37 54 66 34 41 13 98 66 59 0 73 24 90
67 3 59 33 65 98 74 24 63 100 6 66 63 26 40 51 4 64 3 34 8 43 1 37 62 83 55 16 26 60 88 49 97 88 21 38 3 54 73 39 91 66 18 2 90 53 48 36 12 77 23 17 55 84 7 4 36 92 49 94 3 11 44 65 58 68 80 27 29 75 37 4 69 15 13 26 64 51 53 17 74 88 7 13 6 10 45 41 46 30 86 9 29 13 99 69 20 35 15 60 32 8 79 19 65 43 44 82 23 24 20 88 41 30 3 64 65 64 2 59 34 37 31 94 96 18 22 53 1 27 47 71 96 43 22 71 87 58 69 97 29 81 11 80 12 72 55 28 22 1 52 61 51 13 23 28 99 4 48 11 27 57 87 27 91 57 36 33 88 59 5 34 22 75 58 45 79 27 22 26 11 21 10 15 3 58 0 63 59 9 60 36 88 15 74 42 83 78 18 73 64 34 46 38 16 74 22 93 3 67 81 55 32 74 51 78 94 35 72 91 48 45 96 97 8 32 98 13 66 88 96 89 18 45 46 14 60 34 68 47 65 98 94 89 81 37 0 27 95 3 81 80 82 69 96 19 99 42 32 73 36 29 77 40 49 68 23 29 6 20 58 27 1 23 23 19 28 57 55 20 82 86 99 45 33 47 36 35 20 63 15 28 95 64 2 82 34 52 95 55 40 62 2 10 25 76 11 24 16 25 96 78 69 98 93 35 2 87 15 36 39 70 25 27 38 49 33 2 11 37 81 38 13 94 14 36 68 41 38 27 50 74 27 15 92 72 68 98 9 1 14 11 21 59 40 69 94 65 95 100 21 52 53 96 43 69 53 58 26 65 89 84 41 84 2 58 32 68 27 55 7 41 16 79 28 81 24 27 97 38 91 88 87 57 13 3 86 56 9 30
67 48 49 19 53 86 10 58 89 5 45 84 4 58 71 73 21 83 28 65 76 8 4 37 85 20 10 86 98 92 25 68 6 100 97 76 94 29 90 54 24 58 85 53 78 72 10 37 10 49 94 91 47 55 67 86 14 24 35 33 87 85 18 50 41 62 29 94 44 98 31 67 4 82 20 30 43 69 47 44 52 38 92 62 100 13 64 33 18 84 14 4 4 75 48 41 60 14 89 74 30 91 69 67 13 53 24 1 74 83 69 12 74 58 66 6 73 10 60 97 93 100 57 59 50 22 13 28 75 0 44 58 91 72 68 93 78 79 62 100 23 28 28 98 100 15 43 63 33 19 80 82 14 45 27 62 66 85 67 66 8 81 31 98 99 20 40 55 70 65 82 52 22 96 64 24 53 25 17 92 36 4 71 39 59 15 47 15 57 14 60 0 28 36 89 15 93 33 66 80 96 56 42 65 6 31 56 94 47 31 83 90 10 10 99 75 15 68 65 81 43 12 11 27 9 56 83 0 99 67 24 15 38 30 58 14 57 85 61 84 76 56 6 68 99 95 23 62 79 88 72 46 13 54 73 70 12 21 42 46 13 77 27 31 12 80 30 86 90 73 26 80 5 14 58 10 51 41 42 91 44 84 68 71 22 49 42 77 61 93 66 64 81 56 75 97 56 72 87 32 71 43 98 7 22 85 1 81 50 58 38 0 11 82 28 43 87 3 56 98 90 63 91 50 37 2 19 42 93 66 88 57 29 77 51 77 86 70 58 62 56 24 70 49 22 25 73 15 40 35 92 67 30 45 4 74 88 82 54 85 27 28 59 17 16 31 35 41 95 48 37 47 51 54 99 14 88 45 100 30 54 20 2 59 46 73 12 30 80 3 90 51 83 20 75 54 31 74 82 7
1 100 56 45 10 23 19 90 97 51 83 59 49 71 65 53 70 7 90 65 3 98 95 46 99 49 85 49 16 41 74 24 18 49 90 43 37 86 98 5 63 13 32 69 12 87 39 37 24 93 6 81 94 90 1 69 76 73 93 28 81 81 35 89 54 77 60 43 65 20 57 85 23 31 90 31 37 20 1 78 32 44 22 100 88 76 37 95 0 22 67 55 14 72 67 30 31 49 71 17 40 22 15 8 54 12 37 43 43 88 48 73 77 19 94 70 25 4 49 14 94 85 98 67 97 85 37 98 85 52 1 23 26 61 93 38 73 28 9 21 99 81 52 71 47 85 82 17 67 12 51 30 30 55 82 80 79 41 46 21 89 7 1 63 100 31 72 4 100 27 87 86 52 42 33 97 63 13 49 15 19 84 10 83 78 7 25 36 94 53 2 77 22 89 9 43 98 19 62 52 43 86 45 61 23 99 62 46 68 39 52 29 31 77 25 69 92 57 13 5 45 17 88 96 62 15 87 54 15 60 49 34 58 10 67 50 61 70 34 8 54 78 29 80 61 26 69 96 73 78 42 34 99 56 2 43 46 10 82 55 71 71 40 52 32 29 84 40 92 19 24 8 54 10 95 55 30 25 75 35 1 36 5 89 36 18 24 71 83 66 28 19 26 28 82 84 4 2 46 90 12 77 66 49 52 32 45 98 64 1 100 59 36 42 67 42 91 8 63 17 99 93 91 70 34 46 80 35 61 26 58 72 22 43 76 84 61 53 97 72 65 53 13 70 7 47 93 73 21 58 87 11 59 30 43 4 74 78 30 26 11 5 95 97 6 79 99 34 97 83 74 96 62 30 88 9 21 31 75 3 78 77 60 99 16 26 1 71 41 99 72 83 90 82 60 21 15 92 11 26
22 44 9 48 0 49 50 99 7 99 33 14 76 71 55 61 22 74 50 34 38 12 42 78 100 100 79 72 33 29 78 92 1 10 36 40 72 16 15 49 32 53 91 80 7 77 91 42 44 27 89 3 26 6 57 58 34 25 76 42 99 33 95 52 9 49 9 41 46 32 17 25 76 47 48 77 5 21 46 13 27 56 100 39 74 6 77 25 73 71 45 85 54 58 44 3 41 85 50 53 25 44 81 100 89 37 33 39 73 19 79 58 46 16 54 5 13 40 27 24 44 11 74 4 22 59 11 33 11 12 21 42 61 59 65 32 2 2 72 77 25 17 8 37 12 53 4 75 7 74 66 78 12 84 27 67 77 96 56 50 73 44 21 19 65 7 71 59 55 51 5 15 81 25 99 5 30 92 98 7 26 33 81 85 33 0 16 68 31 46 74 61 51 30 45 58 52 1 28 23 23 63 48 61 93 64 2 46 70 21 4 33 42 93 96 78 80 68 99 19 87 74 61 44 97 71 82 63 98 12 89 89 62 62 43 46 87 55 83 7 73 45 54 81 99 76 17 26 45 81 88 9 100 69 27 97 77 31 44 88 76 96 51 94 20 91 83 87 46 59 60 8 39 31 54 15 0 42 49 38 76 31 14 9 95 82 39 64 99 2 68 46 62 12 66 11 68 17 13 55 10 16 12 44 59 73 61 35 72 62 93 30 2 10 71 46 79 95 35 65 66 93 99 78 77 20 50 8 86 19 63 81 3 13 58 93 50 28 39 4 6 31 92 53 80 66 100 92 16 5 29 97 29 41 15 97 6 35 98 79 44 86 88 15 53 15 79 91 16 31 21 9 81 54 8 75 59 81 98 95 1 74 32 95 58 66 67 69 51 87 31 69 97 0 0 78 56 14 21 78
98 92 54 84 37 53 52 10 90 55 49 89 49 38 12 1 37 55 24 61 55 19 88 51 87 78 62 99 95 78 79 91 32 64 31 51 14 66 82 97 89 11 12 36 30 78 9 69 86 71 27 95 90 17 56 19 61 75 83 7 60 51 51 42 19 58 69 7 22 24 46 69 49 59 45 0 18 68 2 0 64 94 72 69 64 59 32 80 35 39 94 79 32 33 13 19 93 32 34 52 100 100 26 65 53 87 78 8 81 81 97 27 51 22 17 48 33 42 85 45 77 0 26 28 9 51 11 36 17 54 48 84 29 33 22 71 7 86 47 71 67 99 94 1 60 90 86 16 15 92 0 30 100 79 92 77 85 99 90 28 41 93 58 18 92 7 80 82 20 15 95 88 47 62 38 85 97 17 21 90 74 50 79 61 91 9 71 0 22 84 65 56 42 47 48 45 30 4 80 40 55 50 44 46 46 11 46 27 61 68 47 13 72 92 37 87 35 29 93 65 3 51 23 87 84 72 58 76 67 63 46 57 99 39 50 37 63 83 31 84 78 55 25 63 79 98 53 94 61 50 61 58 39 96 25 17 37 73 24 36 26 1 14 100 51 76 18 37 50 5 59 37 4 53 80 69 44 81 4 13 52 48 70 30 56 18 76 52 78 40 95 75 62 82 64 99 12 31 12 36 33 53 38 6 9 41 55 89 43 18 15 44 27 96 16 100 32 77 8 61 44 62 81 70 58 42 62 78 16 97 96 45 7 60 92 35 84 38 90 14 88 67 23 80 12 31 40 11 40 98 32 7 4 94 90 19 73 38 10 45 1 28 76 35 59 28 86 48 18 10 24 37 58 7 6 83 16 69 95 11 86 35 27 58 61 36 1 48 32 74 40 68 84 62 10 50 85 57 49 84
53 78 91 51 27 25 94 51 51 33 79 2 94 3 89 19 41 95 22 14 85 98 14 99 24 57 23 56 46 36 30 31 93 2 91 66 71 38 1 22 56 56 82 28 6 13 0 14 1 38 43 51 75 100 9 73 6 83 13 26 35 66 23 48 29 50 34 81 48 13 64 20 60 82 53 42 51 61 64 38 62 53 87 33 38 40 34 65 24 45 74 10 85 22 30 81 64 31 60 79 26 30 95 43 29 48 32 87 99 63 99 87 39 12 48 3 34 72 37 17 95 80 37 99 75 63 85 14 94 65 55 77 100 61 7 70 56 64 17 67 76 47 81 62 31 83 31 12 53 44 91 98 31 39 69 99 11 93 58 75 94 25 7 31 68 91 17 90 66 77 75 42 61 4 57 12 98 29 24 38 3 3 42 14 20 49 12 79 60 58 30 46 43 93 3 63 41 13 30 85 33 72 96 11 90 1 37 46 42 77 6 26 89 3 67 42 29 20 78 94 17 86 60 49 98 68 53 42 100 52 35 2 13 49 50 8 74 74 12 69 83 85 12 66 37 89 92 85 30 10 91 19 6 17 62 12 65 18 94 66 38 39 45 26 13 27 23 0 30 97 4 53 86 54 14 60 13 13 60 82 71 73 97 44 58 71 87 3 34 37 11 7 61 82 19 90 3 12 3 4 85 82 57 2 3 43 85 17 55 86 96 86 57 61 90 88 38 84 50 69 41 92 19 69 8 48 58 65 78 23 50 12 57 36 84 89 13 28 49 37 51 5 39 59 44 29 95 94 28 100 51 47 32 22 63 12 79 2 47 24 25 100 61 93 67 96 79 52 47 4 63 49 20 43 11 65 57 12 51 53 39 64 45 41 91 53 50 30 45 87 17 12 54 65 50 8 68 33 19 34
10 53 83 61 67 92 35 42 74 17 53 3 91 35 69 60 51 33 48 36 39 4 34 4 23 12 49 60 85 52 99 41 79 81 5 17 84 15 40 63 6 76 54 94 50 0 0 8 62 92 4 26 97 72 81 81 43 45 57 18 82 21 86 98 27 99 21 29 42 38 45 95 60 62 96 69 8 22 59 60 62 66 82 1 68 65 4 89 61 96 16 52 28 65 11 70 87 37 93 43 93 32 36 29 85 2 92 99 26 89 29 0 89 48 13 53 99 94 58 88 85 22 29 73 33 48 20 4 3 28 68 99 20 91 49 99 77 88 7 34 19 14 96 98 28 65 40 20 94 84 79 72 50 95 45 2 33 10 27 70 88 27 13 87 30 15 25 21 86 27 55 17 93 82 34 25 67 8 62 0 34 97 8 31 67 77 51 10 71 54 92 70 84 69 58 71 17 19 72 34 53 91 80 52 51 27 64 47 28 53 39 62 82 42 100 63 58 84 92 12 24 38 70 70 4 33 24 28 11 66 49 73 17 99 70 85 55 34 89 66 24 63 76 48 22 38 39 2 58 91 95 13 46 88 47 64 74 20 26 2 32 17 16 90 33 54 77 62 2 43 75 98 39 90 47 53 81 84 50 79 23 38 50 71 10 64 56 14 4 23 9 17 41 35 20 87 43 14 10 55 96 12 17 6 36 77 60 94 2 15 2 50 43 41 29 57 75 18 89 8 98 35 14 6 92 39 19 2 35 20 5 62 31 77 45 86 53 56 29 54 19 75 61 97 56 99 79 38 57 24 90 17 53 15 76 92 49 77 64 73 24 39 14 38 45 20 9 58 5 1 53 56 91 28 14 28 81 7 30 63 40 52 69 8 76 66 33 73 5 84 91 52 41 69 3 27 42 18 28 31
82 23 69 23 60 22 43 41 57 29 100 70 69 55 86 13 35 7 50 49 29 96 55 42 7 35 64 44 23 73 69 30 99 97 87 86 98 72 96 23 96 69 45 42 83 64 67 27 18 18 88 63 73 44 22 94 64 22 25 91 85 94 99 50 38 70 61 52 96 41 14 30 57 76 67 68 12 39 35 65 32 71 51 52 28 27 55 34 48 36 77 47 11 60 42 94 83 33 60 11 44 94 45 99 62 56 61 71 84 25 23 86 32 19 64 15 39 69 11 99 89 61 60 59 92 33 43 22 49 11 36 86 96 9 30 13 61 16 5 17 29 50 85 84 62 86 76 6 9 50 21 65 93 64 10 9 2 41 17 52 56 68 38 32 63 69 52 42 52 78 26 31 38 43 67 89 52 26 32 95 89 24 19 49 34 52 48 95 67 47 76 43 63 17 18 99 57 22 42 78 49 44 84 63 72 30 42 58 17 23 84 34 24 72 14 38 64 69 20 9 57 75 78 61 7 100 36 22 87 7 82 3 80 97 12 46 93 47 49 18 97 57 97 20 6 100 47 77 31 48 64 17 80 61 42 58 74 57 90 14 87 81 83 77 57 30 94 20 47 78 61 10 47 48 71 15 47 37 75 27 72 36 23 13 17 17 5 46 81 33 6 74 48 27 29 59 74 33 70 8 92 38 10 61 98 49 11 23 54 19 7 100 46 84 21 87 52 51 93 83 73 10 88 56 59 86 92 53 60 94 34 90 18 43 68 14 87 65 35 62 76 6 69 17 91 99 91 37 19 88 73 78 97 33 9 90 1 24 66 51 98 36 43 75 96 49 30 93 87 29 39 46 73 81 37 28 30 37 68 44 40 51 26 12 88 98 0 50 94 87 92 86 37 8 2 44 22 22 73 97
41 88 50 30 82 75 21 38 9 88 9 74 65 61 6 97 31 18 58 80 46 58 5 47 32 73 96 96 4 87 28 1 10 89 59 36 75 67 81 50 96 65 27 27 34 90 21 45 66 88 85 58 28 17 3 37 38 59 15 52 91 90 70 77 4 28 82 8 28 24 89 42 37 22 7 21 39 27 99 18 1 32 17 64 10 74 9 27 66 55 24 54 9 11 26 49 88 14 79 12 53 11 16 99 61 92 93 84 12 93 57 51 54 60 42 10 15 76 28 9 57 26 80 33 94 50 56 10 84 70 26 69 0 21 47 39 20 80 57 85 38 94 63 8 43 13 32 87 27 56 66 26 37 33 93 49 77 41 35 84 92 73 79 17 84 43 21 91 79 58 5 60 82 57 86 80 84 17 70 60 7 46 94 92 32 34 93 63 48 49 60 39 95 4 63 93 5 37 74 7 26 80 45 80 48 6 96 20 62 86 11 67 51 78 96 50 37 38 29 0 98 76 54 16 37 87 8 13 71 47 46 66 9 53 94 39 80 13 26 5 32 72 62 95 15 2 92 70 4 86 58 9 0 10 22 85 9 54 72 83 80 47 100 7 93 87 27 53 10 99 0 38 53 46 84 80 35 89 94 8 92 23 14 77 22 71 18 81 87 100 16 14 8 95 12 39 67 89 59 91 61 16 93 15 10 14 86 79 26 87 86 51 27 28 59 88 21 42 42 7 99 74 44 68 47 65 19 48 18 38 93 15 59 48 0 6 7 17 39 88 44 42 96 31 27 53 55 88 64 0 50 67 26 89 23 54 3 59 55 56 40 60 12 46 7 100 98 5 69 90 96 53 54 76 39 31 45 45 17 81 94 68 71 67 45 36 92 6 73 67 26 45 28 72 17 63 73 18 22 70
64 39 92 44 53 94 8 93 32 54 31 4 79 99 19 34 78 77 70 42 23 69 77 8 23 12 27 26 56 30 80 52 70 86 37 11 43 91 72 26 15 3 3 92 0 20 17 51 13 23 58 7 14 35 19 13 84 77 64 19 46 51 0 7 18 65 41 66 35 99 25 69 57 82 94 24 52 53 77 18 39 10 33 35 62 62 76 32 52 13 16 87 39 55 48 75 8 72 24 4 77 4 85 15 16 84 67 30 98 85 70 65 78 35 65 2 27 6 63 67 27 71 25 79 78 62 64 70 5 7 59 63 21 99 36 92 77 64 93 72 24 52 34 81 54 6 23 3 2 32 35 16 41 100 18 19 57 80 55 63 45 81 76 71 31 89 45 93 5 35 6 84 38 63 46 57 10 54 96 52 10 37 69 23 56 75 41 100 10 78 70 14 97 13 83 51 97 36 46 72 99 26 100 52 56 60 0 76 55 89 53 0 34 31 6 58 8 55 25 67 81 92 53 98 20 31 36 87 18 78 78 72 72 26 33 93 16 67 53 22 74 73 91 82 1 52 10 59 46 92 86 2 15 22 66 71 8 93 38 9 54 21 75 7 88 42 23 42 70 49 18 94 77 88 56 83 96 52 13 58 29 17 87 36 97 78 21 85 29 100 56 9 23 64 93 9 58 94 11 92 18 31 41 30 29 60 74 3 97 20 89 81 43 89 46 86 46 5 42 55 33 93 39 57 95 28 38 39 27 67 60 41 85 97 3 27 24 95 36 61 42 100 33 74 80 62 100 46 45 41 63 87 29 39 16 87 68 68 35 1 80 95 88 73 60 76 57 89 92 42 12 56 80 29 52 29 62 32 100 96 25 99 75 83 68 65 75 79 65 59 47 4 94 3 81 98 98 86 93 58
51 100 9 64 74 90 62 25 88 42 36 58 59 99 31 62 84 83 1 35 68 6 42 58 4 83 43 25 69 92 28 32 82 26 100 100 31 97 61 23 70 69 18 60 1 91 49 81 81 61 65 16 99 73 83 38 35 90 7 36 50 33 21 40 68 3 82 31 10 74 83 49 43 53 57 99 60 5 13 33 23 53 22 59 68 53 79 30 23 42 6 37 77 9 87 61 82 4 3 86 47 3 61 87 48 75 11 27 42 56 7 96 24 76 19 92 6 9 16 80 49 72 18 44 30 14 75 100 52 89 44 20 34 55 8 42 1 81 67 1 35 27 75 0 23 29 68 61 86 68 2 12 94 5 13 60 33 13 35 24 88 10 77 17 67 99 72 89 72 73 65 21 36 64 62 99 97 18 90 48 45 51 29 93 5 76 75 48 94 22 92 81 15 68 63 74 78 51 29 1 78 74 73 86 74 17 88 31 97 89 13 79 53 75 71 32 16 43 70 58 36 33 56 54 62 99 36 15 61 67 85 42 28 98 0 94 26 96 32 84 73 52 45 40 22 54 52 62 77 16 86 69 1 95 32 24 54 33 64 76 80 95 13 48 94 97 31 27 98 68 77 9 93 87 67 90 7 20 69 32 80 44 93 88 79 32 12 9 17 24 49 96 68 91 6 10 56 87 51 12 53 38 78 5 49 62 68 10 48 60 86 93 100 84 56 38 7 58 32 97 95 74 79 4 63 29 73 98 62 40 19 97 96 30 14 79 89 41 21 32 69 49 96 94 28 27 87 89 3 40 45 63 36 60 35 84 27 100 97 44 40 1 80 88 70 17 23 36 52 3 52 53 87 90 54 99 59 18 49 8 37 13 30 52 17 99 0 12 11 79 76 57 17 65 16 9 58 3 14 17
47 49 93 69 7 83 61 12 73 17 57 31 84 74 44 41 59 68 41 62 11 60 69 6 90 67 25 14 92 22 90 43 30 7 11 10 34 38 64 93 47 31 3 39 39 65 25 81 30 100 1 67 25 48 56 77 4 70 49 91 48 35 96 47 56 5 74 9 21 40 92 39 77 18 90 37 99 29 64 4 20 74 22 99 34 74 96 39 45 68 33 17 46 70 73 37 87 83 56 67 1 91 65 76 79 88 80 61 35 6 22 65 65 42 17 26 54 20 51 15 81 89 46 48 37 12 25 0 40 31 11 54 11 47 82 66 67 69 2 49 95 97 32 59 60 42 93 46 52 25 48 49 67 7 48 24 79 94 12 40 37 70 71 77 73 2 30 62 36 33 90 65 70 31 17 89 15 2 53 32 84 87 4 89 72 53 99 70 46 75 63 53 81 77 96 16 1 90 95 94 34 56 64 98 29 6 44 77 9 9 86 92 20 58 4 13 46 14 3 9 76 24 23 9 76 89 63 5 49 53 35 70 73 88 99 59 57 11 13 8 72 64 86 36 96 43 83 22 38 61 54 54 31 45 44 71 3 20 57 10 82 66 29 10 58 85 86 53 72 30 39 28 50 54 75 36 6 97 19 79 94 58 53 38 74 26 37 2 18 30 55 18 66 84 23 75 49 39 19 79 83 9 36 34 69 27 33 40 92 93 71 6 74 31 45 75 87 20 52 8 67 7 35 53 82 47 56 38 79 95 74 57 33 88 19 99 69 11 58 78 24 10 23 71 75 3 39 45 77 23 17 32 76 7 43 87 71 17 1 33 44 40 21 53 57 47 100 47 57 28 62 59 90 11 98 71 82 42 34 27 61 1 10 3 66 35 44 66 87 60 9 9 63 79 65 94 49 4 85 61
62 38 31 86 94 74 64 48 15 89 97 45 48 96 36 95 5 50 7 36 99 1 85 10 62 55 71 61 57 86 68 48 59 89 76 87 6 6 53 5 72 32 94 35 66 92 83 22 23 10 79 69 57 73 58 35 100 1 100 59 2 20 72 4 63 35 7 17 2 67 12 19 47 60 99 25 46 32 83 74 39 9 63 98 5 76 40 43 89 44 66 25 29 98 71 29 29 100 37 19 31 70 9 81 41 46 92 38 77 54 34 91 79 82 81 83 55 29 28 36 97 46 14 46 28 45 33 96 38 76 76 35 42 55 70 95 88 84 34 84 64 70 84 90 55 27 97 25 11 73 80 72 39 83 55 61 15 63 11 0 43 20 41 48 93 5 2 67 14 68 55 92 66 35 39 47 76 75 7 9 69 61 5 12 98 31 43 15 63 36 92 45 53 16 24 88 22 1 68 18 72 10 82 95 55 12 64 66 24 82 3 0 25 88 39 96 63 24 6 86 48 83 7 50 65 42 27 77 81 63 44 4 74 70 55 63 1 91 51 27 84 36 5 27 2 85 99 97 58 5 40 11 91 18 52 99 91 64 88 88 96 88 38 42 96 81 95 30 81 21 0 95 85 90 21 84 63 82 67 2 14 82 30 39 63 10 54 73 68 75 69 96 16 16 87 10 29 91 92 54 100 82 97 39 72 27 27 90 21 40 28 22 40 57 30 55 53 88 90 34 84 34 61 33 86 47 21 58 59 33 84 31 15 69 54 89 46 37 75 0 96 88 68 68 93 48 25 86 31 20 46 29 98 2 32 70 72 52 78 15 60 51 91 23 95 65 38 58 34 31 47 91 72 28 77 11 61 50 67 35 56 33 89 20 9 3 46 74 46 13 80 33 90 16 45 71 20 43 5 51
91 96 66 44 59 8 34 43 93 24 38 11 42 64 87 18 12 84 63 59 87 94 74 22 17 51 64 71 22 53 20 71 65 90 61 99 35 66 9 31 42 65 93 79 65 42 56 28 80 37 21 27 23 93 27 95 87 15 22 97 62 78 7 91 73 65 47 18 39 27 56 30 32 48 27 82 28 73 35 47 95 27 88 100 100 7 65 59 90 79 91 55 18 56 84 70 97 31 28 61 59 82 0 90 80 4 1 61 43 98 94 5 79 97 53 78 35 17 97 27 89 97 88 26 88 22 31 18 27 77 6 81 82 6 67 31 11 5 79 16 7 51 82 100 57 72 33 31 87 60 26 2 51 72 78 100 73 58 83 14 15 47 16 72 43 59 12 24 88 50 82 45 43 54 93 44 79 35 72 61 95 26 77 36 6 21 24 5 42 5 48 12 60 10 39 31 43 79 4 13 36 37 64 35 11 45 83 48 59 6 50 25 1 94 63 39 87 23 56 28 55 14 76 7 52 26 2 65 6 95 90 10 94 99 19 92 77 70 53 69 4 28 43 66 12 85 35 14 21 7 38 30 59 46 46 46 79 21 55 0 7 89 3 28 24 1 61 46 74 27 50 69 86 76 1 100 44 26 99 28 21 4 1 93 21 97 91 38 47 57 88 25 66 51 78 9 19 6 56 16 60 51 17 66 0 94 1 24 41 27 27 93 20 9 65 68 96 49 70 3 21 9 24 59 46 98 51 24 15 41 90 27 49 89 97 72 5 87 13 13 92 87 38 100 91 50 91 88 49 60 26 66 14 9 8 90 0 70 14 27 56 17 88 67 4 30 98 10 74 88 73 26 33 45 1 74 10 30 23 85 42 31 97 43 76 75 38 97 11 77 8 98 89 79 1 61 39 94 79 20
41 2 62 39 71 72 31 7 36 68 97 14 34 12 18 23 41 67 100 28 81 28 14 22 73 49 41 39 88 99 5 5 7 25 34 80 13 50 76 13 69 3 100 43 3 87 38 65 91 39 34 35 66 15 34 17 14 79 47 38 20 82 71 3 20 39 59 0 6 12 58 36 31 28 22 94 80 73 31 54 75 58 36 39 51 96 56 29 44 61 87 39 78 59 44 83 26 41 82 39 95 14 14 7 30 34 20 1 93 5 53 12 11 61 50 41 5 61 75 52 82 86 45 5 56 10 90 50 64 57 45 54 94 34 9 64 28 95 78 10 80 78 90 36 98 80 86 75 52 9 91 47 8 54 63 86 32 98 9 11 37 68 94 3 76 9 3 69 74 12 47 65 36 5 55 44 77 58 93 27 75 16 98 71 44 60 69 98 7 92 40 13 29 25 30 54 30 21 85 26 26 4 28 64 64 9 12 26 9 84 96 62 37 84 34 92 60 4 79 94 0 37 35 24 76 100 13 25 93 22 84 48 42 18 97 98 19 42 36 8 49 94 99 94 14 16 37 17 26 44 71 60 55 63 8 42 90 57 64 33 15 64 51 40 8 75 96 66 3 63 27 48 38 20 30 92 3 92 24 12 34 79 19 100 80 6 71 8 38 53 9 50 2 9 3 57 61 39 55 42 37 36 35 93 8 79 64 61 98 13 48 49 16 76 7 38 34 36 78 86 6 59 50 2 51 17 44 33 6 93 47 58 71 80 64 30 46 92 13 63 7 29 62 24 23 25 61 54 63 84 7 93 92 90 98 31 93 18 28 93 12 80 92 41 89 57 0 62 44 56 41 10 88 66 24 3 2 43 38 85 11 99 99 29 0 29 45 11 46 77 86 19 74 47 82 14 24 97 99 14
10 28 16 19 96 52 90 23 3 80 62 47 83 87 80 59 81 99 83 57 73 80 64 97 39 28 12 84 13 53 28 70 31 85 23 37 72 98 50 23 85 25 52 65 29 59 9 64 10 54 28 55 41 51 8 59 36 63 29 19 71 28 42 63 18 92 50 65 53 23 98 51 94 51 49 88 37 37 49 53 20 31 90 20 15 86 28 30 25 38 6 98 63 78 76 73 40 34 12 58 64 48 96 82 14 30 15 98 3 51 10 84 97 55 28 46 6 10 11 81 3 1 70 84 57 49 93 51 72 13 7 39 8 88 62 32 19 8 91 9 65 66 22 95 56 74 22 92 21 96 54 99 1 52 87 32 65 92 29 52 10 26 62 90 32 57 54 54 1 6 27 13 81 16 45 90 13 38 100 27 37 79 96 88 82 76 16 28 78 28 18 74 27 10 72 79 9 98 72 80 4 51 1 19 86 32 56 69 24 7 5 29 6 18 46 73 29 92 75 33 22 70 60 1 84 68 88 10 10 95 98 44 57 72 81 2 55 76 22 71 4 86 20 100 61 35 59 60 4 81 49 29 27 3 74 48 29 84 1 79 42 28 83 37 13 12 24 13 67 82 39 27 77 95 13 97 9 100 59 30 44 70 93 35 62 10 77 18 43 5 3 86 63 8 86 18 94 40 91 16 82 43 75 47 26 74 78 68 77 64 11 7 58 11 61 62 47 88 6 14 73 60 22 65 66 11 32 56 12 49 80 31 75 31 55 90 7 9 73 55 57 38 6 84 98 42 19 19 55 17 27 59 51 54 72 89 13 91 30 17 94 76 56 58 65 90 41 66 43 75 8 1 99 42 19 63 13 58 40 66 42 73 31 99 55 52 5 85 96 6 34 88 67 18 61 2 20 60 77 67
56 18 16 0 32 0 28 14 72 4 63 6 40 44 97 88 72 19 62 24 60 91 97 36 22 16 52 52 92 96 37 49 15 70 87 62 0 24 100 44 47 1 14 39 82 23 66 6 94 89 12 55 1 68 34 15 2 59 21 62 30 85 38 46 68 100 44 30 37 74 20 86 51 24 27 83 1 26 3 94 17 14 69 84 41 71 88 20 28 16 62 87 39 1 62 72 92 81 51 91 53 7 46 21 31 6 85 9 17 19 69 68 90 74 19 72 40 71 25 69 39 45 25 85 94 14 86 5 63 63 40 34 95 99 81 38 38 35 64 31 70 92 35 74 47 5 48 65 92 13 73 8 23 29 89 74 61 5 90 22 34 95 16 75 55 14 88 2 77 55 4 98 11 37 64 73 4 14 43 91 72 59 58 64 48 41 48 75 79 68 7 75 16 48 69 82 50 22 64 50 77 54 100 38 94 51 71 68 3 62 38 16 31 88 12 99 81 61 23 54 11 94 74 17 39 18 30 76 9 18 32 78 34 43 24 22 39 44 82 9 70 0 77 2 4 31 28 33 6 43 99 20 97 65 16 70 16 82 48 40 90 92 87 68 90 84 89 88 85 6 63 10 88 61 94 56 45 48 72 77 5 90 19 69 98 24 25 53 81 89 65 91 53 41 50 7 71 67 74 88 54 71 28 77 2 33 78 78 11 47 97 35 37 48 100 6 32 81 47 5 71 56 91 25 22 89 7 89 17 66 15 11 97 63 39 18 54 68 48 59 21 66 21 3 75 32 11 66 73 45 51 65 18 58 34 0 79 72 16 50 3 64 63 57 52 9 68 24 8 33 8 31 36 26 4 47 59 59 56 69 6 42 64 27 71 6 16 74 67 66 60 67 84 12 92 37 74 93 55 24
8 83 46 56 8 50 63 44 18 51 100 72 20 62 98 32 86 31 8 39 14 26 57 81 30 76 63 6 45 45 36 76 41 61 5 86 66 72 40 30 49 4 92 43 62 55 21 68 84 86 52 43 95 71 96 30 62 9 66 36 87 97 24 75 59 42 26 83 18 95 39 78 56 96 68 32 75 57 99 64 82 57 28 82 56 31 77 92 86 6 51 61 83 43 25 53 92 16 94 68 39 24 89 39 44 18 95 58 53 76 65 26 84 42 78 70 92 95 5 97 38 99 69 2 94 57 78 94 12 26 53 68 37 1 8 82 15 19 44 55 21 96 57 51 43 48 32 42 63 8 52 25 53 32 30 90 30 78 14 3 78 14 33 55 33 40 70 18 8 58 81 2 18 30 21 39 64 40 83 73 72 39 98 58 87 64 33 27 90 14 87 35 65 67 67 83 12 80 81 81 32 4 94 36 84 52 95 4 49 57 52 12 45 71 65 32 11 1 32 8 26 62 62 15 82 22 5 50 46 73 81 79 93 2 89 22 100 17 71 33 28 85 1 16 56 8 59 30 7 40 58 95 71 98 9 100 77 25 16 14 80 75 56 91 56 75 67 30 13 97 23 58 96 12 42 51 4 93 37 52 7 49 79 60 31 3 89 11 12 63 75 66 16 50 40 1 21 76 31 54 76 20 28 58 36 99 96 65 99 24 56 5 21 7 70 3 7 92 18 43 1 32 39 63 61 66 13 66 63 61 92 43 61 89 69 19 78 91 71 51 30 74 86 72 25 48 81 85 7 93 7 100 71 11 91 81 13 60 31 12 57 41 70 97 3 84 64 87 58 32 18 38 77 54 9 67 50 100 2 0 15 48 23 31 33 40 29 56 98 77 78 39 29 15 51 3 8 86 94 24
29 41 81 56 82 73 98 85 61 49 73 7 59 26 29 2 98 14 72 30 59 25 37 7 99 35 96 56 35 3 31 52 9 2 5 45 55 70 59 38 3 84 44 100 76 39 78 14 69 40 50 6 12 93 23 24 66 19 3 78 23 19 85 47 38 47 97 89 72 69 97 80 62 22 12 79 22 27 89 86 22 57 38 98 37 79 70 1 59 9 90 69 93 73 86 63 6 11 2 56 61 19 88 34 41 90 40 84 86 7 68 73 95 65 72 37 96 50 90 99 15 31 82 14 51 68 94 14 25 28 88 89 31 76 11 24 75 83 98 70 62 21 64 94 25 73 50 24 22 73 25 76 97 73 76 60 63 77 51 74 29 62 67 41 51 54 32 63 30 97 48 6 66 22 77 4 44 44 94 5 78 13 96 85 21 63 51 40 52 21 26 38 80 23 31 57 57 88 85 70 32 37 11 20 48 91 72 16 86 92 95 23 9 76 11 11 37 6 98 3 66 35 57 20 0 59 86 12 78 2 19 89 10 39 84 0 22 57 99 7 30 44 64 62 0 45 57 12 95 5 58 30 58 49 17 42 6 8 31 80 58 17 34 50 44 2 100 83 21 46 93 0 12 51 19 24 52 36 61 42 75 31 23 30 18 13 62 10 67 63 64 72 81 35 1 89 20 70 78 57 82 24 54 51 95 26 29 65 63 1 37 49 8 82 86 51 78 91 87 74 65 69 78 93 15 93 72 74 0 7 66 75 6 43 35 12 42 68 40 53 49 42 61 76 21 73 83 42 17 22 98 76 57 48 40 45 21 57 69 95 34 16 54 12 89 74 41 80 24 30 74 17 42 85 56 31 69 94 85 98 54 9 31 98 49 93 48 85 28 24 78 28 21 2 34 46 68 52 29 80
92 47 99 11 19 71 95 61 26 28 84 32 1 44 55 38 34 2 27 19 16 18 86 89 49 81 8 30 82 58 25 16 75 65 67 75 62 92 84 63 89 50 32 27 6 17 9 25 16 1 54 3 25 53 2 96 63 99 6 58 86 25 62 67 91 26 42 43 69 71 49 9 51 13 30 40 13 49 37 66 11 69 1 98 6 87 53 2 59 6 47 4 98 44 53 18 54 87 81 45 51 83 72 20 76 28 20 69 18 74 46 32 29 42 90 40 10 12 48 26 29 9 86 71 52 74 34 34 84 7 7 16 71 79 100 6 76 14 52 38 8 31 94 81 99 12 100 58 35 86 43 89 13 1 90 2 1 58 19 73 52 36 79 76 65 31 37 1 87 34 43 24 8 63 18 84 56 71 59 42 31 5 70 12 59 82 3 14 8 80 88 62 63 72 22 56 42 24 58 27 57 43 13 16 51 41 7 4 18 81 26 60 73 94 4 62 86 56 41 28 55 74 89 12 83 44 29 4 98 60 11 46 31 38 75 10 11 37 18 6 9 37 76 98 77 5 77 18 64 91 6 30 53 30 90 4 39 53 91 1 38 1 71 6 66 10 35 78 92 30 75 36 69 2 84 20 91 98 73 23 90 62 65 61 2 93 31 60 75 72 39 73 51 15 17 58 52 19 32 94 8 42 1 46 41 13 84 89 91 3 14 93 96 47 2 50 24 70 48 99 19 5 47 19 5 6 82 44 79 45 98 75 25 91 60 13 43 8 15 18 41 49 4 24 68 78 19 98 70 52 85 78 0 35 45 46 58 26 90 58 51 30 78 76 1 26 84 77 94 46 23 0 70 66 80 70 49 41 64 46 24 40 98 46 40 81 40 99 47 25 19 16 53 15 12 88 100 50 53 94
23 58 38 64 3 46 93 75 43 26 54 38 79 43 62 55 36 27 97 5 56 1 11 40 1 88 6 3 36 89 85 94 78 84 85 1 85 82 66 16 18 73 53 34 19 26 87 64 24 88 62 91 0 48 40 25 90 92 100 34 6 2 43 58 88 47 8 76 96 77 9 37 56 81 86 37 63 93 6 26 38 15 58 18 44 10 65 91 16 92 82 2 40 52 30 62 61 11 84 97 42 82 69 11 44 4 58 79 25 53 14 95 26 30 45 82 8 50 8 89 83 50 92 94 55 81 50 59 11 51 64 23 20 87 58 72 93 41 96 91 21 78 48 0 58 99 19 52 76 59 49 66 73 42 24 93 72 5 20 91 100 45 13 90 92 71 28 0 79 42 3 30 21 91 70 8 52 10 47 39 59 13 49 50 64 69 56 52 80 43 37 47 23 18 67 73 17 43 17 77 17 96 98 91 49 24 60 22 73 95 56 31 89 80 42 29 64 84 42 21 62 95 47 85 3 34 88 35 93 78 97 30 13 1 89 56 42 9 83 72 53 0 93 61 87 54 100 14 48 45 1 15 44 48 6 49 99 95 51 79 85 41 12 59 56 73 42 35 21 88 77 46 57 88 5 27 100 97 50 96 100 93 17 83 66 41 41 47 95 70 76 30 13 17 96 7 6 89 5 49 62 65 22 16 1 14 90 81 26 75 90 81 29 21 81 91 24 32 63 71 59 2 2 5 60 54 5 0 72 83 56 84 99 33 41 27 51 58 16 42 21 43 22 85 94 34 100 65 21 14 58 98 4 55 19 31 55 77 58 7 21 45 50 97 100 79 9 35 27 55 44 50 25 6 41 94 33 18 69 69 19 76 96 30 27 76 26 93 57 97 27 94 76 91 68 82 97 33 30 99
87 92 24 47 9 34 81 68 29 5 73 74 94 35 19 100 26 37 59 27 23 83 12 72 11 98 51 24 32 75 89 25 45 42 1 37 51 16 4 23 2 93 57 66 23 0 90 67 21 20 12 67 8 85 13 28 8 25 91 19 17 59 24 77 61 71 75 46 67 47 36 78 68 0 45 2 86 86 59 24 74 72 39 74 16 48 51 60 72 4 92 47 86 10 33 98 17 93 62 98 23 37 44 12 84 82 4 38 72 3 15 68 61 25 34 1 72 77 74 34 54 40 7 55 42 82 43 37 83 86 88 64 58 55 33 40 90 43 15 83 56 68 17 1 74 87 28 13 83 78 55 45 34 55 9 21 83 91 35 53 78 78 16 80 58 52 26 41 10 72 21 26 85 62 0 52 70 73 76 74 56 70 41 67 12 31 21 78 84 41 10 60 9 56 12 100 98 33 52 90 87 52 60 61 37 53 61 41 17 2 40 91 47 39 25 9 4 51 62 73 38 45 14 54 33 53 31 5 97 30 17 42 58 32 22 50 10 32 100 94 4 35 16 91 10 65 53 21 3 43 54 45 54 46 19 65 38 86 55 73 44 2 4 43 25 85 62 22 13 84 50 29 22 65 19 98 69 51 72 39 0 33 51 60 68 10 25 24 94 40 51 82 34 75 55 0 63 31 64 92 70 88 30 46 31 55 37 89 42 26 89 77 74 89 2 21 32 51 92 49 90 35 92 32 77 15 47 88 57 47 80 42 33 96 31 3 35 75 8 55 49 73 65 51 29 98 70 63 97 25 73 15 61 91 4 96 70 68 53 5 25 7 45 50 70 12 38 15 16 71 54 42 56 62 43 89 32 47 7 90 14 25 14 75 32 3 42 83 90 11 64 64 36 63 20 84 97 20 81 74
22 50 16 8 68 49 88 97 84 3 12 41 81 92 43 13 64 1 11 6 53 71 89 69 42 37 39 9 75 28 75 72 22 94 84 65 67 95 18 94 3 20 75 21 6 92 73 38 59 51 71 63 36 57 72 37 53 42 53 92 3 33 96 98 88 46 67 5 40 42 99 65 52 26 13 88 7 43 58 23 56 37 36 77 100 96 2 47 90 52 94 64 52 5 91 75 24 31 70 98 14 73 64 90 48 16 83 18 27 81 14 94 17 14 87 35 59 55 69 11 48 92 89 4 71 88 83 59 98 44 20 57 26 21 41 5 11 91 27 28 49 92 18 82 64 34 15 65 53 31 52 35 81 56 59 67 45 68 57 36 25 92 90 94 27 29 80 51 79 35 50 12 86 69 100 85 21 46 1 91 13 8 73 71 31 2 9 9 68 90 3 93 14 53 89 91 87 21 92 46 24 56 34 89 94 100 78 16 17 8 35 10 55 75 100 27 72 44 88 7 55 72 14 18 42 17 55 79 60 37 88 31 4 51 28 4 54 11 48 45 63 41 58 94 90 12 96 57 55 33 15 59 32 21 97 10 10 61 74 49 66 64 74 7 99 72 43 83 8 88 39 84 11 49 79 85 77 47 52 65 27 89 72 70 77 3 44 91 29 95 56 39 21 95 3 94 7 76 7 44 54 49 47 47 80 78 100 84 34 29 0 37 84 74 43 65 60 41 53 22 93 42 80 50 51 0 71 94 23 56 97 32 71 14 58 48 41 26 99 80 9 21 64 42 13 75 59 95 65 93 4 18 0 3 60 65 44 91 4 31 23 89 66 79 85 17 30 57 77 96 58 49 44 64 77 60 90 66 54 90 11 92 91 82 13 38 86 33 100 96 44 77 59 19 1 79 29 23 41 13
68 21 68 68 79 4 17 52 90 12 62 4 51 58 69 47 14 99 77 63 84 66 41 38 86 42 12 19 85 43 42 47 73 82 84 80 73 13 64 52 77 52 97 22 29 31 51 75 99 7 51 100 89 100 39 91 82 21 73 91 28 41 28 19 29 23 79 87 24 91 76 82 8 37 50 34 8 10 94 71 42 46 6 14 79 40 94 85 88 37 71 100 30 66 87 79 9 15 12 6 89 44 40 20 56 20 34 55 63 2 46 31 84 6 71 97 5 24 5 10 1 86 80 8 31 18 40 81 20 50 66 81 28 57 27 14 98 82 31 74 18 38 79 93 48 24 73 86 13 97 90 57 11 92 11 51 82 16 46 35 29 72 6 88 7 87 31 44 86 18 58 61 27 10 49 60 82 99 66 78 9 78 0 6 61 87 97 20 63 73 89 91 27 28 90 32 8 52 76 52 46 37 98 62 0 69 70 74 52 25 17 67 95 47 75 54 28 63 82 50 12 40 61 66 99 17 63 37 62 44 57 35 88 43 5 65 97 83 13 59 90 23 59 92 55 57 74 16 9 89 60 75 91 35 64 99 71 52 15 66 43 34 34 38 29 16 90 31 23 49 100 55 19 79 88 63 5 32 43 7 1 74 29 58 30 44 37 3 86 84 1 66 26 38 20 5 23 76 59 62 69 72 62 18 89 60 99 8 47 4 83 58 29 5 50 12 86 52 16 82 86 41 61 100 77 4 50 9 46 93 33 74 39 32 71 64 23 50 71 55 69 79 46 56 68 9 16 57 85 3 46 17 42 90 72 51 35 51 77 75 56 62 14 86 29 3 7 43 5 100 71 43 49 47 45 39 77 25 37 92 50 93 88 68 12 16 26 10 83 48 96 91 1 30 65 85 4 3 62 58
75 21 87 37 77 25 52 20 39 79 3 80 63 92 59 8 13 52 78 39 75 19 34 78 100 1 16 12 45 21 72 25 98 88 12 44 43 79 12 56 12 90 43 43 6 2 45 41 58 31 73 65 29 32 81 27 30 5 33 100 91 91 28 90 20 81 54 33 85 24 89 69 57 74 27 63 87 36 28 18 56 74 46 30 95 61 85 19 89 49 35 26 56 66 8 88 45 0 39 41 71 64 55 64 31 58 78 71 97 83 45 97 3 77 51 55 0 24 55 88 58 27 44 41 47 53 73 52 50 94 23 36 47 67 75 18 23 73 67 94 83 15 14 72 76 20 96 87 12 16 16 82 59 29 24 82 35 41 53 55 63 38 22 53 27 35 37 80 62 49 34 37 44 51 12 18 13 80 100 51 33 10 39 0 19 30 44 1 29 0 8 27 34 92 12 12 6 74 60 34 17 16 34 13 76 85 79 59 35 8 1 90 22 63 52 31 5 86 60 53 16 6 59 69 82 51 28 11 38 75 94 54 70 71 44 98 88 21 6 41 45 24 16 20 62 35 91 99 62 85 76 33 40 98 6 90 29 33 6 38 49 77 50 1 60 33 61 29 80 23 6 87 100 39 6 38 83 52 4 52 50 36 46 88 41 94 49 83 56 57 4 27 51 12 58 81 94 52 47 29 38 39 51 38 92 92 82 96 37 85 52 90 2 2 84 69 22 66 39 60 91 100 23 62 100 47 20 13 86 97 50 31 15 22 85 94 93 19 99 6 17 48 4 49 54 99 72 1 35 61 93 96 12 27 22 76 48 43 41 13 3 29 18 54 80 63 31 10 80 62 22 52 71 90 83 73 79 87 78 27 71 67 11 53 59 7 57 6 55 45 69 17 27 14 46 54 37 95 28 44
31 63 52 19 22 58 85 31 31 63 59 86 52 87 49 37 11 16 76 49 64 5 43 20 65 67 42 4 67 92 11 30 40 36 96 33 1 1 13 47 22 71 9 12 95 71 15 59 80 89 69 36 98 1 50 11 13 33 18 32 45 29 36 7 84 22 76 10 67 36 1 100 91 73 23 99 29 19 5 84 95 66 29 12 22 97 20 73 75 75 69 0 43 10 34 73 11 52 11 33 50 79 24 90 4 54 9 54 74 52 5 25 43 66 88 70 21 89 10 47 8 57 90 60 55 13 79 87 48 27 14 55 26 30 45 44 56 3 37 6 9 34 8 97 47 65 26 69 33 97 94 6 8 69 62 9 28 59 5 64 58 88 79 89 84 2 92 100 54 51 39 9 100 76 69 7 16 92 90 86 93 8 72 78 32 40 48 21 21 23 51 10 54 74 98 22 88 49 31 81 5 14 94 52 67 41 59 85 83 45 98 69 99 60 17 4 84 36 88 24 85 50 60 43 44 61 84 36 61 31 14 94 66 55 83 13 40 46 64 7 48 9 8 69 82 39 14 65 50 8 92 19 66 57 89 9 50 2 68 64 86 3 90 26 79 84 54 88 4 22 2 51 12 16 31 83 28 19 2 86 28 64 14 20 67 26 23 42 77 83 58 99 7 45 33 12 7 38 28 13 75 14 77 2 87 72 61 19 91 61 37 82 99 12 65 63 45 97 57 34 16 44 40 5 51 36 19 14 85 58 16 49 46 20 50 49 73 51 87 95 38 34 54 86 23 22 50 30 28 42 59 87 29 11 67 26 38 51 72 88 21 25 5 76 78 6 51 76 73 29 26 40 80 85 66 51 26 15 51 78 32 1 41 69 4 21 89 72 34 87 86 95 50 34 82 77 19 65 93 52
85 67 4 5 52 22 61 36 27 78 10 44 64 54 88 34 82 88 17 79 53 67 18 34 11 25 3 83 75 16 27 1 12 29 95 43 77 85 93 84 11 12 87 46 92 22 4 80 23 80 12 40 0 92 33 14 16 18 24 85 61 74 86 96 22 19 87 100 89 32 38 60 16 17 34 83 72 59 28 86 41 79 94 77 92 80 98 1 35 40 29 86 51 55 37 48 68 38 42 21 1 88 6 94 90 21 10 75 59 31 40 34 50 47 39 69 69 42 90 15 2 97 20 14 87 53 49 34 15 17 41 22 45 49 40 18 38 27 72 13 65 12 95 90 67 34 52 60 68 10 24 25 20 51 82 34 23 7 27 68 10 76 71 75 56 50 13 56 73 74 16 44 54 57 53 25 92 30 63 97 84 30 9 97 65 67 81 40 53 70 66 30 60 15 36 88 62 39 50 17 54 28 82 72 44 77 18 85 55 64 11 89 93 83 58 78 51 46 29 94 49 12 90 29 19 7 61 6 28 27 17 16 75 15 18 5 88 15 32 25 90 19 70 28 73 88 40 27 71 36 14 42 35 85 28 92 22 21 27 39 66 44 100 14 71 34 0 50 90 3 26 55 1 21 37 68 70 85 40 61 100 92 11 45 75 49 34 25 58 52 56 64 86 78 15 61 11 45 96 71 93 99 100 69 83 67 41 6 28 52 57 95 32 54 75 12 63 20 55 40 76 42 5 14 92 54 46 46 32 88 5 72 7 28 30 28 26 19 54 62 23 76 37 16 70 14 93 27 36 85 13 74 47 24 76 15 71 72 39 19 70 6 93 57 92 52 91 31 21 73 90 63 1 86 28 61 93 16 17 30 57 2 86 54 54 82 100 45 26 78 41 74 62 39 56 24 18 39 8 73
65 24 88 31 73 64 0 65 89 83 3 65 25 91 54 37 96 45 30 73 84 87 26 8 41 54 60 88 50 26 90 80 11 27 39 23 27 62 68 90 30 90 42 58 7 12 4 36 73 67 8 25 69 77 11 2 15 60 36 34 63 39 6 52 46 88 80 67 83 29 80 8 63 18 96 55 38 22 81 63 40 59 29 81 61 24 1 20 15 100 37 41 35 82 91 32 28 87 36 29 12 84 41 1 22 29 92 32 33 70 9 86 72 69 53 84 60 0 4 99 13 60 99 52 9 83 1 76 31 73 65 32 67 100 28 88 98 85 37 47 15 44 31 27 47 38 68 87 83 60 51 63 73 38 38 46 22 59 12 100 35 41 56 81 95 55 49 70 64 84 85 84 61 68 95 21 86 35 2 100 52 58 45 42 78 7 86 69 11 49 11 9 51 3 47 41 78 74 27 13 40 18 20 48 8 86 98 88 15 62 4 5 61 25 55 19 94 31 27 53 98 49 66 61 95 73 20 72 63 87 65 48 46 38 93 13 57 91 34 5 17 84 34 28 6 72 76 50 36 94 11 68 53 65 99 12 22 47 11 1 20 35 33 9 66 79 37 98 49 37 44 54 13 47 21 0 63 2 65 85 55 87 56 60 20 3 45 32 23 6 30 89 65 0 29 28 52 45 76 60 55 5 35 93 62 90 94 91 82 87 100 44 18 1 82 41 51 97 80 88 44 70 34 53 49 75 19 24 20 0 27 1 99 68 35 54 55 8 50 50 55 1 12 57 0 26 25 54 53 21 2 41 55 83 73 53 20 80 94 51 46 15 41 99 78 97 18 62 84 78 46 50 31 93 61 82 96 20 19 51 76 41 39 34 51 22 97 69 47 18 68 76 50 63 45 67 77 80 72 44
81 25 92 34 32 35 21 25 58 83 100 88 42 18 22 6 70 27 32 65 87 73 12 35 27 1 97 11 45 0 18 34 21 85 30 49 89 36 21 4 0 37 53 62 55 79 14 69 4 36 76 70 63 89 45 64 14 28 22 75 35 73 65 89 37 22 44 20 39 82 96 49 25 73 83 2 17 6 11 55 73 91 54 45 86 6 20 81 12 61 33 48 9 78 10 43 9 62 18 53 97 86 72 21 22 73 25 98 98 44 33 53 36 65 91 94 15 56 34 92 34 91 16 7 94 89 45 24 93 56 60 92 54 91 21 75 9 42 27 16 73 62 26 18 96 68 61 46 68 8 75 81 72 44 52 74 24 47 8 33 33 7 7 35 49 67 65 36 75 96 61 15 22 57 13 13 68 7 71 47 82 18 65 13 80 73 96 48 41 37 39 25 51 92 69 28 1 9 84 90 59 88 84 15 45 84 21 20 65 56 59 24 52 98 98 31 34 48 59 53 79 65 96 88 34 97 73 85 89 69 86 61 31 64 79 38 94 94 55 61 86 67 64 92 48 88 96 19 19 59 94 24 62 21 87 94 62 86 20 6 51 58 15 79 91 97 40 29 66 19 81 43 18 70 94 76 13 47 33 40 8 11 35 89 18 26 5 83 10 21 87 97 34 57 95 68 95 22 18 63 88 65 81 100 5 48 87 73 0 68 85 88 16 10 83 0 40 70 30 11 20 19 14 51 73 61 47 56 29 44 77 30 90 47 44 0 89 90 54 14 71 59 38 21 46 50 43 52 19 54 23 53 82 94 89 52 6 3 41 28 9 79 78 39 74 24 1 99 26 15 29 40 2 8 92 1 21 67 33 52 20 33 34 93 21 57 49 72 39 1 7 80 81 79 73 2 53 2 36 96
8 36 41 23 72 75 10 80 48 21 30 24 77 10 39 93 4 0 63 47 25 60 82 29 10 6 4 94 83 98 58 93 21 6 55 42 90 24 90 82 48 33 31 11 18 27 83 97 67 6 99 13 77 92 40 39 89 16 84 64 33 84 74 24 83 67 53 16 60 90 88 15 56 94 81 12 39 58 67 11 8 31 66 5 0 96 96 55 97 5 99 51 76 64 37 62 91 34 50 0 31 44 98 98 25 42 54 38 98 25 9 22 19 63 98 56 23 43 2 24 82 20 57 22 57 91 31 29 83 69 82 30 47 71 9 68 76 78 30 84 74 14 38 7 66 36 59 9 12 32 98 44 68 5 82 56 76 16 20 33 9 39 100 97 9 83 73 10 11 59 79 76 21 38 98 24 66 97 98 86 34 14 89 58 7 10 44 8 68 81 95 89 18 51 97 5 43 39 79 87 30 38 8 13 46 92 73 69 62 30 92 19 85 31 72 6 98 79 31 37 36 1 61 24 38 9 9 44 10 56 39 92 99 7 15 0 4 83 92 16 68 95 56 3 52 8 31 83 76 89 9 94 20 6 32 55 94 92 82 85 7 37 79 10 73 82 22 5 21 71 46 73 95 41 89 66 18 92 42 78 54 25 85 64 25 84 92 75 21 13 67 45 9 61 94 71 92 44 93 90 55 98 22 85 9 99 43 39 37 1 17 90 9 70 60 43 89 26 30 38 35 90 34 36 6 79 96 4 62 84 85 94 8 7 27 13 51 100 87 80 58 64 28 17 89 2 12 22 23 65 64 80 36 93 100 23 30 9 79 41 7 61 17 34 44 82 12 23 60 84 43 23 48 29 88 88 85 36 83 28 51 100 88 40 74 30 10 60 82 25 7 96 45 89 1 67 89 27 56 9
3 38 47 48 38 23 9 72 66 28 79 23 68 34 80 21 82 16 35 53 69 91 1 63 60 0 49 6 34 49 87 85 1 55 86 52 83 98 6 58 54 82 89 96 55 37 66 97 9 59 53 24 89 5 1 84 33 51 15 74 67 74 30 100 90 36 49 87 95 97 84 18 82 83 75 18 46 81 65 96 61 5 70 61 98 67 54 52 98 100 12 25 30 46 6 30 30 32 68 100 91 17 23 81 81 99 12 78 41 14 30 79 70 11 28 86 21 37 62 66 60 55 69 31 47 78 13 87 27 54 95 83 61 89 86 92 77 52 33 5 4 81 28 56 88 29 46 18 49 66 25 76 77 52 43 58 19 78 66 66 67 38 43 40 31 60 62 75 82 5 75 71 61 89 84 86 66 30 21 48 82 58 65 96 28 8 47 91 99 0 40 5 74 62 14 87 100 89 26 47 25 99 93 83 71 34 91 11 86 93 60 88 93 57 64 3 44 22 23 2 8 43 47 82 90 22 46 20 87 68 83 0 16 13 22 27 75 77 65 47 97 59 31 97 16 39 96 75 52 37 12 76 3 89 4 48 22 0 60 98 29 28 77 81 55 15 67 59 53 50 25 26 28 0 62 73 66 26 10 89 56 94 20 55 47 16 80 25 90 44 22 5 36 83 63 93 61 30 34 33 33 69 74 32 83 82 61 60 2 56 79 12 1 86 30 79 99 72 26 33 52 90 84 29 8 63 34 77 26 65 34 37 19 69 7 61 46 73 48 81 28 13 10 54 46 99 42 76 5 42 53 33 80 42 72 12 63 92 79 3 26 90 0 43 32 96 40 67 35 91 88 19 36 33 55 92 38 80 15 10 67 22 24 20 95 66 24 72 98 23 2 39 22 32 75 60 72 39 82 57
11 78 77 11 80 64 65 36 14 56 38 1 77 52 13 36 38 19 24 52 87 66 62 85 36 43 70 0 54 69 34 45 100 21 79 27 28 34 28 65 77 10 94 7 90 27 70 15 73 49 34 54 54 70 90 26 52 31 9 43 20 84 16 90 67 9 57 95 65 63 25 41 61 29 48 38 54 24 39 68 2 57 80 17 75 72 4 59 12 22 62 47 92 88 89 24 58 83 91 60 65 20 44 81 83 11 54 47 3 93 70 90 8 27 88 7 71 16 71 35 0 14 79 64 9 57 30 85 29 69 24 83 68 13 45 40 70 14 13 78 80 4 76 22 43 91 59 99 51 93 69 3 5 92 40 87 83 89 90 5 31 71 88 3 76 24 99 74 2 96 41 24 2 74 68 27 52 62 26 89 48 7 50 19 55 35 73 57 53 13 71 50 93 87 14 97 83 71 24 29 86 32 36 74 59 9 52 12 80 32 72 84 12 92 100 35 66 2 25 49 51 89 33 91 49 12 84 77 88 41 13 85 11 97 72 66 66 80 44 74 78 2 65 30 40 40 15 27 33 21 17 32 100 42 72 24 82 94 57 41 10 4 66 78 88 56 19 37 93 7 86 19 73 30 99 44 54 60 92 96 88 30 94 83 14 74 97 20 46 57 87 71 69 71 21 16 47 46 69 77 20 31 80 29 19 47 68 10 31 78 57 11 72 15 37 37 44 14 19 75 40 94 97 28 99 60 39 39 56 24 36 72 87 82 4 84 67 69 13 83 81 9 65 74 0 46 49 72 89 54 48 49 45 69 78 25 17 90 44 68 84 31 3 96 51 86 94 63 37 80 21 60 75 14 62 65 0 48 3 87 62 14 92 42 87 37 16 9 90 74 6 4 8 87 59 38 97 43 76 16
23 55 78 94 8 80 14 36 55 34 96 53 50 24 50 59 59 51 98 4 61 70 93 59 27 30 63 90 9 2 75 84 10 65 50 5 49 73 44 62 21 46 26 66 96 47 97 50 100 55 90 14 57 34 66 87 71 86 70 50 65 74 39 80 77 25 71 11 23 84 62 38 93 82 29 36 32 49 8 44 96 73 50 39 48 62 92 67 33 95 38 66 60 31 7 72 84 90 38 1 73 52 21 82 94 60 79 51 51 18 9 67 81 12 48 52 26 13 75 29 7 57 12 71 59 3 38 2 84 90 69 15 10 95 45 94 33 18 68 20 19 55 55 100 24 65 33 42 82 41 68 9 5 1 56 40 99 89 61 36 22 72 44 46 5 46 51 59 81 41 86 29 57 27 98 25 11 21 54 3 94 55 94 87 10 72 30 77 80 99 100 29 70 78 90 43 28 12 56 94 58 47 46 26 65 12 100 5 18 45 26 11 54 45 75 9 52 61 82 23 2 83 13 70 88 71 91 33 29 52 89 4 27 45 21 6 29 34 53 11 21 25 84 28 78 93 64 85 90 54 78 86 88 72 96 74 0 59 62 30 22 29 77 82 61 60 20 28 51 78 70 51 99 97 23 80 42 20 64 65 38 89 38 64 8 74 65 63 8 45 86 77 3 98 57 63 71 80 45 8 3 53 12 96 76 71 88 16 45 37 22 44 43 4 70 26 16 75 6 79 86 64 22 36 71 44 66 86 6 22 57 55 42 96 76 37 0 33 28 40 21 60 16 92 93 30 69 96 87 73 69 57 58 86 17 1 75 94 42 61 44 21 25 36 6 1 46 79 44 52 29 43 28 81 43 47 61 93 57 23 100 3 28 74 99 5 88 7 18 9 80 2 7 10 1 74 2 96 8 83
42 59 19 53 95 83 80 87 66 40 47 5 98 95 50 86 51 86 87 92 4 94 88 18 26 1 60 93 96 90 88 29 20 46 54 18 60 99 17 14 52 31 46 69 94 54 74 58 5 85 71 2 43 6 43 92 64 7 26 81 37 78 84 50 68 90 13 41 78 27 96 28 87 86 54 78 31 64 88 12 79 37 100 77 85 5 66 73 68 44 45 17 13 91 74 64 47 90 2 55 59 83 68 13 65 37 94 36 67 35 85 27 92 42 4 22 0 97 35 34 6 29 68 97 21 15 32 30 31 2 45 69 87 96 33 60 20 29 54 5 29 74 49 23 5 16 69 33 0 24 90 99 78 26 48 26 34 34 39 44 83 85 64 53 84 19 10 95 63 34 85 48 97 62 34 37 72 61 99 2 17 85 46 49 98 98 57 79 29 80 50 58 77 70 42 67 84 3 1 22 14 48 33 16 1 25 47 71 23 8 87 39 32 22 39 8 44 84 52 24 45 86 42 67 65 63 26 67 81 90 90 81 42 17 11 42 96 10 66 41 35 60 24 77 89 77 87 9 92 85 24 59 67 20 92 15 48 87 43 45 40 66 35 69 64 39 39 43 47 47 48 22 28 0 62 11 35 66 72 12 66 4 46 69 13 100 43 51 71 29 91 9 31 16 29 71 13 67 65 96 31 39 22 28 27 2 93 81 62 37 83 12 54 75 88 7 24 46 8 65 57 51 62 26 40 80 68 27 93 80 30 30 59 18 5 3 65 9 5 11 10 2 46 19 41 8 74 30 50 78 48 4 51 73 76 12 20 53 60 68 76 29 80 12 18 46 67 64 75 82 33 84 0 86 89 40 63 11 30 50 19 13 91 100 35 31 46 89 86 18 44 40 23 6 51 68 9 8 46 62
94 40 97 7 6 24 37 74 4 43 25 45 21 40 79 13 7 37 59 37 5 57 34 79 57 71 82 20 28 80 35 42 83 49 82 40 53 74 40 59 36 1 39 73 57 61 51 85 19 26 4 36 26 13 59 27 31 79 26 34 44 65 41 78 75 78 21 33 76 93 74 17 69 92 76 10 18 40 44 89 45 73 8 61 97 83 18 18 16 41 32 70 16 96 30 83 67 57 18 60 26 71 59 30 100 53 7 6 35 37 16 95 11 91 59 99 44 26 55 90 57 63 6 34 27 24 74 18 51 48 77 67 39 2 13 86 81 45 45 14 33 11 33 24 56 27 87 15 26 66 73 13 49 50 34 36 7 47 76 37 53 8 63 44 90 29 10 54 8 35 91 46 3 52 64 98 36 41 5 24 29 43 45 39 65 98 15 73 14 86 11 56 82 56 71 32 12 32 70 82 96 49 87 83 72 91 18 96 23 94 85 45 15 30 57 15 20 14 39 31 12 7 45 50 13 78 55 60 79 57 9 44 88 10 38 36 9 57 21 39 4 43 71 14 41 17 27 67 91 44 51 21 53 61 75 67 13 39 76 2 58 3 41 40 16 97 44 79 98 93 21 63 9 55 19 94 4 80 79 52 51 47 78 88 9 8 63 91 92 8 70 51 91 33 24 78 1 21 52 93 62 65 14 56 3 64 78 44 6 6 14 44 58 47 22 91 22 74 15 20 53 84 91 19 14 67 30 61 5 96 67 36 62 18 73 40 74 91 21 55 56 34 100 72 46 70 86 26 94 7 100 61 35 70 84 28 11 68 82 49 40 93 54 55 28 85 92 99 40 92 10 82 1 58 62 41 51 19 96 21 60 45 46 56 47 87 77 38 32 0 66 17 19 73 30 62 52 87 88 23
29 60 14 98 83 10 0 61 21 84 49 87 3 79 4 1 75 75 90 79 68 79 43 74 47 21 18 44 81 96 12 50 78 80 80 30 69 63 58 68 66 89 22 82 68 27 94 68 33 10 12 91 87 70 12 64 51 6 80 91 40 9 81 38 65 7 40 63 88 89 16 51 5 28 34 51 47 11 9 26 46 93 54 44 29 20 77 83 98 11 28 34 2 23 63 60 2 0 99 72 59 22 3 94 42 11 40 96 100 61 24 96 94 92 32 71 48 18 76 4 94 7 23 83 41 52 88 58 5 77 42 85 28 72 4 56 94 63 19 77 45 16 39 49 17 76 47 95 48 34 52 72 51 41 24 30 82 80 66 2 12 98 18 36 81 28 78 73 85 92 55 59 48 100 30 94 51 60 18 5 66 56 43 90 53 10 77 0 91 19 1 11 23 73 38 95 33 36 84 33 59 35 35 71 17 0 73 15 58 80 16 11 33 56 82 51 13 54 48 89 77 94 68 29 58 69 56 67 75 80 8 27 83 85 63 70 80 32 30 18 13 7 7 36 18 53 51 40 12 74 24 4 16 34 52 61 51 32 36 84 9 52 27 42 98 34 17 13 12 65 67 13 56 54 69 29 94 12 87 62 45 53 70 14 42 19 36 68 19 67 41 87 72 34 74 82 12 21 57 28 17 60 31 83 21 45 23 8 47 59 81 16 83 84 31 15 82 56 99 83 73 62 14 45 89 48 74 8 46 73 75 81 55 24 89 48 12 30 46 98 79 66 61 53 73 40 29 7 43 99 0 39 89 41 0 77 49 90 61 26 44 96 24 65 47 75 67 96 40 48 56 66 56 89 33 66 24 39 72 78 79 58 65 3 95 80 59 21 43 75 66 54 71 59 42 93 24 96 81 12
36 38 73 64 16 94 12 91 79 18 89 49 82 43 41 77 62 67 2 90 64 73 49 21 11 68 4 77 89 85 27 50 29 69 60 28 80 58 18 43 34 12 51 47 53 98 51 45 42 30 59 94 42 86 9 7 81 16 99 21 50 10 65 36 17 31 0 3 15 98 23 80 93 78 23 39 41 28 58 21 65 45 21 49 40 99 6 88 27 16 71 95 78 8 80 75 51 0 67 55 21 2 42 23 8 27 87 82 12 23 86 6 33 90 54 60 18 97 69 49 79 11 22 92 64 63 83 56 62 70 33 47 7 85 50 38 44 33 67 72 79 43 64 20 23 89 8 41 7 40 7 96 31 86 68 66 54 47 91 79 92 29 11 84 95 14 52 64 22 75 13 28 22 50 26 43 6 12 38 5 67 74 64 3 86 90 9 68 88 57 93 44 20 12 89 11 68 10 99 52 61 31 23 47 0 24 81 16 73 29 95 71 39 12 98 6 39 17 43 77 44 21 45 77 20 22 18 5 86 58 65 41 95 93 23 65 59 9 88 21 67 94 20 21 30 82 96 42 35 31 81 47 59 22 67 36 92 65 72 33 17 11 86 11 76 77 40 77 3 73 69 66 52 75 35 16 26 63 54 53 46 11 86 52 47 61 75 90 20 83 19 51 18 58 7 88 5 22 73 21 70 76 65 81 62 15 40 15 17 13 12 74 11 28 24 41 14 25 82 22 74 26 34 85 22 0 49 21 13 1 37 32 55 22 33 69 95 66 73 18 71 45 2 5 83 46 67 70 59 61 88 44 5 41 47 98 61 87 31 6 28 4 16 60 3 56 94 100 7 90 26 58 95 65 83 20 61 73 95 13 67 55 95 88 28 96 47 9 60 39 49 99 25 73 25 13 25 25 44 24
73 71 38 74 62 52 62 73 40 27 3 33 36 69 45 21 13 0 75 13 72 48 6 44 66 58 47 70 66 15 1 17 7 69 32 51 58 81 31 25 3 48 54 84 82 60 30 51 86 72 73 79 6 25 97 0 61 33 77 8 67 48 93 52 14 31 36 15 91 90 66 73 32 34 9 76 64 47 38 42 60 59 74 91 43 28 18 32 44 96 69 10 73 14 91 10 55 52 52 75 50 90 46 0 45 14 3 64 59 93 29 89 10 93 64 24 4 91 7 68 12 53 71 40 83 21 43 11 96 8 6 1 0 28 23 96 80 8 70 27 81 60 2 52 99 66 90 91 98 61 16 67 42 80 54 73 33 84 2 49 47 84 52 21 99 44 93 46 72 66 17 63 49 24 55 36 62 38 22 35 60 51 42 24 87 28 52 46 49 28 80 46 99 61 74 54 96 17 23 29 12 13 90 2 83 7 41 74 40 66 59 93 93 32 24 59 75 88 98 82 35 34 55 82 16 75 38 74 48 93 21 13 41 0 46 88 9 17 71 68 86 67 50 99 47 1 11 4 36 29 74 36 46 38 65 5 30 69 52 98 52 80 73 81 10 90 6 26 47 20 74 18 37 53 100 79 56 61 2 29 0 42 99 46 44 18 5 45 91 26 96 73 36 47 19 86 79 62 56 35 6 2 26 69 3 54 77 86 41 13 29 48 42 7 90 33 97 88 55 25 70 96 25 93 10 42 13 22 23 47 62 38 16 5 34 45 99 25 89 44 91 81 11 70 70 7 7 52 3 18 11 73 95 0 6 44 93 56 57 9 78 4 95 96 60 28 28 53 68 91 26 30 63 63 40 31 46 73 63 21 90 60 56 30 86 44 1 93 97 21 66 90 50 15 89 21 2 16 75 93
79 23 59 3 15 32 27 5 64 95 30 3 35 26 12 40 6 16 78 56 40 77 55 100 60 1 88 84 75 48 83 66 28 40 33 63 0 4 67 98 52 65 77 23 64 56 1 67 51 54 71 13 18 19 83 63 60 18 87 87 18 11 66 3 95 24 47 19 52 13 87 90 5 45 94 24 31 76 70 100 39 4 64 45 50 44 68 39 58 47 9 80 92 34 74 77 12 64 11 50 45 83 89 23 41 79 64 80 43 15 60 73 29 95 95 22 100 66 69 6 54 4 7 96 99 39 65 45 99 22 0 28 85 92 69 15 51 64 63 8 4 61 91 6 30 0 49 64 13 29 12 90 64 29 73 72 82 100 92 62 3 100 74 22 21 26 21 93 67 83 0 71 45 62 96 62 14 68 51 93 69 75 18 13 56 36 70 62 33 26 0 64 65 27 35 94 24 85 86 99 77 27 27 83 12 46 86 49 57 39 65 63 15 9 43 28 87 61 32 49 2 28 89 84 28 71 83 18 99 100 77 17 35 75 3 39 72 42 63 53 98 90 99 91 17 39 18 35 17 47 40 62 19 58 74 38 1 59 98 16 89 56 72 86 48 9 39 94 31 9 16 35 78 58 60 51 32 5 1 21 59 79 28 30 9 77 77 58 76 100 8 18 83 88 79 7 31 95 62 25 36 0 12 82 2 30 68 29 75 70 34 12 75 99 72 52 47 97 72 7 14 98 42 88 93 25 96 26 75 81 66 46 26 42 46 12 11 72 4 62 84 86 3 39 76 81 53 84 78 100 100 98 26 32 82 33 4 36 71 58 97 22 66 36 1 48 33 33 84 11 53 56 84 36 72 73 17 48 55 54 39 9 63 64 82 52 47 20 59 79 44 47 42 44 22 100 98 93 16 41
58 48 80 19 15 37 20 52 53 59 32 72 33 62 7 81 62 57 93 35 11 99 29 48 87 53 94 85 86 43 66 73 46 58 51 29 3 43 24 92 30 25 52 99 70 53 46 58 11 71 12 39 66 93 35 52 40 68 80 32 12 21 11 95 45 50 24 13 91 41 73 53 17 34 7 4 8 17 39 42 55 85 9 86 94 45 6 83 17 11 3 70 16 94 74 38 62 91 61 91 5 6 6 97 87 93 16 94 39 99 86 48 98 83 49 53 81 90 46 95 89 39 8 19 48 25 69 37 21 74 56 22 32 10 8 94 4 41 70 10 81 14 14 82 47 51 74 68 20 58 78 61 71 82 58 3 24 65 69 8 87 59 4 82 8 0 66 44 100 91 26 46 31 14 2 60 12 82 46 98 66 45 2 13 30 75 97 71 20 71 29 24 34 79 15 17 1 61 46 17 90 66 86 13 62 84 61 83 87 75 51 13 83 91 84 99 93 19 73 5 33 70 30 59 65 50 95 89 24 34 3 68 33 62 98 93 36 17 5 28 36 98 89 27 92 45 90 37 97 78 12 63 61 48 79 31 68 3 26 6 91 40 6 90 83 4 4 18 19 48 10 5 61 9 54 50 2 1 10 36 0 75 59 12 29 71 36 65 8 74 79 20 59 22 66 100 8 17 98 89 58 69 34 80 28 89 14 67 98 78 37 2 93 60 46 63 85 6 22 6 87 37 16 37 20 96 36 20 7 74 77 1 38 47 58 27 36 11 87 100 97 53 75 5 74 93 16 89 81 8 51 0 90 52 42 39 77 43 62 73 91 9 81 81 14 23 70 40 95 60 7 31 86 61 34 88 41 79 77 76 78 83 63 37 16 39 36 27 69 75 80 29 46 34 78 18 59 97 27 82
76 78 23 86 23 38 38 14 96 30 80 27 38 98 34 72 97 31 8 97 68 29 92 57 43 84 15 27 1 22 83 77 70 24 62 85 44 8 19 72 51 83 99 54 86 50 96 65 77 21 80 8 23 86 70 4 96 54 16 77 10 80 5 91 14 90 68 35 66 10 87 42 98 70 38 40 17 100 14 55 81 28 28 46 26 66 49 51 100 5 61 79 66 81 38 8 54 14 8 81 36 94 78 61 8 70 30 13 83 61 48 59 95 69 72 66 45 94 44 88 78 68 33 66 74 64 64 99 57 97 23 21 63 94 14 7 5 22 96 54 40 0 12 68 59 24 21 98 3 9 94 14 67 65 46 61 75 6 41 19 38 21 43 66 97 24 62 24 37 68 16 81 13 87 16 1 72 38 93 73 46 5 76 26 4 53 24 49 46 35 24 0 41 1 18 100 60 30 71 95 81 98 68 30 12 79 22 53 13 6 37 83 41 21 59 64 13 37 73 100 4 28 93 32 8 67 78 62 13 71 37 5 42 82 38 29 71 33 73 83 98 26 5 80 15 57 76 21 50 12 8 36 52 52 52 41 5 81 24 5 25 80 85 98 84 73 5 70 83 61 58 14 64 54 54 66 11 60 10 96 76 49 52 15 37 47 52 34 52 86 62 60 12 19 79 77 64 77 10 23 65 79 95 27 85 36 37 56 57 24 31 97 60 95 81 25 69 34 10 29 39 75 26 14 50 52 94 95 83 29 93 45 52 24 62 47 14 57 64 23 97 1 16 33 77 72 73 43 80 78 36 51 88 40 26 43 38 76 89 25 63 27 57 24 56 99 32 97 29 31 93 67 88 57 34 8 70 54 56 78 17 78 6 92 33 40 49 59 34 33 43 97 61 45 54 95 69 87 70 94
61 6 5 79 38 64 74 4 7 17 49 69 7 4 80 48 83 58 99 1 24 50 36 27 35 4 20 76 14 2 38 81 100 79 86 10 52 21 42 96 36 91 53 7 4 44 53 87 78 20 99 32 8 28 20 44 4 2 3 87 27 17 62 50 2 24 96 74 59 61 11 45 35 58 69 44 30 52 14 72 42 88 86 88 71 45 6 62 2 95 20 46 11 59 46 55 25 38 84 43 64 97 9 13 61 72 66 68 89 2 25 24 13 65 84 24 85 26 95 10 10 26 13 26 43 25 45 21 47 22 3 13 14 2 53 100 4 61 47 12 13 95 26 56 50 54 65 60 31 21 100 55 51 36 0 78 57 49 96 24 82 68 84 82 19 69 84 53 18 45 80 26 5 92 34 89 20 99 79 19 32 93 14 35 61 64 28 30 39 80 97 37 93 49 97 93 53 47 31 24 34 98 58 1 58 11 55 51 6 97 28 2 24 95 94 64 32 6 84 28 3 58 85 22 98 69 57 9 27 53 21 65 18 67 91 89 65 36 4 5 13 57 80 41 82 14 5 99 93 90 18 8 39 11 89 30 16 71 66 58 78 9 43 10 59 38 39 35 1 91 22 95 11 49 34 88 26 94 77 41 21 98 10 41 54 59 19 8 40 60 72 99 4 43 55 85 44 24 45 8 11 3 63 13 36 73 90 36 5 82 15 26 33 82 91 17 49 51 49 19 33 94 28 60 84 58 33 84 16 4 64 39 81 23 31 28 100 30 66 74 21 78 17 65 69 54 11 36 82 47 42 72 87 38 69 53 62 14 71 63 20 15 87 46 84 67 95 54 15 63 66 5 50 58 22 2 5 40 65 5 75 42 49 67 55 33 80 92 4 29 73 39 91 58 74 2 36 54 27 45
58 7 4 69 42 8 11 29 27 98 23 5 10 11 76 98 60 10 18 68 46 58 65 11 88 38 60 63 12 34 45 40 13 47 93 48 47 12 77 41 24 14 64 63 74 69 27 72 44 45 79 6 46 94 77 4 83 48 17 39 71 37 2 31 5 52 4 3 14 81 69 98 65 51 7 71 37 36 18 96 2 1 86 65 51 71 33 74 15 33 71 11 75 1 31 65 13 62 94 8 14 62 18 96 44 55 73 27 72 75 93 52 55 65 11 20 87 39 34 29 59 24 59 7 34 31 39 11 78 29 49 87 94 81 78 56 12 22 91 92 44 46 73 71 33 14 90 54 27 61 88 95 65 77 14 50 65 60 99 70 52 72 84 40 95 92 10 23 16 80 5 76 39 44 85 14 48 88 35 16 52 43 28 61 73 94 26 68 26 84 58 32 5 88 44 100 73 59 8 30 60 37 68 73 48 75 40 6 73 50 86 23 86 36 18 14 37 84 48 98 46 22 76 62 86 27 58 38 19 15 12 51 58 44 56 8 38 78 2 29 95 9 17 99 40 90 72 85 18 66 13 48 60 36 54 65 33 45 73 29 9 94 40 79 42 65 2 95 12 13 44 93 27 34 30 77 57 70 31 63 19 86 82 15 46 35 61 22 97 52 79 32 5 94 50 3 66 18 14 95 82 33 100 24 5 94 31 85 96 61 68 5 36 19 75 56 93 5 33 40 61 55 78 1 25 32 45 69 4 43 94 98 0 11 15 39 77 15 46 75 72 66 97 15 18 25 29 72 23 78 22 44 59 100 7 99 90 85 37 94 71 41 62 82 55 55 51 65 19 4 65 97 92 52 68 47 74 90 30 34 73 63 33 77 93 30 97 87 47 41 37 70 99 27 53 75 41 83 19 49
20 23 16 28 77 92 84 12 7 7 98 66 68 4 22 27 28 61 39 75 80 55 83 12 39 87 43 94 8 38 75 38 35 54 70 42 71 43 59 69 81 40 36 60 28 73 14 2 53 34 11 54 68 27 4 19 29 60 67 63 22 16 89 87 37 30 73 25 15 65 58 76 72 83 76 8 79 5 99 47 6 47 28 77 94 50 18 49 100 75 89 73 73 22 95 1 77 51 57 24 37 71 88 74 26 40 68 33 24 60 37 0 74 96 61 41 4 34 85 80 55 54 95 25 95 10 77 53 78 83 61 50 16 98 80 90 21 19 48 28 50 40 17 6 86 84 53 68 66 85 41 30 25 26 99 63 46 38 97 35 8 74 28 91 30 7 23 2 63 71 29 39 3 41 64 16 96 1 43 44 94 72 7 86 88 32 16 65 16 89 71 55 15 0 23 97 58 40 52 37 53 17 67 41 34 63 59 50 59 89 58 52 59 17 37 92 32 53 15 63 14 84 27 0 17 15 50 94 9 51 48 7 27 68 61 30 21 87 43 62 0 45 67 89 87 8 60 11 37 3 40 56 36 94 63 68 24 10 98 82 44 57 61 99 86 38 19 96 22 84 98 84 39 46 11 82 42 0 84 37 88 75 85 27 70 41 82 15 15 81 83 37 33 64 90 1 53 81 66 6 7 48 88 48 74 26 37 42 91 29 12 69 78 79 83 14 84 30 4 71 46 12 48 70 14 41 46 51 92 88 15 37 25 54 74 12 1 61 24 98 55 81 22 82 27 99 47 49 10 70 86 14 33 6 55 55 79 42 65 93 44 15 21 8 46 32 13 47 9 25 71 9 17 67 9 26 45 87 94 5 36 72 20 82 90 57 92 38 79 100 82 44 15 66 51 85 22 39 16 16
25 50 48 18 8 85 16 60 6 28 66 59 31 87 32 35 31 7 22 72 32 61 63 55 17 5 96 0 31 91 70 61 15 0 31 34 39 71 4 12 53 98 45 19 64 33 99 47 5 75 86 12 89 96 59 29 21 36 90 71 73 75 70 33 17 51 83 72 39 48 84 20 31 42 9 5 99 32 25 5 95 38 69 49 59 64 11 46 97 70 63 94 74 96 62 94 29 54 81 87 16 98 31 14 5 89 61 71 5 73 36 96 9 46 10 63 76 95 80 89 58 86 84 32 40 92 51 80 54 72 85 1 29 19 62 67 0 17 28 34 33 95 91 99 29 77 31 80 41 92 13 89 70 47 59 46 86 13 30 89 1 63 15 43 64 24 25 98 53 26 10 75 37 19 94 76 61 25 67 26 63 15 46 50 1 90 93 47 54 73 7 7 78 16 86 57 9 9 16 43 75 72 68 32 80 51 5 19 97 76 3 5 26 47 82 50 71 8 39 59 85 49 25 49 41 61 8 33 64 10 92 29 53 96 49 48 88 1 54 98 12 38 14 90 65 83 90 46 94 90 11 51 9 29 81 10 34 64 66 26 52 81 59 90 23 65 48 55 43 35 42 3 65 44 5 68 31 9 65 78 31 18 85 93 68 75 31 17 30 67 71 2 80 44 6 62 95 59 50 85 10 73 56 72 49 45 74 40 91 57 68 77 45 14 87 63 29 85 49 55 50 40 19 1 99 10 89 14 100 35 61 42 83 61 59 77 22 24 89 9 55 44 76 92 43 53 88 51 95 7 79 100 66 24 45 34 33 34 99 60 3 67 5 56 28 95 27 56 95 97 43 63 68 71 17 91 74 62 0 80 58 75 56 96 82 43 6 55 36 11 65 55 24 100 98 62 32 52 42 55
29 13 67 80 62 68 48 90 34 58 29 24 86 42 22 74 34 90 41 80 74 52 61 70 78 33 100 16 32 0 85 31 64 56 77 81 67 88 12 32 25 83 24 72 76 81 7 20 78 96 50 96 7 87 15 45 79 63 20 22 44 55 56 29 80 58 93 37 31 43 82 51 59 2 31 66 42 18 63 75 92 38 11 77 5 54 78 24 93 14 24 73 97 74 24 28 93 24 60 13 18 55 37 10 57 91 94 19 48 78 98 31 34 53 70 43 73 19 46 94 24 53 39 23 37 80 14 41 54 27 23 60 15 53 84 15 36 82 55 36 37 79 27 6 40 31 7 89 30 75 83 73 55 8 17 25 25 47 55 2 43 8 32 8 48 66 4 29 23 96 42 16 80 66 74 6 90 69 70 90 100 39 57 61 13 22 34 72 34 92 67 76 16 58 4 21 59 53 66 44 11 75 30 61 31 96 66 63 48 40 6 70 90 3 43 34 59 38 40 0 13 68 58 56 75 24 75 6 34 47 71 78 43 68 100 30 40 68 1 61 80 73 53 66 35 3 100 71 72 87 93 62 69 59 1 94 97 51 64 82 58 88 24 40 35 82 68 51 75 1 38 79 65 42 42 64 67 0 92 48 76 40 88 10 96 19 33 95 98 95 69 73 97 64 10 46 64 68 20 98 26 44 46 89 62 81 42 38 95 84 82 5 23 62 68 42 16 99 61 61 42 10 39 66 75 18 88 81 22 84 72 0 13 74 71 40 4 22 50 65 8 37 64 1 48 29 76 88 45 37 25 11 13 98 79 97 43 53 6 63 70 53 17 94 64 63 3 21 52 17 84 73 6 18 93 80 20 37 95 29 9 99 32 62 64 17 96 60 15 91 5 25 37 42 59 27 65 27 11 68
47 35 17 87 65 87 83 43 70 23 25 48 53 72 88 10 22 16 77 65 58 67 62 54 64 23 55 48 14 36 10 62 40 24 47 88 17 50 46 78 87 25 71 53 23 81 9 95 63 2 50 60 39 84 19 14 6 7 76 35 38 45 4 83 94 10 55 17 54 96 20 26 47 54 48 48 4 75 19 44 91 34 94 17 67 17 90 45 60 69 25 69 32 57 63 79 34 1 24 36 20 98 8 30 63 60 94 55 59 78 42 56 75 8 98 28 42 83 79 38 94 32 16 56 12 73 61 93 48 78 85 16 46 71 4 10 59 76 48 99 49 79 37 92 72 5 81 73 82 15 47 21 41 13 32 3 41 42 82 46 83 33 52 48 60 96 19 76 80 34 11 37 95 25 81 77 46 29 10 83 83 75 57 54 1 98 77 11 40 62 24 25 98 9 90 3 69 23 88 34 35 30 96 87 59 63 41 66 27 50 92 23 3 28 82 24 97 63 98 92 18 29 62 11 65 90 27 4 30 65 36 9 8 91 51 92 7 19 5 52 78 95 51 23 39 30 83 22 19 57 83 42 99 88 51 0 70 32 48 40 22 86 26 83 76 34 57 13 71 11 83 39 47 96 66 94 40 12 95 37 90 3 11 21 65 93 35 8 77 12 28 82 49 62 85 75 4 75 1 45 9 56 61 27 51 28 75 21 85 55 74 19 2 100 15 27 6 59 88 63 59 6 43 33 1 93 39 87 12 79 65 54 50 29 27 10 43 51 19 9 99 89 40 61 2 33 4 6 5 34 95 97 15 68 92 52 99 94 32 61 89 2 19 78 39 90 57 35 83 89 32 23 3 87 50 35 34 17 44 58 36 73 2 17 78 50 41 78 19 12 95 84 37 20 98 52 94 52 88 45
28 42 5 77 48 15 5 4 47 40 34 68 66 26 18 26 71 94 46 4 98 58 19 68 78 78 43 22 14 28 96 50 69 38 93 54 71 48 4 78 75 75 3 88 1 35 29 38 76 81 94 77 76 17 24 11 99 83 18 26 72 1 56 96 27 94 78 73 29 27 91 30 59 70 3 43 94 97 96 82 56 39 86 39 54 65 95 15 39 100 64 54 94 4 80 24 7 93 74 12 48 83 51 90 66 52 79 92 31 63 37 80 43 29 91 65 65 3 81 94 70 48 100 96 12 30 41 21 98 63 15 12 34 54 34 38 76 62 99 42 16 22 12 9 5 16 27 76 30 82 32 82 38 44 74 99 23 38 47 57 47 10 68 35 44 40 96 44 84 50 95 13 71 40 16 30 50 61 66 62 57 11 45 69 22 52 27 74 89 44 34 7 44 69 96 93 26 78 41 98 45 90 6 5 3 41 33 4 43 55 5 16 90 43 50 92 94 69 36 5 79 19 58 3 72 3 58 23 79 98 45 28 38 89 72 18 78 73 96 75 43 53 1 99 54 62 88 71 67 6 0 94 39 42 37 93 69 42 19 16 71 19 51 2 51 73 74 66 64 66 63 13 4 82 18 77 15 89 81 10 52 83 97 13 73 28 38 1 81 70 27 16 37 1 20 6 45 71 41 66 43 45 86 67 66 4 19 22 90 91 15 97 7 99 69 18 69 37 90 98 63 1 21 58 75 30 57 23 100 35 29 40 24 20 16 93 32 7 23 20 88 64 2 40 16 33 69 58 51 52 36 40 13 24 69 92 88 87 59 39 6 33 70 25 36 53 10 82 4 89 95 78 10 83 39 40 95 76 79 30 44 98 85 95 21 38 43 56 34 77 81 97 90 70 36 84 33 28 13 0
72 16 16 11 16 38 25 14 23 18 80 48 88 35 19 84 53 5 81 20 50 1 69 8 16 42 61 42 57 73 65 97 58 42 82 10 94 94 40 23 49 87 40 0 41 39 5 62 24 98 1 21 38 62 19 45 2 20 58 45 68 76 43 42 39 91 32 98 89 14 43 88 30 19 44 50 76 5 87 38 64 88 95 73 76 49 82 9 43 52 95 90 72 26 74 84 91 69 98 48 64 86 72 95 96 21 32 29 96 54 65 84 68 33 17 84 16 11 72 42 44 80 58 12 4 71 2 0 60 96 51 28 16 46 40 72 58 70 36 90 52 79 63 11 74 95 68 58 91 44 57 58 53 99 64 20 18 88 77 97 34 92 59 43 26 35 94 5 95 48 92 99 54 40 21 1 15 99 30 12 72 19 20 3 66 7 99 99 37 8 32 52 0 47 90 57 62 36 8 79 71 86 12 16 83 25 19 24 78 0 97 74 78 33 89 82 77 51 47 17 26 14 97 71 88 90 60 92 54 19 65 33 30 64 94 45 6 26 71 55 74 73 5 52 39 40 13 40 92 8 43 68 57 71 95 38 40 73 73 51 48 88 47 57 14 16 82 50 85 6 92 85 72 99 37 82 59 59 14 43 91 87 34 18 15 67 60 41 34 38 83 45 6 59 90 14 25 47 91 25 58 73 73 29 43 7 1 47 53 8 60 87 42 95 9 91 14 48 25 17 41 66 18 4 7 56 75 8 100 45 59 52 89 41 75 11 62 35 7 68 99 78 97 38 78 27 20 48 58 87 72 40 63 79 91 19 83 66 48 72 53 29 56 30 45 20 35 47 1 36 30 71 51 29 28 25 71 70 79 20 8 18 98 1 9 0 78 5 42 24 15 70 75 47 56 71 100 71 68 5
15 8 91 45 0 81 32 16 39 30 13 12 92 90 56 39 59 10 19 76 18 78 56 24 46 46 9 41 78 24 3 79 46 13 61 45 13 74 27 71 59 81 50 2 76 71 35 18 33 22 77 75 43 24 99 75 34 27 49 71 41 98 24 99 99 31 47 93 98 54 0 85 43 10 70 0 9 72 73 52 76 11 65 63 21 29 22 70 41 81 15 62 0 35 99 30 14 31 61 96 79 45 53 75 68 37 59 42 43 95 81 78 100 45 18 61 59 61 45 52 9 33 51 52 62 92 38 71 71 18 54 28 74 4 24 51 74 25 61 50 51 87 11 88 33 3 95 82 64 50 54 89 40 79 98 65 11 2 89 8 15 2 34 10 56 4 71 13 7 36 52 35 94 66 7 75 75 23 34 7 88 87 84 33 57 39 97 87 39 18 28 58 91 47 19 68 49 38 34 29 9 3 62 10 7 19 80 59 48 41 49 74 83 23 29 47 72 86 46 48 66 99 89 52 23 98 87 26 4 36 59 41 23 98 83 91 16 92 99 3 73 23 27 100 83 45 88 62 37 66 95 93 99 33 3 98 15 63 93 6 55 23 83 12 32 71 99 72 27 28 62 70 25 37 76 27 54 23 33 39 92 66 31 6 37 24 55 66 50 78 50 92 66 38 57 13 16 73 16 65 97 60 94 67 17 78 58 43 27 62 4 3 89 91 23 96 65 55 64 32 40 50 91 10 86 53 83 89 42 47 20 52 46 31 62 89 50 69 81 53 43 83 47 99 8 1 47 14 65 29 32 62 6 17 86 90 43 38 49 70 80 69 8 32 79 56 99 63 60 45 48 69 89 32 43 6 26 1 70 46 21 76 53 83 94 57 77 28 7 15 60 31 15 20 100 67 27 90 84 28
78 16 49 93 74 10 88 7 87 26 100 17 56 56 81 64 21 85 46 2 45 98 77 73 31 31 25 60 34 90 100 35 82 79 57 57 8 25 80 27 62 72 24 63 66 83 88 7 24 1 8 92 98 46 73 67 13 2 84 78 3 70 36 3 91 35 36 68 10 26 82 72 91 33 14 75 94 51 45 32 15 83 67 30 63 19 31 40 62 84 31 38 99 93 3 19 85 59 13 28 28 72 45 71 65 18 55 52 30 8 43 53 63 50 96 42 24 17 63 75 47 85 55 23 85 91 50 25 3 87 8 36 26 17 41 97 34 22 88 52 30 44 38 2 56 44 11 18 37 58 28 48 78 30 87 68 48 50 8 86 13 97 4 0 76 100 97 27 50 3 86 71 1 51 60 9 1 70 21 79 51 35 70 62 87 75 83 75 42 59 49 99 75 31 80 59 87 10 40 9 24 44 86 100 98 96 49 67 35 59 42 69 26 46 54 76 69 71 41 37 71 36 16 100 69 81 91 37 68 11 48 81 50 41 83 3 39 74 51 42 93 35 86 88 80 81 20 16 60 38 3 55 4 83 59 42 5 77 14 63 46 69 44 80 75 6 28 1 100 60 27 52 16 18 15 99 40 33 79 17 2 9 39 73 29 65 64 28 96 5 76 44 42 26 0 31 79 84 69 25 95 50 72 72 49 73 43 3 27 16 99 42 54 22 44 86 21 70 91 67 22 14 22 82 64 40 89 89 31 100 52 34 86 55 47 21 36 63 77 47 39 46 10 5 21 36 8 95 94 55 92 72 69 68 1 88 40 46 90 95 54 73 87 32 68 76 30 98 96 69 10 65 61 8 38 60 6 67 3 46 16 4 86 88 63 81 45 54 3 10 32 47 27 48 59 13 58 96 58 52
77 4 45 29 17 46 21 51 59 38 32 61 81 28 47 30 37 48 44 58 56 61 32 81 59 56 91 68 25 69 84 5 59 40 56 2 36 78 72 74 34 29 13 96 75 35 5 9 83 11 91 99 27 89 3 42 88 65 16 61 27 19 16 3 74 88 91 4 80 100 60 30 52 100 75 31 75 29 63 32 97 45 78 54 42 13 85 50 22 64 34 13 31 39 80 36 1 77 27 32 19 69 38 22 36 50 36 55 73 8 38 25 16 74 68 38 14 72 30 69 19 47 2 73 9 32 78 71 72 62 97 3 74 93 87 7 91 86 88 87 55 94 19 21 92 60 89 45 55 19 78 54 14 39 18 53 22 23 41 56 59 60 43 39 5 5 13 65 91 50 58 69 24 83 10 73 33 0 47 73 55 18 5 52 75 12 54 31 64 41 6 46 45 80 43 77 65 86 49 25 53 58 29 77 38 66 26 89 52 50 95 34 51 83 2 82 71 77 14 53 6 62 41 57 0 100 35 30 71 65 93 63 75 39 84 1 99 81 40 38 18 33 50 59 21 1 31 75 79 38 36 61 0 29 72 49 81 81 5 8 27 76 4 72 94 64 49 43 48 45 32 63 63 53 6 95 47 89 67 47 36 13 58 8 63 52 90 24 31 37 68 82 6 55 28 87 64 72 17 9 32 34 25 63 4 73 12 89 75 93 46 72 91 91 85 93 45 14 24 79 32 62 98 95 75 36 25 33 62 29 40 38 39 58 30 90 96 91 23 87 39 31 50 44 22 23 36 17 66 16 32 27 9 97 89 43 79 81 35 49 67 20 64 7 66 17 1 47 18 53 22 71 17 3 94 4 31 45 94 0 88 13 14 15 21 31 77 87 6 18 89 52 38 86 34 35 2 64 24 1
56 29 55 26 10 50 47 56 47 62 62 33 60 7 19 30 23 27 64 93 94 66 43 30 20 68 14 37 57 65 50 27 53 0 69 46 13 50 17 100 30 53 46 44 11 21 35 0 35 55 34 100 89 59 19 8 4 94 93 47 71 68 44 1 31 83 73 19 45 41 40 87 37 76 71 58 7 72 30 66 95 88 51 58 93 66 65 28 12 80 7 16 1 79 65 60 72 49 17 26 82 78 27 59 86 11 67 86 40 51 40 49 0 75 88 80 13 68 48 77 45 79 64 96 76 92 68 97 24 88 81 27 16 89 63 78 11 64 67 51 2 70 45 77 14 81 16 0 21 79 46 89 64 25 23 16 41 11 92 94 17 2 39 77 89 57 5 44 20 15 78 30 97 33 99 50 10 82 84 59 4 12 78 16 83 25 24 9 34 84 89 27 76 94 23 8 22 45 1 94 23 96 74 60 47 14 58 99 30 69 5 74 62 38 80 10 89 73 61 67 24 29 52 19 12 51 17 7 73 81 67 30 55 10 54 96 13 64 39 24 38 11 10 56 32 19 38 64 99 47 96 3 51 69 99 85 74 48 4 100 76 67 79 75 89 78 80 83 5 31 68 53 0 46 19 93 19 48 33 44 54 41 16 11 65 13 80 70 66 84 88 75 84 38 8 97 76 44 49 100 90 55 38 4 0 62 3 54 100 35 2 33 50 64 73 60 17 5 10 77 100 17 92 91 55 71 58 20 37 52 58 65 86 100 23 25 99 68 71 25 99 88 47 0 63 83 80 13 1 18 47 78 49 36 17 51 8 39 30 6 86 8 39 93 53 12 58 74 78 4 9 46 39 0 49 93 32 76 28 38 91 98 95 18 94 86 28 36 35 67 74 24 17 91 5 75 24 42 95 23
8 67 73 10 79 23 67 5 85 56 69 100 100 95 72 64 60 10 15 28 100 22 22 61 10 64 92 41 42 57 75 28 37 2 29 99 51 2 46 31 69 76 16 8 87 39 0 1 23 42 4 40 37 48 84 2 7 87 16 51 8 72 76 8 22 18 84 31 93 89 19 19 38 14 58 25 64 42 60 69 74 54 82 42 80 86 63 78 7 47 81 6 57 84 82 57 61 54 89 38 83 69 70 28 14 88 52 36 75 86 32 95 92 11 69 42 1 81 89 28 17 1 89 71 16 75 87 18 14 37 37 60 20 68 24 71 6 89 22 26 83 26 7 81 98 66 8 45 84 78 59 19 31 56 100 96 95 88 58 36 89 72 58 59 100 12 72 27 79 66 20 27 44 66 78 46 47 59 100 46 29 19 23 55 6 43 73 95 47 92 50 26 86 23 62 90 72 66 38 83 51 80 7 51 40 56 4 73 3 60 75 24 95 42 76 6 85 37 27 64 6 54 8 6 55 2 50 38 55 88 20 7 8 59 95 9 75 11 24 32 86 36 86 13 51 5 55 85 60 66 92 9 27 69 15 87 1 4 81 40 91 89 55 16 68 69 77 84 60 43 53 57 94 70 4 32 7 29 42 90 88 49 33 0 11 89 70 61 31 88 5 71 20 1 56 87 0 69 15 35 80 30 94 95 63 74 16 54 68 72 75 30 80 38 43 28 83 59 99 25 84 51 90 12 17 16 53 82 0 0 60 27 14 83 24 38 78 79 39 39 8 95 47 46 10 17 68 48 75 39 3 86 40 8 30 60 17 13 12 46 51 37 77 17 99 23 20 0 46 45 85 77 38 41 48 0 19 46 35 80 57 27 67 65 49 48 81 68 15 32 50 19 66 23 95 1 36 12 53 14
25 74 8 83 77 1 93 48 7 21 66 25 100 16 55 81 92 62 22 26 91 18 12 100 67 8 62 31 74 66 29 81 80 22 77 87 62 6 21 70 34 34 24 41 75 40 100 51 22 74 13 55 72 19 82 65 50 38 8 99 35 81 60 8 14 81 62 81 91 99 78 89 90 92 1 48 4 60 16 44 72 47 11 24 71 4 22 76 36 15 38 2 43 52 7 27 6 16 98 14 8 26 97 61 53 12 1 10 59 77 19 43 25 10 88 93 54 42 11 75 16 83 29 39 47 53 59 95 34 32 42 51 25 37 12 51 11 27 94 90 17 82 28 40 28 51 11 24 100 68 16 32 6 11 39 77 99 39 13 33 26 53 19 97 84 42 99 49 40 30 11 43 29 36 75 14 15 17 27 77 90 80 57 88 80 23 27 26 88 62 82 23 73 28 30 4 45 56 8 62 43 72 98 47 77 15 23 43 49 81 83 35 63 18 45 71 29 83 1 43 36 22 97 9 70 52 79 2 66 65 2 28 19 78 94 95 3 96 11 33 60 88 66 83 2 44 71 60 17 96 32 57 29 8 87 63 54 9 2 70 48 34 65 36 44 82 5 94 77 79 41 43 21 63 57 58 92 78 5 53 16 0 61 51 56 14 26 100 47 94 21 8 88 49 48 71 76 2 39 90 95 28 37 42 62 32 29 45 67 20 41 75 40 29 98 38 57 20 68 50 14 41 31 84 47 3 12 28 36 60 42 23 36 19 35 97 61 80 62 51 2 20 57 72 59 2 63 13 82 80 83 89 27 66 59 30 17 24 63 21 73 6 65 8 37 39 22 54 12 44 19 71 50 18 46 94 57 17 73 67 6 8 20 77 98 77 36 34 79 32 52 26 50 64 81 45 8 96 52 83
38 39 56 98 15 14 98 16 100 11 34 45 79 10 87 98 50 59 14 29 46 73 52 81 25 68 9 69 83 47 28 41 52 23 41 10 82 82 47 5 94 96 18 22 2 69 63 35 83 5 85 28 65 65 6 16 2 96 11 16 39 14 85 74 98 10 1 63 13 94 32 24 100 56 89 73 11 10 63 27 31 0 32 70 50 76 2 4 14 36 51 4 20 72 12 35 6 95 27 74 80 59 80 16 10 83 43 49 77 38 63 27 46 1 76 69 40 76 74 84 98 10 71 12 54 60 22 34 81 85 37 17 63 68 18 70 45 8 84 77 49 30 8 8 9 67 89 41 87 53 84 71 5 99 87 46 72 49 32 32 51 11 91 64 61 56 90 70 62 38 54 27 12 65 13 46 64 90 17 33 58 46 24 4 65 10 88 1 3 69 67 26 70 61 43 69 21 12 78 20 82 85 89 64 6 67 3 29 75 17 86 88 46 70 95 48 68 15 42 80 36 67 37 0 16 35 76 60 4 3 81 5 20 8 13 62 82 51 12 45 17 68 46 90 100 77 18 17 72 95 61 46 26 90 75 38 79 3 54 19 49 44 32 16 56 14 2 86 33 89 22 0 44 36 34 65 56 58 22 93 75 85 90 52 84 28 5 89 2 94 22 17 6 42 20 30 70 51 67 15 20 84 49 96 72 23 86 31 47 37 56 94 45 84 76 45 52 78 92 50 32 90 31 40 32 43 86 63 22 95 52 22 97 12 92 26 33 93 70 40 100 89 45 73 41 73 4 43 34 48 27 52 33 8 62 90 8 29 44 98 99 96 40 93 43 60 65 65 40 48 17 74 96 72 52 58 70 88 67 16 28 3 49 32 74 23 91 47 82 88 100 90 62 23 64 54 31 31 6 50
8 42 41 1 8 83 76 98 0 8 92 0 82 9 99 95 59 11 96 67 72 14 49 26 42 83 89 56 74 39 37 36 52 70 34 22 17 63 25 51 14 69 75 79 43 86 69 91 12 34 27 16 43 94 26 20 19 22 36 8 48 83 39 85 15 19 40 20 22 63 65 85 80 66 70 42 19 58 64 21 21 10 56 85 85 35 62 64 87 52 98 24 94 18 20 75 40 20 93 50 24 7 21 93 61 53 22 85 92 100 34 8 60 26 82 100 100 58 77 82 82 5 56 60 63 72 66 10 17 38 94 6 79 1 70 38 14 61 49 4 83 88 10 52 63 78 73 96 84 12 41 57 80 4 54 80 46 92 62 35 93 64 98 22 82 95 84 1 14 43 68 78 31 82 74 42 87 12 45 10 55 48 36 44 63 77 82 67 11 59 86 7 21 38 86 65 82 11 72 95 64 32 24 71 0 73 65 50 71 90 65 62 62 4 52 86 43 60 72 43 73 75 1 9 68 12 44 19 95 0 25 7 79 78 10 39 96 33 53 63 11 14 75 24 62 82 28 5 12 51 60 69 6 73 46 50 5 77 14 8 28 13 15 20 42 56 35 100 49 57 15 3 82 10 82 17 36 68 1 97 62 18 94 8 36 36 17 34 90 75 20 66 26 72 86 17 77 25 2 73 3 55 49 7 45 53 19 42 46 70 47 62 74 45 27 95 37 11 12 76 75 50 67 92 5 72 85 15 72 25 27 63 42 97 37 65 91 72 35 72 87 35 83 73 81 82 9 97 33 63 60 53 64 7 20 69 5 49 24 27 20 70 89 81 32 57 80 62 9 42 29 45 44 31 9 5 85 94 36 58 5 74 99 77 16 27 63 48 97 1 46 25 63 69 14 41 6 31 64 21
54 60 17 98 83 13 70 12 96 1 81 30 66 27 11 50 85 21 16 57 19 73 9 94 2 35 28 17 69 95 30 6 54 36 78 1 20 83 13 26 32 100 97 96 36 37 59 48 79 11 13 45 2 9 23 41 17 38 72 51 69 59 91 31 32 12 18 49 1 27 15 39 53 30 14 95 0 2 2 58 53 63 9 85 33 18 34 33 31 6 37 56 93 36 73 56 91 84 91 6 55 8 1 47 13 25 23 74 4 51 16 96 7 92 25 56 60 4 38 78 99 41 26 28 91 49 24 40 56 57 45 59 92 3 78 3 79 73 97 7 0 86 16 83 30 57 64 25 53 70 80 14 56 70 9 2 42 4 79 82 17 93 95 20 4 15 54 4 23 31 39 10 38 76 59 38 83 76 23 97 3 11 50 47 42 78 27 58 10 63 10 21 78 11 21 88 88 93 47 66 69 18 11 72 74 77 31 54 28 42 55 16 0 73 21 86 97 15 43 20 33 1 54 17 72 74 4 7 45 46 34 35 12 58 24 24 2 30 15 42 85 60 56 0 76 31 69 62 6 15 92 22 91 39 60 52 28 38 31 67 0 77 62 46 15 59 34 9 18 24 8 27 49 14 99 15 14 2 94 91 97 78 96 37 53 12 64 91 64 29 39 60 67 53 76 27 57 36 50 37 8 43 7 10 69 5 67 52 78 40 23 55 70 78 53 89 92 55 84 17 2 32 92 58 56 7 69 27 29 15 25 94 15 91 84 95 8 26 94 26 14 57 75 37 88 28 4 55 23 37 65 11 21 63 8 0 79 86 25 37 62 71 18 66 90 2 15 76 71 97 40 81 36 27 20 59 70 92 22 28 30 2 39 52 34 7 92 44 83 85 56 56 63 20 29 3 12 48 36 37
12 15 30 51 99 8 25 33 72 93 100 39 90 5 48 42 90 5 32 7 23 1 1 21 12 35 88 26 75 60 100 21 87 22 64 76 52 96 40 35 11 0 21 0 72 95 10 68 65 40 88 41 20 77 49 86 91 91 9 18 98 47 20 11 93 8 91 3 45 71 34 94 1 20 74 59 31 18 23 83 100 51 21 69 26 73 16 51 54 25 36 66 80 69 61 87 81 20 85 2 41 8 7 95 0 84 43 62 65 30 46 81 55 45 67 55 91 91 0 98 99 47 8 21 32 94 23 8 86 35 41 48 65 99 37 77 5 56 41 92 62 30 63 28 93 70 37 99 9 25 88 51 75 63 98 32 29 70 19 28 10 24 39 30 85 41 36 36 86 73 39 4 58 3 43 28 85 2 61 13 4 23 84 32 57 91 40 9 46 22 99 34 4 8 92 64 57 39 89 9 46 99 89 89 35 44 2 60 50 1 47 69 32 52 49 19 10 13 80 37 29 38 7 35 75 46 53 73 43 27 17 57 57 18 13 12 72 80 97 91 17 7 44 28 85 29 42 53 91 61 92 41 7 85 78 93 39 44 67 99 92 56 61 29 2 42 90 48 11 38 60 5 93 49 41 68 77 78 65 64 11 45 0 6 87 59 10 12 70 58 17 69 13 3 74 81 76 1 68 69 84 53 50 83 6 0 46 25 11 31 65 43 76 59 94 45 26 37 90 48 94 65 38 11 53 8 35 97 94 4 49 21 9 57 18 3 29 70 42 2 61 90 96 79 64 10 27 25 97 5 89 49 58 9 2 24 98 8 15 27 34 55 49 86 86 71 2 14 65 70 19 14 52 90 70 97 37 81 100 35 54 61 7 7 42 57 38 18 11 41 17 84 54 57 64 27 58 37 7 39
20 16 93 71 81 68 67 36 76 75 1 45 49 60 0 59 70 21 16 69 36 28 95 8 73 0 81 36 90 72 44 65 80 100 42 58 80 99 5 8 20 11 64 71 77 57 95 57 40 43 1 20 42 0 60 44 30 82 48 20 23 58 66 50 48 6 76 66 31 6 23 46 34 7 56 76 94 64 57 28 11 15 58 5 78 69 58 74 10 5 8 75 30 48 32 84 82 62 65 34 51 40 97 25 84 55 46 93 100 75 100 10 76 62 30 32 58 74 10 88 5 41 92 67 88 39 74 35 36 86 9 87 82 90 94 42 64 76 53 37 64 27 35 16 85 98 21 30 76 68 93 59 46 74 33 60 38 5 67 66 11 28 30 72 50 90 47 84 36 45 30 91 8 15 3 57 55 45 15 50 18 49 31 18 39 64 5 54 1 40 94 99 20 99 92 94 72 81 70 41 16 78 87 86 45 71 14 71 82 9 62 60 74 8 56 80 71 66 31 70 7 81 5 42 45 64 68 79 6 20 40 9 85 3 39 71 51 32 84 56 87 10 66 80 84 85 29 65 23 49 57 25 61 51 28 93 37 18 39 21 25 27 20 76 60 70 3 6 94 49 61 1 62 39 12 73 92 71 1 80 5 25 68 44 71 48 84 48 52 0 6 11 24 92 4 45 3 80 64 15 33 8 96 88 22 80 16 67 17 37 87 2 77 8 47 56 33 90 47 39 30 49 9 71 84 45 14 90 62 4 79 2 73 45 50 46 90 100 61 61 15 16 74 36 37 51 28 13 18 88 90 66 23 97 79 73 38 4 22 28 92 15 67 63 40 30 54 14 87 96 30 38 7 26 33 11 7 79 62 58 17 40 58 99 79 3 28 72 14 97 58 91 22 57 86 57 54 97 94 15
90 56 10 43 89 57 73 61 22 87 63 38 42 1 95 71 46 65 62 59 36 64 63 92 73 53 82 27 5 44 84 28 49 78 84 83 79 45 48 86 69 53 19 48 28 9 31 93 4 14 24 70 24 7 81 51 37 89 32 28 32 52 89 32 59 35 17 91 93 64 24 16 93 80 9 30 96 55 77 37 0 5 67 22 6 37 92 90 58 59 74 11 97 89 35 13 91 31 65 16 35 13 16 46 10 14 37 69 91 85 95 96 0 90 22 51 62 60 47 35 77 18 52 41 17 24 5 58 2 72 93 19 67 97 32 27 11 57 27 0 86 3 37 36 52 13 100 52 66 13 60 85 23 20 90 24 23 17 3 45 38 80 90 36 92 88 10 87 66 72 66 42 29 89 9 56 5 75 94 26 1 27 98 65 96 0 87 0 89 17 96 60 4 40 49 46 42 91 72 7 39 54 72 44 99 54 25 9 64 100 53 41 13 20 25 43 57 8 11 25 93 94 79 23 95 76 46 2 57 17 66 98 23 69 2 70 18 11 49 9 54 82 43 17 17 98 59 81 55 18 25 47 39 52 92 25 44 23 17 66 14 66 54 66 68 36 93 5 78 82 73 82 63 71 53 28 98 23 33 89 30 91 38 77 64 49 38 99 45 81 11 20 8 28 65 22 77 52 22 50 6 50 94 53 88 52 81 48 85 75 59 1 25 38 63 75 50 35 53 0 2 65 16 0 37 23 95 1 76 96 72 9 2 56 92 97 49 80 70 55 49 7 97 86 47 87 42 45 16 16 34 57 27 42 13 43 53 39 62 1 54 85 40 63 87 11 14 12 12 87 43 44 39 7 48 40 29 41 61 93 28 53 76 36 72 5 28 77 39 76 67 72 11 53 96 55 83 94 18 80
11 52 93 90 12 29 34 62 28 33 96 80 65 74 30 75 4 78 26 30 98 66 45 6 66 45 31 14 4 22 69 6 26 4 14 71 33 65 75 80 23 79 41 97 59 23 90 10 59 69 91 22 42 66 60 8 18 23 27 39 0 9 18 27 37 28 49 61 62 63 72 21 93 55 100 74 69 89 3 34 100 24 71 49 31 0 64 44 27 65 35 30 60 97 24 66 61 55 65 16 36 96 38 17 72 84 20 69 13 10 78 12 33 86 42 5 96 3 54 53 58 84 46 78 97 46 54 87 65 94 19 25 82 51 77 71 83 66 96 68 92 73 82 68 83 79 28 56 28 45 63 69 86 96 89 72 76 85 53 4 78 2 67 99 71 49 39 40 95 8 69 43 5 68 18 95 64 57 65 49 87 20 88 60 89 82 61 80 57 43 86 21 62 69 64 75 47 23 89 9 6 49 86 44 26 41 70 29 52 15 28 73 78 44 15 51 34 1 66 58 67 95 27 44 97 24 98 76 21 19 96 79 72 88 73 1 21 40 16 70 96 61 9 54 64 63 95 61 75 36 80 26 58 89 34 16 84 23 51 27 13 67 35 79 38 76 39 21 9 97 29 28 90 97 84 16 88 19 63 18 1 76 14 57 14 63 95 80 18 13 100 87 0 41 19 48 58 73 21 25 49 87 96 34 63 27 16 61 53 62 12 81 6 97 29 40 84 72 100 85 61 2 60 39 32 14 92 73 87 72 14 0 36 100 1 43 45 94 3 98 47 25 46 88 42 56 42 67 48 18 13 41 56 51 69 66 22 25 59 70 92 19 67 53 0 63 92 36 0 35 48 16 76 11 74 14 76 38 32 51 16 50 13 80 1 29 58 21 23 77 58 67 32 49 6 38 95 81 99 43
20 93 69 36 72 95 23 25 6 49 94 100 53 77 45 18 56 16 11 7 94 28 64 72 56 32 17 42 86 13 21 71 19 89 94 11 3 13 90 35 69 19 75 75 95 4 71 41 77 57 28 71 37 80 27 24 28 13 31 74 31 3 94 33 84 81 34 75 33 37 84 51 64 46 20 23 71 45 87 60 78 99 15 80 23 15 49 62 100 48 72 22 19 48 97 21 48 99 42 43 26 26 22 86 65 34 6 59 86 22 58 91 56 98 63 17 7 36 71 15 94 74 35 54 55 64 36 38 77 60 94 28 44 45 2 32 95 61 91 38 91 12 34 7 49 84 32 67 54 12 80 95 99 6 9 90 20 96 45 34 70 0 19 21 44 26 87 91 92 82 20 89 85 41 39 51 94 81 99 72 70 48 21 59 83 5 90 93 24 61 11 22 41 20 8 38 57 54 65 93 4 36 26 100 23 98 53 76 92 48 83 13 99 64 47 65 91 73 89 83 63 0 93 90 85 88 34 100 98 67 95 69 31 91 53 57 44 90 8 93 26 7 86 46 34 45 21 65 27 19 65 99 19 83 20 50 46 96 85 61 79 64 37 87 0 51 38 18 76 74 21 47 47 20 78 27 92 87 9 43 100 5 61 95 98 1 89 89 28 83 93 61 52 55 19 21 73 23 49 29 88 68 91 28 86 8 73 99 70 9 43 46 77 62 83 54 56 14 3 89 39 98 37 76 96 29 43 97 21 1 73 74 65 57 38 15 83 4 0 95 40 100 53 6 64 27 0 82 16 19 91 53 33 0 23 7 6 22 34 12 11 6 45 89 52 53 26 1 52 14 53 60 78 91 90 2 32 10 100 37 48 10 23 40 19 81 45 10 10 5 42 50 6 26 0 13 7 42 3 42
88 43 68 16 12 94 32 78 26 6 34 91 70 30 31 53 55 15 100 86 32 22 23 13 74 85 59 93 27 17 56 32 91 37 69 25 22 46 16 96 20 63 95 63 25 47 95 46 74 70 15 28 21 22 74 15 66 90 49 83 28 59 30 19 30 43 29 95 76 74 68 25 98 35 0 53 66 37 37 22 13 89 13 65 39 80 54 29 83 67 5 40 4 25 36 20 79 70 50 70 5 48 96 40 75 25 55 0 24 53 20 15 96 28 58 45 62 30 49 36 61 85 99 5 30 25 64 26 39 20 11 15 41 47 7 27 71 23 24 19 75 60 82 82 56 38 90 11 47 53 82 62 48 73 97 53 75 27 32 22 71 1 89 67 45 83 10 76 24 26 48 17 4 96 50 14 43 63 42 1 13 71 2 63 58 30 90 92 88 47 84 10 11 42 6 87 13 33 18 7 34 47 74 77 89 93 85 31 71 7 84 61 8 43 25 79 42 69 13 48 25 81 38 2 71 73 23 73 85 65 20 93 21 54 87 82 14 4 68 13 58 68 42 41 89 73 29 76 70 40 25 41 74 1 41 41 59 55 53 42 67 34 4 48 91 5 69 12 59 87 38 26 79 86 78 6 55 85 9 61 6 80 23 17 78 54 39 41 43 61 67 34 82 15 51 0 67 21 88 7 39 35 71 27 7 36 19 100 86 29 74 73 85 91 55 78 62 59 91 86 75 11 100 73 19 61 56 45 15 26 70 39 39 3 64 88 97 53 52 81 40 35 46 94 65 24 99 39 12 33 1 53 8 61 47 25 56 88 84 24 96 1 100 74 30 65 85 64 11 18 16 34 100 95 43 17 41 47 1 73 41 24 87 22 0 85 58 16 81 79 52 90 20 43 91 17 56 29 46 27
47 10 80 70 65 90 69 62 28 25 24 59 55 1 79 6 81 29 9 17 62 6 84 20 45 19 64 22 90 28 12 33 64 0 17 82 14 59 25 91 41 38 97 99 24 18 97 26 68 63 85 45 94 14 28 88 79 77 27 66 6 54 33 82 37 42 94 100 63 11 38 38 91 7 10 77 41 9 49 99 68 90 68 23 73 92 67 45 24 3 35 29 6 85 53 55 74 54 81 13 46 49 31 21 16 49 61 36 10 0 88 75 89 72 66 30 54 91 8 7 40 17 59 90 89 59 39 16 87 15 59 2 13 88 52 22 84 14 14 97 35 71 6 11 13 31 86 16 38 65 84 45 44 66 2 25 21 37 14 85 38 46 92 13 78 65 94 55 85 70 58 86 79 95 73 21 85 74 26 94 45 51 46 28 63 54 89 28 52 46 5 95 78 30 77 44 96 64 36 81 75 38 24 88 35 58 49 37 71 96 92 48 37 28 33 89 81 99 45 74 88 15 17 89 46 88 10 50 25 72 60 10 92 67 93 64 19 43 35 20 37 77 50 15 82 67 11 88 28 81 4 8 23 80 89 52 15 75 99 88 20 36 37 34 39 93 1 61 93 60 35 76 72 44 19 62 46 59 84 10 78 41 92 10 9 4 28 18 75 0 100 75 3 25 71 53 36 50 90 84 59 74 83 80 87 67 53 91 97 29 25 0 25 46 24 61 14 84 51 18 33 17 33 59 38 50 74 29 32 1 37 51 49 93 16 12 80 43 27 8 56 4 62 51 9 91 38 97 46 6 84 80 88 60 35 30 40 15 64 77 46 51 33 68 14 24 45 40 84 21 31 99 28 83 78 93 43 14 17 59 9 66 82 80 57 75 3 26 32 36 81 6 11 37 13 50 23 22 86 96
9 100 99 41 32 63 36 63 20 85 7 71 12 9 73 88 39 54 33 75 72 11 21 66 25 24 42 67 22 82 50 63 1 29 19 66 14 63 14 93 6 71 21 66 12 96 90 86 47 28 56 49 22 100 44 46 7 82 7 54 87 71 17 26 7 17 3 37 3 24 82 68 51 59 11 69 96 64 84 63 15 58 65 69 83 48 91 33 26 97 4 46 56 85 10 57 72 68 99 40 47 5 22 51 72 14 65 100 21 87 80 4 23 17 57 37 99 71 79 27 55 28 17 47 67 31 13 17 86 28 63 33 35 41 20 97 20 84 70 7 14 55 12 1 85 9 37 74 12 52 26 52 36 42 65 1 87 2 88 77 35 44 17 85 80 69 70 9 88 59 9 70 20 43 50 53 59 28 45 4 79 54 30 8 21 90 90 88 45 12 70 27 56 42 91 23 58 32 70 27 19 22 10 95 9 27 14 86 39 49 3 52 90 88 68 72 32 4 75 58 52 44 62 38 1 96 0 68 47 41 59 20 17 24 70 86 72 93 40 86 68 35 59 72 17 6 70 97 75 64 14 61 19 13 30 91 65 16 83 33 70 43 22 63 30 51 69 15 56 87 19 96 53 64 96 55 18 37 16 9 78 97 23 29 79 26 72 6 23 63 94 59 8 26 38 61 54 49 1 72 90 53 46 84 10 95 24 62 16 94 94 5 72 59 6 37 40 33 82 21 68 89 3 18 78 96 39 78 11 67 68 32 1 35 2 49 21 17 66 54 90 53 77 61 5 15 83 67 61 19 52 51 17 3 29 93 72 99 19 58 80 0 82 88 12 15 78 95 64 0 95 49 69 52 62 92 80 69 10 20 84 54 5 33 84 83 17 75 39 78 66 74 84 6 84 85 14 31 48 92
75 93 5 18 95 85 75 19 65 62 5 68 48 16 41 3 85 81 54 43 23 32 82 14 79 4 68 100 21 9 43 58 35 13 31 87 64 73 66 12 0 43 30 90 8 35 52 39 93 56 79 100 76 87 45 13 80 97 87 30 22 68 91 73 21 8 39 25 47 52 8 61 92 73 33 48 83 95 82 46 84 29 33 77 88 85 25 76 35 71 32 7 76 18 100 6 93 39 43 71 20 7 5 39 71 40 17 78 91 83 33 26 66 55 84 63 44 27 81 80 2 96 84 37 75 15 58 50 80 64 10 60 58 85 75 53 36 94 84 74 70 80 32 32 19 58 86 37 91 64 86 67 28 100 14 28 95 4 98 3 74 61 55 91 98 81 7 64 80 73 36 48 78 86 87 83 95 36 34 25 19 58 14 67 98 10 90 93 81 36 26 53 17 60 86 55 68 83 8 88 33 9 69 74 41 65 26 20 45 97 97 75 87 79 64 78 67 29 37 90 95 35 79 66 90 67 47 78 3 79 36 74 22 42 48 28 85 82 92 34 33 88 100 70 9 10 97 20 12 99 29 57 53 87 35 27 48 6 49 43 73 40 61 70 36 76 50 23 4 5 24 4 96 5 5 79 98 11 64 27 81 96 19 94 86 75 59 61 68 26 89 83 47 80 76 98 58 36 47 55 91 93 8 55 17 47 30 31 21 57 67 6 47 76 71 37 92 42 91 94 62 34 67 71 31 84 9 80 39 56 48 62 98 84 22 71 4 23 27 67 39 89 80 18 5 98 86 79 77 47 92 9 33 81 59 24 41 79 6 43 88 34 22 98 97 20 88 87 14 56 31 17 85 98 6 42 95 14 71 29 92 82 57 24 90 91 0 78 97 41 20 75 16 90 30 91 75 97 41 91
33 24 60 16 29 88 47 82 52 26 27 78 59 5 70 1 77 89 2 56 65 94 60 19 92 61 1 62 91 43 74 43 52 96 40 50 3 64 69 1 59 100 34 87 74 12 61 29 75 68 43 15 77 73 18 51 76 19 98 70 75 91 3 76 52 78 64 92 77 9 7 15 41 84 24 97 98 33 89 27 1 21 94 90 74 63 18 17 97 46 33 51 25 58 25 68 45 19 77 96 97 82 84 63 64 34 85 55 59 67 74 55 33 39 23 25 42 65 42 5 8 61 8 60 67 61 45 88 25 60 95 61 78 32 14 63 42 77 66 85 80 19 28 70 74 19 1 12 57 15 4 52 82 75 79 94 90 5 38 85 55 59 57 4 48 42 6 66 30 78 60 85 71 72 48 95 12 26 30 96 3 66 15 94 79 1 15 86 95 24 62 48 15 14 39 3 4 13 0 86 82 67 60 35 45 5 85 73 20 46 31 17 58 22 90 68 73 67 41 55 45 83 78 45 87 51 12 58 22 23 1 59 70 33 100 58 23 26 1 75 31 7 72 58 1 78 81 19 9 62 87 26 73 75 36 39 39 20 52 35 44 93 36 29 84 11 43 43 3 7 48 6 98 78 5 53 80 80 22 28 78 41 38 33 68 55 84 5 98 8 96 43 43 47 72 32 29 91 85 94 38 54 27 2 38 16 95 81 46 1 29 31 36 34 31 41 2 5 84 94 82 76 15 42 71 69 13 16 76 96 9 23 96 95 40 68 2 35 88 87 99 20 45 83 66 27 97 1 64 64 73 52 20 62 78 38 4 31 97 9 61 19 47 42 89 17 2 59 86 49 22 50 8 29 57 46 23 38 8 93 9 3 92 51 8 15 83 37 38 35 30 60 22 30 85 25 51 60 58 20
93 44 4 64 5 38 70 37 20 55 25 38 27 15 54 22 10 5 19 27 100 4 92 10 84 77 53 37 2 59 14 25 65 19 10 70 91 100 29 5 29 64 81 99 63 13 80 4 55 74 54 99 94 67 71 94 36 0 62 91 11 26 14 19 89 64 60 91 49 27 97 20 80 38 36 71 59 18 85 18 85 30 98 74 42 4 34 11 97 6 83 31 73 92 96 86 30 74 63 16 89 36 10 61 96 89 57 88 15 91 84 35 8 57 92 3 72 33 23 0 90 92 22 92 29 68 19 75 24 43 18 26 3 37 61 57 34 2 33 51 46 50 88 65 54 6 19 99 15 2 29 27 40 16 79 49 72 2 76 6 99 83 82 37 35 29 42 53 54 83 21 25 49 21 96 98 13 30 65 49 37 51 72 91 58 0 66 71 31 61 4 35 49 69 33 51 68 2 94 88 8 53 79 5 67 44 35 81 4 47 33 38 78 86 9 98 78 46 12 69 48 13 78 98 2 78 6 72 51 33 34 42 40 24 79 40 3 50 55 21 45 94 13 92 91 12 9 8 5 34 91 30 24 25 13 86 46 60 3 45 10 58 96 19 52 2 64 18 51 85 26 92 40 56 61 36 67 55 37 20 41 85 94 39 22 42 95 14 92 24 88 34 28 44 80 77 41 38 4 7 4 14 12 52 65 78 74 71 65 41 60 25 61 85 1 65 15 23 46 51 51 87 5 41 92 58 36 51 52 90 62 51 72 16 95 43 93 48 90 78 29 83 71 0 94 93 99 95 50 63 56 57 55 81 0 20 0 74 2 78 79 50 37 55 28 63 90 83 65 41 81 45 91 82 83 20 6 65 24 75 63 37 84 66 30 66 4 69 56 25 69 1 95 0 69 50 89 21 68 35