483743 495025 473554 473569 447565 477794 488857 465627 484472 505598 484908 523803 506761 461605 496906 496452 448994 552881 437500 492238 496247 492882 491346 486396 479308 481220 481596 444934 445377 420525 517586 481792 463145 503307 495342 479899 475280 478107 478628 512613 463196 484735 479439 490325 461483 499762 518572 457928 458978 463477 521549 493046 451548 478803 462644 486538 465700 485355 494644 432775 478858 468207 491390 504231 474370 455812 478722 485275 497067 441298 455791 486088 493577 453582 469556 454851 483928 502536 480800 487492 476946 474020 442133 475842 497972 463238 462438 474802 483643 562846 442169 498387 514382 487408 485770 471927 518698 441200 470194 496139 436576 470418 478905 509813 446578 463335 501867 473047 485795 454001 450455 429651 501189 491631 473938 466264 454078 474087 464632 486201 482154 519390 482966 465707 492428 477848 448900 471590 483817 481302 493902 400846 475951 480208 479901 446375 480627 458292 433987 453355 495905 521631 462500 483638 490456 433763 502345 465124 489857 512737 490083 454501 483638 486007 494601 478489 447853 456219 481292 481910 491241 504683 524624 463438 444766 509653 440388 492121 458445 512910 507014 465580 481240 447763 459244 490972 504006 441285 502300 480197 522174 485012 446160 512462 472226 461630 475609 456916 475924 481628 476773 469647 488658 484310 414313 475778 478107 452524 453417 435503
523627 550942 531748 548313 501205 559321 574360 515366 538793 563836 543327 561477 544094 516433 558052 556261 514277 588177 478817 558086 555234 559607 530221 530342 517302 541056 510081 526699 491476 478293 565522 552762 521506 533705 530306 529887 552502 543021 482985 581782 520336 520224 570013 519267 508869 558392 563522 496840 546784 513078 584470 568905 510954 519150 498845 537336 514372 554024 548635 481756 566698 505332 536410 553015 519302 504195 521214 525672 567310 484223 492076 533532 510136 484876 527766 507097 489201 568440 558371 555774 510630 512389 493649 532707 585740 539409 515290 526628 548791 584024 534126 532787 559614 552643 545562 526897 548315 495841 522425 544653 488530 522002 554198 520076 500594 519214 558877 542518 539895 499580 514396 483578 574441 538954 528564 551842 493454 540956 529914 538128 531396 572196 548045 485268 514516 516017 516224 520875 529867 523845 503244 494920 534334 535388 542117 505850 510284 502105 503799 504406 544841 589207 504220 539069 527183 476514 534067 523678 523994 559941 529120 487209 518449 556547 530568 534952 543065 506558 524192 558251 530179 565856 581428 518492 489188 541165 508242 556509 525343 583282 560133 527018 535151 514532 515397 551246 537728 487301 540036 542506 570973 539355 492596 552788 510176 525115 533154 498425 523458 529741 528952 522202 514575 493577 485419 546757 512418 498553 476303 503568
478808 509696 462859 483461 432043 489643 516803 473852 501495 500470 484366 478868 467443 489010 473375 468152 460005 538229 437565 492604 500206 494561 494678 459468 470264 476839 461348 445112 445311 399485 516264 476184 478236 486458 476816 490027 489118 457933 452416 525867 434938 491084 491487 478300 478668 494799 499316 441105 480500 435308 497988 485054 457320 464731 456954 480066 468203 477141 483360 422962 481283 450426 486623 499459 456389 458822 480140 452307 509262 432761 477077 457976 483546 436146 491393 444400 458117 517543 485510 499788 448515 470190 442263 459856 502781 488424 454368 463450 476402 530964 446643 482053 462621 523087 471112 477524 506980 456736 458689 483131 447943 455087 484973 493954 433956 437002 487622 477570 483808 453140 448736 438649 488768 478567 474486 479682 462163 470915 446800 463803 461603 488311 483452 457569 469744 452585 455191 470082 470897 458545 471791 415456 480273 465338 453977 432839 443684 462059 446377 418869 461974 523333 438027 470536 476420 426704 492517 432868 460869 475976 479764 413961 484459 477013 516484 461584 450064 464667 464185 490763 492319 497978 516567 453569 427479 487085 464092 497959 470367 531462 502195 474049 464871 470849 478299 496102 483251 452700 499907 491781 507832 482732 447504 515490 477862 452048 480435 460991 486925 464821 483781 443031 480709 460384 429170 468959 483602 425285 441667 466781
470951 480286 464209 460298 443812 479464 481697 468052 523221 498867 471038 520469 495332 471442 498748 483580 459787 537873 456122 516800 497792 481155 500557 503501 470575 507278 475951 503035 470622 429087 508180 486032 470104 505377 480504 485985 501933 508426 453913 510704 455756 488269 501577 465823 470657 500622 506711 458231 485962 442558 521773 523214 459480 470488 488995 483915 486087 494677 496861 429024 504001 445092 515225 488489 483956 448324 479483 448815 485436 443206 459853 462568 486795 464881 477504 444903 474502 501201 501158 490823 472680 482208 457048 503219 505734 481636 477784 473735 469381 529250 466168 514745 511611 498862 486323 499273 517583 453998 472658 495103 464546 463372 472859 466695 443297 476480 499579 512394 485212 456165 481921 424630 501490 464880 488037 460385 449469 485583 463838 492162 484087 500016 483565 460376 481822 484353 439678 480235 462305 490127 470563 404853 469949 475841 474016 460331 450972 463200 479162 452902 483038 528522 457783 495395 487277 431296 509220 456600 461220 518622 495432 439510 468416 494692 508561 490515 456309 459036 467166 490549 475090 501141 512853 458092 427519 514633 472705 510148 484205 525107 509113 462674 466402 467889 479809 489901 501052 449105 482526 485230 484601 480668 449343 521379 480171 478503 488317 453225 491153 463820 478047 484020 448449 469814 442247 488685 494942 434557 457686 455648
480282 529703 501078 491799 447854 502392 521946 476500 514716 515152 482146 539836 485214 496627 502252 522278 478189 575909 482431 524172 516335 521516 510643 501318 483925 524042 514599 468025 473609 417785 554828 521728 495430 530513 520684 494135 525141 491882 504171 541785 483319 497407 522212 496971 494122 502875 511185 469980 495258 461230 538501 536259 486960 508938 474567 526198 483973 514198 513978 448334 515287 457568 515091 527408 472084 464235 497989 495043 530416 476391 443259 504472 512239 468558 492434 464010 472003 541707 527153 515430 491944 492334 483397 481456 539378 529498 498897 521276 505693 563717 480778 509416 513815 532676 506675 490457 533100 444911 496338 516387 465983 472648 491324 519151 473245 454463 510002 504533 507874 476647 471623 465450 519073 499378 505009 483076 457889 506591 507829 525111 514522 524854 522067 468503 507374 508688 489032 495004 499027 523786 474126 461081 503786 497133 507062 474145 480730 471459 480207 455288 489758 542532 473407 509007 500880 447196 512177 483867 497545 520551 496610 451913 489163 485123 521822 486136 489029 482167 467154 497665 512138 545488 535262 476068 479677 518395 472015 521620 502033 538656 529543 488622 491138 480335 466371 510130 528163 447392 524812 523954 541614 485243 468419 529241 482920 477153 532718 479954 491444 519813 494461 514390 485889 493426 464582 506265 494879 459492 451726 455224
508778 544037 521481 535498 515757 546213 559536 524022 558275 562423 523269 557659 532885 540208 553571 539554 500883 571648 514759 581614 582621 546595 542133 545489 532672 531653 517503 522813 520907 469801 547334 547594 512433 558641 526750 546658 544253 532167 488271 552479 511042 517296 556472 515673 535084 548037 547424 528930 530133 495959 580514 570775 519857 550803 493505 531361 534892 543522 544926 478221 556322 519018 526685 552140 528730 494164 525517 532464 554808 521023 503896 526165 537414 504109 530067 503309 508218 544066 546472 547818 511124 535782 496733 535380 540411 537764 499640 545918 551232 583609 521544 551197 579833 543369 548195 558559 557426 503654 554820 540248 499198 538335 535722 543504 501483 507846 573428 522129 535707 518389 509736 490174 550130 531237 522807 548670 501278 530415 515047 532733 531833 573280 546769 495371 529081 520041 483462 512075 538105 541632 554569 481361 501774 536644 532552 498185 507725 489430 503636 515500 539158 598497 495874 529138 530130 492468 530918 474649 548701 542104 527665 485876 532371 555409 552005 535710 524385 506678 517571 523115 534223 567465 533497 522921 491195 546746 520298 554689 559818 557664 543246 517491 544276 527698 509738 581284 565095 478511 534711 545329 555042 520781 507608 572333 517560 528614 535635 501841 508379 532299 548613 526327 519073 519166 479513 554086 541389 495099 492966 497405
499729 528214 497970 484886 474777 526536 518308 508783 518876 529506 508261 528720 531457 505309 522169 508995 509174 559815 495526 531635 543112 522587 505871 498139 489361 518190 485555 492236 476422 464588 533187 516230 471440 546835 500002 499355 511924 509134 481776 543735 460721 499486 518412 522117 487120 526226 531666 469594 524254 485399 551100 510000 480730 475271 488308 514528 507622 505094 515624 466950 531277 489653 514400 511030 535967 491624 503423 495151 533341 470839 478598 495007 503798 474008 496734 490067 490783 557346 490825 517079 493420 492748 469130 517156 538845 499394 476115 517518 520072 553011 486655 534868 537666 508937 522460 518017 542230 456776 506302 554285 470463 498110 506318 521805 473081 479707 548574 489159 488617 493330 488016 472563 509517 503056 485389 499219 473560 509087 483939 496803 541554 541422 522069 477844 517112 502035 471560 509908 511894 516070 488182 433766 511949 473081 498553 465304 510429 500746 481776 482737 526284 548202 485289 505084 520317 450455 493936 480246 500913 525052 498989 444210 498669 508159 496761 489518 467860 480929 499128 510838 531181 521536 510233 472287 474956 535903 486542 507830 498996 545252 539694 495616 511379 480270 484350 534584 528909 462241 511632 511289 523806 534245 457966 503295 524693 505230 504284 473455 510866 505116 521420 487623 490380 492659 462270 527364 494684 466045 476248 469646
488391 509999 499501 513853 480653 519148 512814 488142 541266 513513 498883 542399 507770 493210 487702 540443 479390 555774 479958 535831 539820 529270 516567 498667 494064 524399 498106 493674 482658 439892 527644 520160 476438 528869 493199 507963 533991 489575 505072 527673 501410 513292 531447 501938 507740 521369 520562 478780 502401 501844 553880 526810 482314 512366 471188 511502 496232 482922 500242 440512 538207 476543 525444 505702 506725 483562 515783 490571 540453 469070 461047 513030 511323 480431 497627 466178 490779 554262 501107 516646 482391 501610 472032 509781 542024 525119 484830 520719 504231 551153 515940 518061 513754 530633 526167 514273 532722 478996 508807 513902 466008 489960 530467 501163 478413 472254 531227 504359 516971 497848 482550 458006 514729 507812 507223 499830 469849 495522 487671 487022 503101 536723 536900 472068 498770 499244 468158 489652 524077 511236 494393 445725 529202 519725 488099 468460 512393 484693 483841 481390 519081 568342 461681 507558 503452 461862 517577 486562 485761 514906 512640 470751 511513 518168 496689 490211 481292 508801 479707 506996 531761 499740 543370 463995 456557 514751 481076 535830 502852 524565 535352 497154 509671 451043 518173 524396 529079 464063 508067 530180 525875 514819 474116 533798 502933 489479 510796 489488 496425 503250 540077 507987 501593 505035 454274 517255 536804 469279 453515 483532
480149 505067 473801 495325 459777 468593 501640 470741 507986 522040 462937 517272 482413 470969 492668 509509 442685 536546 438434 514524 484805 501723 494799 502397 489845 489042 510002 478070 471001 445014 530864 481757 459567 503279 492096 490060 514566 478439 484373 523200 458106 494788 499383 472645 488417 480703 511950 461921 463924 441875 533687 508301 473824 481007 475256 473454 457530 494321 473282 441858 495666 449987 503146 529497 460408 454609 477095 488039 512505 453676 457489 461324 491622 456917 482894 448361 455997 494384 502484 506733 482667 487636 453082 479468 509961 494071 496478 514979 506983 548097 451052 466399 503146 478921 489584 494877 508664 461081 495535 493062 453380 469083 477035 508691 463107 445118 476736 490924 496264 447994 441244 451842 502129 491214 480873 475008 441489 477170 466883 494186 487695 503162 503927 482709 491370 450968 464826 477578 478746 504632 461201 445534 488229 495860 499944 478595 464228 464355 454130 461773 494255 538540 454799 510284 474477 437508 490708 445662 480980 492752 501190 434204 487110 481904 502060 487507 476836 457334 476086 482317 495352 529371 513272 453419 444006 495757 460739 504340 486175 528655 524697 476064 483475 462159 467747 470814 505346 432521 498616 494943 512329 479329 461206 511464 459341 483846 489703 438649 477247 491507 485279 481235 474682 473778 429647 499440 479321 451921 441815 466306
505462 540337 530376 523606 475788 548812 547915 514669 513735 562738 532638 534979 526116 526731 526043 535560 513183 584427 526134 529434 547094 546564 562770 518064 499484 535705 483576 512219 492226 473766 553292 533267 513539 549894 547823 529745 535697 525675 505220 538224 511503 529310 533265 513255 482206 519124 546384 475040 497044 503814 549475 545615 492816 501009 473218 535284 515305 529931 542468 482310 531976 471560 555973 530007 551281 502470 527251 501429 570279 469028 478265 516261 527191 489106 519431 498508 500552 576581 529823 521882 501404 522021 481254 522982 533186 537470 511888 508263 518623 574373 521572 552256 532353 554811 536185 519287 549320 495627 503760 530372 489586 506999 517611 523577 486223 498746 544817 530286 536023 498031 507011 479775 530065 514466 499561 514335 498896 516914 488141 515087 541395 542015 535884 496785 543616 523535 504257 500181 523725 533068 505595 444745 519729 509399 495513 503048 514665 496626 496247 473738 528930 562032 495929 522422 538638 471609 530047 476449 528005 540333 524801 459568 507238 544619 531597 506175 508653 484778 490475 533293 545661 519239 552791 503129 499676 527109 491007 525815 517921 588192 534022 498122 540894 490198 520087 538185 559308 482576 536661 523794 556315 530516 495483 565676 525890 509125 526067 496737 519898 522601 525043 519702 536408 522370 476961 535128 538419 479675 483032 469774
509442 537528 531618 523221 512979 527231 544512 522503 566665 551789 527203 565147 541929 540278 551013 543119 521545 597303 499854 547965 549158 535648 538840 540551 508535 548765 535850 509156 514602 473362 568848 533888 520462 553686 532596 521814 547162 532855 513094 561033 507081 548143 521286 524449 536241 560478 537168 497781 533625 504049 555571 527267 511764 522689 507996 563329 528373 545448 538894 463966 548632 505380 564418 525655 541239 524350 530844 520277 557014 509792 488510 548834 537420 505069 531069 501147 524604 573262 507016 558364 519233 522853 499392 550921 567111 540418 499866 552228 557430 576990 518170 542231 547493 553553 520405 534267 576206 486863 526629 560803 483936 510238 538627 531593 498870 492447 537029 532051 529146 516593 508902 499783 563870 530859 543626 549305 486297 519370 517808 542062 559459 573220 559132 507485 532869 525085 507837 518721 537525 539304 533052 464273 521300 515432 527442 491882 504182 522772 513854 482560 529236 585586 500910 541175 521370 491593 526086 509930 517152 575505 536801 504823 524584 529322 554025 505093 508798 514294 503175 545343 532739 563613 560738 505685 497640 540267 515628 541567 533494 583422 568849 541688 535432 477363 513713 541611 553996 475042 518220 554822 551818 531550 492333 569483 540545 507916 530212 484669 524903 525224 538103 503081 524196 530362 452812 529071 516978 492677 503946 490294
489521 507578 492908 488342 449770 469474 508294 489856 513846 521285 517175 525369 493976 495774 527827 510053 468333 564028 466620 528146 515242 513867 509069 501990 489523 520754 510841 475206 456494 446212 534051 502416 497967 516685 518023 499134 518717 483651 476824 539812 491295 493718 506851 476787 514374 503246 532427 462809 490359 484060 535199 515216 477255 508004 485963 525214 478146 521497 527114 435325 508901 480956 542999 511750 516251 476319 495832 501877 547001 457189 468556 490299 489899 484481 497075 473333 489825 522883 503309 527535 486293 518934 497896 483607 527041 500526 503200 512252 504873 549991 480962 518834 520078 507210 516086 500072 535187 459707 494273 533791 478711 492187 486049 508687 489623 476234 513667 501486 488690 491419 466645 469238 531261 496100 508551 502280 495273 487730 480705 514471 506511 514177 498630 475621 517339 484856 478757 486840 512105 522166 480214 418756 480355 498490 500795 485127 493933 499470 459018 478775 498224 570507 469354 496990 489167 451429 516628 476153 524037 487939 507775 454183 493449 508627 507878 479593 485405 468698 479951 488211 488873 526779 507073 483103 492764 507259 465683 506550 505680 537522 540271 496851 523498 482487 477523 508918 510014 462923 527864 506546 535483 498256 484053 532767 484522 487374 494566 447073 501190 507548 492085 492185 504600 486044 454761 528264 513619 436156 457292 451121
509402 540052 499288 508272 488618 515093 537566 498335 518953 529526 513322 545057 528117 514787 546834 516014 499124 581493 501893 542453 536814 513971 534679 529948 515114 538827 505497 490589 485318 465913 547846 497167 507903 540134 516715 516199 534800 501290 470336 555805 491253 495496 518272 518818 498055 538569 517865 494329 515236 497033 563792 533806 487696 497273 492522 537656 532766 547571 542271 479008 534592 501441 537431 543002 521312 486291 504454 498394 562981 482033 508045 509113 524440 461853 517616 487980 515660 545241 529780 533943 497801 525532 502768 514711 547646 531457 523725 500014 533771 570597 484317 535322 545412 531279 504805 531110 545069 475050 522114 526753 478966 506687 519833 524683 477387 488735 528485 526903 515750 491789 498878 484988 530688 521000 520335 503148 465050 515436 512415 530388 546514 547817 529212 507418 522386 493161 519315 524799 540912 524144 519242 445778 491408 528766 517297 500083 480879 495324 472474 484210 514887 572343 473969 513515 523924 482673 535041 480978 508776 523768 532328 473848 505802 536205 533038 508377 482943 480997 510825 530564 516252 552565 566237 499102 459127 527149 486631 519358 526843 558178 539503 505401 522687 490198 494208 520420 547395 495581 511131 515982 533754 521379 477289 544863 507896 494777 524830 491489 536013 506320 508393 513016 511321 495759 451483 530971 520354 484552 503564 464485
505605 522478 498669 506110 489296 505173 538704 487336 525469 528024 492617 534783 513247 496317 503241 516664 491930 581130 496558 509242 537963 505538 519547 501776 509339 526992 493618 491043 485605 434291 551332 513608 498468 527197 508590 500835 518219 500742 502870 527227 466342 513777 517360 506212 490942 526903 531701 464174 477208 472323 552909 526162 468626 502865 469323 532876 502224 531091 502492 477358 541068 480817 538911 509959 521109 505880 496161 501439 561774 461290 486102 515383 479022 474757 518347 478518 488609 520111 510660 511473 492497 496025 476534 492763 535746 514032 504377 497298 496833 577007 501103 490877 529595 563628 515897 518574 520724 484288 513293 516400 458416 509941 497096 503103 478257 479242 518879 518977 514083 502988 505717 456425 519733 513624 506148 499861 475007 498600 499895 517828 514343 531227 521029 483192 503716 482304 482801 481043 500585 539878 488286 427785 523392 510974 490556 500144 476151 478408 484241 484430 511305 562946 461895 533389 509307 449035 515700 467709 524535 495540 494958 465395 493560 521699 518697 489376 480139 472554 490030 498496 501504 515121 541876 487213 456928 526113 470465 526674 515200 569477 529570 500248 512615 493140 496002 513453 531563 485782 521895 523452 532535 482902 476672 553422 503827 487171 529090 496661 518865 517866 512918 490353 508787 500045 434697 505847 530204 445967 462893 468744
467085 485403 479654 498262 456343 488556 500772 470322 518180 508778 473501 495069 492680 479997 476747 479349 462893 551405 443718 488014 513620 484469 492822 461834 482872 502140 478143 471288 460822 450054 507374 492383 455906 494854 496487 507790 497934 462116 467103 482410 448391 483197 515372 472744 471989 506595 481759 443710 470041 471271 509403 464741 464856 457490 459597 476257 477869 503272 478375 420894 512337 456567 494241 489884 463517 449286 464104 471920 519695 420867 456172 460164 488854 456801 466025 442726 483656 506495 456459 506801 453734 462994 450801 456577 519244 499481 467314 485645 489897 531190 483766 486226 495195 502181 484937 485657 516839 440569 486979 525597 442567 491496 484331 490674 451259 450715 485338 485676 448217 463766 459774 437471 491905 500606 464883 464585 458423 487514 473271 447442 479979 505014 492722 469017 472594 454397 469591 485271 485834 499380 470316 409939 454988 481394 470503 455653 456008 488495 457278 442118 477659 534841 448101 506183 451075 468111 468715 448772 477471 475488 496570 429196 463052 504717 493765 468944 463950 474635 468662 477969 505793 495580 500346 455461 440985 492351 458675 497066 480162 515906 489798 471964 472355 467297 454940 493879 493224 442377 480704 495945 525183 492295 430745 497921 478914 448920 508823 461260 497245 481309 474469 467333 469403 448642 435649 467005 491757 453720 418781 452776
480010 505020 519697 501312 472445 492847 504124 461774 505114 531625 509979 522966 515458 469457 516909 530320 483117 539875 482107 499334 489932 506189 522823 510659 473086 508354 476815 486172 486397 444559 525769 529145 484650 533633 502837 486806 507445 515946 505042 525324 507437 512054 525883 491181 472091 524534 506428 464907 473968 481834 526089 512982 484369 480895 474343 489136 482777 512207 492552 459243 503362 473830 519172 508714 504505 485133 493640 460652 511436 442906 444378 493337 498105 465952 498559 492587 476452 513173 515931 516530 449319 500274 470304 485160 526248 486125 505252 519641 513252 556724 499891 519795 524595 525411 493589 515318 516967 461689 502088 522238 474251 467487 472513 496089 485609 471895 524760 529929 510363 489028 482550 458170 526794 515960 492978 495794 479989 510685 500742 489005 508055 523209 505408 482807 502895 500063 490772 498576 492757 509250 489430 420833 509072 482707 488587 465134 462083 498332 491005 450780 514699 560168 466301 506151 486681 470629 499982 485202 516146 493242 508412 474974 473335 527758 504538 458360 470823 462456 494660 491080 519977 514665 545450 484614 470712 534193 473864 527406 506588 556086 508334 483110 481916 474876 495115 512103 532033 441447 487626 516013 534000 484522 457482 546388 476714 505908 500892 480460 495413 499341 498543 487727 477670 479749 418714 502456 510922 472788 454699 451357
499205 537986 493241 500332 461334 502159 511642 476412 503950 522159 511881 511326 495058 474115 514885 502146 455318 577846 468162 507566 518506 500455 519972 495304 474960 517399 467962 472449 455525 435769 532907 497385 463110 501993 493961 486440 510073 503845 488986 537428 484227 514073 514285 488863 481742 527162 518403 459118 490066 467858 525890 524883 448007 468016 475397 500994 481007 501449 494739 451128 507979 476202 515799 485836 517261 475419 486481 497029 518870 452755 468469 495978 499285 472024 487574 458873 463735 528057 514350 506797 493765 487844 448750 515258 517763 504996 495906 508645 505202 558069 495554 503661 504015 497809 508727 526498 519125 497424 484867 515989 461257 485377 485448 503326 476663 486823 513533 493503 495059 491278 461293 458956 512150 513857 496304 496357 476525 504186 486147 500622 493947 513938 513036 467729 505285 482301 459209 477925 497866 527781 492988 417888 488229 481091 478364 447468 492032 463374 474477 454265 507932 546719 459275 506024 521525 418776 493300 461378 499913 515632 493353 444759 475120 500120 494595 493121 481662 468412 474605 501206 502166 528402 508396 468106 468320 500956 489239 500830 497603 529854 531830 491797 500805 479320 490390 486216 516946 459949 511141 491191 543813 495267 480926 521406 508056 485082 514589 466980 506817 499357 501524 496514 493705 501046 444702 520125 509902 444961 472392 462373
518944 557458 509072 552963 504179 536608 541240 531885 561408 531481 513008 559831 527878 513299 523292 557601 504813 603457 488300 545282 575427 547347 537514 539252 533896 564704 533740 501007 504778 453739 534833 545888 505174 541941 518269 542121 550489 536161 516603 547261 518436 522486 539066 545685 526105 531442 561335 483506 533636 506834 583430 558938 523308 535793 495089 521006 529103 542025 530286 471602 558400 474163 543963 557472 528356 480074 531602 509818 556824 502134 515364 510326 525499 499263 519689 488634 500839 567266 541217 552963 533658 517717 503302 530425 551276 551224 498323 536878 526462 568549 512300 540728 533857 562258 555209 525854 576102 499639 518948 545497 511864 534683 526081 526079 487805 511783 543881 512551 550341 525496 499106 469541 551276 514348 521698 532597 493325 539084 500847 522218 505202 532817 555053 499108 515378 520145 497438 527132 538864 545149 537545 472091 501549 518465 522738 499014 513951 503086 514682 485978 536323 587262 505079 538994 535760 487939 545819 484421 520875 544736 530740 470918 506297 535206 547434 533243 498662 511065 506180 525512 518806 551376 552993 502778 488927 527511 499540 532895 526719 586455 560627 506896 544589 515635 507690 559857 560478 488464 537152 545653 569887 515640 518598 576524 525362 517978 546829 518717 525948 548457 535235 517629 519923 509716 463652 551942 520208 487408 487475 502722
504478 493059 471311 486254 446242 469392 505488 485452 514010 505790 480978 529069 500863 490063 493482 508585 481164 526121 444085 499377 505364 502381 512317 494075 463925 490599 469274 480220 463553 428558 520873 485513 471594 507173 492355 483592 508946 477245 460013 525516 475592 498103 492753 485639 494062 504806 516423 453021 487630 470702 531227 502726 458429 481736 491258 510122 478574 509259 480472 431702 471288 468134 507429 493673 485608 465357 484470 456534 507524 450912 473358 499539 478001 450472 489065 446806 465850 520992 496065 510421 479527 495718 458246 477215 518214 493139 488369 525827 490735 530437 476337 493165 523793 474574 501693 478723 519887 455143 500410 501447 445317 487262 492604 484888 476968 464938 501675 496656 488645 466905 471998 443372 497633 506572 503305 487598 477706 494235 466374 502913 487753 518983 484804 460209 503910 468407 465012 490377 496226 481848 493633 407107 463269 493699 487632 473794 473882 494414 479731 458097 503370 555338 455777 500379 494476 435031 532877 481808 491234 505364 513753 444515 490943 507948 505397 500005 459776 471768 464404 512735 491511 508065 533186 455486 452470 501776 463522 511032 471936 524055 530150 485725 477159 475205 489774 500787 495815 446759 487541 498317 510074 479628 445109 513019 475678 486821 482783 463907 480686 478754 483963 483412 470344 478617 442803 488806 507770 439084 453544 442133
465452 485110 446769 462770 430718 481237 487723 428866 490491 486432 471853 483243 479280 465128 495921 466717 435372 509243 453924 473671 490184 474009 485893 467048 450128 484953 462492 447360 429030 404857 466537 470173 459103 478551 474840 461839 462916 469572 452321 450478 424502 477177 464595 456084 435492 490531 472096 436509 467493 431705 520030 482065 444667 446655 435736 468463 467425 483178 477617 416000 484693 406428 479584 480718 457078 440975 470564 452566 484462 438913 448925 476193 457286 430344 462770 450608 433157 483653 497691 472584 436648 454817 432175 486265 467243 452456 436289 471383 484143 515561 449629 477190 479268 478599 471695 473719 473474 439550 477835 470312 432842 439782 465268 464316 438361 456025 482029 461956 450763 454537 428131 412834 486326 455158 487550 450358 449251 499901 444615 456276 459096 491347 476801 434615 462689 459227 448019 470428 462042 483493 473662 409470 457979 469964 464092 442618 441845 439478 444692 439921 487031 509246 421941 448365 462646 414134 483235 428772 460267 488338 444909 411653 430097 461815 470893 451652 449150 468087 436065 475602 475967 474981 479882 425788 433387 490836 452568 465328 477812 505231 500019 467900 459008 442692 440349 460180 490253 439235 462441 473372 471971 460614 420935 493854 456390 438542 469435 429945 446372 462746 487837 461859 455204 477026 423733 493972 461536 422566 447841 417208
521839 557069 512436 510609 478575 518689 536769 513910 536047 529492 523443 535730 528793 500816 517202 551525 503269 564713 496868 535636 542681 524542 529431 537166 494248 524344 517180 499769 469321 445397 538804 539555 509390 555897 534277 513526 540736 508618 508110 546152 491462 518677 527347 514413 516409 537248 546113 470507 512730 486515 550239 554117 507961 513970 484678 526748 490252 512758 515894 464024 532412 461598 536174 526902 530118 510671 536070 509891 525614 491120 498827 534150 514173 499879 497941 488578 503476 552248 542398 533415 507454 510450 488712 516084 566011 511949 507947 503361 515879 575989 497427 518965 524495 515963 545432 531752 548442 501245 512895 537837 491742 497339 514443 521660 493302 507024 527619 537204 521490 519733 474445 477392 542644 510621 493444 521206 495682 510951 499949 518094 512850 559056 531473 496439 520889 523964 492390 495311 531073 524836 511345 470292 506813 529032 507943 486120 505657 497845 486497 506874 529234 575163 486929 505778 528999 460802 521226 470222 509486 536759 520416 453329 497729 517839 521799 506981 498156 504979 500220 533320 534249 550516 563013 489742 492627 508312 494463 523772 515253 562055 540642 492069 504419 489747 520703 525117 536341 484789 540273 539621 540393 503173 494968 536694 525031 499552 537978 483628 517891 510369 516289 522343 525154 483108 469952 554616 511453 478093 457835 475395
429900 486977 470910 497398 459545 474837 491659 459659 495846 480933 475543 493214 480867 459815 477434 481777 445518 520984 456690 498377 484121 478776 479296 483173 465279 489180 470547 450694 442387 404444 513320 455495 457109 483876 482396 474474 479421 469944 470693 486934 439962 496102 482145 475687 461247 476579 482399 434723 456358 446279 500290 473262 458756 464019 462576 493414 464045 470740 496393 411343 490730 454517 521525 477236 476886 445588 472598 472028 499495 441146 423748 456341 473607 440434 484455 440162 467941 502970 467255 494704 455778 475448 447488 480203 500754 481832 435133 509001 464287 526726 474603 472493 477213 504978 477857 485464 506538 423080 471041 478140 426185 462084 467630 465416 432347 441666 508254 476167 452448 447113 428166 431756 470600 473057 472733 437867 443205 473423 442683 466120 472796 496801 507000 466775 470939 458339 457038 444254 488732 490859 467449 422965 475202 444077 473913 452834 440169 443506 440129 452826 464645 509578 424439 469638 499154 425153 473753 414726 462168 486334 468918 446678 454764 479091 478739 457093 447453 450606 451727 462814 481980 488602 480553 483389 442021 485350 460178 473922 475305 517355 489030 458915 472238 436228 466484 474017 484367 441739 476319 483555 504784 479796 428522 512091 466390 457100 477060 454262 462639 488198 488653 460615 468368 472278 416903 495101 478062 432435 447118 451682
488689 523213 526432 503097 492398 513855 536508 490813 532477 535990 510888 557743 525666 504284 540087 534064 491401 574810 486430 540626 543509 545337 510077 511684 511546 529192 492301 496598 486652 459568 540811 528006 507461 521696 505111 521386 543974 508466 499872 538040 496398 523804 525129 544597 522835 553144 538526 477535 499050 510856 547968 544941 490915 502105 489953 515607 511856 505849 522593 474017 525822 480151 541142 524869 521361 482825 526536 514025 556876 481262 506730 538514 513174 505307 505745 501812 485767 523398 519333 546867 502865 525552 474750 523640 545517 514121 487941 529662 538259 555183 507896 521670 508817 546551 537976 539904 558229 492956 524156 517702 476391 518396 502313 514965 480667 494398 558292 520615 521741 487526 491838 492071 540518 528221 505472 522384 491990 517449 484555 518060 495711 553756 537298 511303 536294 488555 478764 508728 521659 514573 489117 450389 510281 513323 497574 489928 500756 487018 490681 465390 520090 572344 476660 526204 503819 460893 525934 486982 513520 552330 524013 474172 526390 521545 518620 492388 510108 518923 507046 528158 525560 535664 554949 512685 484403 543434 487248 546506 531940 566047 527293 505457 518194 485988 531381 532374 512025 489722 516075 542108 531844 512188 469580 541816 505662 492167 507255 489735 511119 528288 526051 512897 506115 502120 468866 530089 517814 476735 488327 473527
518881 546961 518305 534358 502125 533070 570992 523991 566079 532734 519376 552042 500870 553767 547712 548373 500777 575931 476990 554241 554578 550768 538347 558742 515409 506873 534056 512428 487658 444137 543319 525374 525980 541002 525092 532274 542043 507358 496784 580536 498128 514656 530254 495076 516924 518978 547492 475081 529406 481551 584033 554677 513558 503382 513170 517737 507996 514303 517407 463343 541651 496996 542730 546388 519167 504961 524337 502281 573126 500100 510181 507826 525634 489027 531211 484388 492012 542135 527735 548009 507020 528379 499135 539454 551259 544529 500592 526362 548059 595836 507769 523538 567308 532472 546560 533047 564472 502157 517893 514232 465101 487801 548836 523340 488306 500017 542688 518631 537640 505962 483288 473666 556522 509318 511099 533045 494152 525024 456776 526009 517249 549060 545545 482219 515313 510489 490781 518510 537545 525672 499880 462934 525891 517138 505562 487587 486886 513974 499019 479608 537234 582310 476261 505081 529833 466386 555017 483648 542057 522305 551958 482975 515561 526026 537197 541625 496729 512552 506273 528660 510773 546147 549065 499591 486877 537493 515153 553677 525431 556994 559348 500561 506314 506815 514035 560758 529747 485767 532534 553807 534010 508918 498297 551794 518244 492502 537720 486091 486228 498526 530856 519916 510388 513313 463099 534855 517537 482554 504372 503868
457389 471894 464841 472199 449763 466395 474621 453496 490569 502542 456612 479526 486581 447182 504249 478004 447763 535633 441613 482398 503230 479168 486925 460799 470987 486888 451454 438363 429125 401397 471114 491188 451497 494949 505033 491996 474527 495889 463112 499331 446897 479331 478521 481274 453425 499551 499173 447535 469180 471356 509316 475541 443376 476557 454434 471421 463224 482980 475784 414487 486407 468161 468309 493956 442378 448849 468881 452417 476262 428411 454817 489183 449355 450368 467745 445177 466481 487258 470126 507203 451403 461405 442629 483979 504379 466349 448753 481300 471505 515536 462129 485841 496267 480198 482914 483308 519410 452469 475083 469420 439882 445265 468539 456025 443153 455460 479480 480146 485682 461659 466829 449781 494134 492233 469109 467001 444413 477441 458391 485320 475173 477307 484984 446321 467063 463337 489913 462396 462252 480339 468686 404557 430045 478453 456200 445119 450352 428197 424763 426927 460625 524903 450882 469972 451708 445242 481169 440755 461347 477777 479533 446823 457286 464391 502499 456784 464632 454769 470792 455662 468170 500020 518324 451005 430867 472856 453092 498040 480656 502333 483229 453415 458424 457490 452913 489431 484333 438712 495303 459739 510641 469899 440195 502650 476508 448524 502152 462018 465383 461219 450351 458106 467404 436277 417708 487909 461733 436320 424361 432643
484818 478188 442889 455053 404331 443165 473907 445541 474456 470883 469109 492905 471217 452370 475663 468708 441731 500472 436589 473761 489460 472284 454077 486645 444879 497397 463565 458739 441526 397322 472833 460126 459243 488254 465491 458238 464426 445175 453732 495355 453411 464825 475777 451490 440541 467520 464407 428464 455352 439052 486959 479556 450532 452057 448854 481341 458811 456162 451762 424965 468504 423512 469728 467238 493671 440922 482419 446099 470689 431156 444562 469030 441737 424986 474854 432159 438570 490837 452455 489877 442464 446185 421598 448159 485534 476327 453508 453522 465881 502538 458177 449094 458358 483212 466167 475968 491482 451542 441095 483386 411391 475118 450977 465221 448983 427370 468844 443248 458921 440785 455303 438929 488855 490757 453967 479018 444443 465104 440651 464490 466857 467953 493675 450078 480834 461749 459040 456656 481588 459525 447707 404984 444408 455738 450124 443446 448334 429993 436690 426473 473013 510840 447510 466058 462260 406705 468131 433269 453263 451733 451760 401018 436786 471209 464713 450641 439686 441134 433071 478829 447543 489416 489138 430604 425900 459850 424212 469433 466748 512044 481963 459025 443770 437666 451908 461919 479371 413900 489129 497903 506816 434752 418912 485992 446470 466621 474291 451999 456152 475429 486012 450777 435078 435451 393901 475423 459357 418834 408582 432373
478076 509351 479103 512814 473928 493003 521536 461783 517683 505680 493324 474172 490372 481500 491117 494321 473686 560963 443949 503958 485954 519361 497995 485586 477930 483341 484830 463445 449677 424975 506327 503694 462573 516948 497096 502790 503070 466624 460175 491599 465598 508340 498003 494043 467028 505408 501796 449711 481611 484074 533310 496485 475102 487804 470942 493272 480492 504421 494963 427910 507066 458462 508304 515481 509486 479944 505376 469249 546171 463820 491292 499881 499203 475104 500529 454474 469689 531174 479872 516376 469893 490898 449198 475472 523987 483415 461498 502375 480608 535825 473055 488756 495791 506722 499824 493198 528448 460919 489875 497187 463997 487291 492372 498791 466083 458244 503026 494509 475868 489384 475624 437603 482713 474084 479645 478976 483460 503087 481845 494148 494327 517161 501573 474846 478874 486725 484386 475342 492509 503126 500113 436531 459852 484059 478140 463450 473777 445597 440108 462479 464406 548557 450196 487112 499544 439900 495964 442918 478319 485671 496132 452335 475902 462096 515911 468428 466615 488800 457520 483680 485073 494357 519298 463561 464747 498700 481665 491500 501078 528257 528622 491182 491042 483673 483482 486232 496004 458812 503624 478923 525065 476101 440892 499536 491366 461355 508043 447774 494450 488913 506523 486199 472719 462941 447899 486310 477363 424400 471417 452557
488466 510061 483815 488357 462050 478975 500752 455751 506343 508227 490371 499017 482807 479218 511264 493496 444010 562177 441789 516724 497193 499348 508604 513116 476244 482776 480661 455310 450284 424299 512251 491888 454400 509823 510233 476543 501155 485013 467895 519785 464513 519936 493659 479585 472378 488180 530780 457956 489827 465073 527364 501600 469810 482325 470155 486636 467487 493944 491453 435106 495300 447796 480866 527111 504961 448172 467874 464861 519075 457661 465808 493776 478275 461524 487190 448135 473158 506483 509483 520646 476102 455022 446743 489148 509270 473719 475686 510555 505536 542882 477041 488307 489473 472693 493220 489083 517532 470799 480875 500613 464035 481775 483596 504261 431998 467270 485407 498408 497418 474789 469154 447159 509907 481545 486672 480467 469284 486231 461236 506844 475570 520666 489487 464849 491337 484054 456831 493192 494502 504743 473502 432529 484604 472861 491505 447291 472932 447250 458759 450342 501415 545818 464225 499170 502502 444218 500404 455957 503999 482609 472084 433312 479364 500075 514238 476618 454102 475444 451846 485179 509311 518303 513138 467817 450565 504457 462411 505135 490052 545079 520333 491125 460484 464626 472685 484138 495283 440096 477243 504015 517985 470542 455562 505674 468850 455384 506632 459250 468953 493586 485656 476586 474768 469953 423730 506751 489542 447213 457299 470738
517513 535777 501375 487111 459668 491991 500638 476144 527581 495814 517800 518409 510504 500950 487774 510949 500441 558709 468720 523315 510127 510100 515206 488884 487233 519033 473800 473882 445691 448021 523806 487724 494577 494482 509334 494998 505697 488266 446990 536348 475179 505527 497253 476663 486212 516980 515467 447438 494931 465336 534242 526262 499724 479702 476642 530803 491735 504218 513661 436933 507367 479417 525170 488333 483037 473455 497901 499856 548931 472888 481042 497149 509416 465161 486120 463406 466521 543201 492763 528478 463245 478253 463532 490733 535854 505828 475733 491695 510560 540583 499302 495041 490908 530996 504912 520532 520848 482683 483695 515914 453900 503787 495384 500536 464193 474446 526488 492183 496049 493246 490394 464816 529670 510910 511408 507488 458460 499497 492078 481933 515917 522301 486674 477602 498926 475346 451460 491019 505105 506350 489052 416519 493843 513685 496499 460470 478460 475602 491627 432934 520749 558920 467226 493254 492836 447899 512506 456666 479413 526508 506629 449686 474663 523614 497844 466838 478785 482626 470811 511197 503181 526349 519027 479577 473177 514072 460677 510508 486693 550765 498950 488147 478044 489167 499412 524032 524198 467345 506788 509687 536117 489595 473236 529569 506930 501545 506915 471287 514883 507683 510706 479324 504250 478843 438833 507903 487454 462217 450339 432627
481525 515581 502058 512877 489620 510140 530588 482730 521332 520138 505798 542342 521078 509729 523388 521493 488810 573459 479977 525341 541938 512505 532063 511177 502225 532240 503860 498121 483325 442391 528794 524770 468079 513344 506093 532165 534172 492655 479789 539627 496200 508014 534059 513393 487261 531877 524569 495094 496677 493019 564785 533240 483278 524160 498106 508631 488884 533214 524528 446378 540284 469588 509678 525524 494951 454538 495733 490846 530067 479707 499500 511943 511474 484619 536205 465950 496109 503861 497733 538564 496993 509606 482072 516078 534620 519486 462707 535594 526360 564354 505987 520627 520525 529764 505835 503628 539385 487646 489784 523693 453748 511249 505624 497079 478646 477117 537674 511771 501282 490413 507897 471349 520864 521951 524691 525735 439081 506075 500960 510344 518191 528836 559224 491394 516413 494241 502035 494276 511991 518962 504773 452352 482436 500797 505030 497280 497511 468923 458468 480760 515588 554170 495105 522618 494902 439258 524570 470133 498743 530565 511694 444309 487284 495591 513497 489777 485576 487255 494486 516235 508348 520871 537437 478289 462738 539184 473855 543517 496823 547891 559634 487385 493378 490092 487637 511627 526492 446134 514604 510295 541307 530583 457738 545218 489430 494679 508845 476406 503440 507124 507976 511292 525867 480591 456498 530196 517479 465783 468508 491931
508044 544760 518243 505170 468860 532864 520827 493872 561439 517312 513999 525054 524353 508448 530335 523367 471302 552210 471774 552415 534324 527667 510375 529697 501660 523576 512012 503361 472231 430933 525535 517905 503364 536234 504005 509601 528494 524571 492515 549068 459829 517021 523627 521119 487287 532314 568236 475641 503966 467370 553075 549432 488512 510487 486670 515621 506805 509980 517107 454973 504384 511870 510090 535238 515709 499378 521354 505812 526816 487455 490768 510876 522929 489976 497080 498064 494249 561166 539862 503132 497016 511874 473159 516083 510448 493987 526379 531999 527916 573726 501822 540085 530557 527932 521890 527674 539927 471750 497625 525271 467193 509414 519674 513341 483674 509492 517386 537813 487364 519033 502114 471091 530199 494021 505920 516253 473046 524614 476896 520283 513895 548684 502087 483810 510283 507102 457957 511282 498228 513528 488489 443414 499154 504425 487119 471844 496391 480925 477176 479075 524726 555342 475512 504571 532422 462119 517243 512189 514023 540912 523979 458787 501849 489777 530564 494907 486806 512219 507566 517844 528606 557140 547157 466153 473338 528955 488443 529448 501821 556448 542419 519646 505202 515941 494755 514983 513090 476726 518804 515382 543027 504081 495650 536809 487696 497638 506377 496481 521443 512947 513320 502473 497003 489559 471335 543606 507622 459431 460266 483842
499234 522290 495469 505457 457005 506380 495001 470602 510461 545171 485735 517628 510485 500559 515330 531004 479775 557845 471278 511013 521253 519211 509576 502076 489223 509863 501540 488302 478129 425539 538870 495061 472159 543023 509699 489633 509660 511063 481829 526473 490078 505320 512633 493243 478182 490832 520190 496606 497999 462231 538713 513697 464898 509775 480401 497308 486367 524889 530067 454293 502198 468374 519539 527959 519066 487963 509534 501816 523398 480226 495473 517713 509891 469081 491300 470559 495359 539121 504941 501726 493741 478499 469933 506665 513042 501883 483275 500839 516064 553618 471918 532784 513730 536454 503578 507367 537018 450359 508618 525438 478092 507551 497876 508233 453567 448186 520342 500466 506251 470075 492809 446814 508036 508205 515888 499999 475518 513097 497270 523145 492431 558183 518914 489579 502653 487018 485094 502600 487099 498189 502111 448495 499253 475795 505354 479743 491530 492090 461488 484891 522843 527494 472979 520707 520215 471036 498728 493761 513155 516746 485929 438369 502148 496334 525746 503725 481773 471480 483108 505600 516878 510332 524337 446784 445925 522548 485332 508666 500620 569425 562551 504450 494183 493220 495066 507713 532288 443439 518429 504536 538697 494586 503551 522811 481562 491181 486262 456028 491354 532570 501638 485636 483499 486103 443989 484689 510448 434233 467853 463109
461893 500235 484240 489713 459317 466338 497697 456994 504873 480427 485234 528613 483067 479824 490153 499510 467494 513992 439917 502386 504114 507731 475039 507357 468134 502289 499892 462341 440325 421121 503703 489780 459460 485275 485942 480806 484703 473482 447975 502736 475267 489582 496920 477624 478480 482035 504430 446603 473059 470647 521248 492055 465027 482499 446738 500312 468198 484922 500134 436872 495298 473732 488597 499261 500081 457419 463608 469415 499472 451741 459851 493464 480240 460898 463648 450303 464615 514875 475393 513062 457497 467137 430492 486588 517378 494370 464454 477348 498842 533955 464708 491867 489789 509246 496813 499379 508037 455685 477898 507394 438703 488830 480624 477613 454742 458960 529174 488546 486922 472521 472992 449985 516954 481833 486308 486592 459053 484648 442710 473337 490649 507674 496980 454784 483728 485270 440690 456261 498919 490711 473964 413234 470236 472636 473194 452822 485447 452933 454208 447918 489627 528705 464896 471872 470361 461016 486480 451594 468659 508112 498225 458010 461959 499825 482061 465959 469308 500099 459687 475648 469097 490050 494342 461352 455790 505715 472758 495173 479911 527177 504999 466326 474822 474962 469498 512656 492668 450996 489264 517878 534060 473859 442333 505419 467779 463138 481969 483650 481863 485466 485678 469908 495288 472954 412884 478837 494193 422515 432212 458690
507378 545884 537616 524017 487606 519399 535083 524576 552557 531940 522389 543091 524061 523461 524477 550740 488645 568593 490148 556357 574606 529187 541099 546256 527562 550594 503610 512202 490974 464620 531619 535380 517205 557122 522167 540447 521399 520451 502913 548419 472166 514691 528282 525700 512263 548163 539892 493798 524234 485841 583266 535735 494920 522124 509404 521758 523031 528807 532354 465845 546919 497908 530673 534372 516797 492505 519326 518161 546156 487170 509394 512370 542371 491045 507542 501122 506634 548323 508596 518815 518325 526773 498663 520340 563702 526797 483210 528439 549375 572315 490528 512684 557074 541144 532443 530697 557117 497823 517324 539942 477905 520877 524343 527460 500107 494652 539531 524917 518907 519523 477542 497584 557602 509647 532211 551378 493225 538857 496905 510905 536455 564262 540731 506313 512727 531385 480418 528591 536643 558267 510033 467892 506550 509176 528899 481936 496372 505990 485402 457948 538809 576729 480261 517570 540184 456941 489502 489835 515563 540699 533807 459838 508739 528499 532754 516993 480811 527679 513907 548484 540819 546811 541038 486550 487487 552557 505952 541106 532806 572377 550150 508303 538324 504382 501578 529644 526523 476638 536821 550469 540161 513568 501964 559749 504627 516732 520193 502621 524773 514774 541818 509869 520166 511968 467991 543889 526898 490282 495387 488434
498090 521289 495481 515379 475786 505115 490648 489795 508295 520893 516078 524112 494079 481884 532719 509192 463605 542300 470338 526275 523669 509438 500227 506757 494525 515892 491858 468199 464869 449315 526002 497526 469937 522754 486185 477139 526398 485425 461427 526515 480276 524794 506133 467926 488095 495990 510303 461482 519903 479555 539901 499474 461223 493679 463094 493641 478119 477703 500640 455044 530470 449711 532067 528780 517248 455197 496605 499927 534789 447031 487837 483286 508317 438938 480493 462289 476284 516989 500309 529353 488101 471440 481155 497141 523721 497740 477601 510426 501290 516846 508832 508343 509450 508655 487984 508295 520804 465084 482595 517087 482289 477770 499630 523774 476678 453070 503847 510868 506907 482486 457636 454087 522541 493274 497931 499608 476392 500239 456483 489392 513256 515211 506998 478228 502898 491397 459092 487057 511692 491347 478102 438899 499763 451359 482120 448209 474759 477982 439935 450081 501494 534803 446791 482420 494761 458956 499500 449107 501587 521459 521317 443169 472239 516942 502565 521335 477488 494823 483657 522262 525545 520914 533739 465542 463065 516440 480878 501600 499738 533033 538657 498055 489699 453403 489278 479235 515362 486298 504873 508400 510184 506081 491514 518309 475376 494441 501556 460367 489037 482051 502932 495849 500413 463046 432255 497794 513774 480767 470836 473998
517503 546716 507183 522308 482499 538564 526746 526415 552904 539773 506869 551033 521034 514046 524696 533683 500949 553050 511730 536384 546936 537325 539109 520291 495637 534154 504589 512003 478351 445992 549947 539151 508493 541396 544098 510743 536900 499187 507827 553385 487340 517484 539803 531713 506365 526695 540982 487562 507622 493580 562090 548329 518131 516858 474511 527265 509577 532399 530970 454321 528443 489334 538464 514012 530513 495002 529787 516082 546396 499082 486455 535224 521248 479402 527553 497849 508904 559278 524991 530211 504756 529764 487237 527300 551549 522406 518338 514463 513017 572653 517641 525465 562183 535742 534456 520875 542150 497760 505844 536998 473411 512882 517030 525655 483804 509887 546667 521060 526419 495875 508413 480738 534995 530577 531002 529543 492699 530384 503920 513694 535361 563404 519818 494255 527090 481654 495436 495640 504651 541029 488799 468819 493455 527933 501734 501586 518676 501298 469138 495030 526521 574457 471864 528598 513262 486966 532291 511247 506356 529079 536367 465153 523119 522560 517572 500273 508130 523435 494833 529231 530416 547280 549352 455280 478790 551785 479909 522964 539027 555611 552447 489226 523620 500991 492709 538922 533772 487147 532984 538758 565361 495143 475843 523704 531870 505669 508014 500262 523289 519560 522693 511622 516129 499504 478366 542380 521544 466136 475731 466507
518829 528856 522346 488974 451548 511413 532316 496662 519872 547649 501293 527376 538923 483038 507278 513900 490886 570004 479495 536822 539554 526772 529730 505151 477752 522054 460369 485794 503785 451186 520869 505697 467334 536945 501440 501831 510940 505933 497660 518831 478965 514276 507645 508730 495332 538601 512161 446769 488734 465107 532404 532964 472678 488823 469678 518254 491581 524699 525155 473886 519894 469960 505537 525155 522982 492372 503725 493675 527917 469689 489894 509818 502558 488425 500381 481758 476215 538575 500755 508653 485410 506567 473460 508326 543401 512546 478234 513100 495238 572185 481176 510537 523152 522595 500431 505051 531040 480203 510650 517122 469276 483493 504080 489038 451865 490356 508538 496294 525602 490093 483656 462479 510817 520691 486503 513528 465580 506785 501773 483537 502931 543068 508411 460233 508609 495400 466597 499301 488851 527783 489957 458397 502056 507373 516017 469011 468135 484019 476619 452962 498089 549061 478568 499192 496313 433436 515525 478907 475573 521735 480620 443742 489435 516597 508339 482954 470070 466460 495073 521871 507913 533358 542334 500929 457428 512443 464859 507465 516198 550143 531421 494167 502427 487391 477513 509742 521395 462215 514714 510719 544154 514857 462849 542805 507219 501392 517134 451624 499128 496261 499135 489360 512358 479405 433999 513976 484104 471126 480198 453823
508077 487927 504724 512378 448445 513330 503890 514307 528930 517762 476402 549341 513200 485075 524535 523638 476743 531044 474709 490370 537022 523820 503289 524622 490070 525431 495441 482012 483243 444142 513657 509310 490748 531284 519454 494215 508620 496310 482812 529853 491641 492844 537630 507401 505478 507812 523844 453742 469357 478885 534509 493843 472909 491273 465685 499271 482571 481642 494101 432069 528019 470510 523076 500553 509840 482014 498100 501787 511828 447742 477789 493828 485413 469760 499250 490151 470901 517803 488575 512705 479984 478950 469299 485351 531498 498035 471304 520326 521042 535073 501454 491497 519037 502649 512492 513326 523177 461667 495298 507866 450511 486716 496268 502530 492807 475876 500696 490390 509956 458121 463863 465049 512271 509114 480916 487825 473884 517848 474909 497136 495491 510691 504081 492073 511962 486534 472914 489827 473936 496258 485826 427213 472177 479513 475929 466707 473437 487313 473350 442651 525154 553825 488189 494353 492808 466995 495147 489338 499311 492736 503878 441498 464109 518287 502444 488718 482190 479694 483365 499745 514242 522468 519148 469383 457635 507900 459239 507840 494831 559937 524660 501719 516292 448013 490443 518499 520192 457186 506619 498827 551139 492937 459815 534499 520520 505972 518475 491182 471068 486444 519901 492333 479729 474294 441236 539777 487756 465184 455232 448162
497295 540727 485225 519723 485432 507636 543736 505205 537700 505818 501233 545640 509012 498461 504299 514722 484591 563079 481056 525250 540146 501055 522438 511693 503296 525587 499026 495090 467738 443238 539229 505004 480644 513543 524574 504337 523169 494047 477050 539904 481241 506293 543245 498808 497051 519322 531197 484135 479911 472562 525752 534596 503068 480929 485092 501804 490600 507083 512616 446136 526528 470445 522447 515216 490956 469450 499939 485478 545326 445062 481831 491622 507611 480083 510308 473407 475691 531090 521947 505157 495135 497948 477903 488854 508719 511222 481696 504067 503853 603196 504395 507473 533908 534631 505837 507922 516044 468456 498112 512968 443358 512587 513680 505675 469975 494958 515455 526970 497458 483378 491303 444675 502568 486651 487445 504613 484476 512266 475337 498859 489098 530082 515041 463844 496952 502151 468783 493890 493919 512178 521830 430878 496652 491430 490895 459583 486753 475222 484514 469748 516585 553092 476183 523918 531665 455358 493472 468527 486750 512004 509645 466020 474116 521762 522547 506935 461769 457201 492363 515523 506266 522807 537459 498917 495612 533086 470357 524809 496906 531077 512455 486078 507482 502865 469963 509499 511779 444258 507406 483749 524884 484939 466373 526661 490350 491871 499444 489319 529629 505117 512706 484816 488268 483997 470109 503079 517214 450932 467047 475645
488606 503802 471760 489351 444358 491581 506713 480725 516619 524411 502795 523577 502385 488461 505129 516677 490402 538018 449266 529786 518669 492548 499209 528486 475763 495350 489516 479411 460313 432714 528808 504187 465574 505004 498988 498309 493043 511232 447764 511941 462662 528436 503887 482051 468029 504716 506592 461528 494023 473027 545665 501318 489627 499829 466386 515996 515820 480645 508941 451735 527072 464366 515855 488269 495465 474301 480984 478905 525140 444975 460289 528210 486591 460143 475762 462244 476142 530573 523238 516310 453041 470147 458652 509840 518809 497694 493373 488228 508957 535166 493941 522047 513423 502454 516204 483969 508511 486511 482684 481229 468445 486288 507970 486031 455652 455289 490970 501001 497236 497126 478856 465494 532170 496058 497178 522795 461701 505006 499000 488737 486239 516111 503135 461208 494791 493534 441628 475227 480556 475060 482844 436266 484338 476564 477097 447063 481047 480753 480622 464238 525395 538867 467992 478136 495315 443056 501680 465004 485890 516497 491864 460989 455117 504675 504930 467780 478703 482195 468023 510587 497262 503130 533397 471012 465361 507312 470676 498465 493850 538622 518328 469681 479694 464524 488221 506287 505505 461504 477650 528688 518855 472303 452086 526481 477927 489186 494547 483972 487581 492021 492045 483313 473871 491910 441768 502286 496138 446579 465851 458911
497482 533347 502244 513258 469869 542127 537197 515380 531096 529799 536380 542610 539350 493703 523761 518047 481147 574281 474279 551716 539137 522447 534179 523902 497162 523593 511983 507606 485051 444964 556199 509268 505360 529399 525615 510238 512665 512993 487602 540622 490463 520398 529276 526972 490932 535839 529805 476649 502995 492486 548042 546547 477188 494195 498233 525424 490450 545234 548889 449591 545558 498787 521848 542502 526059 487317 508279 491063 530712 468943 484830 509954 527828 465291 513036 500759 492522 531044 534165 531126 473472 532748 475812 516750 547943 517454 492276 517695 527494 593265 499453 526334 526237 514786 506804 511285 550221 490618 525417 537948 470316 483947 512885 528537 502295 496295 517600 521346 525559 497918 464214 467177 548695 525095 524833 484673 487815 521485 489227 509815 513721 541502 536261 472603 524135 513884 500649 502326 517146 514480 496795 445400 509126 517654 524914 492876 485983 486951 476813 479701 525257 560873 491045 521116 521026 460257 532588 488819 506296 534266 508500 479304 507122 541530 529714 497546 486170 468507 501520 523588 518343 532722 541934 503082 476100 554480 489169 523096 525080 559794 528427 514736 516894 502871 503818 543993 537265 473433 532619 543379 544260 523163 479619 536011 520345 498927 525858 495199 523008 511812 491421 496678 508499 507084 457753 525265 504887 469682 476794 484335
492323 523228 516268 496138 453987 504189 515292 476845 507438 515086 506991 518011 539300 492315 498804 522011 502638 547678 478822 513480 543321 502636 513006 533479 490651 531145 502152 498736 445840 433023 520735 512075 494100 530697 521206 518940 505852 481955 497712 502802 491290 508740 514209 511199 496890 502293 531391 456410 484749 495373 540548 515343 476614 491716 473796 510100 506993 506110 529673 466511 533128 475049 513944 486194 495507 460055 506098 527284 530051 478164 492783 514555 497447 483399 493135 482072 476885 523789 507260 541831 485035 495950 464725 516682 538677 508581 492981 512025 504495 555850 497790 516942 526215 521979 525026 532673 532019 494491 483036 502811 464922 480087 513743 519045 480177 482112 524884 482683 510971 499658 493414 469168 513720 518884 502295 505303 484804 508145 476498 487298 512161 533976 521050 473736 508688 480797 457244 508629 512123 537723 482403 441042 501007 518034 518509 472719 470770 468204 485277 467954 524341 570313 468685 529350 497930 448570 513685 484402 484782 524242 511114 438744 466303 529260 512784 483726 477860 500314 479146 507826 520217 524078 543646 480989 471610 518067 468151 505873 510949 530364 521677 481694 478598 501002 492052 506412 507490 460147 525816 516136 546834 494173 479031 540123 491765 494008 501110 458843 514444 512523 483800 490365 489316 478036 462400 522499 510710 450058 482583 449083
437953 466977 456163 464264 416998 469490 455514 449709 506415 492417 435918 454140 455214 451856 448844 465417 447275 483815 426030 480707 478144 447232 475708 488167 433029 477729 450384 463098 423649 404095 451374 457210 447344 483700 477449 492287 487199 481429 419021 488983 434738 461432 481226 462810 451064 472061 471040 433796 448376 445438 486448 475914 454618 460381 436267 453269 456796 465894 462034 400127 454057 419408 473874 478522 453351 417462 469621 429765 485990 428235 429409 445378 471663 451459 457164 439527 457691 495759 457473 467694 445096 453294 442416 470194 477701 470191 440214 476186 466307 505116 452054 485970 468521 454490 475107 455174 499091 423292 451089 470578 428424 460657 437546 473046 426990 452743 477880 470612 444990 446502 443338 415558 482231 447637 458152 451256 441160 467843 443760 460104 464070 477220 465230 440658 451459 456197 440376 466580 467449 451126 451755 411834 419178 472661 461389 428942 433447 433513 435262 444162 460929 513555 437636 460464 481054 425759 473552 422256 464228 459742 451759 433366 451331 460922 480484 434377 428605 420387 443267 462931 468182 485112 473777 434068 424085 482030 425846 465982 470288 501495 469814 431503 446954 447822 451629 455382 455452 405200 479680 455209 497778 449063 419064 481577 448739 425571 441529 432772 462878 469516 464260 427329 449283 432214 415458 489132 464050 418839 422868 427146
503184 513585 478831 501155 479590 502455 531122 486419 545357 534792 517077 530814 537888 493523 529411 507138 488662 551266 480714 533887 528489 503821 523628 523191 485704 518205 510998 477785 507685 438343 551195 493004 474929 536986 501485 489189 504023 525141 485094 537189 487095 528970 544160 508274 521039 542121 528220 481313 501916 514668 540195 524699 492516 512851 475996 530330 531754 508046 521204 469409 554721 458450 532646 530677 502298 482171 507163 498607 554756 465472 503397 540768 505732 492148 491737 489839 480322 535901 533121 541741 505441 496686 463737 526238 529926 518463 495005 536250 507508 546932 500840 517283 511042 498349 531240 512916 551801 497650 507124 512593 469818 504914 515747 496184 473639 505345 504574 497527 502160 495136 491318 456614 534620 521607 522124 504056 475898 518587 476929 515750 495291 506304 512301 463703 493226 482076 476868 482109 496520 499667 487875 451149 501408 482000 500962 476639 494002 489417 481598 479670 517764 553254 486722 515078 497129 443586 542621 485073 494899 507417 510402 456964 517585 515683 526005 491532 472727 474045 498084 516039 513052 538062 557646 487429 469440 511262 474730 507504 510855 567716 521617 493337 510630 464124 517659 514127 518172 459610 541498 522794 529643 492975 470342 552310 501818 487759 515280 490086 501812 497425 503031 487249 504088 497430 441348 516094 498276 473266 478938 479032
451843 492507 471408 477076 427826 485869 481452 457069 515775 481148 465930 490644 493656 448360 492654 482864 446749 526685 461778 496388 491709 482806 490354 480508 463006 476396 484533 439292 430902 390911 499491 479776 462486 519510 467335 496186 471901 454957 464249 495981 451571 466194 478260 474002 493065 478839 492779 430835 484738 448161 493442 466628 447377 478417 437652 489075 465492 493057 480795 438328 489836 463200 485599 498057 488704 451759 487182 461698 479969 467021 459247 471671 477010 432105 457945 445418 474610 490893 480429 500406 448491 448156 449018 467981 509681 480962 455085 498977 467608 534695 427652 481962 474638 494449 494517 481441 496334 449152 455754 486220 435288 464476 463662 469352 436344 467582 487760 490361 450086 462899 444578 446813 502983 466628 484032 469938 440543 486371 450954 457477 484696 510275 498659 449644 459276 468690 433808 456920 494542 484176 460983 413038 454163 473274 469000 439448 443142 436412 438844 470613 469684 495352 435063 473146 466654 446481 475396 410393 447311 491810 483472 416119 452920 468061 482252 461646 446762 467374 476532 448839 469488 507754 489289 459822 440064 473210 472564 493041 489248 492571 479966 457104 468981 432956 444093 500650 485997 412706 470249 494804 493287 467799 436458 504369 456978 449655 473082 435025 481187 476441 470846 457426 480027 447676 412560 486635 469873 436770 450756 441582
511698 538029 510871 526801 468604 524835 532684 502548 541977 542521 511671 544939 535543 508075 524155 543099 509017 573204 499233 517025 532349 544767 562063 536093 480820 536827 509738 489002 467858 422238 549694 523861 502591 547079 545841 515649 552961 493153 500474 557286 492604 528036 537926 524000 498075 534656 551191 471345 500130 484634 530348 536111 515328 507065 481389 523094 495301 534849 519505 459198 505215 471829 528097 548861 524068 497633 520366 484688 535461 482592 490159 516088 508637 471198 537020 483713 498155 523260 533254 528853 488454 522313 481693 495687 558283 524275 517031 530784 526806 576234 520536 527690 519126 516830 510747 513744 558461 478683 496841 536704 481524 500260 533787 525895 486504 492801 524172 544401 509585 465704 488025 488578 528314 512972 516163 519038 501714 512187 498129 527023 521875 526466 530786 481937 536384 488899 514601 499400 493133 524309 494691 459740 501881 508490 499840 487558 475680 489485 484417 483329 504342 548465 528776 519865 532868 477712 536788 501039 508481 505923 520962 454199 501363 521431 545556 508062 503697 475310 504846 523701 541225 556696 548436 490060 474812 506952 487281 520540 536583 556482 536969 514136 490406 489669 516990 506431 527238 469112 520704 523651 538467 506375 484551 566016 505508 508601 525009 493099 491465 516473 507632 497101 522296 471366 464008 543793 509293 485285 457996 500654
507218 525088 517053 526944 474209 501841 533190 497982 549031 539939 508735 527697 514335 494083 535594 510863 467659 559040 476628 544914 534407 545000 494348 520394 511133 523209 495725 519085 470292 451604 511842 514036 524159 514689 510050 525781 528194 518955 486710 539255 457095 525759 529373 487024 490574 544446 545494 486682 500858 483391 563747 544827 496390 505041 501067 512432 510205 525788 518226 466615 517395 464265 511030 519615 499186 485746 502461 502293 526467 477333 494916 523072 509585 480113 517388 471111 491729 562703 515207 532603 509347 489693 465578 508548 515909 509074 498513 505180 527531 571190 522152 512886 508003 529873 498651 518291 555529 489367 487394 514731 476488 508121 511491 499148 482980 489482 506847 520889 519395 522901 500750 474496 551187 517302 485045 524514 491966 530116 466325 533372 499821 534394 516872 489532 515294 507764 477519 502392 522820 502701 504530 443887 482582 514278 503732 476052 489060 491810 470997 447542 526209 560307 477124 524598 519057 468596 525388 484995 545461 547617 523697 470234 503467 519810 527696 493991 509043 500037 493260 529494 510728 551117 559039 486730 456065 538216 478349 535946 501208 580795 512993 494401 489632 504274 502388 506777 525282 490930 532514 516003 538743 514122 476856 518559 511336 504841 527330 483547 530824 509721 526166 505834 517075 507914 447914 494585 508580 482919 467836 456893
494735 530183 479177 489334 449868 513241 507613 480060 511510 515868 477142 507281 489249 491055 471554 494263 448929 541083 465074 516508 527367 514731 497833 506453 459368 491866 477650 474555 457728 424161 506587 484165 489893 501527 498400 508157 509177 492664 451172 520459 468857 489565 492237 495258 477726 503969 504455 451419 484434 464288 537160 503133 476267 460252 471934 501853 496756 488843 483105 427255 499899 465498 497157 498089 492451 476304 489261 460312 533731 472734 459983 475703 488161 451158 490048 467092 487047 539821 485874 496420 456909 469228 444917 491879 507853 492031 465455 476873 510157 523634 491862 485216 500540 492524 511054 492694 510895 478547 494885 516188 445300 504843 487374 498335 468212 471206 509067 490964 497207 479972 462204 479059 532001 489023 498917 513919 468754 488674 483842 483435 471683 523150 509846 460454 483598 461977 460645 475787 497750 497883 496249 466937 474642 487501 471561 462650 473390 458709 473627 448393 501207 527556 437896 492561 470147 444413 501746 443404 488399 502872 494588 443282 479267 495190 488247 455304 489159 512603 459964 483679 490226 513323 518824 466213 430074 525817 491697 500584 506179 542011 501920 497512 461140 477889 485542 501034 502542 478342 495569 513725 521301 485166 459182 505991 486675 471710 499038 472672 479320 489293 521230 470738 467685 477405 431715 489561 495020 427815 449797 464578
481162 494967 488999 494800 451189 485042 506315 473900 484912 498685 474863 527387 509706 498414 503744 487165 471382 539428 458419 512968 542227 527213 509456 514957 507449 522277 498875 476298 470765 426493 526873 499832 477586 532737 490769 508220 521257 492315 489666 522080 474185 504164 538399 491098 481440 496399 509744 465817 482556 486229 536200 526219 478065 494153 455643 498335 496246 493403 487859 446128 497104 458415 498548 507740 482547 484632 467316 485739 553679 451895 475824 506657 481792 467996 476850 445582 457026 551725 484659 530282 481628 503498 462641 484672 497417 514107 496801 479363 502301 538255 485889 500955 496323 506770 502614 482498 533186 485583 510484 510167 464300 488603 500861 486109 474036 479338 505639 502068 502277 488607 470141 450814 516378 493371 488941 503538 474630 506233 464729 498294 488195 522895 515702 450603 517572 503120 463110 484463 494913 502582 498517 415010 477159 495177 494643 474644 481437 499369 444759 446826 504300 557339 465797 483700 505236 444931 509394 478468 496403 506520 506631 450215 483704 509822 521003 479480 474300 475016 484768 498256 499277 508464 546001 469499 459395 525915 460388 514429 496877 548406 529014 502943 504946 485119 485624 507138 501505 470559 523684 516019 521653 493012 460532 527098 488932 476319 507464 498806 485096 475646 511575 508700 521910 490257 443146 486398 498593 465454 465352 439550
515331 526720 496044 522052 482552 500407 530255 493920 531489 550342 489081 530603 511436 475884 538547 507290 492788 565550 490504 526292 551005 537584 515308 538197 509355 547499 512839 513321 482002 438251 541726 517889 503623 539021 521224 521024 530468 506973 511586 535055 521435 528225 508141 513122 499180 506696 544936 473376 502602 511025 557135 522201 480476 496217 488429 526508 483263 545341 534278 470919 542400 476470 530021 545494 530737 465460 513539 503288 552075 476282 489092 545435 513808 499332 524103 481171 501603 546888 525349 547645 491027 490998 484781 498095 527833 521272 504103 519294 515110 567705 516670 527508 521345 521194 528123 522192 553157 507545 504452 529005 476116 490119 514549 518167 476360 482038 541646 523338 553394 490467 491328 472909 529779 532118 521152 516385 507578 517823 483320 518310 501038 545990 533954 479255 511625 483002 517573 487498 507199 580045 506287 454508 501821 519228 512195 486269 515786 497240 472206 482609 511543 572736 485292 554364 516106 455426 525288 493158 519689 530287 530800 486087 498642 531310 541433 504657 518494 488461 490795 512055 533746 522365 561080 478547 502777 517134 487799 534524 538340 564895 545608 510965 512861 511130 517852 527838 538417 466640 556666 509320 543757 520503 466897 516295 517497 504282 521251 491456 506700 527233 503820 510087 531655 500467 478515 506278 524144 463629 487155 447084
476988 524693 480615 497624 454608 488173 496032 479517 525907 512280 491927 507961 520435 470636 496375 517232 487879 543586 471923 536720 511516 493540 522335 498853 485052 520222 518354 465882 460341 420081 521300 508846 485833 517948 489502 493215 511310 498845 475050 530362 465450 513062 498695 484530 471889 508242 499312 451318 478563 488215 538433 518976 462061 478931 482872 503146 490376 514800 503031 465979 493926 464653 523497 531401 483510 472048 499779 484940 524928 467915 481602 514752 512919 475617 487730 479358 496079 514633 502161 505420 462520 483148 477584 528065 502067 502471 478758 503219 494714 534581 500988 516459 507254 516055 537410 501808 545671 490401 490347 490235 457800 470494 502739 488018 468846 491696 525053 507568 503992 485361 471856 453031 496570 484319 499378 490518 463642 501353 473056 498296 495789 508768 487968 474233 495573 491129 468715 483707 506536 505478 486167 426400 479883 497381 486243 459441 474534 478971 468531 447254 506838 554946 461651 495925 509132 435898 533807 453765 496414 521729 534256 452592 482988 513668 508283 483422 494388 464755 474464 488235 502335 524605 540002 464328 458530 535071 459630 516086 488821 521690 515210 470881 504182 487448 486667 505106 531195 470581 517686 492782 526984 505506 487588 510943 468030 458123 516467 463750 504884 504304 490786 486950 498322 492818 438065 520890 515041 461327 475948 458834
520755 552048 536610 558619 508233 555907 554775 526262 597142 559515 536393 566373 560104 536848 565270 549388 505091 609777 518682 569287 575809 534130 553697 543341 522751 551382 495804 538731 517097 489632 565087 540569 506275 565766 542245 559235 568618 530607 504165 557503 483308 552500 538041 560125 516119 546227 568241 510117 542708 491765 584335 573272 509455 547978 521891 563441 528559 544981 541554 485325 549119 535883 561421 549348 534639 519729 538044 546726 569883 501433 534296 530926 542217 509161 522564 514531 519834 556839 555652 557794 510853 539770 501520 539432 569592 539312 507435 554115 567946 583038 534332 551744 559972 575517 546870 586456 581969 497801 544848 543520 505369 537123 548266 562629 500714 531199 552587 539278 541580 532575 517188 491665 575166 561473 554375 528443 497260 559123 517590 541452 557844 578372 555657 515382 547531 507617 510812 529874 542407 559855 552644 485224 523483 528222 532748 502740 525656 495027 500155 497162 537755 588402 498674 522828 550662 505875 536769 490835 533917 561626 543517 485964 527187 559626 571008 536189 528374 535669 531862 547465 565775 570686 582968 516241 487829 573765 520057 573455 559988 591092 581975 538300 529220 527760 552221 552025 546782 506165 560977 555686 561392 542946 532102 581094 527202 526825 542094 520775 539871 531047 540635 524909 529081 511613 488936 568314 524598 512359 498875 493604
482120 499137 486899 510750 455976 499141 516048 484314 541192 520757 484662 487825 491642 482403 501168 503335 482654 552595 463301 516876 519779 492008 501280 506545 488238 505058 490513 503969 476272 425818 523569 499212 481147 509815 484966 491711 504999 491913 482924 524705 447237 527645 506467 482905 469286 511931 510177 458590 488669 451829 539730 527919 492672 488460 473626 488547 496076 489003 505407 432670 519678 443831 504056 515747 472881 470396 497266 473693 517470 443303 456267 497844 494157 473586 476475 460253 466921 528486 478370 517315 483172 478508 446281 495528 507349 503460 469031 495713 487061 541182 517355 498963 525807 497992 500115 498532 524387 485528 509384 502989 466049 469173 491234 496813 460845 478986 505719 510416 494476 493096 454919 447880 505066 481746 492230 489580 448054 490012 457178 484008 478424 517188 504964 440904 464919 482313 471706 492976 479941 504375 484953 458656 485110 487964 470742 447071 467342 466534 475506 461947 475493 538198 476426 499557 477380 460241 495671 450218 484519 497274 487499 439333 480145 492185 515481 486395 480899 478605 483318 504085 493590 519630 538545 471754 445180 503643 474529 507321 489708 544161 516347 488629 489735 461128 473722 490571 511205 457043 490737 510655 518947 471305 470966 501716 474552 472191 503704 461420 503614 474393 501508 486292 484860 478202 452650 500517 478196 437856 437434 463062
500057 522162 511688 522162 475132 496876 523652 489973 540019 533464 481253 558514 514090 513076 520692 517237 475902 574685 473053 521666 556079 519824 527460 512536 485824 528995 514388 496033 476422 457405 524327 508493 472283 534214 519414 528684 538011 496676 486636 546658 503773 514685 532921 513832 503497 528641 524933 467634 491040 487644 538439 528021 509476 498187 488364 529669 489271 507399 510921 447181 507815 452630 539837 508663 503182 481429 509016 487729 541242 472397 490514 498112 519570 495797 510929 478492 486835 526331 504126 519784 501019 509400 460156 492268 546211 524173 500277 513145 504809 553564 500559 512690 525764 525700 519859 483566 528892 487496 517514 527697 472423 499653 503470 527528 485233 486529 527218 519154 520909 482172 499173 454573 537219 498001 502799 516928 463234 486423 486653 515403 519894 533271 530761 488605 515571 516558 485873 491472 523894 518531 486095 455175 501253 525289 504141 480177 486174 475690 509605 485491 516665 558848 487298 537272 514774 470738 526336 467774 497084 513682 512257 470999 499328 530592 529062 486784 492927 499903 490444 502380 516652 542042 554126 495991 458807 518731 469572 518993 504567 560325 532923 494324 504190 489413 484959 508353 516290 449743 519096 526321 530575 489653 503500 549656 479178 495204 490461 503061 509179 504331 518132 487819 497006 484728 450386 517363 516829 479787 450640 471757
465604 494172 473140 472279 439271 480746 475239 445483 499010 500677 476457 513480 480824 463024 498449 489417 460732 533180 444188 493434 494385 497355 498126 472577 443682 500140 487985 466171 441837 422789 483802 490774 480776 499943 486656 474971 495325 465212 457564 490653 471606 483511 497984 474680 458398 471444 466157 443856 461766 472967 515266 487041 462878 435873 468163 475402 469792 494050 484544 423056 477347 440132 491767 491543 503972 444470 470237 463457 506484 442474 462246 467787 482338 445411 484860 449258 455684 502307 456168 489056 452474 461219 442663 480985 497978 472304 470177 483589 488953 517767 470058 498716 489958 491021 499884 478320 497067 454524 485443 496319 445530 463550 462917 469228 449533 459924 496960 454296 470379 459177 439268 422176 480243 483390 502459 464399 453736 496419 439779 462511 481846 485481 466060 458595 495528 460542 455685 457680 474163 506872 459787 423103 477584 469150 479212 441236 454796 453188 444634 433811 478876 548370 429210 463214 480767 407800 506340 440769 476531 489870 477185 420101 466555 483241 470964 453268 475412 462044 439396 459968 479021 496238 500145 434729 439217 491718 454807 480866 484401 521596 505478 462259 488197 457875 457142 481334 492298 427283 478496 492132 498700 467436 452684 512237 479915 451849 480395 444717 471456 490395 494415 467831 482021 433786 424499 493450 461865 436283 442249 430447
481140 516852 500951 524769 466871 530107 527777 469552 533525 524002 514650 532364 513964 515368 503141 516829 486665 540567 488247 534099 516520 511450 497325 519813 484729 514834 497257 492504 489455 420167 514100 527846 512109 516895 487767 516710 510671 498167 483328 522313 463796 506340 514811 499972 473221 518824 516146 471425 499264 495641 549025 530211 498707 516190 480688 501903 498045 501391 498679 475322 510640 477654 523390 515789 507713 479442 487467 493157 541947 456702 509632 527657 509812 459475 516114 487365 491800 537758 497514 518414 483382 492095 450582 519110 534855 513412 498663 486879 527007 553782 520688 523302 521912 537649 517373 506938 518683 498286 512675 543813 473002 508287 501877 516326 477949 498918 525278 512084 519048 493129 480162 447044 511629 517444 501269 515419 480178 519586 493114 495707 517695 546301 532412 496334 511590 493821 470658 505736 509191 527358 512141 415807 502609 501111 486577 470745 487311 473652 480170 458506 531878 548311 462966 507357 501857 481930 506479 462025 516477 543260 532241 456342 514444 533121 519011 500048 499618 500903 499658 511914 529754 517991 519536 493147 467552 544015 513045 527068 490046 551150 535801 494974 498144 493845 502007 497767 534854 470184 482400 546360 516355 489525 482932 518397 500716 483970 500116 484319 507073 473853 505899 495593 505391 484622 423771 480825 505758 461338 461984 462316
490448 525104 506597 487735 455836 479221 516017 485104 515335 496034 502312 535745 512588 500342 528951 497568 483493 543964 455653 523789 503640 511073 502910 509608 482248 528187 517847 464791 471804 438505 533221 491909 470033 520320 516708 496271 508557 477475 475890 531886 457506 497954 496662 495323 494595 512850 518061 460451 484458 490707 528394 525783 479417 493818 456991 496403 490436 497009 529308 451678 517848 473526 527386 524385 492268 473228 481476 489150 531943 460428 480398 500412 495312 461817 493872 480658 490805 523280 498828 514101 462222 486633 475414 503957 518890 507009 486708 489731 496308 553576 474790 526746 516289 487530 498999 517631 527379 472558 499862 514767 465141 485728 494216 507102 454998 476158 517557 497125 485647 475198 464058 445493 521305 512105 491299 491100 475475 504888 464100 486217 477173 517045 510118 457036 495604 453916 472744 464376 502065 492892 450635 415188 499262 476487 500768 456469 483909 479807 449128 446234 515080 539466 455051 502791 474569 439296 525286 479719 485003 512323 519501 440990 484178 517264 487884 488917 474846 470722 490814 492793 496648 533645 537176 463987 470596 523989 446904 547663 500129 528281 521782 502604 507945 464287 471414 500378 518264 471009 503545 533765 538775 491650 475737 508923 497715 480014 510339 461716 499192 498621 494361 486592 493094 464153 425077 513877 473081 469960 462097 447661
483314 492533 479507 511762 469085 481969 512950 486264 499471 516789 502105 522893 505834 495433 510037 520080 483422 549147 470754 508961 517966 483292 501373 475445 471106 502455 465541 467710 475169 423570 531296 481653 478321 510716 499214 481425 473747 494001 457789 517794 456789 507321 513948 486097 477983 515153 495727 469341 466579 466701 531917 501849 460007 501823 486115 500246 493203 499290 524163 428255 517567 464954 540797 486494 454750 462941 497730 489983 521983 433170 479024 479823 487572 455691 490671 454012 479378 500577 494274 513516 474177 496733 444092 469285 505071 497143 472977 516498 506602 542422 479001 484093 503439 529296 515714 477495 517029 487858 525973 484610 458092 483522 472318 484980 488306 464415 491337 489382 478658 480505 466131 462317 515562 515652 483730 480062 464285 484629 502655 504042 486220 510275 512756 474773 486518 477671 467119 465210 510881 497818 491434 400824 476685 489593 476318 454044 465908 457160 477231 477642 487345 572323 459413 511431 491217 458505 506948 443447 484963 510343 504777 436673 501230 511722 490376 474074 473832 487654 493760 486201 493814 503715 519688 473299 451270 522160 464487 511695 489606 519618 519264 475444 494052 484575 488321 481992 498828 466531 488470 506455 508969 473335 479480 537326 491965 479897 503102 456704 500590 485697 497528 450872 463804 479899 436147 497308 493923 443595 434229 436782
461589 499536 493900 485828 476063 516763 495663 465325 511833 500820 478332 529667 519100 490174 517522 516496 474638 542485 475981 524237 509987 505037 507870 488917 487983 508705 493181 496396 475070 429243 511259 499464 481035 525554 498880 506514 517379 465390 492226 513641 474270 500258 527332 491669 473444 496460 520547 464827 456699 448744 524147 516932 478060 494662 495686 497362 482783 495620 512755 442391 525913 455796 536426 518620 515458 460004 482681 486339 528570 476487 452503 492950 494082 464411 480464 458261 486752 523528 502395 515379 473479 461648 460315 482319 496517 513589 464471 540920 494125 531126 479786 509598 503583 528173 495168 488870 533097 461782 485001 521592 456672 535250 498471 526340 460222 441616 511751 487496 471090 464552 477630 453729 517390 513300 487151 492986 460296 494688 493259 486851 492252 519941 503576 463591 483739 501748 468312 485375 488571 505797 478924 446957 482197 455751 484377 460928 474088 458825 451752 453129 523070 522126 450930 512032 504887 456862 477406 482475 507766 511548 502945 428474 489295 505557 497165 478102 462179 497984 479957 482431 537678 515314 489653 453145 442288 512452 460193 519508 484280 539545 509038 485435 498641 482254 480950 467930 522849 441338 510625 503418 519961 484825 470087 522075 448183 463695 485046 479019 479975 506139 532385 463028 505339 476145 438850 499881 502031 460198 474159 454904
526171 521932 531494 525679 491944 525587 558553 496268 555121 574861 540286 544034 520836 509903 530472 533197 486286 601660 477239 539189 542521 547103 541755 520986 507134 542669 505526 513754 495204 441249 555821 533055 515035 552846 540738 533766 544520 525961 494370 561316 487590 549954 536055 531027 511645 545616 530897 474706 506346 484476 567025 544351 483226 513045 525925 524794 519393 529227 512237 501666 519282 505452 566980 524034 532674 531918 515076 531390 558825 475158 497787 528162 504054 477153 523584 506234 524325 558416 530038 544286 497620 514135 492568 533478 540913 511566 515116 531918 539753 573984 521733 544523 544797 552520 557093 513071 536134 504800 527032 528754 494370 510090 519410 535938 508506 512176 541990 539225 517696 515585 497804 497303 553279 530790 517256 524475 481795 534049 508140 519764 504914 556449 547163 515096 541999 521291 499011 513044 537624 514190 495595 460930 512609 536281 489996 498076 503571 510292 520809 469113 534279 587598 484676 537328 532592 472759 556654 488473 545368 523997 538830 491793 514726 548037 535802 505501 542228 521369 486625 541797 535259 542914 579131 518731 491963 540012 503226 556552 513359 588024 540073 538890 525037 485030 529676 528687 546276 499182 529187 547532 548600 526198 495837 565439 520525 505745 534923 497462 522218 525975 550391 508471 527431 528225 466117 550353 519584 475912 482530 491225
497245 508630 484972 510430 448962 504904 492476 480650 512641 521551 498483 517574 512474 489043 516490 523016 477179 545065 481829 492504 524385 496835 493536 512117 476213 505331 457794 466081 475306 451473 507990 498731 471107 522424 494514 502808 498581 491894 467238 504885 470841 489237 491590 478790 462288 494677 524022 452062 492684 453804 515748 491433 468559 509967 451825 484585 476271 495856 493253 445130 513462 453558 520008 505204 495478 465273 500633 471358 519941 457109 477635 483950 514600 470641 470806 478111 470512 504997 472360 514825 473368 487164 462894 499132 504386 496316 460977 475439 497217 547466 483946 500659 518633 506823 492388 504389 511625 440410 495330 521245 467716 493735 502021 503792 465161 482587 516152 499251 479111 469203 478280 435933 510946 508646 477300 483345 473890 499129 480609 472590 499027 529168 504085 457213 481593 487609 474354 478814 489163 493847 494216 426079 458300 473160 468384 445994 511995 482250 449170 464344 501635 516436 463883 469643 475524 484656 488140 454077 469139 508464 513149 450883 479597 514799 509088 486424 447026 468884 492193 504063 527504 506610 513558 472801 448723 504836 465923 497677 485614 554068 531243 481692 503927 458933 472392 508810 520722 442318 493101 499944 535686 480902 479302 514466 486648 465303 492364 480094 470537 492318 494772 480773 486466 488782 424297 516513 459060 478710 442941 449491
499871 512378 488291 513025 475138 521613 516855 509860 540495 510025 510690 540886 518790 478702 495408 522551 476527 574658 449422 516183 540967 502162 527269 515066 487527 522409 504442 497038 487092 457998 529236 499336 484177 536963 537823 511230 532168 515145 471118 528431 486573 517703 516900 500383 496822 523373 536565 474246 520294 492480 537514 528262 514244 485601 475245 508149 495087 508648 514788 442987 524110 459631 543231 530397 513184 491952 505253 492391 527606 458446 470982 493121 500349 476655 512493 492453 485652 545262 504771 523317 484328 515137 486309 491551 548064 525622 489821 529890 527839 558271 491455 528109 540908 504881 506184 506187 544466 474485 500581 538394 445987 490575 517259 501132 489024 485094 501902 522625 501519 504150 471213 456326 539964 515103 487619 501428 500136 527383 471830 502519 509032 532050 528808 473425 513346 489944 475344 493408 525794 481133 501593 455251 483537 501612 498024 486899 493069 499328 483131 458006 503755 574455 468983 514249 509680 476081 539145 474949 505435 523615 529582 484189 509742 500536 506067 480135 453953 470629 493332 534761 522716 529935 556575 468924 474922 519289 460044 526248 512852 539308 535773 486398 505284 484360 481413 511652 513504 479491 518045 521919 575368 492120 474786 546147 499550 501677 503130 476905 498312 505625 502619 492968 487109 494435 466696 527597 506357 470727 451817 470649
456000 467928 446928 470733 427395 465679 498111 443771 478620 469837 474771 494790 483634 451369 481292 483452 448490 517806 457205 464686 462369 479136 474103 452038 446849 462135 449930 469167 432798 386707 492618 468157 451758 471177 485318 472562 468922 461705 456449 488467 443403 470523 468875 473617 445017 492625 482231 445464 462361 443290 512134 483500 441329 449444 440593 470609 466388 489856 466314 419392 493194 435241 476940 480079 448207 440640 471588 455381 483536 421868 443747 458753 469702 421085 461660 419037 453997 467035 467234 476048 448844 461811 433701 485468 482793 459330 452039 464043 471304 534891 449454 463664 466055 480174 461490 491370 502950 424929 454304 463350 430631 442826 467643 455798 428365 437217 460678 470087 445752 418313 442967 419862 455997 475723 445940 445976 432632 462503 460379 467085 457839 489335 490588 429784 460295 462792 442293 437990 450253 466421 447472 404734 446366 460777 448521 468516 426158 436233 435941 442703 463461 503550 434864 471549 439257 422721 489474 445346 460627 466427 477031 415407 469175 455597 468112 461622 432713 447644 460305 474232 484549 499878 488192 447054 416109 492696 445450 477622 473824 502732 486197 462303 427518 439877 467319 452109 480003 411830 455496 453543 455666 451761 435052 496052 444197 467485 478012 442857 457455 463415 468080 445661 480123 440358 408595 460677 453894 438133 423784 416855
468707 498402 480445 483563 447480 487400 499804 470972 506289 492535 484768 510196 488423 473775 488492 485643 472012 529261 443804 487600 509260 499493 484910 488329 473453 487114 450721 485270 477078 432677 502763 479009 443727 498415 462289 481659 503967 468467 465053 500738 442319 484257 502252 466631 476803 481489 496270 444360 497405 473759 512952 491783 464050 470914 463209 484152 471363 506063 486922 418503 482133 448626 498120 468989 474712 466480 484335 466940 528487 421246 482764 469405 492372 459750 456502 459347 435072 493821 479597 488835 455298 492084 425506 492210 508449 495138 461490 493316 487338 523948 472542 506315 497313 484206 488716 468980 498808 464450 479739 494299 475740 469084 470815 469078 483115 486158 477878 484671 464125 478807 464705 437034 515890 471826 459602 472632 444122 464808 453480 459994 474341 504349 494868 432296 506861 480736 432833 459147 483506 499137 443735 423048 460576 472656 475112 463781 455611 464361 463692 457666 483771 527650 441684 492690 466234 422075 491935 443371 460036 485125 483190 423621 488375 481950 503758 477790 464554 476621 476836 488403 494027 476535 494384 453396 442383 492320 463765 488988 482969 511619 498060 492795 487427 462548 467690 494729 477847 434796 475753 503964 508967 457946 458660 517619 498497 469342 470979 446352 492383 464521 482354 462363 478674 475952 422141 485125 485731 447300 442470 439227
499182 527049 526848 521985 481788 526698 508553 496281 522477 552852 499322 551184 514729 516219 527296 536311 501760 590815 499515 567491 551861 521481 562409 524547 478631 508963 498556 492038 499602 454521 530580 518759 513167 555263 552483 521357 539698 524679 483557 542287 507096 529088 529853 526265 487377 527688 545933 492644 506662 475168 564885 555450 496315 501136 487190 520225 494174 529862 519240 461307 528322 481364 535583 530580 512455 494317 524113 504605 556601 457891 485952 491864 519860 479867 518943 483729 505430 553603 514876 519590 494481 516895 480975 534940 547583 499553 512594 505816 542916 577543 512660 532717 544794 515314 545262 563182 531976 490480 534549 526519 470239 500736 525877 522331 493211 505079 532909 516159 541580 507074 494340 475301 526582 534705 530506 510350 480160 535824 501832 516666 507478 562201 522848 485284 536997 497772 485766 488048 502526 527727 505734 458544 513361 510231 509830 478032 489407 487598 506201 460590 531723 572608 490055 504293 508509 461550 534770 486692 530950 535060 545165 471022 516205 542579 537120 488849 511009 471245 502633 530954 536114 535947 539073 502151 468693 546189 504282 527819 528225 561542 545318 508852 506318 503478 511754 542192 528156 483730 505897 523933 547543 535924 482665 544829 509559 521460 535268 502789 495674 505118 513189 491162 526457 495525 455561 507375 514611 461201 474131 468965
518663 510267 513392 506035 471989 501619 527812 493379 529741 532625 509561 553307 497234 495072 532285 506161 491002 545312 500508 537702 536080 509923 512229 517256 500355 527251 495373 492179 499370 445553 516024 510137 499583 519483 508728 508011 535107 501108 480378 531412 458712 497662 499575 493192 490488 542241 516644 459895 489538 472469 531778 527639 483666 511770 489908 498403 501949 537874 518101 467167 520058 476216 539417 515100 507881 471488 489315 480633 517236 441371 488372 497940 470753 465954 522382 479122 469909 517576 510537 503138 496348 484658 476250 509032 519603 490515 501016 498341 503562 552365 516137 523246 527962 534741 531907 541375 534118 472815 525301 535593 486051 491269 503852 521716 474618 476024 525061 526918 500675 503514 501263 483257 515960 513531 506215 510536 501152 502955 463008 516208 507810 519054 511611 484424 511267 477976 483238 505561 508995 536959 488534 436276 501794 488361 483000 478969 470496 487761 464865 478579 527399 579145 467466 502594 505839 456237 521635 462832 529093 505179 495134 472631 497854 548791 522935 518557 487545 491120 480748 517413 511105 543187 520074 477354 468294 535835 479436 519057 510345 555176 526947 498698 508654 506801 487929 490478 535726 494781 510726 526092 518161 504913 478697 531590 490825 510991 503938 471922 509929 503768 509951 500065 494461 489724 445290 521796 510228 473419 452335 465508
458687 490401 463283 495361 440958 486629 499631 466797 520997 515502 461085 518322 484771 477719 468849 497812 457606 536038 466336 514685 506342 486327 497687 492637 448858 470214 466268 473383 462555 424504 484466 478277 478580 484936 496035 489182 458471 493764 434744 482445 445211 500042 495014 501820 465625 493923 531975 462156 481154 438848 501459 475929 463970 490976 460441 491134 473317 477953 497416 422229 523945 440906 487025 485555 486894 453082 481762 485236 513446 452463 465752 489992 486135 467217 489562 452234 463833 527575 486808 509161 483066 472840 457094 473199 517714 489160 471634 489893 503573 545325 475114 515317 487662 496215 480749 478421 518602 460657 479001 494526 463148 455450 493989 477498 441369 448511 503488 463233 494972 449032 459695 426871 516316 481171 481328 463464 441976 504418 441562 480610 497832 520656 493161 479279 495232 444931 450168 477146 476785 485670 476496 411869 486885 487203 480732 445109 463367 464471 456953 437234 500839 514466 454619 477730 476937 450590 505261 452431 484472 510039 477417 437750 492810 486479 531452 461718 460681 443100 445787 476008 497236 494120 502305 451220 443155 493186 476927 483962 476782 525325 508466 475332 461763 466207 485392 509583 498973 432653 476610 484231 508917 476825 428989 520753 478848 478568 467813 449080 475499 474957 482931 448581 467884 464914 414932 483836 482182 426326 480589 458814
473822 503215 457769 482386 471418 495240 504297 463531 522407 494381 477509 514731 484936 467869 490960 494017 457714 546742 447907 519246 508857 491453 502298 471839 496816 494517 489055 476725 461192 423740 479754 471491 473096 503052 499645 498172 492939 482784 439787 508206 445101 488859 502551 509920 468776 502447 496741 458791 487857 450756 521475 488014 453619 471185 479835 483810 470546 487912 501590 429515 498027 456335 511901 492086 460288 458622 480433 475339 499588 456402 461158 462129 493709 460321 477758 447084 453181 506155 493643 514117 464806 473685 460441 475125 506323 466938 471526 493375 507557 551873 460238 488394 523334 496305 498774 492320 512521 452056 482599 485890 443636 472087 469125 473963 461854 487996 476386 492319 492849 472022 461917 448692 490153 493096 492023 474476 461976 475588 457884 483853 483302 511589 480539 481242 509158 465408 445859 494739 489668 485580 486676 426260 464310 490885 481532 479033 454860 463103 455595 446208 498451 547723 446025 482857 476577 434964 501465 435933 488758 512119 502332 453561 480450 486643 497303 493195 465000 487114 474973 475429 490723 496572 517182 454270 444380 507710 464301 507879 478384 526051 522737 483184 493010 502825 478185 494596 501879 457078 494235 486820 513677 473126 455964 510769 465985 461976 478723 451201 486182 465632 475507 480823 495663 466530 431864 487210 485266 427654 451743 456556
502270 529765 492004 521622 481074 494965 533646 482903 518407 540073 524324 533127 523355 492808 529359 524573 475384 588464 487086 516051 535833 513412 541640 510802 499441 496865 494071 483916 485434 439396 537314 512117 494387 533380 546332 504592 518682 500594 501090 539265 487597 495415 538869 510371 486897 523895 538683 476965 507362 470080 524377 501306 488217 494307 460356 507917 496256 534422 499934 454116 532472 470266 518856 519049 526735 490748 517808 502648 551950 452381 492342 504203 494409 469972 501332 502300 463339 515273 513501 544582 495747 519270 482013 501035 545211 510374 496259 492773 520918 567087 509744 491953 533997 526222 513309 519736 547045 469388 512156 560711 482174 504554 502743 515890 494129 479816 506720 504313 516178 495453 486099 469255 535230 528095 497287 509205 496868 506232 494861 493994 502710 550579 540049 480035 523813 514128 497975 508166 495336 532806 492542 445414 508098 497011 504187 476271 498718 501359 487969 452912 528928 577655 467721 524012 496908 459047 514415 478598 517447 502334 520970 456479 495403 527307 540835 508793 485137 472142 478815 520908 526109 536766 544139 507041 480675 522023 481438 520888 536229 555473 536197 502324 499748 476374 498533 512722 511019 459876 528898 513431 553978 482799 481693 536242 510052 495405 545492 486872 503261 521927 503410 502263 492466 491522 460737 514623 502357 469961 482775 462061
487187 518392 487811 499086 500337 488642 508370 473846 509987 519969 486194 529817 518848 490232 523153 523854 471527 545222 475194 514645 522989 513829 508133 511627 496151 508068 501551 495923 479244 458713 523503 496859 480313 509614 516115 494128 519430 487939 473791 521753 482601 498482 533915 505964 486580 519662 527303 451419 496255 463053 544537 532069 473728 481594 480011 504794 502907 496591 496472 452594 516197 480814 509848 523610 506427 473386 503839 492964 529618 473038 461646 498700 492788 486670 497041 451187 465342 512998 509437 512002 495034 490595 471717 506469 520534 508936 490298 517690 524423 534603 499220 495163 537290 513379 504807 501728 535635 461156 487264 518321 441262 493182 525179 497914 482440 483019 512063 500263 489040 479121 487813 459581 514508 508458 478744 499274 490383 498877 475624 490332 507445 527479 506359 487077 511784 479319 459681 500512 488014 516278 498630 445197 475717 495123 520909 492751 484221 464274 480789 447719 505198 559927 479857 523157 510293 452335 480179 479184 499567 539034 507573 446128 477588 494014 507187 493588 484262 474853 490003 506795 509469 523118 530352 475472 475192 503601 459233 504204 487511 530621 511134 509250 482733 496086 502711 509383 487404 474401 516325 491254 534521 513015 456705 528555 488666 496093 508668 455257 504366 500001 517116 493031 495538 477996 453230 505938 501693 465018 462480 460609
495188 537877 484900 504471 489687 498717 510916 483248 531646 534393 500701 533618 524176 479511 520378 524798 489815 591585 479914 524075 527770 530447 537628 483467 496443 529052 520129 477416 486528 438614 525857 504961 474867 548073 529820 491818 491449 485986 495791 533377 498700 504853 543639 515424 502039 522648 543839 477055 497608 486121 565134 523753 493892 516776 481431 502835 497503 530657 530559 459899 543105 479541 509077 537343 505773 483194 494735 526445 548078 463453 483767 511170 522187 490883 513366 495177 492018 535236 518770 512270 488286 489677 475052 477150 540398 507027 472437 528000 537360 558566 491233 509741 532244 527365 517307 503428 544105 484122 500275 573560 484734 512683 499925 487128 511536 489305 538462 514523 500557 492313 478277 466436 532083 505660 501035 512149 478620 524797 513609 502092 474362 532455 523273 468127 509049 496011 475329 512002 500723 526643 508406 459718 479889 510692 516986 475673 479585 487832 475848 452659 519528 556518 489570 535105 520723 455637 506097 484680 508179 514628 519018 448627 493979 518760 523144 483745 489808 493323 505957 492239 503621 525816 538210 472205 471680 508848 486865 529333 515810 542240 506991 499300 525030 487007 483745 516978 519712 478588 522401 515005 547372 488208 479899 529744 499889 498961 528339 483432 498474 511402 527925 495750 513372 505065 460221 500778 484894 480139 469440 456110
484218 534424 515581 524657 482815 501940 555671 511500 554671 542498 506718 545660 530917 527524 532076 541323 501024 542620 494907 533251 537508 530007 528634 519613 486798 533870 511711 517506 507609 463262 536034 512876 505735 534900 511030 506535 537919 525728 479385 530741 483988 511330 519778 517783 509421 553950 521256 471964 512861 494822 555888 546984 488952 523127 484293 532598 519359 527793 529585 453688 540194 476634 548858 525232 497857 496841 511596 501114 557534 490794 488034 521914 529041 483076 505542 485363 477499 556983 503874 532175 498127 504046 470633 513046 543387 531407 509353 536035 530217 558187 522050 528782 521904 535748 537941 529097 558483 466991 515892 526974 481883 499552 512832 502500 496304 492713 550254 502788 507719 513985 484954 477580 545100 507947 518550 522061 492818 539862 485898 503899 521409 548719 531395 486550 516465 486890 480058 485217 551393 510539 511441 439169 523855 524652 505318 470501 515410 498039 476461 487538 524300 583437 485011 501661 522246 453335 529654 494770 496211 530711 522280 465791 536881 521985 521748 509565 497118 497160 481613 516541 509472 524486 547324 481417 493240 525903 476065 527513 500979 543529 543143 513200 532172 488205 511566 537078 549822 471070 514266 521000 523347 534079 477235 537700 505783 500751 509690 478167 522341 512828 525380 519030 519479 499553 471620 540134 532192 469186 475608 475367
473766 494820 469817 491972 470581 472161 503183 480877 515047 510248 483906 513364 516178 454517 491214 501605 452322 546550 452408 509194 502102 496218 517543 494196 468807 484758 453525 466513 490561 456227 503790 485131 439984 496264 489334 473244 496443 490493 458221 512406 465695 491946 505711 479245 470635 516082 508000 448109 484330 464903 508167 490719 447440 479491 453426 510141 492105 483323 507050 452326 527407 462557 535992 495299 491755 465529 472580 475422 528496 442292 457983 495041 502975 470391 484083 446979 465833 506662 494936 518000 469692 469419 463475 486157 524981 491508 453859 494129 477131 528589 479750 493679 492678 500787 495388 499898 512099 468199 493174 509581 429371 485290 477211 483135 463132 455980 505382 497399 488431 465585 475322 453152 498361 494424 488900 463968 464561 508209 477702 466699 501299 490731 501678 457774 475114 486901 437283 476261 484255 487915 489514 416888 468822 478759 486116 440375 470127 458461 484833 432138 492155 519489 438363 479629 479462 454867 493994 461789 467079 509540 508426 464300 486403 517596 498191 468310 461329 452075 482946 489575 503771 506404 504472 468145 439552 515345 464329 497520 482677 526669 502389 469725 500903 454833 468975 512852 511276 469645 485006 484155 500537 483031 419915 528699 472306 487522 487236 482525 463384 490153 497698 462902 461339 458792 437273 491008 476279 477385 465319 442688
466193 474135 428661 467367 433735 464868 490831 464683 495384 495513 464752 480104 487715 448966 445082 473733 446939 508177 450090 472037 513596 457239 474300 481842 480228 459080 446437 468576 454306 400843 503702 463612 467544 506080 448058 474806 484222 474755 462004 479023 431735 475817 474259 463696 456907 474069 485661 424948 457867 440286 509730 483080 450579 471903 439516 474054 472350 465789 463918 434769 503700 441526 494931 486195 470295 446710 448298 450850 489821 426033 460513 461480 463469 447988 455714 447944 441555 494883 446754 487206 448063 451175 431000 470210 494212 504371 454406 466833 456683 492389 470895 459884 455768 492521 462401 476181 490646 450682 485487 482384 409340 471697 471034 459584 439924 447070 482870 467900 482550 447973 450575 434106 487718 466719 459230 471768 434205 485359 442766 444318 463835 485249 501997 464339 465210 454285 445399 471596 468962 484967 463034 403316 454276 459215 451672 448705 457949 451422 451473 427251 476139 508391 435905 478485 478038 433535 480045 421136 423908 472450 472157 423418 473244 485931 493426 456899 450678 446679 445215 469236 456555 494383 497881 467678 440086 477850 446050 476445 465196 523757 489385 450984 474202 451461 481555 497586 472776 432555 492042 469552 484676 461159 418956 488725 455419 441601 458692 470048 466727 452583 477723 467361 454687 469628 415291 464177 460662 416286 447875 448282
494079 516609 501331 490976 485953 512580 528288 476676 517453 520849 501209 523025 522107 477209 505972 516027 506934 543915 489832 524199 506733 520178 510698 507806 484711 506907 496254 498684 468337 439731 500978 518230 500289 521388 502420 501836 516179 514988 450518 512773 453557 517130 500033 510507 470694 518888 538010 486258 500588 471363 523172 513671 475942 490089 480598 509189 500218 504816 499969 445962 522722 470869 516850 510424 514731 470987 502144 497039 505647 471043 471559 512002 492293 461920 502299 487028 473230 575309 502959 503418 467023 489551 455598 530201 514549 489257 496988 512758 515290 560925 511972 506127 497980 519447 531599 505439 500260 483795 493911 511622 455368 499016 511747 497402 458361 464805 525009 501523 492580 468466 485533 468590 516350 503416 493810 503584 474255 512220 466754 488369 502196 543474 512590 486720 504445 459275 466480 473970 490400 497765 471856 440725 488444 518970 500697 472666 497956 490685 469586 466633 500224 557061 484297 515793 497950 458013 491773 443174 512904 519588 487693 457019 517797 514416 514751 490389 490060 480636 479336 511043 508087 509135 530205 467503 447223 528598 507802 533888 499790 533164 521847 497973 479135 495957 487776 501729 521130 450310 489125 504652 532161 507882 479165 522945 480504 499193 517290 477628 490821 498893 489097 475921 489585 500385 439411 507050 497785 455767 432329 469951
469767 468282 475736 508511 428927 494726 496636 468986 487050 482571 464709 496065 468175 468137 477864 481652 449203 534321 430536 488952 487505 487975 471753 469732 443446 479133 447141 439544 446396 413741 498219 478617 434168 489420 490821 490296 488858 451815 454212 485904 435142 453732 489992 457597 458732 466246 493811 444893 456614 456682 506773 473238 462831 476640 458044 474842 448067 493463 480461 421300 479940 448367 477408 489472 478117 440554 456937 439267 490076 440628 440783 477364 463853 427235 461347 433848 471315 501341 501315 489189 470292 489363 452222 482575 501549 468368 457741 484375 454165 546103 447130 487153 489004 484572 471365 467577 499696 427230 468495 496661 469223 457461 486666 496249 425995 438571 483597 467069 477024 467841 463916 422104 496914 481901 478472 470859 433973 468626 456566 479782 485366 488591 467729 445786 481859 463135 471563 452154 476040 463376 449965 425499 455151 479406 463449 446126 458898 440900 436707 445549 467805 503679 450843 481698 465822 444111 479206 466622 452919 489076 482166 423824 450996 477739 489820 463826 448362 452606 458515 480806 452017 498638 511072 453671 411560 483570 463847 493134 492118 503435 503149 475863 461439 446727 458575 485052 495220 421951 479271 493944 498534 470719 426253 493822 471760 441084 474768 451431 472181 453739 470051 466509 479679 463749 401584 447340 452707 447684 443594 436939
487336 515676 517137 514163 490161 495648 522020 498116 545131 537687 512031 529679 516278 521667 519245 539156 477721 567236 509142 560467 538299 529117 535020 524195 505164 515646 492320 506645 485685 436351 534908 502259 492578 540559 507555 516235 531932 509937 492622 563979 484311 519904 538823 500108 504991 520108 535995 485875 495269 484241 576483 530811 476512 510816 501516 498434 497733 523038 524647 471327 527017 505127 535700 519883 524017 475383 510617 504598 550940 454073 500473 507547 497645 489176 516788 485132 498996 536297 504555 519780 499855 506448 468541 520113 526874 502806 500578 513999 522900 581009 501654 526113 528534 535436 535890 527774 537794 491937 500907 524967 494079 495805 508971 522011 465729 508087 524485 527142 531745 504062 506569 459483 509487 506130 492141 529003 472995 515544 481133 512492 519821 526555 518796 468837 520818 499114 483602 505180 527317 535373 504931 437813 515122 518171 507363 476990 474776 471933 482007 468581 527453 568604 493356 510716 522321 462092 508839 489906 528172 512327 526565 448946 496176 546955 530512 510670 499708 495545 519078 510299 527194 530533 551356 493838 466814 528161 490894 524816 518011 562208 557292 497750 494335 498851 504986 514892 526961 482623 520799 527832 532705 523082 471181 521238 512720 495477 548864 488035 511780 485577 508637 498756 507860 493022 434412 515868 504575 468872 463920 482975
473352 514952 496301 500555 447762 492181 516217 485475 535641 493714 485559 489227 495249 463601 483891 494972 456050 527423 460486 505903 523878 494820 507584 496758 463916 475320 480294 491244 457138 425318 491751 497500 471765 494935 495447 501013 507650 483004 463081 529068 446427 489277 500723 479700 481442 495194 512195 468775 468669 476577 521817 497167 469976 478528 464112 500882 460371 501224 495229 430699 489239 465015 483090 477441 488271 439244 478717 465093 514037 441280 469126 480118 506899 482985 473573 460182 450065 495788 491716 489766 477862 494721 447512 486497 534987 507817 471312 495927 483650 522534 472700 490025 503403 479836 490002 492993 531202 440565 489131 502777 456174 460932 510153 478978 463571 461708 467653 501618 472707 450656 451262 443694 491610 490587 467712 473573 469326 483241 446972 490681 470187 509589 488067 474351 491163 498054 456868 485429 455927 493635 458540 435543 477965 475374 490425 457534 438740 467072 452516 439619 468198 522747 459684 492274 486653 422359 482914 458006 462073 494689 478204 416278 460401 479311 518340 494431 477367 461670 484659 486792 487112 494221 491074 479727 444668 506634 453548 508810 496569 519631 506468 475679 491440 481373 471186 512815 491404 441800 499340 492283 518701 486848 438982 523483 498545 475059 488600 469372 487385 447134 498797 477031 496532 444507 439013 502064 488667 460908 466478 464165
523172 547415 526365 553823 510663 547435 547735 519549 582893 563550 536333 571507 551970 538321 562424 531700 514314 604768 512061 576801 550714 540294 554599 553720 525238 547640 553717 544533 521035 486041 578938 517089 531968 548295 547357 529917 566147 530606 519065 557307 533318 566412 544327 520874 518074 551361 584451 506238 514938 514952 579754 567278 523115 557709 539154 551483 523642 543127 564682 477629 553662 513198 580905 562163 549432 502530 544530 530198 575042 508336 515925 543976 567634 529533 549593 498818 535929 579850 539484 561787 509983 532817 510925 550184 558620 533131 526055 535584 554032 597828 532033 553584 552534 556565 549271 559041 561780 506922 528493 556313 488234 550629 548186 558293 493275 500943 555424 531033 542327 498274 517454 499670 563823 553617 554737 554451 505871 565059 522202 536479 554789 570945 560858 531942 532349 522646 525650 524022 536224 562242 530109 478971 521795 530912 529573 514806 535453 524084 499307 502196 537286 591798 507060 555610 537091 497402 558138 516335 531346 581647 549941 498800 536134 556421 552882 513471 513956 519457 504851 552597 549388 557163 558928 495648 504385 565244 521326 567059 568770 591373 589513 509767 521229 541329 521878 515860 557111 503284 541486 548785 598075 524869 511032 562018 499500 514060 544303 508355 520876 557128 548094 518910 525664 530421 485987 539042 538424 480259 501191 507210
505514 511936 477876 498354 490274 504764 514069 498101 542751 522733 503190 514243 510606 502274 511984 508963 477929 550771 461973 497560 520504 491374 508385 515038 456282 490812 487955 491132 486464 454392 523818 479781 473982 522589 512630 498931 504942 497443 466515 529461 495354 492513 496063 469529 502171 496612 526935 458953 485968 470686 542207 522729 468335 483359 472273 494479 486536 491199 520045 433585 521665 476871 524153 515193 505284 470635 487131 490794 525386 455367 472771 487932 499020 474832 491756 481912 478277 512098 496793 522671 480380 479819 436971 486451 530045 497828 485667 517780 507465 551538 483733 522944 526296 518080 487624 528379 522358 461745 495577 501559 469098 474786 499299 496053 489461 471483 518253 493892 509164 492421 489593 466000 522327 490348 480204 507129 479596 509233 461360 495040 485247 528664 507694 463826 493013 470358 480717 482844 501064 483279 497026 413819 470227 497831 468915 457054 491165 479807 490626 444323 495562 559440 463767 514547 509927 453802 500234 477153 481148 498708 496953 472359 480032 542742 527701 496895 475226 475440 467341 492091 490705 522778 523598 462744 461984 496232 477278 511419 506746 563998 517675 483900 494862 494960 495422 533813 504356 473888 509359 495868 531855 503835 461775 521600 486052 480740 512116 492502 506257 492153 480717 493942 474496 500057 439753 487425 494744 457330 463726 439265
508019 523951 498742 501107 469166 507069 516311 497326 527181 526605 498984 553822 518481 485210 517104 523363 467380 539436 472423 503043 535474 480358 485135 514387 496672 522733 498999 496810 473687 435658 504457 539215 497800 521809 491179 505654 518519 516919 468808 523588 469655 503491 519277 500153 490833 531428 534252 469284 496936 462046 541574 531976 500103 479848 489146 501291 491338 490929 490377 452537 525823 475250 500670 500287 506107 473074 489594 473500 508947 488189 455213 524533 492517 480294 479849 475470 474931 517160 507550 514961 480913 497446 473707 512785 509394 498205 493071 522315 537224 555695 508948 514133 532266 495744 490617 500120 520077 471301 465790 506188 464981 498114 506362 485350 484006 489837 496710 528208 499057 470673 467616 458835 543515 508397 508981 516976 488373 503071 479299 505765 505375 526007 514658 499208 511786 512772 454381 486690 477056 506204 480415 458332 466509 494906 494551 475276 502394 500725 460370 451313 514611 558549 474978 498172 511980 449316 507726 474858 535936 510490 492019 455403 485217 494435 507801 502778 494698 487656 490446 508595 526594 527422 545192 464907 465438 515582 473718 526314 503321 572128 512781 507129 471657 474502 489258 507066 509264 439417 508634 510991 518435 493002 472343 537887 494894 486059 498143 484548 500864 497222 518131 486189 497331 471896 444802 507904 498322 470644 453344 461896
509889 518650 509580 537352 483027 522709 520822 500413 551548 550345 507338 538635 539777 489372 531846 540615 487746 573733 495961 529608 546780 522669 538062 510625 473453 511441 487160 482687 465904 434908 514722 512895 478128 549599 529037 507332 522271 517910 500910 527261 480120 509228 531978 512405 500716 524091 564029 470959 510479 486760 554713 502809 495144 510702 495245 516687 504231 516357 514558 468908 516555 478554 537145 524617 524642 495483 510681 494882 533524 475786 515093 512041 493234 494055 510620 496729 487633 544777 529233 532162 476758 524142 480559 506769 543636 527029 495782 524663 537887 567700 516081 527141 539830 538304 524556 525485 528686 485548 503620 551156 490017 502090 515854 519533 485448 500663 531221 514722 531490 500220 485238 478503 547942 536745 501513 512034 479293 543759 492950 497298 530237 556478 521580 499191 536438 504162 474430 496889 520756 538178 513968 456334 487446 527914 486722 490036 494131 489293 512499 470657 526287 565848 485072 527264 524993 507237 505119 481421 506309 515200 512465 469761 489604 529474 546223 495965 492855 495593 497542 519573 545012 510623 535985 497580 473509 524496 491845 527545 524362 556217 521844 506089 515336 488171 493050 544992 530550 464655 502427 496986 540966 509831 478953 557417 511450 516807 526737 505943 506395 515999 517520 506698 503461 498771 469018 531567 495152 488786 472590 468457
508616 540735 521786 520143 490673 506775 541052 514330 579901 572521 508030 550272 527998 519901 528909 543550 502959 596946 508712 536585 545359 542149 573103 519286 498012 529776 528605 527395 499611 463448 555252 524803 517177 536330 551793 522656 548813 522983 497261 570243 512425 538235 555494 545096 523125 560221 520646 490665 498010 482104 585685 540970 502243 515962 515415 535569 517103 556386 554596 465319 535704 481921 573798 537534 529238 491660 536340 500412 567586 463260 505094 515630 520903 495108 529116 503653 498139 563641 542348 542715 511543 525216 493854 519659 543588 524062 501316 514904 531516 571757 533117 534903 531537 561306 532465 541435 571958 497092 545872 562758 496558 524000 513262 524293 487772 513141 524439 532788 535545 523880 506312 477565 516210 530043 529925 523537 501592 538955 524760 540346 514423 542653 549009 506949 555501 523258 514893 523400 530528 541446 548032 458416 510702 526473 504315 496787 511865 486456 524174 494117 547952 587501 491441 539571 531168 488682 555247 481202 515091 543132 541745 482720 512640 573484 542694 512017 514422 512031 483346 537260 540721 557273 562005 520340 492730 554817 504061 558627 515016 579467 553883 527215 511492 528270 509681 527593 551557 487476 534988 532544 552760 519234 513731 578963 509291 514749 541540 505251 521300 524980 534877 509648 523385 498490 467416 522046 509526 481018 486166 479833
461648 454654 458457 472925 443756 473745 471099 462031 509604 493922 479346 479573 466321 458945 494931 465885 440787 505286 436547 481777 483324 458253 473534 477071 454556 471215 461707 441708 432008 398683 501620 461765 465381 484039 465768 472870 462191 477906 410329 485283 428184 476023 474563 447440 465410 503080 495901 442952 471757 438237 489461 469690 435285 479057 453079 459240 466103 482700 475876 416135 494943 447997 468970 476341 452627 426743 484568 458158 483803 450701 467267 478621 474803 448535 472313 443569 461829 468428 464702 499581 432265 452579 442686 459999 511861 454768 441725 466705 477304 492294 456457 482385 484332 480272 478624 482115 485760 477539 468549 472474 440332 452034 463416 483442 442006 453623 483103 463942 462890 454883 430969 422411 482149 458640 474718 484857 439293 472254 454330 465941 486559 503305 476895 444565 474306 424793 429429 446946 467891 475153 449781 420375 445056 454939 468027 437024 442135 425288 428233 424284 467705 501868 442113 482114 475165 421510 464146 429422 461607 489835 491307 440649 440269 490439 495032 458744 454728 470373 442912 475102 476524 493879 514209 442366 424737 509281 455092 482350 470320 495543 473302 452500 474922 455155 478336 470884 472500 429736 466065 509221 472388 459679 433667 512153 438426 464272 457430 452295 482577 455288 470240 456272 451363 450011 412023 470191 462498 429578 441732 414400
469022 511024 479727 484123 448491 483648 503413 473993 513932 503862 478937 497432 527709 459490 491650 511711 465421 530273 458606 512195 493079 518459 499029 499459 458041 503159 504578 484700 477369 435990 503461 498631 479736 504321 518739 499272 492724 473686 466091 515428 453026 516909 505246 490233 469844 484136 502542 467424 490934 435651 512418 504958 467660 464742 451633 510866 484543 509553 518951 431688 506476 458606 504793 506637 486902 472095 497073 475683 501486 468815 464826 486729 485584 453935 468273 462771 467451 533509 488598 502421 464202 463950 452951 473060 504355 490988 468367 507313 493065 544879 464744 503619 500710 498506 490861 480313 518758 449906 492938 506210 453374 476455 483275 496026 474936 457350 498858 480354 474468 472118 470407 456666 486960 476377 474863 472078 463944 492684 460418 480955 479228 512558 507612 464163 497039 447261 467806 481903 487004 469648 458255 432961 473753 477745 497039 449110 452183 471855 443976 453047 490149 519905 473664 462113 474284 429910 501958 457697 470369 488191 506338 434289 478850 493901 506285 496038 474139 468976 471678 466207 481256 501695 512128 455162 450311 510980 462545 508155 463392 530155 505030 491601 485519 480721 467469 508861 518720 444564 499988 512933 516271 490153 454870 514304 475984 463316 500741 454495 495352 483000 485869 486546 485575 452543 419470 500131 472960 460026 435065 466131
510531 552753 534490 543067 505719 515051 551964 502365 563907 527967 499813 559820 523558 521785 547914 553436 493338 567022 486789 560147 544914 510133 543989 526180 507074 529992 531393 496694 518683 434875 544357 506429 492493 546779 543938 514373 529085 542936 489239 555217 505223 529709 526137 539809 519408 566478 536313 495009 506983 513721 550123 521808 495300 523328 515378 539698 530734 545413 548786 446072 539133 500144 548558 529561 523320 500492 531467 501405 549715 479638 483024 532478 544827 486437 527971 498833 516648 549239 542229 507141 500405 530403 499442 531135 543377 525275 512242 538951 558814 590574 524589 540691 553301 537309 549545 518612 571513 480202 549951 528890 472016 526059 520300 512577 493109 499764 523981 546657 520681 516439 501419 472463 541856 539690 524739 527033 506497 550199 503989 522039 521109 564074 534465 495054 512695 517981 478904 521590 514541 544165 521722 441982 512896 525941 506422 492465 497660 511588 482974 508724 545976 603642 479152 534650 543633 477013 549881 490321 552665 568032 529885 484567 524526 533814 535399 537765 497596 510336 500148 539886 546291 564252 562853 487398 480124 546825 508671 562756 529167 554071 547387 512905 522396 509017 497027 532868 523106 501455 506293 553089 554526 513174 498721 555332 521835 525541 536120 516316 536624 509804 543894 517948 518355 490580 478564 545952 557956 490284 488628 474082
482046 514770 488461 499808 461611 488711 524410 495968 516613 508378 502134 515825 500191 491904 505600 491130 475662 574675 470398 511225 506006 494317 508154 490072 478850 495998 479340 496093 460780 444666 507570 488213 472305 503931 482949 456306 509283 484207 461868 505338 471583 490105 496269 481792 465762 498504 513140 462443 488310 485748 520406 519284 481151 497869 470683 498186 489454 498874 516941 430914 511226 459365 511439 471462 490055 474250 500857 481705 516464 469684 466699 473760 495265 470866 467254 456012 460249 511976 504492 499135 475721 501783 459206 504091 503620 489412 467724 527589 502647 565524 481512 522979 506338 495531 488585 498840 511501 471096 482074 502621 474829 497420 494262 501150 445980 463855 514400 492983 469121 463426 470739 435775 509659 494802 475943 501605 466047 488946 489296 474987 486029 520189 489451 466762 497845 497245 452876 484311 495772 486326 491998 451907 468186 479430 505576 475465 464383 458274 468474 465792 486974 535179 471295 509832 482303 455396 497350 456479 476387 498832 492999 424810 486088 494947 511132 482329 483554 475885 498158 499642 486610 511458 506807 485859 447404 522416 478531 500307 492321 528350 506871 483683 486862 489583 490445 502988 516399 450017 483671 495919 527907 490703 452834 530925 479927 483909 480326 456799 493393 491005 498591 492748 493143 500530 456882 494032 485485 453770 465839 473484
483594 514953 478857 491941 465974 486883 504746 470454 514825 514805 486935 514064 495867 487920 517165 521367 452270 531984 460260 500272 512578 508447 524191 480913 479023 513304 464996 470362 458977 424213 513818 510665 466669 510714 492813 494788 501764 501883 469836 507563 473416 508992 508914 491685 441559 494710 500842 448056 487217 449265 538565 499569 469429 483858 492310 483155 475702 500574 497003 433528 525039 468978 501015 495447 490348 460616 485574 481183 500502 459151 469294 496531 476685 452741 488260 466910 464233 512449 504221 534995 478080 480085 466475 515579 493601 502495 466337 501624 488773 553708 495934 491998 510240 501355 500512 493381 516780 453425 496355 491791 455396 481284 490534 507844 448407 447689 492939 487194 489156 474511 480604 449870 498076 481073 489223 482667 474697 487434 468628 490700 491166 495211 505450 472083 505683 473151 475171 480565 489007 478605 494406 419967 472560 477429 490676 454865 481835 446208 454738 449542 493666 514308 467138 519452 493223 475760 511488 456030 482059 513142 491428 456015 483586 496680 513767 489626 466371 484508 468974 493353 474647 511442 532338 451418 425025 521696 463748 495703 484746 538041 534046 474008 471813 438436 480891 500540 498821 446403 504188 499789 494044 484299 451286 500559 479954 477423 487553 454446 464698 492376 498931 487222 469256 447146 448868 488012 490556 450132 478694 450459
484433 548192 503901 515072 472930 514759 513762 488137 530821 541939 485277 533560 511093 509134 499469 514472 474362 565284 485522 540782 521653 513744 528802 502268 483454 523543 513023 472130 474512 437473 535667 497106 501858 550504 519396 520512 523742 510278 493468 539585 506559 525214 521702 511037 485080 516300 543513 470421 496815 478097 541387 532937 489003 492252 501223 505931 478631 520757 519580 443143 511418 482934 544230 536249 537861 492846 502294 494986 542887 483737 493875 512318 523779 507875 519280 507735 513286 534420 488468 511173 467598 525370 470769 523718 536409 507782 482284 501604 530318 561171 500918 535528 528154 544353 537806 512003 557504 475247 517180 533738 463453 507521 498313 517802 482135 510792 528636 498224 504426 500622 473379 451225 534965 521622 501646 508194 485307 508961 481535 491410 513278 546362 507833 485307 533940 496038 473572 497679 495075 524067 510115 435107 506621 496005 507694 483755 486454 496561 467200 482190 526572 557862 466547 504726 535171 444736 526033 460412 515310 529706 527561 450003 507406 504841 517897 496980 474797 475769 484834 495311 531830 520211 538209 483776 483973 535372 485944 518296 497994 573442 529708 515685 519492 503699 521260 523281 508570 458235 536293 513604 551192 512998 503634 533942 504388 481771 509655 485916 510330 513149 521523 499065 515682 505381 446595 525001 506100 419907 470300 473493
496328 530261 499885 520713 456580 515332 520290 499574 516683 523383 482511 539431 537512 517070 485668 512093 503006 556782 482542 509544 533437 505928 515423 513187 475626 528385 499138 507688 473317 452630 540536 494336 485112 533361 508772 488366 523153 487181 479753 530082 490138 506033 527924 522691 479042 507934 535298 452760 490765 484202 540539 527522 452288 495163 456294 521537 511986 498299 498270 449853 523923 465283 508414 491273 514727 499200 501248 494805 528511 453252 495255 504944 506103 463428 484583 484757 479347 527871 504709 485343 485633 519086 466867 485609 541979 523363 496943 509682 537790 559442 507006 484933 525068 505318 495194 511501 539574 475171 487393 533787 457139 490550 521842 489702 488298 513629 536343 496210 503189 497291 462961 458901 504797 533400 488402 498715 498756 518147 491680 481309 519124 528999 493407 461392 515576 480990 462595 491993 495489 502346 505989 413910 502997 475090 515042 470484 484247 482364 490665 472443 533556 556268 476613 515426 510159 455960 524189 474041 508600 490054 536453 461990 491195 516747 494871 480632 479036 502770 505234 521224 515229 477550 524951 500905 447315 533476 468139 517746 499549 533287 526895 502361 490441 498714 515820 516872 520368 487557 526304 523285 530665 519075 483127 536564 505203 496187 495274 462915 515133 500147 517427 516661 498696 488922 449462 513782 509490 471133 476056 471868
504545 495960 458214 502687 436176 480463 504384 467596 505865 507516 501966 501903 508327 482764 500079 463840 457823 542479 461337 525210 515730 514265 502673 483699 476534 481078 468880 480271 436960 418361 511242 469208 475662 507880 486154 478069 485177 475173 453395 503458 469884 503419 507546 484839 485766 497914 522555 458010 491348 458311 549531 509222 448041 461237 469421 506069 509918 490338 493350 426937 493963 465192 477460 507649 492257 492149 471364 481837 518208 461641 487620 502525 476064 469943 471163 438454 468467 498006 511650 505337 461291 499810 448559 489168 490510 502032 478108 486746 487289 517540 471936 471761 480549 505899 493338 491415 503719 469160 486550 499471 459260 455087 509720 485676 468144 458588 514516 487352 476930 470566 478415 436218 512475 499672 495074 479853 439453 488140 458458 500909 480966 531989 499490 462262 482788 468688 467477 468642 499171 482806 485686 429702 495879 466635 475273 446809 475612 454838 481156 450013 492764 529757 446866 487903 481473 445825 500876 447229 464387 477602 499653 424596 485458 488951 503400 453770 458933 489711 463938 494997 490838 501464 506532 463230 436198 515293 466847 506960 504892 538047 520587 493575 483147 473049 501348 519898 481773 452161 510614 518386 501369 479851 452635 516181 472556 485649 485248 471778 505460 497021 517941 493591 473070 468639 437802 480444 496672 451045 445914 463215
490563 524657 497604 518286 480019 528273 520069 481038 515089 528574 518874 520096 515692 496271 531114 528474 490401 555990 486730 518510 535288 528596 528912 526510 498361 533329 510489 487392 479102 434905 533809 511335 500072 507991 519066 512947 512018 489560 482990 516896 507211 534466 511731 510369 510608 520633 514585 451005 520709 473044 539461 513822 492517 495032 479470 522551 515173 523385 519209 463088 529243 491343 533316 547544 527112 493799 522812 496192 542709 464933 482816 519018 517881 462149 508705 490656 475682 529770 526814 535870 497215 493518 467132 505152 538352 526714 501133 534032 514628 540222 494756 516520 522605 514248 516899 517460 529981 471978 493260 526515 463571 489055 501926 498484 509720 468927 503493 512505 500954 496923 498676 487776 533230 504093 499500 520379 482872 507197 498805 505983 532980 514653 545172 482068 515690 500400 468320 508217 505127 512009 499436 447901 484511 510075 492407 474257 494245 487457 485454 479181 517670 561480 479204 511988 539093 460844 506219 472824 492757 539509 522593 448356 507682 515064 532658 502369 490055 475352 487223 516653 525652 509938 537205 484094 494895 503372 490764 511870 506878 540181 538878 495839 514607 490055 491837 498716 504604 451923 529873 503713 527253 511545 490358 527523 501421 488924 512029 463141 498947 491823 494330 506057 512336 494921 456993 489064 529177 459833 479882 478566
502776 553715 526272 519385 488440 527505 525280 507804 557216 547600 515867 549708 543132 507707 528945 536089 488431 574466 487159 528062 511235 520116 542254 528387 508929 538483 503703 503287 469910 465795 539109 514643 503263 520050 530891 514672 524755 537139 481434 542402 489041 508447 508578 527286 511207 550573 538490 485057 495386 496306 539510 553538 503517 496745 488111 508056 497747 527915 536729 464730 528734 488176 534978 509636 503316 493911 500357 532892 532406 464113 502414 540742 521499 489028 511385 510789 510814 510919 533078 511947 497288 517631 478752 531319 531868 508789 497053 523278 509291 551355 525017 532881 533822 527143 520552 536274 545608 493849 510209 516575 480070 500002 509847 514658 496292 517825 551193 533724 524470 505338 515866 474660 539215 520356 520501 524965 483577 527551 466401 511685 513934 545922 494857 496450 536346 491288 474658 514415 523760 530136 501159 439978 511396 521924 515201 490322 473171 491421 486232 485962 537157 568945 483674 515270 518274 462834 533825 476421 515113 507347 528929 471592 529068 553486 540172 502611 487900 495749 504955 509860 532073 528287 551256 500046 475429 534770 480720 515587 520578 563078 521702 497950 528877 503630 519205 536567 532011 481879 519574 521220 532261 529604 498592 545466 501538 497055 517125 478249 534386 518261 496987 521109 514493 506988 458944 545926 491465 477641 470196 475325
487374 475959 467103 477213 450973 462281 486666 454178 525430 501811 470043 499224 496376 451530 490404 483579 440937 528842 447963 474523 505973 471500 498886 482774 475319 484290 474547 462054 458283 410053 476745 463770 478001 506585 483352 468635 507460 475223 462708 500554 427065 473016 497302 490930 479808 504793 488255 451112 465528 452785 531208 498579 420537 469709 447526 480420 464041 465877 473517 437424 472725 437964 485252 498779 474189 449589 472494 458504 488794 439560 451532 477876 462866 457626 473032 455190 442231 483690 477989 497967 464600 476013 465673 470916 513884 468429 459768 498735 497066 507576 474932 453711 498434 487456 469676 480702 498801 439854 483225 489341 422037 437236 478930 471352 434629 487655 493577 473801 475331 469918 464792 441998 497604 480523 482737 462121 429678 480712 459430 499803 480977 498916 485708 458869 464864 445568 445400 491360 484227 493404 471159 417222 466626 480628 482089 442116 454427 456925 464756 435149 492778 545789 445126 472949 486849 421241 480010 447952 501065 477425 471229 451621 462995 479464 487188 495300 442889 461543 458054 492136 481019 482034 504675 443879 441264 479936 466393 495295 474652 532693 523566 483986 463127 473450 466836 462431 475425 427989 483203 479733 482829 480190 446741 500298 462339 464724 494867 437430 458646 475912 500073 468499 467684 431321 432283 499663 460348 450047 442524 450786
428291 474354 451218 464350 419989 459433 457089 453325 483324 491863 454783 484387 485574 442523 483222 475443 431805 510395 444080 463461 489303 478378 461474 458319 462356 461657 468087 448284 440772 416846 501542 469769 455553 500711 466937 467131 490269 468985 444081 487318 435435 458353 488551 455729 457415 492364 480388 418371 449712 437477 493377 472332 442857 457166 426082 480200 449903 473089 479224 425892 493041 445235 477341 461417 471122 441002 441127 454388 493730 430426 447794 464495 462922 423980 453710 447011 451287 483913 463945 477362 436560 452417 412515 456253 515307 474575 462748 479715 481879 513856 450087 480527 485822 453380 476423 484364 476164 437377 465639 472499 429058 458235 451921 454004 453213 437812 466155 457471 447628 455937 460312 446420 503891 465126 438047 462402 437952 456797 450535 458993 465041 508103 475621 431861 473348 466143 449409 434703 485423 480550 443392 410107 467258 446720 482324 442819 476581 446835 444451 459387 472047 515388 438257 463611 451643 409161 446342 463453 463137 473212 459586 413373 478114 464854 460058 457667 451468 441074 459033 478701 479142 468796 476750 447157 425395 467605 426073 483932 469962 497736 479589 462746 461253 433111 452232 501845 487252 427172 471424 486127 503754 467309 419516 502461 475225 459807 466863 438851 458129 457406 456140 444702 457900 454555 403094 481564 483958 430608 441056 433088
519067 520235 528669 544344 476673 504064 544064 500233 546527 539288 524765 549042 541340 521728 546977 554287 483081 557423 489231 538953 545039 509239 530852 530253 509514 507412 481627 501830 479911 435836 556301 509633 494964 532054 535353 513053 493379 523505 501448 543775 489584 535589 522172 524546 509897 547449 525228 469978 506812 514644 537059 506003 477322 532452 503888 518217 521402 515846 539645 462857 530296 481084 541293 513154 510941 515215 539607 521593 550700 483234 497919 511668 526415 486563 515139 499484 510090 551988 515056 541674 500293 539500 496471 531794 551759 526450 500462 521925 557503 595417 509941 524197 554622 526125 542822 525142 578606 480600 516674 508377 484930 487298 536482 519250 488411 487124 541592 507798 531766 485785 496872 483544 543926 538887 492809 532185 491249 523031 504901 512477 531237 542029 533166 493730 517842 491075 473499 521554 533904 523770 493690 446252 518517 508546 530473 503489 496241 487953 487197 495447 534134 579055 470676 518876 515229 479779 544514 500286 524496 540916 543184 458134 520720 539519 519072 521228 470869 496772 494467 552005 558693 542898 573775 495916 448656 530482 469756 539566 523076 568157 551757 501749 514352 496496 515758 508078 512911 484177 520181 520462 567745 504872 506229 560327 511648 505637 518214 479265 505530 520484 512297 498612 506777 492258 463965 519447 533504 490251 475256 476289
511312 525007 500706 538086 471804 486856 527528 502210 537684 535456 499386 524157 513839 482420 521592 523950 459434 572318 491960 519116 524306 528342 519222 501086 484299 490745 483295 505816 477882 437499 532529 502592 510656 522604 516379 503938 525956 509531 473014 531859 476329 528604 514130 512738 491331 543931 538972 481635 519973 488381 543488 538916 482379 510371 453511 519835 506113 535455 535046 454572 522910 470410 512492 511812 501093 492820 510226 494913 545622 460530 476188 516095 515362 482238 510944 478195 509391 542616 508089 538123 486080 492929 491425 480723 541345 496580 501594 508837 518480 553172 501310 519705 506175 517497 498834 516081 544959 486036 500431 522709 464175 483938 514117 504565 514420 476290 515092 528265 512498 489946 491359 484848 529870 498860 501874 504446 471900 526938 499014 518801 502917 553310 551101 487032 517185 491237 490987 496766 538589 508497 514004 440518 506029 490330 498110 458983 487354 471951 471514 470862 518603 539448 467668 518657 507824 465501 519723 468285 518244 516207 520768 466613 500536 497175 513682 484817 493229 493864 503255 518148 504313 530326 543607 484657 457326 510822 486766 525538 499608 557458 520597 506402 506303 485221 490248 531177 524724 484005 505964 530172 563690 507150 468578 520359 517344 510117 527706 492600 519059 523209 508080 503036 491146 490805 445985 502104 527667 453360 469062 463592
470983 485682 478002 491482 470357 496746 516523 478162 506118 513480 480441 511438 505512 476494 500358 508794 476723 555670 466403 507804 507339 470315 525284 483961 484437 474374 498518 458694 482822 425703 508876 481004 458623 516287 489787 497756 506909 501823 489619 518468 461295 501859 492657 495631 474665 521000 521188 479868 483336 456727 524323 499771 481670 521533 480855 446496 466862 482959 501238 441011 510208 456308 515331 516182 483117 460576 465762 469042 504973 442951 466424 497477 488776 456295 506509 459505 482151 505808 492885 511050 468199 485500 457462 483647 531226 481370 482395 514354 506383 530586 501147 504158 503250 493996 504561 518935 510148 462709 514883 504757 438190 494367 502787 497598 451149 478797 493088 496286 485951 477587 448065 453187 514292 499886 477480 494716 463980 505695 467413 492092 455844 502114 506393 466013 490407 463112 480554 478675 479126 490695 506482 438779 478527 485612 467992 442653 470344 464698 460659 452211 492062 560448 459588 501790 506331 447270 497102 468754 490244 492235 496369 466072 527627 511607 515867 496706 469857 462574 475283 507979 495480 525877 530963 466670 438696 479369 483048 500720 500817 524806 533336 480445 484131 470483 465714 484426 493329 457298 494655 507583 499571 485017 465500 522324 468234 481823 500075 481918 465116 479253 477190 465170 487519 462488 449299 487943 472360 445694 455845 448149
516922 516158 502917 526765 474421 497921 539304 502436 545597 524172 480641 563693 540344 500136 511905 525116 506106 571969 501123 550383 528242 517933 521825 503953 506778 515253 490216 489864 482677 457270 514415 510487 496099 518393 525359 529307 512449 502407 464420 529042 472369 524182 523338 548846 514065 546938 521691 461576 485022 503661 545419 503623 469603 503956 504331 515862 510126 519513 532949 461109 525547 477497 516498 527783 503954 487172 502177 479814 546144 450380 497460 537400 494422 485613 503393 487814 479906 555517 508102 521183 501865 500369 478964 517124 531648 515082 504347 516769 506909 565125 514136 499504 510344 516801 540552 513815 541461 474255 505674 522041 468006 506920 526396 503656 495887 488763 529480 521479 518028 492971 490557 463404 507206 520678 517463 525559 486594 519110 485978 505759 514185 526430 536937 496772 515098 486553 488234 498398 522591 534616 501635 429861 510953 493120 523802 485689 480064 511640 490667 466339 531672 578943 476813 532550 518731 478434 525189 478077 523230 531002 504663 470288 491402 532978 513318 499145 488338 481708 491641 519741 507239 528589 542492 490384 485739 519995 501078 533689 533455 553017 536350 512526 490472 509070 510641 528218 513710 477226 503442 520865 519948 521350 469372 507632 515051 500598 528914 480184 509952 528846 500296 500100 506392 492488 435515 507430 504196 484465 473413 462208
522795 543481 511211 520541 488660 487907 521478 491897 548362 530239 491786 553051 508830 492083 526364 524540 479409 548864 494567 520744 527471 525413 532483 529859 502544 504347 493500 487569 512785 449888 553256 510281 475494 520082 521153 507400 511009 489739 481430 553507 474618 508321 532912 496515 482780 530745 520673 464315 503698 485509 552647 531036 470695 505459 502065 493848 480408 526646 496254 462575 534556 481629 539075 526240 519325 495777 490869 499142 542728 466960 471676 530988 514299 493953 520269 496074 481657 539518 504439 529734 490706 493698 504519 515275 523199 508333 487963 504616 517309 545727 520792 501828 534810 540177 552724 518948 517033 490541 503792 527730 475313 501044 515492 512382 493708 492622 524412 514527 510852 489551 515063 470440 530045 503648 507002 495482 485949 503983 476053 515510 516149 524542 525545 480931 544455 498356 465036 484536 519399 526591 500175 428512 494819 502365 497169 489380 508023 499802 493382 477839 536005 563520 472932 507312 535588 470227 511285 469848 511535 517182 508388 448211 498620 531883 497907 504418 470983 490199 495555 517845 512303 529189 535690 483911 457903 533273 463334 521348 509641 548590 538230 512396 496700 481924 493201 507350 521581 459162 500567 508525 539086 499791 486547 528048 488289 499437 537639 487941 490703 497207 526057 508834 495807 495781 447460 506917 495871 476897 470013 446589
474628 494950 484273 504663 472638 496900 483576 478224 511684 509186 487810 520735 483474 482220 491654 505750 480773 531936 466542 487380 517177 488998 496757 507556 469845 504974 505682 469417 457819 410207 490092 504735 491513 533780 515113 499908 506257 482512 478025 506938 478216 486793 491335 485971 463760 494690 504876 464601 474453 472704 541080 507443 488391 503233 481106 491495 469276 507263 484812 434606 497558 472446 498663 514930 514636 467413 501173 483987 529544 463026 477685 477152 504749 470737 485851 485000 448609 529076 485355 480840 473277 485308 455392 503463 532125 484677 466652 507227 514824 548395 485145 500740 509529 501537 494528 510174 519783 438327 491142 513523 464592 507501 510557 492857 481083 478586 501444 505655 481709 476574 468036 450962 506824 487244 484826 478151 467095 513990 449331 494619 493541 505479 509918 476149 510218 467866 461410 478709 484802 514714 468399 429412 450715 487915 491182 485391 476947 472886 466054 433078 497837 535201 464391 527507 490452 436114 506957 474836 506988 509273 503578 459515 492869 513628 506908 477001 488668 471916 466987 502522 493160 488770 522168 466732 467764 487795 470575 494065 487731 558483 510684 486626 502400 483910 491527 498504 492813 436535 520012 506218 522949 475482 470375 536746 477880 472586 483979 487382 493881 499112 511829 484925 489360 481003 444796 494339 492907 464220 457972 460451
520896 541323 529066 543713 507965 560674 558461 524682 568739 557378 528525 548798 530563 540169 550882 551667 524097 578365 510896 565548 558639 530359 566392 539815 536119 557342 497430 528602 508208 449968 549787 532570 520667 572035 554630 550737 543431 533621 530322 564960 530946 529820 532540 540686 514704 562814 551420 486194 524197 511585 587191 564749 537829 520928 528212 537395 532012 550859 551793 480135 541569 516705 571697 555369 531192 531486 521948 515363 550661 489285 503575 538310 524931 496985 546471 501017 525533 579161 540711 538367 519524 531643 519756 541606 554522 542843 517830 554185 550948 598802 528786 552845 548284 560047 534279 538336 575239 500954 558687 550082 504507 551348 536086 527324 495539 534139 562375 565370 532852 532421 517590 505659 575944 541784 508908 526711 493123 556056 495277 536327 523124 556288 544078 504532 547896 518667 516867 534160 552099 542941 532283 457688 507688 542682 520192 508027 476193 492581 506324 497887 549366 587755 496310 519318 537008 489563 560396 514826 551915 541987 561573 489362 558427 576675 562342 506092 515046 510604 511957 545148 521089 561216 562255 512266 497630 542708 512507 540359 538100 578730 559032 517099 541499 498406 533965 557992 550996 514021 532334 562366 551947 512232 488626 557167 531478 513154 523458 501472 530476 526605 547524 515910 520897 503917 467255 534533 525145 472565 510788 493023
492022 508467 509446 488116 445078 514828 510792 462139 504677 549595 517432 519475 496112 489187 524875 520397 495337 555622 485324 517283 531361 529774 493361 512885 500526 515528 490849 502722 445744 430279 530771 509014 477620 543966 506327 509767 531247 519319 475264 506589 499223 520482 514370 499148 491868 520869 511170 474206 496718 473095 538074 516939 478278 497339 480746 505558 496033 505463 523114 458296 525010 457841 533575 495343 502606 470732 492413 491787 525064 457254 474455 513643 496855 477517 477107 463181 471511 540415 513004 513652 488511 512811 467237 493876 524726 515448 509714 499617 488592 550926 484294 514648 504537 512478 502471 483121 529572 472664 498722 521168 488406 485217 498191 491439 482473 470425 501294 518613 505712 492558 499799 474428 525084 522169 508585 510971 486403 500211 502414 492457 504985 541405 501437 478111 515927 488407 482847 492016 504773 512795 493543 443111 489466 501934 493516 481701 475970 497337 488217 464815 496291 542557 478623 526353 491836 449656 498201 466825 502237 504322 491577 444922 481811 529118 522899 472833 490093 495743 484851 521896 513677 514443 538290 474574 464007 516571 492453 518667 500414 557726 537338 493712 489124 482720 491604 498095 515790 469691 505387 533579 535775 490448 478008 537888 490964 490114 490285 468368 516511 495512 490704 477659 487863 496686 440951 498900 515543 453769 455081 465329
533247 600346 546738 569098 522399 570020 579286 556933 585106 588502 575242 600976 568396 542830 588975 588474 562693 619867 525401 607982 590568 590795 559382 584730 548262 561052 551636 538036 530312 488163 594188 583685 542364 591878 553956 591254 571617 561185 529381 592781 542326 571391 568938 560307 565917 585189 593525 504598 569488 535688 605861 581434 519939 559314 542739 568226 538145 585403 561608 492695 588195 536492 588911 592784 578529 529024 565851 527456 592314 536539 540405 581669 554289 546129 552864 522405 548670 585982 556187 593058 536438 546573 530759 591764 615552 575500 532924 583573 566827 615131 545070 587102 576072 593178 573407 593936 613885 555237 568881 583848 535259 553995 569078 568311 542112 534602 581018 541069 587747 548086 533070 523938 589653 580724 548477 568845 548985 576804 536827 560448 572889 590235 592468 521032 581123 569832 536528 549896 578185 580489 559055 497260 523069 553472 549555 521401 530790 512544 525070 506335 571707 618907 518827 550825 568314 501623 579137 524901 534278 585535 584593 519614 549208 568989 586730 541073 546289 546157 530268 571281 568825 623151 608334 559037 522642 575156 523021 565811 579384 608375 584862 561693 576634 558994 546112 591325 579300 539751 583756 568260 596109 557726 512315 594285 551240 544727 563824 529015 573321 573683 549272 555782 550170 554932 492112 554111 557477 512408 548027 523702
490225 522574 500780 494056 458021 497762 502056 466618 520079 507855 488442 499363 502718 482687 494949 508889 489890 534190 440084 513620 500939 514893 504328 505707 492023 487593 493009 482996 458385 432744 512674 503231 459346 510088 489114 491864 502476 502207 479683 531027 462140 478380 507353 471121 477811 492747 523559 447478 489398 466203 547459 508039 462943 461161 455284 490238 469388 500771 477307 439544 510443 466574 502497 513120 497872 478740 487447 481720 520368 468657 459307 471304 496748 458834 470856 457459 468774 526993 509429 483753 473626 469960 470931 509679 508142 500852 474935 486565 489483 545560 476529 486632 502155 520523 504614 490203 490772 473814 498641 513824 465210 468799 495451 491105 472007 483819 493356 495234 494963 478513 478740 442574 524969 486110 474141 458669 457719 492194 451741 478832 486469 516256 500027 461581 506596 487484 440981 483470 500823 500381 471836 440172 493516 513015 481452 466459 454225 462776 476914 469415 517481 543679 459988 481488 490479 435265 496677 470941 474739 506920 496489 437828 479164 493440 507913 483679 472070 475662 476739 513371 489074 523372 512715 473896 438942 507564 446440 497338 477070 525069 510849 489211 503770 472850 481411 512980 513341 477836 492342 492738 514765 483605 452653 535224 490662 483240 493179 454799 496668 477459 520566 486370 481598 475859 447330 503007 482723 449388 444900 471181
497237 518218 512878 497937 471458 504202 515945 475129 514215 516610 504401 530493 515256 516681 530057 528905 501106 548991 467463 542876 520956 508976 507663 506162 505896 529529 491911 497352 464574 445689 512738 494314 481876 515672 499084 507809 506763 500064 436347 531784 505496 493228 506627 499174 494340 527216 535069 452213 487310 463602 540120 519752 463080 486398 460718 505231 485259 509358 518387 466882 504060 461761 517370 504788 503895 496056 498738 481810 527117 448121 475498 509702 503126 460811 492452 469695 499931 511062 509037 517316 477106 476941 479964 530001 526227 483458 483912 489279 520860 551296 502698 493135 514758 496437 513696 513112 509896 468013 498163 515001 480510 504613 504210 510130 492568 495765 542106 524958 509343 481336 485425 453306 543443 507147 487962 506619 481803 466739 481939 490969 494064 549854 501675 471150 499944 490545 465131 480092 505512 517040 455999 426949 496799 496824 496255 465836 471355 480494 482679 481786 534708 549784 481606 504538 491958 449653 510134 463709 529719 512495 503700 460662 496635 528934 501832 483042 478978 488361 495239 504442 503080 509148 531258 487213 445046 522505 482155 516865 508414 552775 511181 494323 482905 483058 504559 503501 497154 472171 501208 531529 521799 488561 495666 508779 493523 493162 495056 479459 500101 502059 490590 478275 495685 475022 428329 522432 507267 447598 438571 454807
465682 496681 481398 490662 446663 482852 526811 467470 498258 488559 476324 504444 506512 490722 505595 501622 470786 541688 446032 505732 516304 504346 507901 488958 470609 496064 488307 474583 442841 435862 507618 493911 462810 525077 497647 492564 491610 466948 479360 502917 459284 482421 498194 495415 486288 487239 494315 448553 476172 477239 541232 487209 448696 456599 448863 482898 485249 490165 507829 453667 509979 450574 511239 522221 499387 483061 485244 475341 503360 455760 459783 488126 477261 455270 463802 449439 483643 522907 487535 480172 462131 485717 445553 493380 503803 501717 464919 486122 483385 553703 467850 480592 477739 510276 500214 499616 520612 472676 483121 497889 443824 475194 486574 465890 439452 471249 512961 486416 479136 477499 457990 445918 500714 482297 469033 475660 472599 503305 447271 461090 485654 506883 486455 459928 495744 465714 459579 472169 511422 476394 470890 421493 481460 501184 482782 472113 445621 454152 447879 468121 488024 544808 452533 469632 483964 432962 508594 459670 471716 493318 508500 435621 503671 501604 493266 479705 482914 462539 484317 473471 470096 519645 515471 464065 450050 496210 443369 490248 487580 516828 500679 475920 499265 464976 475990 504731 495587 462869 490675 487459 508110 492875 438530 504130 470522 450131 472231 466986 486920 495086 506703 467924 505485 478001 426953 501491 490505 437368 473055 446126
516406 554107 532090 509846 478978 517402 557974 496716 559359 534276 527656 538447 535950 516578 533373 532626 491409 585423 476630 532952 560666 537486 520346 513939 517157 523266 509216 490747 488825 450719 545096 518086 512016 540319 519779 525301 541725 533600 477891 520510 481199 519039 517608 512273 503311 544286 537693 470580 498030 491894 557729 534645 513880 499006 494342 543635 527821 521538 521214 465588 522335 494112 535157 535093 516278 502720 508998 502914 544511 460205 522978 540783 509458 493684 508842 509777 473383 549484 530209 522206 485090 515152 479654 522398 546780 519318 510600 526490 519098 567953 504401 523242 523859 512016 532223 519553 552657 503389 544062 536905 468696 509221 517006 498084 488097 526574 508687 530235 500979 501395 482831 470063 523879 536126 517463 488700 502947 512721 479179 494469 505365 557227 513273 482832 510879 522267 485150 504434 520470 539566 493675 449628 507938 526262 502399 485905 487529 523639 501268 478549 528401 571493 477619 530206 510726 470812 540754 479067 516281 527473 494919 478554 501870 534956 541355 513010 495188 494914 500042 542007 516602 526021 545847 492638 455827 542005 494768 540410 508520 566987 518181 522540 500056 503965 505726 515982 538729 505578 520482 547961 556380 496663 493845 559630 514985 503223 525958 509169 521546 510300 520463 494756 504530 504834 458688 540587 503940 488114 489191 475897
485100 511193 502262 517729 463322 503601 508983 469591 516211 507405 495663 527197 515804 473487 519950 518467 479981 552118 486995 520513 523525 507238 516123 522019 504280 502538 486994 492772 470434 434328 501685 501941 476981 518134 509332 493839 496690 484908 483584 502213 496633 517979 489365 497010 486366 531026 532455 458715 488106 476630 548025 522872 485396 476659 471483 486712 485040 505433 492393 464502 530961 466800 504315 515321 504004 488661 493814 493511 518210 480607 485449 512612 500302 478376 477203 462716 469417 528003 475278 503653 479242 477777 448241 503254 520711 492596 469258 518868 497943 552651 485997 516629 508635 522374 506400 505339 535034 484397 491405 515518 460057 491628 500815 484081 466930 457495 524377 510652 517706 480970 487218 452374 525562 497108 490560 492564 474506 492373 463947 487153 492251 532700 499463 480243 487878 480671 454441 498276 493835 492088 487889 426603 500955 494848 469666 471065 479961 478336 448196 450918 491249 563150 465353 483465 480349 453959 508046 470674 492430 507069 509108 444267 526098 502886 497665 495843 475279 488127 467129 486877 498810 527471 538752 464781 470054 507056 467555 505050 510103 547298 520808 483059 481363 477706 508966 517373 503877 469343 504316 525738 506324 501844 442466 516477 496180 483231 508182 482878 494041 504482 489863 513183 506620 489110 444476 506574 503443 446695 462879 468669
518480 549759 512007 519320 501884 518012 542215 488997 550348 544929 513392 553705 512494 511759 545015 540803 493868 575909 511614 537608 542621 538947 540479 560769 518489 526193 509131 504072 495563 435711 547796 516610 511225 540422 534544 510004 547525 537192 497426 543505 509261 514349 540702 522818 513440 560391 535335 481987 509322 485232 569752 556458 498659 498240 486901 508356 502271 530457 525198 468661 547353 483047 539350 537448 524076 519488 507455 502214 582039 460678 498509 536406 521370 497057 518980 505518 486804 560348 530025 539246 498987 514713 512558 514989 546119 497951 525752 505719 525711 576906 526720 534178 556369 533438 533610 519240 544024 492423 542585 552642 492892 513298 527811 517095 492773 529356 540000 538648 525670 510457 516239 480977 522714 509066 528600 529293 492305 542799 477679 519249 509885 557096 550838 498729 519299 500700 481210 516852 513014 573614 500805 460968 504739 504417 496244 485455 502031 530207 495525 473255 542779 570519 481169 517452 539056 464975 529944 521529 543937 524586 535604 487424 523695 559979 544076 520502 506010 493528 487909 527039 522813 537687 559234 497140 482996 531721 513366 506049 521807 586429 541542 517703 515910 515104 525004 544567 537922 486802 521843 530763 521806 509151 475011 534661 496342 532074 535767 500586 502128 527394 510119 516987 516944 484915 461712 530530 512131 470673 498759 496206
506310 502411 482549 508845 445459 477840 497308 477897 519177 518459 482238 526717 494885 492464 493390 498162 449208 519491 465881 495656 535747 498249 494477 512345 488456 497165 479439 480307 454195 431330 505634 483653 499331 506644 488111 481041 488023 486173 461263 518558 474070 481205 496308 478322 468168 500123 498512 433751 484954 462659 527196 500852 449932 484483 464433 491772 473146 488110 511806 431381 509734 441387 496381 485045 485549 470598 495999 470595 494718 450449 492129 481287 475326 451534 472254 459177 436830 526353 509885 493949 471418 485868 452712 494001 522961 491918 476714 491946 498933 543958 493339 503339 493110 497621 492154 500785 511015 460513 490610 499424 454055 463932 497971 457145 477453 452892 504840 498243 486428 487165 465771 446391 500836 498358 491729 473524 481506 480791 456947 480517 475261 514518 489492 462602 477080 492443 469799 486674 500359 484420 488722 426785 481342 489033 496074 458172 470832 468476 489754 451468 487218 541638 455676 480973 483893 459200 507303 463360 483391 503213 498100 452685 489229 511529 493892 487623 463629 472777 466534 526882 487442 504083 517208 468938 442280 482682 462420 496355 488762 529815 498873 484111 463303 477566 513642 497784 504560 458059 506128 488175 520440 480393 464482 514981 481809 489312 492936 467836 473212 490463 495331 481269 473202 489518 432615 491323 499684 465057 463497 430941
500782 537827 522528 528485 494271 542976 553648 510170 568179 555699 528940 548324 538786 505278 535164 546653 510975 580165 487462 588999 554777 530172 550142 542973 526439 536013 521141 509790 477365 473251 536594 513650 528784 551248 536019 514833 533918 548430 503166 537210 510682 557508 545022 546995 513910 550476 556635 510379 508254 508849 575596 550825 493325 513473 509138 524723 501203 542415 556658 482071 554578 493171 550441 552184 536007 499841 519147 547775 566312 486473 499050 556929 539431 514912 524946 526843 516398 554504 536384 529052 494546 527512 492557 530932 557632 534798 510487 529159 547271 569447 532913 542615 539759 565986 541124 533919 578087 504788 516799 529332 472011 512696 541808 526789 506577 508941 530208 524240 535041 509844 506702 492473 546990 531456 498538 530463 495744 527068 496797 520001 527890 564821 545301 510502 516584 500663 483768 508890 524518 539132 500460 448660 527795 522873 513565 502648 485190 494068 485528 471706 541242 589915 504057 548816 528107 479792 529455 515187 526814 556998 530123 476799 534859 537426 535913 533360 506503 499272 495159 530773 536702 550704 566603 494889 515273 540139 486514 552127 527289 568621 540763 511596 526240 526974 521342 548132 543897 503151 512725 551201 534561 532044 492595 558701 515987 521835 546081 503114 525691 504339 526865 517911 527802 493882 487098 543093 524166 477754 503538 492993
493531 545654 517311 527181 462554 537092 515905 510202 543329 534499 511052 544825 490159 519288 519981 519356 493666 552156 467831 541075 532308 517535 534896 515907 508448 512680 513556 501814 477236 435929 541684 541160 502377 525342 524847 525817 516131 519706 506292 559433 492636 509398 517187 499015 498991 510137 552969 481031 517763 495074 536494 530132 501888 505562 491146 479341 479689 523132 513710 455909 529474 466517 510687 527232 492788 492816 505325 468801 532184 468509 497658 495436 502668 491221 497998 485684 464403 530359 534402 520490 480950 527518 484425 504917 545757 526432 494515 532742 542677 563600 506566 511686 526997 513459 502464 510996 529143 487212 488760 534812 491293 500309 515438 512678 473442 473992 520747 528211 532506 492311 499421 486636 550155 522743 490034 525428 490078 511283 498215 502334 527000 536533 521710 491345 509458 483156 482328 524099 498220 530117 503132 425067 498484 504921 492971 502183 484550 495245 480427 463061 526732 598733 475571 494862 503736 479757 523195 478290 524231 512323 504362 454390 529187 521670 529865 486282 468420 499826 490271 522510 545741 534030 526998 456761 465940 544879 485514 539602 520319 552549 522204 513678 479551 519873 494044 518781 498147 466884 528907 541709 535054 518105 483404 544346 501198 507866 513651 495388 510191 513374 513369 511255 480607 492735 464021 531086 515451 477168 465830 472313
477558 515257 476185 496869 447168 463573 511487 482002 524917 512189 486244 522318 490011 493924 498415 514647 451804 545768 454833 542473 502479 504855 492627 503130 483644 487374 485701 496264 470398 424185 510272 469132 469128 505554 500410 484010 487385 497041 467840 514733 443608 507361 509115 477918 482502 490156 508671 460227 490977 467096 533605 518489 493362 495389 483139 501782 495351 484866 528150 444843 520391 469637 526076 508041 497411 480756 499273 498947 533172 447228 459355 481919 500098 455547 482878 455240 471648 520573 512835 502896 468413 500905 457835 508104 496218 499456 475094 488489 507848 562577 473267 490185 505146 496302 507864 506834 519949 477940 496720 498863 472374 476157 491239 482089 463567 470389 524614 499749 470436 456417 473724 451411 511251 496939 486728 478031 464612 505419 461729 475894 482942 500434 502672 460200 515007 480503 442982 480953 496578 491835 487385 419304 484688 489113 489193 472774 462600 468632 476405 480665 508321 526741 463999 493312 506310 419998 502445 457951 491597 506519 505570 435878 491471 504429 516835 495729 470590 476888 484895 502965 509225 522342 510930 478514 444957 496746 497377 511681 482905 549180 508656 497837 499526 486651 489387 502083 499384 460540 489362 503295 517525 473172 465524 517698 484558 485666 475477 453793 486463 482442 521830 490527 497283 501312 457461 497232 489598 443744 472889 460778
494185 519593 504733 497781 462554 508296 503338 493552 511133 554037 514771 515961 506310 504636 520581 530081 501002 561283 485388 537743 521787 506743 517278 512141 492540 529518 490390 476160 477927 453942 517946 504950 500161 518346 514006 514254 508955 504677 469788 544367 496237 515916 502436 478198 483344 514830 527962 453536 505994 483574 564438 524783 488609 496567 505058 527430 494810 514460 511433 442239 521681 461460 526384 539807 508335 462225 529093 485888 542262 451371 485135 508673 498682 468073 490255 489368 464578 550567 510551 535439 495362 490682 474473 539568 528645 491941 503916 515518 530734 572002 499074 536273 516973 532960 512468 514149 522865 469715 509641 504633 492068 474890 517910 500875 467104 467149 519088 485571 504652 488022 488250 449577 526295 530008 514792 499632 466166 514024 487033 497905 504949 520801 513872 478629 506168 512027 472744 501465 499250 505841 490377 442091 502925 506100 501262 476865 466746 477556 478599 450267 515170 551066 486531 503455 497932 476911 525510 480192 486751 518049 510901 442914 477300 536467 528720 488039 488046 475477 486544 533449 510894 522002 545666 478610 471141 506304 478543 524778 516586 556682 538540 525415 482671 472893 494666 505369 535569 454955 509885 514322 526451 491095 494186 544669 495301 496771 508067 454933 469659 508845 490966 490634 493630 509863 447568 503899 488456 473818 478085 455732
536130 542373 521812 553104 509008 560668 570592 513909 566474 555043 537046 560261 562027 532678 541144 548145 509734 594287 517919 572449 577690 541162 541338 544865 557086 544548 548114 525970 492121 467486 553021 559407 516388 580821 561801 551654 548043 542099 530030 573190 515665 541688 545300 541840 521089 555127 571506 519301 529121 532081 589633 550127 511354 552174 498371 528984 532737 534610 568877 513570 565207 508443 566553 576719 545199 505829 510672 527714 561138 510559 521377 547276 548263 499699 524317 516244 532210 564208 563111 569114 515866 538136 502336 537890 586849 544543 516598 556139 543115 605038 515515 545257 567799 548468 544951 561836 584249 501831 533539 557925 488566 529322 552123 532947 513502 506494 572640 550744 564189 527907 517229 509517 570217 556588 553194 539955 532408 568762 513392 542492 540552 561279 549917 509636 511298 524091 506904 543021 538886 546794 539919 480154 530435 519987 547597 505950 530782 537177 516670 492678 559937 592958 486266 541059 539687 487229 541144 508831 546973 557345 556982 491657 546564 546705 541462 560871 525245 530653 520040 553852 549647 562713 557605 504844 521866 547437 512806 567246 575825 590740 583890 525637 554723 538643 530446 590150 558288 506493 573146 576489 571987 529352 493381 567849 538420 520335 557131 538240 508442 562681 539480 537129 539202 524319 499311 545343 537029 520981 497661 520013
479237 515614 489582 524695 473126 499644 523021 465670 503312 513113 491717 506905 498378 478787 505867 508744 469029 550367 459999 511757 523369 521389 502623 522103 476256 482426 482478 489029 465116 433176 534837 508973 489782 500240 495610 509843 513332 484827 471423 516810 491950 503869 505193 482105 471864 491666 523668 465563 468044 484026 518907 502424 462635 493970 460673 473861 464867 498541 495704 450644 489732 468051 517046 513458 501966 481407 490346 473010 526693 442861 473711 489220 478004 480136 495708 459534 456853 497940 502783 514143 470658 501101 438230 479517 528287 478256 476488 519318 504500 554230 470689 498246 520507 503804 507359 489964 517047 462392 507054 502446 461104 491843 492437 506278 477203 473913 511187 516905 498141 451832 471519 459727 499622 498346 468319 483626 490731 505043 465032 505535 479288 525251 525424 463255 486709 507809 477570 495753 503591 504854 495883 429189 486054 483087 469229 461570 482795 463800 458744 459947 508203 546004 454249 483285 510129 449333 499834 460712 508981 499429 501333 439151 488986 512240 503483 481188 457067 455152 455843 497360 516249 508366 514347 473648 453437 510240 468247 497594 482335 539487 518609 496880 489667 495989 484711 497858 503362 448295 512013 497733 533283 505216 452254 508534 467909 492105 488309 463974 500228 509299 505757 475468 469039 489163 453342 497970 495977 444635 463929 463879
526365 540652 516397 567223 512495 548448 549013 520206 569925 543582 531750 552483 527312 522391 537322 532981 498168 596501 497457 556600 549713 537382 535049 540695 529415 554341 540153 519259 517774 456882 554411 537457 525144 551658 546125 552502 549714 528896 498298 570306 500096 534315 550266 554228 534069 542043 547484 481954 515585 503966 571823 556049 501887 540806 491435 538342 516747 541892 531344 479972 578067 505572 520040 558154 544882 513255 527934 527716 562399 492685 517441 533330 551398 495019 535056 495998 515457 561251 552784 541644 518524 539388 500864 529664 554750 521973 513257 561720 542997 582464 522074 521318 529214 530802 540527 527977 586663 493155 535551 568329 507176 523289 517105 524716 528652 517470 536596 548818 531318 514444 491944 490735 540169 517337 537559 519043 508825 555720 503283 542142 502750 540324 564323 507099 528576 537956 495345 538437 514115 546590 538287 482103 527005 520593 541548 501703 501038 515044 493346 503907 531565 575771 517157 529641 532329 465888 525851 480688 553606 517099 552810 481285 521417 546452 556245 544998 528916 538726 501846 541550 526228 538547 548290 523855 488575 537624 536415 543469 550290 596053 558262 530694 551193 518076 530777 534314 552290 508721 543098 548593 549466 521168 521742 565052 537324 499483 557807 513769 532495 521680 552732 520551 530497 510831 490783 530507 524829 488881 492068 520068
483680 533903 504383 497556 474092 523169 524481 504639 540895 528849 509762 531828 520106 498300 523149 527380 497740 555247 486190 554290 532270 512896 528630 524048 507071 545377 493106 507771 495256 442538 549432 505591 494448 549492 522637 530370 517118 510920 495360 534256 485205 515326 531935 496130 502383 504825 521571 496703 501811 480797 550198 532268 504659 499369 492678 533204 485955 527237 545860 456232 536715 486003 546808 528716 533242 488922 501457 505092 540245 464720 456041 510264 499794 483130 522017 493042 495688 553360 514114 551184 488271 491757 488113 511530 545157 539446 490927 520138 514151 570155 517327 522887 546915 533856 514338 501365 521539 491527 526944 521383 462613 510920 496254 517066 480975 485964 514275 521857 532806 508808 504264 475523 531368 495556 516698 503790 489694 541739 479647 520927 515792 528257 552570 457837 529008 509665 488925 514304 530759 524614 481219 443066 510879 517491 526308 480673 502951 475188 488748 480690 514539 575988 485189 504107 516493 442058 542738 468095 523722 525115 524676 474976 507275 546234 520696 497209 489504 490067 477761 525442 515375 536060 543777 494951 470507 536195 499267 538381 520557 543120 545081 492382 511613 477675 495462 535420 537683 453380 514389 549121 522390 492870 475644 543974 497911 497110 533572 478041 501879 494996 513772 504087 487227 486009 453283 517284 536838 453308 480595 470920
472648 503725 483810 504373 490356 477300 507883 474789 500573 523199 490414 535265 506517 490355 519461 496152 467163 550775 474941 524589 520265 517610 488729 506112 493328 487069 478473 497348 464747 441872 523003 467750 486355 512695 499990 492637 509962 508366 472378 538766 480897 501729 508204 497229 494072 515455 554553 467709 494919 486735 530761 512685 462042 481134 479698 479047 482354 507728 503353 441569 514864 451195 494397 495443 501203 477775 495826 482613 522287 440593 467661 498024 492130 482730 493969 471363 455801 525121 521296 507140 483879 517712 456936 509395 498688 485587 484000 498857 493459 536616 504593 507920 507717 504291 514752 505139 524102 473185 496539 530155 468419 492500 500391 482307 473406 493721 529630 495854 515047 458584 472841 452013 525054 519754 492962 502599 483309 510699 445801 500196 484394 547166 511093 477694 515923 485879 476280 475403 494295 507270 493318 423747 497641 480681 499474 480649 481307 491216 486277 485437 504151 549162 474770 513629 493825 438031 497030 459707 492998 509820 498374 456551 508896 535089 516103 492663 495484 477204 474771 494079 534648 492702 526127 488342 456262 511381 479792 504218 505360 548723 526097 500463 490342 486728 503478 513229 494916 461155 518477 505262 537386 499116 465274 507120 502077 494376 494416 480189 468905 493962 488318 496568 477704 507998 451006 515315 497928 449365 459507 460035
533929 550538 531506 530017 478146 524430 552584 528862 562050 555213 535071 568230 561023 510915 512059 509543 493269 588521 507631 535127 552230 527175 532384 496555 509424 531265 525688 516260 485229 456548 554993 516165 527711 554782 524154 525904 507409 509964 496863 542363 455101 526502 543660 519654 504393 568302 550949 486739 531769 483945 574929 553773 490206 510729 499143 547367 535453 525405 541258 479002 549603 505794 564689 542119 530954 516632 531902 548243 564562 512497 525838 528860 516266 503045 521223 497056 481587 568079 517001 516725 506192 515116 471620 536321 567379 523216 497595 513421 535626 575216 513078 530045 540454 537648 542172 560361 546416 509482 504107 535985 489707 518533 530121 533311 495274 509087 536070 536838 518534 516656 504529 490312 547776 528531 531925 510106 493813 533144 518062 524960 543559 574930 524728 511636 537746 513170 485914 506208 519700 509581 521551 444355 512315 527952 526311 489196 503633 484242 509634 461823 531324 579972 482453 507324 534450 478659 544107 487676 517643 563230 514993 468523 511334 517957 532311 502969 491585 501652 516014 530389 529135 550877 569632 495145 484260 555281 495662 529113 535693 574383 545026 534646 539243 506752 515500 532201 551113 489101 529896 514614 556602 501201 484952 546955 504545 512796 560361 507404 535312 514348 543680 525799 520636 505433 479924 541137 520476 473176 496869 460829
474204 483849 477219 470413 442435 482487 497473 469765 480979 507552 489152 505151 473986 471527 502737 486605 462736 538725 449954 499211 496941 490808 514193 470195 484820 471391 461909 472269 456423 422406 502925 490592 479697 475241 493944 456448 477228 499359 456362 500450 471432 481030 501130 465343 494239 498542 507550 451214 476425 439498 498562 471930 441081 474032 462848 464745 471042 506759 516953 417856 509419 454011 500173 496241 471355 449161 476893 483406 505920 426091 461232 479166 478002 465765 475083 432107 466130 466529 496223 489182 466474 464081 466431 452485 495058 499028 451391 473594 474990 509410 454046 473324 496974 512506 499597 470309 503750 455592 464360 512517 438528 454941 469131 465315 468061 447338 490735 492295 481689 460761 461766 431768 494284 479927 464811 495691 448993 480487 464491 481023 478687 506000 484469 466034 477180 457158 444664 473061 472103 476144 491364 411008 465353 480009 469231 452825 452881 467094 456817 424133 482192 533738 449294 478273 470260 438500 485649 428115 493692 498061 481486 443179 470827 501504 504639 471279 449134 456856 446244 486876 489939 504338 506459 460093 447443 514458 451026 496178 468970 529653 491801 450805 489904 457561 439893 493095 481677 456093 494361 485035 507501 471536 453966 509077 473343 478972 474196 434062 489095 494129 479080 475141 478985 445742 423027 454269 499740 446226 433795 423890
519210 576144 527285 559469 513955 550118 576605 546337 571479 563873 512466 566378 571494 516793 553179 547335 518187 605835 523928 563057 553945 547597 570439 564443 523594 539814 542867 530538 521486 499036 578798 559950 511749 561370 549524 543987 568318 521682 529599 573257 518647 550758 571036 523087 523146 556378 564631 529126 529197 508471 588049 561952 506056 535000 504146 554587 516126 563798 550101 479778 575886 512950 555390 565461 541128 509089 523530 530452 584774 524726 498797 531282 549550 515670 526182 492399 528501 579495 528409 555455 509557 520600 506499 529357 560011 576962 503864 555674 554583 590091 525886 537552 569650 560227 532387 555516 574395 520680 545885 553690 501339 561532 562255 538820 501535 514431 553024 533045 547589 520865 524302 488006 578159 551192 524860 540801 513896 537845 530401 550403 536196 567462 549341 496395 548637 513772 523028 529906 546960 555654 535086 493213 506014 537091 579144 527098 525037 506650 489110 491440 542758 602845 509635 530095 532764 505750 542786 499733 534816 576688 547061 476752 536259 566255 560926 547141 518189 521211 504914 538123 519295 593794 587728 516875 505225 547920 491536 563952 536386 571796 572639 526729 538210 530995 519059 551250 562205 511853 546380 536134 597441 528536 504908 581499 512502 527486 568196 527561 542434 528513 560217 539401 540173 523705 474750 558120 536551 499605 490491 495821
476264 533874 510952 502780 493651 499067 522030 474172 515549 516221 519588 527640 518110 517731 521698 512814 486202 546624 479359 527643 516419 520475 525031 516175 485770 520661 505662 485484 481550 438651 521382 500669 488544 499656 502247 519487 519596 493876 473391 551759 475398 505676 527225 493481 498444 516278 518707 457999 500753 489615 513088 526783 477657 473088 460039 477202 487103 483053 513629 455380 516708 468636 527961 534632 499493 476645 510971 474035 540528 471101 486363 486389 539656 487386 497999 491084 475759 524400 495572 517728 473253 508634 471708 512203 519863 497015 499422 488389 513251 546857 496711 528201 512661 514023 526292 530266 530327 485315 516991 517977 459952 479641 503285 499577 487497 493996 547305 487367 505530 472225 463825 468377 522983 511413 481199 510558 502527 500087 457182 490464 487106 515669 507828 463550 498348 489189 455614 498966 500845 509069 495775 431378 491080 496343 487148 451358 486630 485213 453066 456070 514994 553703 458963 485258 507176 463583 506497 453798 481634 513423 543863 433238 495085 534394 518405 495717 478961 478741 494885 488299 510049 519959 525828 493773 456706 544133 479839 515034 508087 537689 523176 488862 523462 502666 497784 509259 518571 458310 518995 498029 538521 509466 486958 506619 481345 461355 513406 480895 495839 480825 518302 486248 509458 498135 439293 522387 504621 453103 479604 468624
503554 544291 527556 533840 498679 527389 539926 498203 544645 536896 498023 551770 539480 514736 535489 540575 508334 594618 483282 532881 549246 533932 547822 535632 484549 546600 506675 511937 497499 467344 521375 539431 486154 534001 548833 534129 535043 508605 492367 543705 509908 523006 526988 535532 488065 529237 537869 466001 521607 492135 550906 520883 497513 519534 500258 541127 511330 548392 531039 475401 542683 484584 534057 529643 518908 498952 548948 490759 562867 489080 498642 519983 522473 507600 518111 475691 488275 551434 539367 571448 510916 514607 494116 529589 571468 524827 483682 536073 503356 593085 506044 528283 542058 523633 516064 539375 551083 493798 515808 524909 495123 543219 517885 523907 490353 506323 536016 511263 531270 505663 523747 481830 536618 532041 528416 517523 496321 543111 504679 517722 524286 530172 552455 484071 529988 517452 508724 523272 539490 514863 509804 469453 499704 517092 517461 477782 504055 488750 491244 485784 552265 563314 473673 520227 505153 466682 524380 515393 522294 525477 508515 478565 500556 547639 565273 494443 497028 484783 511547 530695 523602 531415 561791 510677 475930 523879 505375 523604 517671 581605 534140 530641 515719 484732 494695 537081 550680 465080 531599 547330 555462 520725 487038 556292 499541 499460 534288 505699 518255 520603 520224 501206 519658 488921 446878 525044 493908 474826 495261 476283
509999 516720 500616 516224 455735 499705 528974 496005 511987 536996 471161 519506 496226 500476 491772 519232 473870 554390 470234 522991 500454 517703 499055 497662 484472 511008 481530 487242 472871 437081 524079 500149 480288 516206 497647 498699 501135 483306 484453 522660 458533 488985 501974 499794 488924 509055 535634 463997 509286 463140 544799 531670 458974 486560 461359 476674 502417 508396 499031 473579 511624 470947 494098 533849 504272 483680 494626 486210 511428 468772 492912 493345 499840 459205 490165 462929 483362 514369 506787 516369 478441 487462 479721 504548 514490 509686 499296 521940 504783 563652 489526 497271 504492 519957 508946 503955 517807 460616 492535 503378 442921 488587 513063 502884 463159 455539 514540 490992 492858 461272 473643 469007 509127 505123 507547 489411 466879 508100 472229 494612 483920 521654 504259 487332 505661 458858 484760 494938 493919 515085 479750 429035 499487 510221 495388 468926 468271 458527 477005 465931 492924 539353 464825 506732 478100 458975 512432 465363 486816 495852 501677 445645 491181 518389 498602 492946 492706 491539 495546 502737 480623 530537 528472 485765 440907 506251 487467 533541 502223 531619 518952 502064 493670 472590 492120 501292 495602 455335 494517 503348 532385 479655 455005 531387 497200 481443 492958 471488 492138 512839 508728 493586 473859 476028 432269 517387 486096 431502 453276 473585
481353 492507 456026 479743 444175 456298 494095 456703 507698 468977 459571 501102 475481 467282 473523 489648 457418 526715 439275 506781 496186 492307 469885 498898 464977 477865 495931 461427 451615 418610 487279 479124 451561 500969 478379 483440 459986 465054 446359 506553 454145 483334 488473 464801 467215 474588 479592 450115 467929 455996 512133 473637 455794 472001 468422 457670 459708 489145 492374 414764 488186 465538 489545 511347 468498 454692 463657 479849 493387 436360 444137 479273 484645 452379 486222 439524 452554 495705 492549 496352 466653 445371 445873 474858 486932 477086 462035 475402 471932 529028 443034 490334 481261 476997 484128 469243 495188 426899 460461 469854 449876 467068 500819 464486 444108 445906 482017 492007 475169 436107 468379 443185 488338 452154 478188 493020 456740 494601 439204 475940 460742 501961 495783 460307 488478 449094 463766 457275 474764 478358 461618 417548 454316 470865 475440 448531 461675 453097 440501 436638 500489 518165 441957 484610 491226 422420 505323 457973 460735 494627 474879 436014 482717 479340 506959 477787 487612 450943 457454 463169 470583 519482 511917 433443 439221 458403 430172 499772 468832 518090 516428 477666 463885 446832 456641 482404 470497 440542 476333 474799 508145 467489 440127 482102 446231 447148 479373 458536 471011 468495 476152 469846 462685 453933 428434 471027 453058 444943 445691 440718
492136 513827 490525 516251 482660 507274 516153 489460 518638 531819 497776 516567 499837 492762 513504 519672 490075 567357 485189 505067 522996 509807 517963 513123 477662 494452 494540 505839 460733 435151 532151 516135 493332 533349 514904 504235 516657 499394 463818 536854 474523 515198 510604 489549 494795 514354 542134 436380 528792 471560 542805 537497 493572 479675 468778 520941 500914 522237 495502 455246 522382 481812 513054 515407 502734 474578 495648 470270 522832 482147 474994 492521 514223 477871 501841 488422 465809 523802 494554 510660 472817 494202 468277 509097 531691 517651 480110 505957 516810 563744 479556 512000 517360 504153 522936 513479 511471 468151 494148 529007 449769 472544 506201 491980 473192 485851 516762 506971 473723 475363 475076 470488 508010 515855 498148 490674 463112 488450 487105 491172 501750 560655 513578 482272 516650 479062 485809 488546 511019 521081 491416 452681 494884 498670 513095 479837 481951 488058 503332 474626 501710 562621 474033 528757 512012 454132 493205 471162 501646 498424 502340 469465 499942 509961 547133 480391 481649 482387 490660 508967 511455 502313 523605 486722 463436 497131 479683 530375 505910 543507 537602 491748 511528 476031 505504 531589 514835 473597 488193 510304 533132 493886 475769 531691 518082 493390 509789 480104 504830 497142 514753 498302 489453 494131 457507 513142 485923 447441 455590 482804
516826 552606 537589 505526 498268 548690 537888 515889 548354 553075 519570 538922 548723 527680 560065 546139 513144 608866 492622 572590 565267 540445 541929 543747 515332 552689 525818 520204 497816 448027 557515 537110 520000 538656 544143 523093 543815 530799 509458 575705 504344 526902 542125 519796 511997 552030 555674 482989 532320 517590 562436 546089 494322 540058 503490 533686 508629 532167 542500 469308 553765 509245 546128 541836 532549 501575 537272 527193 571890 490799 526730 536979 510880 494933 511962 507337 511596 550007 526681 563189 523740 515853 481329 524896 562596 527360 520257 539165 540272 590209 536753 534724 566272 570818 560187 516000 560040 500626 523608 544643 491734 508984 530003 541876 494205 524098 550846 515603 527248 515934 527876 492519 553281 542610 508017 532706 496521 527950 516632 520360 545540 564246 545865 485544 530866 517003 484549 520777 540170 523732 496681 436362 534533 532875 531034 489039 502384 509543 488270 498477 546180 597893 489927 524529 526214 472748 546346 498524 536119 549853 536005 471342 528254 557921 560236 523331 503428 512185 515366 524033 547017 547560 558663 505003 475613 570375 484043 531526 520446 589750 559381 516831 520949 521303 524696 534163 548474 491913 532806 564205 557723 537357 516462 573304 537611 518260 540352 512492 533440 507991 514301 525864 517156 498223 488831 545649 520716 492055 474602 500765
500657 531188 502480 510939 483249 497539 507694 494825 541303 554894 495387 524687 508926 489853 522300 510898 478082 565928 477563 521437 527669 530910 524880 514624 498907 514220 511637 498230 493397 438744 568084 515367 488307 550951 522967 516102 529708 503402 514104 535533 474409 520277 501610 516868 505232 534429 529240 473446 495481 486185 544443 528332 481338 522533 471161 506137 495035 526944 503480 482409 527236 475938 525534 507262 511318 491127 506351 496794 536379 437125 499465 521104 502876 491974 512084 499700 497638 514497 510538 527781 481025 513067 474883 491682 558846 503137 496225 521728 516678 553565 506682 518163 521266 525476 513633 521953 534322 486709 510875 515784 476458 501577 483931 510368 463582 487383 495985 532029 530924 499140 471097 486910 525485 502049 517752 504608 484919 516381 516930 532034 509853 549282 528625 476642 513718 497139 487952 503234 506495 520434 490511 444424 509598 487142 497654 477162 504140 466348 484471 475615 517297 571318 462483 511611 493756 463649 508060 482541 500119 509356 516983 471506 490715 509353 499263 504628 492628 504012 505929 515353 526832 525208 543129 485528 472078 521051 477391 522699 514542 537454 532904 512759 508076 470814 494842 512388 556125 472130 511798 542556 550235 512694 479669 550008 504261 483079 515692 470641 514475 528362 501232 498195 496076 495450 450497 528422 502599 471895 490544 482541
494188 560986 501223 519929 473233 527144 526147 509914 533667 542932 508759 536678 536853 516234 514599 526954 488381 570081 485215 509145 528824 509844 536508 520044 490820 528097 492195 500620 490121 437009 548130 518800 485416 541842 533576 513613 532909 500078 512408 548247 503267 525277 516050 489943 493705 533415 539939 468632 494669 495175 557193 549807 492910 501397 484464 543484 503651 550131 531668 436186 531257 489713 548726 557617 519407 478159 504717 498113 556541 484518 492328 532567 511371 467553 496598 485837 497391 524494 515364 525241 486765 496106 475904 528438 534812 538300 481605 526921 501366 581770 489792 527174 510995 539555 508775 537675 573258 479452 504837 516481 465337 503081 521217 508173 475374 475397 535900 511846 502932 508922 510080 460668 543137 539042 509018 497804 491389 521736 504565 497168 523135 528478 534463 493477 520552 498693 496904 492702 515598 526463 501359 446773 505041 518679 499700 478022 481607 460358 471542 502739 528459 547294 479499 520806 538268 469194 542326 473619 496012 521589 512831 441535 504335 511188 527948 508006 470005 505975 491259 512648 522122 537016 559050 495973 468841 523451 481212 527161 498384 557080 537147 500305 488995 495721 520726 515676 528929 461086 539184 518983 540255 514933 468570 545270 493366 493811 517238 487272 520211 518810 523464 522288 528219 495318 468821 537816 520780 463670 487340 474498
499252 532276 492910 492224 483053 509703 520538 492049 534571 517935 507132 502862 531442 484127 531023 501712 489559 558723 469911 503397 512572 526200 519874 510563 483214 515646 485634 504207 495109 418841 497303 503870 502653 513786 521072 474013 509810 503750 481466 541436 483231 526524 507775 495309 500679 537493 507798 459590 482090 476386 535546 521330 506560 484381 452643 534563 484638 491750 536512 442912 520058 495048 541971 513499 526738 467525 486564 501020 531293 433039 467644 515102 503602 467195 498007 494773 489974 522984 499583 530917 496019 484229 457088 515828 554020 512250 499359 503132 485238 528848 520731 523603 517368 525071 491738 503113 542586 457702 526686 507840 470167 448561 479918 505945 472249 474697 514503 523737 502020 502014 479445 448396 530704 502849 486751 496615 476290 498910 475595 494805 497280 532366 504791 483245 500072 488059 479148 499827 504912 503792 451350 426553 500711 492915 495946 447171 475060 452118 474175 454339 493702 549395 487885 491740 499428 454688 513288 476577 489985 525631 503024 446401 489641 494627 513078 497275 481033 482871 485942 495234 504816 525067 536163 498952 487014 512879 459569 509536 510278 562612 537818 508034 492182 472916 506353 502252 532053 470525 501846 501392 545645 498114 482417 536642 503437 475414 507360 462870 518548 469859 505074 482048 506706 471730 461307 515588 497570 458477 481065 459906
456699 463743 457300 471731 438840 500023 493813 440871 483404 464281 453244 494806 461862 447319 474312 480539 443276 534207 428760 473518 495514 481915 477211 450612 442843 459385 454836 442811 423382 401041 481217 476111 443613 486360 466091 482422 495560 439783 431479 487427 445344 472293 478209 459531 438225 478609 489357 427521 466430 449173 482278 467731 441510 443468 458074 444251 433116 469405 455342 402154 480932 432418 482738 470978 468954 450966 456602 446454 496395 417487 473035 459602 450763 442884 467118 442857 423055 480851 457736 498524 445989 457021 416575 465407 493695 464891 460273 487113 484211 508902 463184 478754 450746 449655 474615 476960 484011 441131 460487 480878 428087 464401 457468 494119 449632 433170 455650 452611 465912 439353 423850 439165 460645 461645 459785 477401 436487 467899 438113 471843 454265 486507 475638 435730 504491 415458 459600 442835 465971 480010 436567 411228 446456 457251 441037 452517 444455 449168 425186 426606 461952 503855 419761 469462 449096 422642 469235 416544 463234 455073 455620 434692 456657 477487 478728 432592 447910 431628 398249 468888 481096 483479 503145 428257 415942 455457 453886 468108 477992 497917 505752 450290 440200 456363 461875 461616 468533 436154 473538 467234 468738 450740 424289 464770 446641 431431 465417 431775 457801 464728 455726 455443 451646 447169 414340 472541 465897 420925 423738 423986
467621 518072 471862 490295 463496 495908 483158 489944 526853 510175 482904 495782 494979 483324 505011 489628 465169 525515 455898 517233 515698 506147 501259 497051 487668 498387 479000 464421 460999 417191 486105 461512 494601 500875 497576 511122 499541 500378 463773 488826 471164 493847 490690 469059 480471 501185 527148 455933 487332 450447 519518 496644 470358 486773 464777 475441 471749 515973 488700 420100 504187 453301 501399 503649 480224 464107 489263 482476 501744 434719 475152 476842 493198 482584 491277 480229 446176 508963 494093 513364 476897 484976 434133 500621 510233 489003 473499 501110 489957 524140 490301 490757 504525 501752 500463 492763 515737 444893 494714 500308 457157 468095 477889 483301 473333 455283 484141 488594 499562 486414 471755 457754 509786 479797 471516 497138 444036 489726 446222 478294 471581 504739 491969 454786 500901 465396 451922 486127 466337 503993 490637 406920 471410 471303 452979 455229 463563 455530 461193 439814 506745 553315 439088 500327 481257 454135 511442 458184 486326 520318 491755 439395 495178 480902 514929 480260 455257 465385 459448 483408 483103 496052 521887 444001 435713 492964 450995 483905 495989 534894 528317 483029 485137 479860 485699 469556 492048 438898 508578 482377 491131 478138 458779 514126 476448 480861 484634 446406 488173 476730 478545 482773 473566 469998 441429 472387 478022 423817 467804 436974
465776 475366 465024 474655 415083 480830 481523 460482 498853 484826 490207 521002 471797 464006 475390 485510 455632 506392 434645 483957 497868 477033 472466 467942 470402 495906 467023 446832 449715 400744 496528 467182 443747 490361 448348 488495 496987 456030 430534 494772 426447 487014 498255 483504 467011 508941 481613 435917 484199 454999 513098 484697 442616 472730 448295 454513 465799 456726 466318 411232 484435 439525 495213 494826 466345 451345 456822 438235 502694 440589 461177 485567 470626 448551 454867 444581 438783 472693 480538 485188 445100 483936 456026 477221 481843 476254 439064 481850 481106 495931 459325 497973 476613 479807 467164 467781 520115 441674 466352 492441 435317 468094 472465 480968 462195 450041 469672 475088 460458 473283 440251 434453 482121 488845 483746 476327 446695 477548 452293 466904 473154 477078 491176 445802 466864 467776 428799 460589 463833 474775 456734 418796 470647 463270 452465 438347 454290 442013 430494 430500 494666 499867 425627 468440 464864 419518 486799 449753 466420 477779 469257 408830 454162 479981 480056 469434 435482 448158 447990 477558 479502 492919 529912 440421 436937 491190 443784 505050 488574 524194 494433 478439 458806 463471 471614 488396 463178 438436 478270 495541 471837 469751 428117 494767 459538 459472 459799 450932 469851 475141 489359 483266 457001 454339 436799 473100 464426 445534 454081 437364
489359 508343 503363 501109 459089 472606 502165 462822 545285 502018 496221 539385 484171 496079 507922 514258 473577 550398 477630 508214 524096 535467 506681 490044 511481 510590 504361 500364 469763 418352 510445 504385 502852 499196 521809 495432 508180 504854 494967 526911 471797 508372 505118 498001 506974 513874 502968 457125 471479 476432 520542 524383 471370 497915 490117 510380 478605 512618 516632 445334 509698 475876 517189 494650 487563 477705 511299 512363 533546 453321 476412 493274 495244 471405 517544 454119 467200 515923 501915 521635 497033 499076 461473 507421 538196 503045 481525 497723 496249 553748 503445 516599 520266 536835 517097 476194 555862 457286 506187 495100 473667 487980 484077 495345 476505 480579 489641 523706 504719 470828 493390 466990 507303 501322 482733 491934 476766 497930 461511 510568 502956 498352 496245 462568 518951 492708 450148 502119 495318 493999 477875 416058 488881 493947 482565 492851 467307 451805 463178 464844 490300 541494 477317 484768 487980 446603 521786 474450 521056 516032 511628 452583 497552 483750 508308 505053 479953 486594 499982 499954 509420 517127 512929 464386 444607 528536 479009 501460 486360 527728 528093 483893 493446 487776 490185 476232 515073 473577 528682 511285 521573 484041 484540 508977 472959 492852 515433 459789 492315 502534 484912 490650 492986 468227 449588 513993 523176 436108 436007 467212
445953 492902 466299 479048 444923 467336 477199 444701 490678 471135 475972 492152 470165 459699 486825 488811 466281 526282 454355 483609 471050 478273 472441 480493 468254 466744 455116 450726 456984 407314 497554 478144 451416 480915 486033 454231 483098 474407 446775 495853 455978 477126 478007 460280 468005 464829 471466 437427 454906 472597 499595 505263 467104 479878 466247 477655 449605 460575 480158 425355 489998 435750 498828 461025 490432 459975 462803 473102 511489 423598 454316 466773 477436 421881 468725 454374 445113 508177 473512 499011 438601 457970 435681 469622 507475 467743 453130 492478 478912 503285 486062 481489 488596 495563 480085 483273 495935 434746 469437 498538 460620 468503 456921 469655 448644 460456 483586 469183 465726 464712 455626 404704 499229 471410 456903 467442 447252 469197 448778 454378 467171 486741 480440 432652 482147 439049 428474 457237 476368 484075 443246 408725 457667 449350 473364 444668 446945 456214 451750 435138 477634 518873 437920 473622 484199 415935 486807 433406 483206 490244 490396 427488 466105 492024 466842 470569 460149 453653 456854 485089 491969 485338 498046 452293 449390 483920 456403 488188 469712 512270 492794 476709 463921 466842 474881 461173 473906 439082 469009 477738 495351 446095 473105 504108 453290 480027 484375 456353 476320 462527 471290 452687 461505 440940 397939 483765 480572 437381 422177 433920
516852 531338 500952 487690 474874 513396 533443 499661 523235 531337 505932 548438 523647 523426 533630 533649 503414 563566 485113 532122 539856 521539 530568 533914 492470 547086 507646 509839 484718 442538 521781 525715 502892 536344 536348 492204 524289 512701 496888 514863 503178 508096 514486 491939 505924 538998 532105 451669 494148 461762 559117 543309 506874 514150 470548 527413 502560 526085 542290 487511 525417 476527 533418 546608 513725 494707 502629 503809 548321 482828 488069 527037 510032 478778 485717 488329 504097 541484 527746 518671 484854 493045 481568 503716 536116 539306 503380 518266 508306 582585 485873 515788 533905 523213 514453 520682 537792 478387 506303 514076 457705 512370 507504 506542 475452 503119 528489 523624 517553 496744 492084 450891 528650 496808 501416 497268 512293 532072 481681 497368 521064 526216 515962 474987 506603 495885 486410 520434 512284 525153 496120 427038 488614 515102 528223 468705 480525 494573 503167 468036 519355 578304 476630 530481 517169 460964 527223 498018 520626 543104 506779 460510 502482 539370 536978 516938 489358 498808 487042 528881 498023 525077 550115 500243 488122 503925 462782 502914 513043 569794 526173 483293 525310 522005 509435 543725 533496 468040 522078 526554 530016 505326 467050 559459 471096 492597 528144 491153 517516 512196 517854 503705 501325 487919 444930 530817 503652 462792 489491 476284
465839 467190 462182 455397 438022 463890 482363 453318 491706 491349 468351 499801 496026 455472 487664 480500 453425 524302 441462 496970 485311 458622 500508 471158 468087 465318 445993 437789 446428 397542 497340 445485 436221 507559 489651 479004 479186 464519 443932 508088 457790 477224 470897 460659 438383 492404 468419 453806 441959 440084 518863 498064 430978 470111 470900 456552 459210 475687 460733 415936 475410 463914 490633 493609 488313 457981 450033 447795 498985 417073 462287 476717 463256 439059 470720 447493 450911 486606 448520 490322 437209 462645 434685 471863 493144 469697 462246 468782 471990 519369 462581 474551 480693 490055 472112 489443 494085 441813 495669 472509 426266 460984 467919 469082 436053 454267 481870 467544 446634 459451 449219 430604 482810 483449 449280 466639 420601 483149 468993 474487 449305 477000 492242 434448 471612 441827 445892 454365 473711 457242 453420 397687 450230 448313 470057 444188 437353 452082 423570 441606 483529 513350 430353 472619 480266 410090 480429 440528 460978 465547 481128 440439 460290 500523 472016 454506 446904 422794 457177 480476 451676 495926 515775 453484 424459 476867 432763 485454 487572 518679 482929 438598 487172 459478 467891 471816 466486 431276 475219 478707 489047 456369 420193 491310 463861 454636 475731 473651 460564 470331 470084 459286 444418 454637 418781 466381 459163 431863 426379 430929
486296 492965 491508 501007 460084 461977 499366 445440 502097 488865 473127 516527 464604 469425 495119 499892 438324 528842 466854 494873 500300 492091 492088 486719 461461 499600 472879 460657 465092 415953 500885 488740 463043 491414 474418 462826 480085 488455 435829 516410 464478 485773 517982 476268 467432 488862 510457 439890 492512 453470 508383 500818 463538 493780 468358 460750 491668 478933 485917 435455 512341 445699 486098 487055 459918 469764 481961 481474 497611 453257 461436 478143 499470 463597 473159 472767 461193 513993 481543 492468 457247 476365 454345 486671 490408 492201 455522 485848 482898 520404 468985 483535 495004 502580 531901 493984 495290 450031 470527 504650 447661 495777 474442 490078 453846 457653 519947 482185 469849 435395 466050 427986 492491 449376 490625 485582 465500 473423 463129 485839 462410 514669 483752 443368 487174 471899 451204 465637 469476 473515 477726 431049 474023 478610 496137 452714 451127 474218 480326 441597 483698 521263 456245 495718 484123 457898 491992 445049 474500 494037 480382 452035 478495 524030 503025 467042 453755 465762 461193 480980 488573 518798 523846 477832 428520 509549 459494 505285 478992 526069 497300 477233 492686 452511 483498 509608 480639 439571 489207 495589 519080 474860 475671 510525 449886 471436 484735 475273 461696 485028 497257 482362 478129 466716 412543 483954 477854 439464 436759 438912
522323 531422 539352 503119 482391 494358 543376 466792 545295 539056 525678 541267 508157 502326 526571 540078 492539 570077 478793 516137 547804 524638 521886 514882 499907 509757 492852 494778 484971 438349 543535 522647 496181 552562 523061 509613 517758 530481 484415 512781 484527 524248 507096 526263 501259 525801 523789 482081 477121 482952 558587 515856 487266 508396 497446 512381 487524 516666 525309 457534 521161 472230 548901 512058 510918 488890 514940 521537 537524 441206 486193 512252 495940 496798 509204 485048 491717 545872 502060 522183 502795 500215 473222 510382 553370 513124 504208 519175 499618 559299 509415 536284 533016 526611 530585 505272 522916 501138 525399 523759 488115 501618 494546 491044 488986 489499 522455 519258 516490 497067 462745 478548 516019 532780 509078 500159 481420 511314 490844 515103 517795 555606 521253 498884 500303 485160 479500 507954 522447 518242 481688 436397 502848 500687 514113 479744 487765 487993 487265 470247 502454 576251 486905 509582 502602 472720 528969 476500 530578 516113 496953 462617 485745 511253 508091 507093 486499 500577 497284 512587 516096 518632 561584 516658 488127 544333 467644 517377 504045 552661 535234 506781 512690 494374 496224 515493 535129 460051 521516 511162 547886 513275 478744 540287 489689 500788 522378 493891 506828 513422 523543 512064 529559 499749 459010 531356 517172 449668 484747 468068
482116 522571 512669 510451 454255 508575 521950 488474 541330 548257 534347 530560 554653 498579 543215 525872 480680 556299 486232 515291 539327 521322 527998 514698 499471 525825 515968 510549 464783 467748 562982 493800 501743 541709 536598 515633 543315 520786 514054 542462 479867 526599 547359 496400 493295 541079 523185 470000 468411 491853 542080 545204 493798 485001 502525 517852 505129 521038 516234 439126 513309 474485 543875 508345 506349 494737 486665 505919 540712 477866 487179 520822 489677 481138 495035 512712 479055 562325 532299 524743 492646 500364 468619 506929 509291 516850 512719 509028 540356 562530 535038 543806 500955 527864 515732 529385 551627 483910 530369 539718 483966 512484 508863 528288 488939 492213 494936 514568 491923 524860 495029 474111 548263 528428 474612 512280 460989 547169 495172 496443 500595 542666 517586 481801 525170 519076 496500 509967 528109 498959 509241 432847 514358 515550 497243 463924 485569 487902 482598 468795 540233 572583 488102 516270 527053 447111 500283 490668 498678 509387 513974 451055 488774 553233 526555 494152 516258 481838 494687 528666 524442 533057 546578 499701 500464 518807 462612 517263 517496 556457 560315 503012 507044 496013 509225 509863 531143 491317 520793 527820 531114 507883 464142 532339 520973 504533 535292 491014 508242 511021 505317 528840 500162 490158 486622 535098 500462 495752 471908 463787
535354 566155 530484 527735 496641 534391 536850 527372 550677 562725 557731 550344 562228 521731 563456 552383 503987 598962 493438 546339 558277 537893 566414 557548 518168 542538 519966 517551 481349 452017 570251 535620 522049 561607 550393 518181 561189 541972 520206 577092 506495 548635 540243 509882 539005 548634 577332 505724 522892 508839 573144 557579 520636 520048 482213 552797 522609 552460 541404 462353 555638 517026 547654 541816 526780 491467 517043 530966 553868 492727 496694 554425 522866 493416 514298 506604 488015 521300 535026 544155 527513 543272 494824 537139 556453 528681 505436 549962 541473 613550 529384 536655 563623 522333 544532 556097 566532 523602 529846 549636 492940 514972 533051 528881 512356 530383 540725 555749 515515 541517 514359 521668 559202 534396 543789 543956 507277 533940 503267 527757 538983 565279 550410 496911 524148 516725 498961 511808 538816 557318 510447 472110 527089 529508 515633 486428 515462 493160 500501 504626 542308 597462 501161 544458 501535 461855 557079 481378 539014 557377 534701 488409 540338 526099 545123 537269 505910 524876 526599 537290 530627 558997 568583 521275 486171 557527 500800 548451 542679 587715 557593 512740 512982 506512 510553 542086 547157 478119 547301 549172 572329 518455 489115 571360 530888 537274 532188 503270 541344 536620 543353 533869 528850 510789 496595 546552 534407 512197 508299 513895
482756 497845 473642 488124 456807 481561 503758 481722 494418 499208 499194 516112 503223 476441 498366 503418 466820 524766 452044 513461 539298 497692 498159 490247 490641 492918 478811 462143 445913 437382 524982 487279 483034 533903 516633 488231 492451 491559 447058 532230 479459 526583 510387 492481 479266 494359 517298 465343 473682 467149 531259 507613 457086 497853 479149 481073 480217 486022 509841 442870 518066 486367 501880 511917 497230 478074 452619 484777 497504 474561 464503 501646 479531 477052 470947 463939 468949 531912 474502 524006 475273 464219 469702 492147 501458 502369 483484 481529 519464 530750 485371 492477 468191 504268 520662 498952 520761 472566 512424 492920 458748 493074 494173 490805 471900 470516 499781 499278 484631 478201 465303 479395 528884 505255 479219 505331 465890 511888 477360 480275 482523 520266 492503 459862 490165 482142 457385 471493 517266 464476 476839 424860 470786 480944 492193 475258 469281 466410 449288 477127 508561 546851 481645 490795 490995 466345 491998 438727 478905 493930 475765 442358 479045 512714 494844 475882 480566 490860 484733 495332 508708 511370 529841 463185 434348 511651 450717 510300 489038 549873 528920 486841 473513 468558 498093 505275 499264 460311 481985 517730 538733 486815 469550 490416 483664 484119 513802 479853 478618 500175 522776 500637 489662 480284 450253 501969 501716 436759 447197 456966
449834 511195 491360 515844 459789 487441 525524 488017 514889 526300 491858 517958 507603 497690 490833 496690 477354 532191 478301 501594 495163 499543 501400 498919 490722 486622 498011 478388 448646 416385 525826 509245 472984 507536 502331 514977 506520 481399 480078 514574 446319 489659 520421 489924 480973 508791 499932 461255 480806 480556 541191 501408 474856 485965 467171 482520 495216 509090 491746 452196 490133 461266 518152 508361 480397 492753 469212 479081 501477 455151 472869 508041 490412 459736 485315 457761 468209 512384 500481 505407 489309 487946 428607 487679 524675 490712 464878 513594 496481 536465 508992 499199 507193 498099 504490 483483 530690 457996 502599 518202 469827 482170 488769 518353 458503 465107 519593 494710 489815 483653 481369 445364 505629 495074 485167 501775 469508 504199 459112 492843 512229 515729 514261 468518 510238 480769 478515 492901 501058 495632 489028 422044 467874 477950 483330 470751 466182 477727 462810 465142 511179 543441 467175 491872 493729 442715 509659 465807 504231 493794 504642 435777 489608 510063 500642 489609 495859 499471 470284 479102 507836 501915 529329 462692 466342 524712 485007 492710 487982 537965 532706 504060 493047 495321 484278 484026 492275 437591 499601 523762 499769 466737 445684 516913 475368 475860 480571 478725 489147 470461 492876 486098 509780 475455 416618 488078 502716 434037 460619 462517
457464 493180 453246 470915 434751 464144 488455 448664 500484 498995 471782 479141 472016 471059 464399 492570 455272 528359 427034 498228 477357 473475 476372 458741 451065 463276 451528 449655 437452 416718 471944 461041 431991 506370 470156 473893 447931 496389 454406 474216 456160 482628 465465 461587 459379 481898 490138 441310 459733 441752 512526 479783 460537 461657 441163 473691 449707 473162 483614 426265 491721 417243 494513 498911 463361 450711 459844 468149 496242 430554 456724 467333 472501 439294 466436 429681 448951 490579 461356 488249 466277 460759 435252 484161 488082 495706 447065 484292 475487 515633 435043 487499 479425 484165 473920 470227 518582 439612 461581 467740 437754 458374 467271 462264 441392 440502 476008 444671 478355 449432 441449 407965 492659 478843 466790 472328 459262 484814 432293 458190 442778 494657 471269 437348 472692 464878 440241 460470 469521 479369 467792 398500 456310 432209 478591 445986 434282 443561 436220 420845 467715 516106 430138 455448 463342 412962 504155 447013 470711 477693 473480 428807 462035 457367 487563 455331 441565 443191 453703 468795 450358 509754 492379 451037 435140 482565 434430 489155 471573 513735 477535 445019 469465 439391 452609 483438 476627 425473 491319 465497 492585 439223 442616 517112 439597 446500 455702 425619 464692 479756 456802 432810 452386 445899 404025 463860 452032 435406 435367 436301
437102 488020 463904 476264 445869 457904 468168 456737 488748 507728 473498 502324 475087 474306 475468 476915 452450 504954 435906 484702 500538 488694 471848 475342 455956 506207 461247 430965 461396 422990 489315 471109 457746 489167 508140 482106 471934 462427 461517 500192 453991 500694 468274 458148 451149 479231 503393 443086 458552 448430 507864 480172 452779 481623 445291 492561 436880 494793 480390 428074 479061 455558 491806 509912 460984 452077 465730 469651 508705 437562 443796 465517 469184 444021 498772 431150 449395 505064 472135 483542 463164 448444 429411 466529 492303 470060 438117 491273 478223 523298 463750 485810 478911 489889 463180 479353 506094 431663 501921 477586 437594 465484 466252 453929 426985 435322 477683 462034 483822 454379 450514 411612 485772 479687 447571 442053 455353 485382 449047 470318 459694 466052 482676 449838 481170 469198 444674 458330 455697 476753 478602 396433 440985 442734 469949 443908 448179 430946 424246 426800 474658 520085 458369 462999 486935 445521 473642 453254 459128 479644 482777 437845 456161 477012 484886 466504 460164 457059 452527 475343 484704 464049 495156 449478 431627 492836 434501 470510 469158 506657 506660 475914 489209 441996 451637 452642 486495 429360 484211 474583 505717 449855 436058 496992 462142 459169 475564 439085 428093 477592 490506 439835 477703 462263 392653 481715 482576 426048 447432 436716
516230 565250 537041 535583 487106 542186 566189 513912 550670 578609 537351 582705 541082 545661 565821 552194 528853 587436 502454 589499 577220 546416 565432 574022 522872 555421 548795 511735 492986 478334 570904 551758 534052 565333 562194 548855 547417 549657 512885 573623 540974 566132 576625 543611 519055 580053 572342 508392 537904 526145 577055 564146 520653 546310 510372 541210 544383 566804 549002 477395 557825 496836 566945 556740 503257 510794 526056 519702 580393 490987 519483 540591 531445 512651 523489 513384 517220 566354 534959 573018 513507 531045 483974 542429 571092 564086 525553 546204 566953 591593 539042 551304 557911 560075 572339 543931 569309 527611 561112 551883 498118 545322 519490 543202 506354 531522 549348 550875 550564 525195 511737 498113 582236 560206 528182 530923 536919 562036 535838 516851 541354 569756 547375 497234 545399 541045 504366 530612 534348 540969 533900 458150 528581 528074 539786 504963 509657 517314 527007 489605 551608 621381 498065 542134 539722 516109 564207 501293 535868 568870 544201 498349 554607 563781 552348 516618 514432 538197 507542 548244 552119 568405 591809 524924 507742 582167 484905 557310 543623 583575 544095 517296 547256 536474 528614 563824 548376 504978 544998 571701 586410 520565 497787 575142 514736 530829 561368 533691 544791 545035 540037 531420 523224 539493 497315 562974 544609 501030 488739 489956
509133 539984 491418 514343 453928 499652 510773 492962 524593 521009 498179 517515 507783 481756 503476 494366 478053 576238 506586 501881 527817 526170 517115 501665 501779 512926 487770 481927 482030 440365 539861 496970 486496 526390 514638 485091 512660 487298 468364 547832 497058 518817 507689 519319 496176 510292 517669 482464 489304 486134 555217 501052 462153 493075 477248 524475 484579 503126 492005 452701 532823 469623 533911 510289 506234 496607 498720 500657 535515 480113 503035 504214 509815 483126 477115 478262 462216 522242 488039 527100 478293 494896 473518 500535 527662 527571 482371 522207 501910 546827 485956 496649 509170 510192 505300 524173 526305 466094 488924 512144 483160 491977 502058 503921 461041 470168 523463 481005 508607 449851 474685 474254 507813 512612 505792 488139 456091 493948 479490 509107 501371 522161 503405 480381 508892 469184 494741 510648 503046 514759 491595 443159 483045 483864 509112 493296 497925 480921 471230 452169 515789 535348 464085 504284 469215 461875 531414 461338 489182 497214 515352 446692 494042 510346 516341 497484 487982 493417 496839 500867 502388 517006 532962 483113 454912 520039 467878 535427 508087 546529 542844 510912 490670 478199 491967 508882 533469 447777 534652 490783 551840 500054 490265 544026 487859 486844 515310 481263 516239 503850 507695 498104 516766 479372 440772 505634 496895 448888 473731 468712
531639 555439 520174 535453 500991 518288 555174 508573 554029 566606 549387 552137 549511 510431 541088 561734 513602 592739 496005 535772 513480 538967 548163 519382 513158 522794 534468 505953 517269 457645 551371 539156 497397 541117 532277 516627 522596 545125 497462 558997 505450 541413 532884 502096 498138 530370 548486 489381 534142 490747 554822 551788 507160 521801 513518 505971 504351 543483 545590 493248 548431 504304 541409 550325 515733 499067 537650 540443 563914 477883 514290 515213 548237 504411 525347 505899 496006 545537 540783 522674 504687 519213 495064 514386 537763 512986 518367 534198 546947 585586 533420 547796 561191 543998 562166 544706 551442 508284 520547 546770 514151 527422 535444 511904 483212 514834 563823 557122 527469 501737 528111 500810 544477 540744 523606 541925 524564 532658 508203 521665 521887 539717 530048 517440 525427 509045 486474 516373 511966 534672 503505 479782 511948 526145 501802 507959 503307 515174 496964 503689 529938 597087 495908 531099 535322 464742 546555 509547 503074 516938 532636 493669 527001 548637 556984 529939 514604 501099 513109 539128 553091 527554 578898 501838 457181 547117 499535 547927 537562 591040 532723 533602 548397 516551 522993 528273 547080 494843 525056 516824 573717 529975 517842 558812 495208 524503 525586 486678 521868 514273 526571 521488 530869 519102 479387 552941 525722 489574 495431 496937
493156 522255 497609 491957 468688 494617 518189 482950 529791 527019 500435 538920 507367 488568 512381 524401 480018 553195 481705 522494 510913 481666 518684 495827 499535 530249 462672 467772 461722 433649 527590 510385 478353 520155 520898 500088 514860 499032 481464 536945 488958 492691 529823 497964 494943 552030 511698 444511 491053 485695 528749 511688 484938 474636 503434 523631 465306 510697 498237 435264 529233 466045 521973 514057 484699 493618 490137 488670 523196 450472 475924 517892 469702 462063 490895 472220 472939 549392 505558 533251 478402 495743 469929 499328 534544 510643 491490 514224 519642 562104 494017 508429 506473 504205 523214 491489 525664 476989 499060 529728 472090 491301 483843 487913 488292 484650 526924 521625 499370 495403 478947 468709 532709 523339 521276 489915 464246 512132 488077 490306 510225 520898 512701 482209 519366 501129 490765 504683 507174 534785 469453 425559 486579 506975 503003 480814 488532 483650 477967 473549 503563 556652 475711 481431 504931 447435 523199 483527 506336 527213 510009 471762 507409 511743 510798 503101 497163 475542 481900 479657 501010 517802 542304 471150 475054 499537 470013 519002 509042 545033 517871 491005 479665 477363 503776 499326 520355 446041 515319 501928 535303 465371 435454 516001 485720 483158 512256 475186 470768 491189 479064 490477 486233 480324 454915 501924 502212 437566 455456 452672
501304 521341 509763 515858 484821 506416 536179 487312 543492 535878 490848 519932 503775 494109 516267 519899 495416 542230 494907 531431 522033 497083 533911 522031 508093 509254 498667 516624 471507 434507 556557 524549 495711 533679 515194 513055 523986 504846 504562 529981 472661 529399 512464 517034 472004 529287 519457 463006 497225 470690 549247 529494 485349 506849 481756 519614 484526 506392 496000 450204 533919 490020 530773 517169 521204 498587 518568 495179 542730 474134 475705 510536 491937 479831 537431 480384 497618 542275 504150 544444 466608 505284 478248 531280 539838 513368 499583 526828 514576 562282 504379 525496 513620 541916 536009 523112 543285 480247 506593 507596 447152 502015 514866 520955 489205 484131 503931 496925 513206 477239 463311 479476 540888 525965 512071 495826 481265 509671 479119 499197 498335 522911 528422 492078 539701 494718 493021 485327 496127 523260 483457 444120 491707 506636 509197 494411 487578 483190 468546 450617 525404 559259 472371 498751 524939 473426 503783 481821 514727 515719 506012 467366 497690 517124 531771 489194 495974 490877 473332 523321 508106 553081 544305 477351 496635 516322 466536 517785 501696 533456 530352 489817 504382 483675 499486 529678 513438 497864 524484 526539 548911 494046 461774 544062 491976 473247 520763 491287 503027 501944 495282 499654 496072 514288 465555 534327 488053 444718 466437 469495
506322 520897 499311 512044 475165 520186 517648 501660 535974 570160 510837 528354 530407 480047 551748 538644 480347 533332 495056 517544 538074 547892 511709 529750 503261 512215 491735 526460 489370 451938 533966 530194 511019 540454 535553 526686 520328 527392 516647 521613 484572 526723 520772 510544 501632 543102 527021 479475 531509 484673 566456 525864 496704 512406 489670 515542 521826 542963 532508 453466 553219 502544 521361 541375 547841 495180 523564 505707 530112 490508 499273 526202 501040 489738 517067 513963 509267 536939 507015 538223 473688 507350 458746 526454 557811 504499 496797 533583 512393 553802 494583 527959 532771 548001 516483 518476 539696 484295 533067 537202 476359 494579 500141 536730 502941 484204 536733 506489 508213 498391 502006 472877 532822 519625 491693 499832 476181 520491 498058 506258 501136 562878 531093 486494 548874 476327 501187 501175 536913 517858 513534 458765 491375 529973 501493 495924 493359 491791 470828 497292 532419 564988 490436 530316 517026 480053 489992 510983 511616 527466 502873 466736 488453 537329 524229 505206 467711 512455 481955 541124 534275 542129 560191 480244 470934 527958 509471 510548 496511 558609 551179 516120 516839 486223 512102 521265 542376 484912 535693 528207 549359 523992 474231 527421 511892 517888 533188 474655 534350 524781 514572 531358 486590 518266 459386 520484 531134 457530 465235 468984
448292 484858 473042 491725 459828 463087 476974 467654 509304 502597 490154 500999 496799 433594 497791 492142 444174 510180 437756 479186 513645 476251 478593 471631 456504 489159 477831 465092 441496 423964 502983 471889 438479 484031 468461 490646 508425 450476 421134 487036 443781 482080 495682 495918 458897 495427 501639 430338 479325 465082 518828 487710 431237 465651 435334 499983 474303 474624 478128 429919 521482 445407 489685 463541 463190 435704 466046 469471 517121 421867 464722 477357 465632 449870 462000 449040 446291 497955 463094 503604 455199 461137 449113 472442 505761 470078 444510 477366 493793 505301 478205 475452 485985 497706 497681 488390 517442 461376 454685 474165 437469 470574 467062 474073 478529 457113 484168 469170 472918 467066 468955 447477 510562 482095 475784 466987 444182 494351 444978 458402 480103 473380 493042 461588 443678 479513 437634 463326 461188 488292 477260 405689 461847 478264 465795 427912 464957 444515 447461 461430 473495 528464 448584 488474 468190 426636 459988 451816 475814 489046 480852 441629 456966 495882 487513 464878 450760 462187 479181 474266 473483 474620 501223 443853 444040 498503 460386 492714 491872 521338 469917 438610 478144 461913 454903 490202 484984 431776 493577 484394 498874 485694 437751 497421 456935 452936 498620 441475 475992 486668 468082 446660 466335 438249 435648 485605 471283 438995 447284 444497
522061 527330 523421 523355 495435 541917 526152 504232 547735 542937 511042 558864 532335 516211 549303 539139 507166 563375 502793 553038 553507 525345 533244 529211 517433 536204 510500 512956 502104 451510 519204 535468 533927 554172 550446 533839 551651 525561 511266 552035 493895 533344 517615 525730 509753 553821 549735 485683 526282 487271 582850 540539 516058 503049 523864 550686 490988 518506 513185 455844 538772 485564 531367 527404 528027 510567 531295 513035 557942 493380 518581 528455 498036 487326 531662 498388 502192 548345 520604 530098 492718 518225 487020 545867 555076 534955 521921 560448 545161 575747 532353 532400 556487 541090 523221 541813 555314 470593 526845 535361 495042 513602 531048 525261 504702 511838 512505 538627 537164 499149 501006 460203 548313 541032 494928 522373 490867 527016 479895 525184 512149 560186 536953 501318 559681 516251 487284 518201 493536 540783 489225 448813 512277 525206 520094 498334 488836 500355 480598 464528 533185 579484 495700 504543 519379 477780 524566 512359 537899 543799 542478 475526 504265 549835 550130 534075 513491 522656 504773 539784 550077 551004 558830 487556 491384 541338 497040 537857 525332 575338 566505 503866 511074 507495 521753 525341 515590 498157 530557 554360 545381 502212 490289 554118 508792 507348 546162 500533 517358 501601 525977 512493 519794 479960 446258 544793 532443 491708 471437 489048
541173 543335 530709 537112 510173 529352 556005 525184 557774 560591 531042 555295 530001 512509 544684 556309 510580 558640 504395 547894 557938 540495 545293 538302 509176 562651 512789 516467 507080 458360 538961 549995 504787 562440 533722 531852 539967 535547 519458 545902 503596 536186 541043 504281 503446 538072 567495 478167 541435 511797 579390 538345 492668 537113 504127 533400 523593 524676 545530 481269 562412 503675 547510 540572 536613 509005 512750 517374 564297 474497 501261 544763 537325 492043 515229 515763 524901 568060 529262 551522 507362 521657 519433 532718 563550 539932 495371 525546 532070 591221 527509 535726 567686 546966 530781 524022 563090 490613 539434 568952 483548 536965 531361 539818 512865 528349 555909 540218 519166 522789 501533 497813 557260 518164 515055 535776 521148 538597 516277 508834 530185 549329 536566 504141 533977 520599 493684 516107 533952 549272 522304 440940 490189 528936 524882 506853 511082 508626 518982 480710 541183 573960 496064 573143 528337 484856 528366 501659 526830 557875 548619 494794 523134 566956 538039 529544 503751 530343 505244 551101 513903 542419 555178 512555 499859 545925 544923 546157 521177 570907 558381 515155 552888 506662 516970 538624 530787 505042 547660 543319 551672 526750 519118 563197 525327 519480 532477 511126 516445 538897 547549 520674 510380 508773 464839 529749 533647 494525 501622 495007
480603 491470 498896 488287 444910 481184 505481 489701 506473 528909 483138 497724 495827 466837 512569 493137 461948 550756 444936 522193 516633 498476 504030 520523 464164 495997 474906 477620 470537 429197 524969 482728 477757 522929 501945 488734 494526 496142 475593 496311 466679 498337 487370 468245 480743 509354 525539 450587 487171 451847 523156 500583 464826 511940 481656 487650 487681 513728 513434 413815 504235 468623 527856 503079 526291 476483 507153 472202 511984 448666 458646 495417 457522 478045 498226 483032 484349 509987 494347 483467 471492 494097 469277 496639 526987 496816 474786 503197 509279 541137 489779 514652 513259 515959 506712 507452 516477 486744 496267 517443 436898 503142 503450 492330 471692 484199 509199 491154 484539 489801 452995 463010 520083 517252 479440 501039 456190 518649 473135 486134 484207 529181 506083 463341 498616 477993 474628 470685 490836 508694 478311 439910 458423 470978 501382 451884 460724 453548 449616 449464 492363 542961 456765 497324 501833 458046 504259 441512 493777 498702 503885 464042 478324 499561 508032 454250 460786 470955 461798 506327 480825 528413 516127 485656 450934 505209 470138 493625 504762 536994 523735 466748 488040 484994 457736 507917 485882 463520 517906 500543 530289 484466 473885 527540 470106 483681 492383 468060 490977 511508 494299 484589 452455 497519 446501 496209 486009 434737 449518 459816
476583 521547 494066 490711 469562 491182 516751 499147 512207 524323 482583 547068 511003 493631 506608 517522 473916 540141 476569 497676 518399 500196 506638 500266 490842 504122 497057 483376 461374 427967 523458 502149 500301 526128 503771 499190 496338 503996 479832 525617 461555 477624 497265 498781 465460 514716 515769 462478 472129 465437 532690 520122 472784 497216 470506 487226 493638 520539 504660 439777 507995 467810 506924 521264 475885 470658 487808 494480 499945 460796 477764 493389 483102 456535 498400 479611 456356 518227 499361 498789 478771 494260 458760 464478 518750 490775 476336 521728 519327 544526 486805 491194 506081 530656 484152 489964 521019 484060 501963 519338 453862 497649 495944 494008 459855 461753 527368 504837 516549 474842 487983 473248 524107 507358 491942 508014 459262 522726 474193 492888 502907 535881 517048 463312 500757 481214 466940 487392 506738 491964 493877 415314 483314 479946 480410 465624 460559 479970 472630 447158 529380 553252 464508 511202 494844 447877 500650 484315 493995 481383 491922 460172 490716 512046 513875 482392 474475 487170 497087 507248 499229 509114 536108 468301 443265 516398 459294 508583 487360 555217 514515 506634 497688 480815 474150 505646 510883 460431 496459 519074 523128 486574 463752 542104 482221 493028 500398 504798 490331 503473 491856 496938 473142 481045 456787 494091 483383 466188 450086 447786
471199 485361 468900 470057 427835 480303 474504 468731 482746 480332 491642 518190 510838 456833 502554 507989 454228 546964 445378 496977 507837 480090 476282 499101 473364 500500 475737 461244 427362 424830 490968 481600 472140 510572 499602 464767 484217 495281 464672 507027 470331 487465 489632 475292 459469 483922 506621 440451 456791 447721 501767 499083 454305 469951 485352 485638 453067 464200 491957 437034 485191 460508 482588 488552 485870 459083 469894 488495 494533 461958 460119 484434 468654 453131 457748 452927 458243 490355 480995 511914 461735 478069 446667 475976 506353 488771 479997 480118 484602 531632 463460 501132 499721 488588 478341 498274 513178 456667 451471 485901 452028 461335 473256 471942 449049 468539 513441 490013 477561 463901 487210 443137 520920 499786 452393 467259 441802 478391 455178 467734 499344 486496 490748 468963 474538 461874 438172 465454 485974 476395 453114 419964 441591 465972 467794 448161 459788 441000 464313 437704 497692 513654 472392 488713 499308 431879 469582 458883 463930 502043 475498 436061 457335 474477 483150 461979 452382 451067 477278 486248 490344 507045 518831 459644 430409 496447 429988 493833 462173 536541 512090 434348 451920 463041 453669 484666 482577 432447 489185 466738 519124 444002 460270 511330 449009 484067 480142 457553 474009 473177 476307 473837 450198 452068 434843 490992 466850 453537 462770 435362
495155 551075 498291 509368 456401 519301 526073 483413 538219 516645 496019 518718 523696 487994 480046 516556 475557 550945 481122 529802 532985 512095 502010 533967 480494 523267 500493 492959 471268 439501 511090 531203 490672 528875 499611 528819 503104 492829 467084 527828 477813 518533 515594 519139 481241 489930 522752 476333 503653 491167 549533 515390 467862 496674 476559 514580 505310 506918 525778 460867 524548 465740 513637 515331 504707 465853 495375 496774 533007 477420 489106 523120 520707 499037 500900 481169 475617 535126 514441 503194 477191 525183 455488 511571 521982 528351 469389 506729 522836 563342 485393 516616 518375 514335 501580 511533 556141 488302 492967 503467 452410 511488 523565 490320 460246 480644 524508 514549 512252 493293 497696 467579 519905 511274 512723 519797 504257 503315 475935 508871 488818 538571 523373 492375 515932 497862 476793 499000 486773 509073 489448 445648 484261 488970 510270 482488 475382 461837 451095 463506 517264 550725 475834 501708 518264 465623 518136 467525 497684 541264 501934 459540 474669 520115 529509 480480 481344 486986 484909 507098 496755 526217 548256 484090 468219 528297 480039 546143 510548 543606 519985 516679 486468 498061 487006 520931 509982 476949 506949 508926 542433 504146 474997 550472 474139 477400 492775 485176 499686 497296 503452 487035 502654 505109 447222 542683 496729 479134 472966 465824
439549 479695 474086 502845 456695 481602 492782 442168 519614 509915 487793 494509 492972 480048 519627 501436 459990 516677 457461 503741 505701 498779 498690 497907 472359 498050 476320 477678 452207 414576 499076 474641 466239 502586 489172 499626 513313 506685 478129 485064 460268 493574 513170 481145 474162 509637 488049 448456 477004 475969 507911 477253 482415 477354 472936 497829 477394 491778 521370 422856 496733 435339 521942 482958 463518 455286 486650 469633 518416 434266 463910 500123 494405 457598 479667 465146 459466 505301 487494 508071 456394 510163 435479 481446 519056 486050 479642 517134 506194 517162 482729 503047 488056 494986 501757 484476 518537 447481 496569 510495 458455 473976 474008 486544 475008 449289 499642 508115 490502 472045 447398 457093 522186 484048 488541 480647 467560 497109 452945 472393 481696 499642 497514 448376 490134 501790 469117 474456 477842 511507 470724 424366 462654 483716 468727 451477 455285 468307 448610 462098 494595 535726 439974 470560 478753 458019 472902 438627 471158 495623 484179 439566 468549 500325 501100 469498 462127 472541 468735 482298 501794 502364 498175 471412 449359 501912 460648 484623 475764 528042 505463 464069 488423 467697 473069 474949 487559 445366 493889 501135 507686 471797 449693 521495 460472 473742 486918 476151 483753 467254 477919 464907 457349 464718 450124 494822 478535 465806 436933 436199
513222 506707 485147 502998 444653 482627 512515 493341 529793 513877 496059 530261 503771 485188 542319 527342 485080 521179 478474 509113 511980 501215 515877 514078 485186 494511 490341 504934 459168 427230 521690 499219 468501 518441 513197 499506 491437 499178 480959 521140 478316 508944 498622 497731 486830 511191 503232 435988 493116 456010 537379 478629 468820 488713 489220 508424 486435 488306 517335 428141 518811 456928 532633 489891 497359 472125 492475 492216 508589 439146 471785 503027 477766 457536 488103 490032 461161 518303 527981 502116 474147 491241 460230 510353 517622 495447 487269 500274 508643 545971 506402 515421 514106 520441 518595 499892 536786 451944 492492 495435 454080 468976 493124 497506 489152 455223 498883 497202 517725 490172 487310 459726 516442 518464 504348 508640 468280 511302 454769 487430 502321 532377 488503 461440 518209 493164 463790 487314 473706 508449 477812 431434 492543 467187 488020 457620 471657 469866 464100 451118 528950 540503 465039 492676 505385 448002 517247 489101 491879 531633 503890 443431 470589 510067 508395 520500 480680 472612 462593 505258 495455 517636 537312 447464 472274 511330 461036 508451 504164 544331 553541 484261 483050 485463 480762 511941 512449 449829 513740 505611 530219 482174 458039 523803 467485 499486 501201 469654 464258 508658 467811 498329 477144 485545 464962 503894 499482 452477 467947 447466
511162 548832 521408 540084 499131 535183 518998 533173 559907 549882 532646 535550 530121 504574 547142 539812 505883 573271 505836 554886 538214 540584 543524 554816 510162 521869 523402 531974 485957 475304 555477 527896 520835 574938 531929 543822 564938 516625 511989 565701 514930 535664 554652 521567 503902 534808 559870 480666 515240 488912 581476 570838 527412 520339 495944 534997 495761 538156 539486 454636 563283 500631 531996 539021 559513 509479 528816 524909 542333 484434 509356 528931 534617 490824 528740 511416 527918 546396 532646 531460 481623 530264 479448 510888 554110 531311 519645 541860 522318 572897 552148 524474 527913 531122 522489 552605 552999 506747 535018 541157 470457 510119 520632 534871 504711 497414 529312 547187 534786 520834 504447 480781 553863 529282 501598 512742 499145 537387 493908 522712 506541 576980 542546 502971 546393 511664 519739 500846 510185 549272 504319 479468 520249 520243 527037 491316 516343 489635 478595 510456 520797 569711 511609 542729 532523 491971 516245 492153 512485 514331 535827 474132 527682 541674 532950 513418 522098 518141 509240 527864 528681 554221 550694 516910 490103 548133 506653 523767 546603 573347 573350 516242 527535 513475 522004 537627 537471 484925 544215 537227 562768 533031 506498 543429 507539 521016 548712 483817 525311 523944 523388 525920 533471 503112 450877 538268 513052 461229 479802 482987
426979 475825 468852 461831 431300 470649 468055 450582 466738 457350 432988 496030 490780 435760 467592 461987 452409 522123 426884 480581 466011 480144 492301 457053 478472 466391 430930 455344 437278 420449 499204 467996 421848 460926 478147 475661 463111 447939 446908 477699 444304 469374 469659 462915 450186 482777 458803 430075 443764 428112 494438 484609 436989 450619 423902 442001 426990 487191 478592 412444 467417 442182 468225 475324 463246 465873 427623 449910 477898 419055 435259 472775 453848 419677 442038 403276 454135 472283 463076 471210 456742 432133 424179 462247 496823 472283 451553 469715 465069 501659 451540 468124 476400 476357 459237 458387 488739 417555 453898 473734 432989 448268 439732 455834 439561 439690 484502 483168 446538 437165 443614 438955 464647 463453 452331 460397 424437 479560 440014 460827 459786 465366 466629 433632 477092 446348 446657 463604 461795 478345 448007 388562 437710 446447 479257 452801 415635 418138 417004 428072 468026 482002 435224 440664 451952 398681 480298 436735 461494 491725 475885 420134 466272 467770 464150 444037 453325 444306 437759 456660 461972 477362 461869 429918 404611 469869 407257 459878 473877 491727 474926 437278 457602 452061 441980 458624 467087 426334 450009 457595 490327 463003 422833 485405 448122 437020 464211 422173 467636 466852 462863 450392 452991 453552 399356 452174 467254 410059 436421 425564
508684 538640 500788 535396 491192 516793 533844 512147 532269 534537 529203 554014 529656 521964 521832 534396 498887 577616 497357 553603 552440 535196 555874 543848 503540 526933 515719 509741 507267 462184 536838 518679 516924 557563 540237 539166 517444 518108 481709 544390 505638 541215 511426 535047 517173 540459 531992 483561 504793 512372 560203 548102 498487 501764 490381 523792 535532 534464 536453 466649 540892 491478 527806 551096 516900 509748 502814 505868 546794 462359 497768 523129 549577 488206 527381 505988 515486 531488 531281 527879 495397 528492 487719 522488 545105 530420 514511 516206 524861 570226 518960 521736 533873 549132 541237 522013 554298 490566 530741 541667 476408 492456 524083 513072 498500 505327 531272 535464 528443 506065 497232 471672 546272 543933 526172 523882 491876 532449 483347 501210 519535 553977 518923 487438 523490 482918 477435 494584 529863 537271 514489 454923 519899 510032 498941 478534 483534 488975 490993 483505 518424 572658 500313 518192 520122 465727 537294 460798 484664 521807 542571 481481 528238 548229 529957 511613 510934 504661 525791 521526 524501 535473 559927 508970 490358 529566 487829 531601 533759 543312 548056 496102 534478 492755 522981 537278 539492 500336 518435 542225 549314 508932 497096 547132 518173 521572 522138 503827 513204 509411 534632 517190 521342 496842 453169 530910 536720 489965 481854 494967
473107 502909 472236 511694 439273 492144 504059 486421 481744 506742 501145 514128 491547 485694 489838 492613 468428 529356 472615 473802 508563 501122 491476 481911 451301 483563 457286 474082 459505 422161 505221 497464 477687 505395 496637 495350 482007 475172 467323 494039 444815 485729 496706 504793 465218 503197 491576 442194 461142 452323 521842 489635 466795 462270 451875 516662 493180 486541 492460 435146 503245 465578 500420 476815 501409 475545 489585 472005 506989 442413 468317 504989 490864 440977 479506 459887 466212 515544 488781 505922 466884 492377 436175 489313 517343 490287 479281 486735 486172 545969 480550 504866 486223 493968 485237 493871 505167 460596 483778 492155 447745 476945 487231 489982 455367 450948 499608 469440 492790 466864 477940 472079 509136 491756 493353 467886 450547 498754 463049 477069 501734 520851 500638 482121 491104 456281 474774 466061 493737 485000 457809 415208 468466 488635 460408 447962 486246 462237 451531 439362 500972 519699 441534 466876 481601 457313 494496 456507 480055 470077 481211 433019 489345 504268 496456 479292 468437 476879 471554 484422 499230 492566 508593 460924 436156 498963 489852 480818 480525 536594 512947 501448 469647 443160 468349 515670 502082 438817 488082 506019 496843 487954 448562 504041 487132 473063 487683 467236 491481 489356 489624 473102 480397 457262 415418 482338 491010 445232 463455 447041
493141 497728 511820 494181 475793 490776 509243 492391 527575 513259 489150 536652 509706 517821 527703 510178 486548 558157 461973 541704 526973 529960 512518 503950 517058 530647 498185 482492 492353 434877 509126 512385 508359 522229 509753 513482 509572 505473 488633 546942 477437 511634 516164 524501 510048 524305 540150 465816 505978 483708 546356 520851 481994 503548 491747 479841 504558 503700 513174 475862 521082 493039 499650 541999 498573 483487 498408 490326 506224 462245 501266 484788 517509 485079 514846 483638 479612 512073 510700 535789 487142 506728 489988 501174 523356 507133 486815 509877 502924 576363 492300 517480 516137 524547 522297 528791 548457 474962 520189 528909 465937 500386 493393 484955 492965 510684 517167 524970 513117 492276 483552 475102 523114 516507 497088 500098 487671 522790 456323 497835 495557 535396 510000 485449 522379 510734 463950 526374 518190 500316 494506 430027 484776 498604 490738 483125 492883 496425 475637 464420 512207 576845 482306 495002 495668 477196 524881 502885 498640 505667 525398 454356 513480 528448 535598 502287 496740 499392 517516 505870 508040 539389 535647 474213 459691 537438 476707 534730 506772 547348 527852 505731 517355 506060 497298 525246 507143 497578 510206 523046 555121 487267 473017 529961 478731 474962 511218 509519 497577 496145 510973 494704 505243 494358 454280 526485 506036 451514 464650 483768
498471 518508 511843 519116 472948 508001 526134 483654 541120 530347 486046 545301 548456 502602 518468 516958 497514 558919 489179 520653 528348 536482 555768 505900 503164 523511 514434 511465 502936 449423 525926 512159 461255 540606 544753 514059 534835 523365 499300 541303 471556 528683 538407 510647 507654 524607 521965 466608 479826 472437 533297 509193 490978 508788 478963 490790 481278 524089 522004 458852 515123 476805 527833 526762 507417 494464 501438 494323 538036 450807 500890 515000 518619 483398 497356 495701 513330 542760 495580 519164 486826 514545 471767 519437 541467 491389 502774 511126 507051 566784 504853 513811 502887 517663 537271 518582 562334 464102 525607 529966 462983 491964 497371 484492 475200 500521 524724 529935 500628 501943 506975 453977 533105 523758 502486 503221 484706 524817 488053 509372 492187 533994 517045 493028 535310 497916 476614 500598 504675 531264 474026 442637 510965 501825 503366 477234 477651 490506 472944 483135 531740 556680 461737 507531 508951 469854 511910 479043 483110 508908 512896 439583 505985 520373 517403 509695 494710 472796 497863 506573 490155 541325 531453 498810 457145 522665 462749 520828 526373 560634 542268 508534 501515 489533 482052 520423 524308 487930 513971 520975 556625 506239 489340 535729 495143 477350 502290 474873 490921 512579 506425 482530 494303 493760 420629 520297 486297 484340 469116 472005
512379 509205 512699 501297 468146 507063 511199 467617 505234 528756 505521 523708 512373 478411 520021 541009 465443 562223 489063 495125 529027 542192 524646 471080 478060 516738 480210 483547 460086 448883 513374 516788 476001 535770 506567 496764 503679 504308 488566 524511 477705 538938 506115 485271 478496 521142 525575 467954 516774 469664 545702 528536 480424 500704 478497 510674 496074 516543 515843 455168 526830 486680 511243 518713 522680 482093 489093 512822 514111 467632 477967 499773 501722 458603 506296 464492 478210 525988 504018 525182 491220 491526 456976 502201 523585 484502 475987 522671 497854 566941 500348 523076 512877 512860 524162 515226 500383 468332 508674 511195 474767 485435 501920 524025 495388 486370 519078 511683 476318 481744 491077 475610 525191 497427 515699 491509 462333 501828 477011 470630 501840 542091 517875 471610 518224 481576 467879 466247 510189 495834 493853 446979 504266 513143 500794 456397 493287 470121 472266 481257 497898 527524 471050 516062 508395 444993 499174 464877 496640 509660 474155 472005 498868 522788 506070 482264 487823 502874 501418 510395 518024 523380 535097 471045 450139 533801 498735 516364 490129 552659 518960 512927 509250 443621 475773 494329 511498 450127 501973 516609 517684 506409 492284 535336 486453 505115 503382 478270 509344 494721 515609 491484 503967 498098 451093 506914 498515 467534 452731 459161
498088 510848 526240 507527 459911 492400 530016 489527 529853 514738 484765 533163 511736 486250 513551 500063 463609 556183 482627 491636 503230 507722 511504 499062 485276 523792 472896 490754 486254 423944 518952 507803 494157 504866 525143 499161 521011 467275 489996 513439 456473 506147 489850 502224 501247 519638 503983 462355 487743 471565 520180 520347 494878 481658 487359 523180 485035 514172 499979 417722 496685 497097 532907 499665 507691 484110 498849 498945 532756 462837 492668 500420 475902 458250 508579 454851 474181 531704 498187 511795 469258 487469 454415 479819 541722 487739 488290 499622 491792 561391 481961 509185 506897 537506 505786 516448 531103 472370 501937 511027 480517 502240 489119 498229 470223 494703 506171 494613 492313 477570 478411 475889 515369 533633 509496 482977 466812 507825 473889 506466 497476 515300 498081 502044 507453 478047 474614 477105 512632 521826 467995 427614 471536 524208 489475 487967 467763 482601 448408 448499 474498 557956 468654 489681 489453 453993 527336 469776 493157 489057 502790 448130 493389 526518 518184 487835 492840 508104 471613 490530 475440 529357 539876 481563 443450 503761 491228 519344 523763 553587 500067 497718 487998 478995 471634 499065 511905 463600 503303 522355 539242 481368 472702 523484 511070 475723 517289 485240 508497 488804 493188 491572 506362 474978 422407 495834 516757 439590 445707 444143
444340 467538 434752 464867 434442 442723 498899 432982 507605 479415 465681 504484 487765 443737 464181 479304 451566 482663 448363 461601 473082 450506 467447 468980 451262 461472 463967 456372 451499 385212 476569 461213 451437 477925 457133 435983 491599 469817 436836 478854 426844 444255 506742 447385 460471 472699 468626 421597 448433 447411 510921 482067 431551 452908 450065 475674 480509 458367 446814 409576 476834 421965 524719 444046 452466 438161 450701 439627 500602 419017 433984 479681 468271 440363 446108 435860 413030 478904 445173 487115 428550 463006 420661 496907 491319 464786 443464 462952 475033 506095 471405 464977 478772 472845 467521 466314 491503 432523 472029 475861 434568 459350 479099 446679 421518 463360 462702 448211 454259 451711 441583 403808 498869 468057 458724 455037 430235 467734 472788 459828 457740 466164 461055 431317 451800 456095 431190 452670 439411 463472 465229 400906 436120 436823 442576 456484 438753 435973 450952 403396 475142 517445 428097 450381 453027 432809 468778 456389 439588 475199 485514 419399 469889 470387 463304 456845 439448 443257 438418 485085 466876 481459 493999 456763 418405 461179 425515 453299 461112 486595 471307 486001 463349 449613 461133 457343 465612 427430 470173 450878 490429 460394 420550 497980 452925 449844 473305 438688 450043 455177 459435 466625 448912 443422 398630 473697 461206 436422 432265 427090
478049 498521 499352 491391 462763 506371 487686 489193 499476 508614 485676 511556 501356 472618 500792 500960 466684 537556 454626 516521 501487 500379 512701 495415 446048 495476 472494 485971 470829 450670 490153 507133 490498 493740 511915 497154 513019 505508 485248 524167 462138 507194 493088 482904 462915 502321 516489 455188 475640 466823 530848 519142 492247 494374 468636 482914 454819 475705 492396 453469 511649 458430 498540 505803 519475 430545 478038 464903 511796 455779 467842 490876 499816 470980 488257 487210 455256 503084 488284 496090 467283 493032 451927 498321 540174 480059 492095 498914 498939 539684 517080 505998 494986 502237 496226 510840 521902 481022 490222 498494 435082 456582 489050 492057 468519 470976 472380 498569 496429 495426 466054 446724 521600 497307 486869 475922 470628 493294 453425 480500 493897 515825 491749 482024 498914 486804 470234 491591 489094 466512 470723 426673 483741 480556 475453 451242 468284 464527 453180 425071 500810 558443 451571 493436 485052 441348 518044 482568 483970 515759 524970 457995 508665 493900 514921 492169 486308 467100 480229 509380 509482 504423 511833 470685 451216 506749 462449 499657 492897 550292 506545 502181 483527 464948 490993 501897 525338 455079 490260 515585 523962 487901 437204 519855 485803 449765 504763 486494 479070 478917 478292 481825 504065 456665 427559 494983 497335 465057 469773 460827
487274 479196 473172 474345 458556 473753 502548 467924 517691 509313 465186 506615 477134 476571 488056 511548 470324 518923 451171 521632 507086 515894 483195 480486 478653 492297 450838 477918 486793 437850 496752 495044 456760 520634 488905 499038 470578 468587 466109 493785 456278 481979 489462 489253 452730 505518 503416 447127 479205 449927 528384 497757 460233 478303 487561 478894 484976 490199 482262 440135 495292 460661 494880 509824 490098 462946 498862 474295 492100 425401 475879 495598 489168 467320 492373 439943 458816 511217 487750 499438 491776 478186 461166 471610 486760 486371 465495 498502 483957 546978 477979 493644 509239 500257 503642 480916 525797 465451 494746 494326 451771 481001 493088 470694 470408 468875 497072 489179 485167 463536 470415 434970 496931 490725 472742 474834 461587 488868 458666 468320 510894 518905 481832 461175 492987 464219 446900 476325 467382 490476 471701 423833 444209 500316 485789 459252 451326 455295 462275 444596 471559 541999 454935 491471 485718 454546 476834 457689 473552 497391 506094 441787 487475 496447 506365 485305 473949 466830 483885 475253 494550 519183 503720 444874 453569 497389 459399 478667 473970 511771 493642 475118 490806 472210 490540 484601 475566 457340 495560 476824 514251 467609 447348 501088 488083 466900 480333 441706 480344 486267 481183 464035 470229 470021 448534 475813 459623 451290 435115 449290
478544 474666 500307 483961 465718 476723 503661 455632 509493 483756 479754 512385 481984 475872 494862 499324 477247 533906 455274 492880 495452 496397 489225 488249 476613 495754 471868 449812 443973 426347 498842 469512 461647 503609 485523 497772 484000 457495 490025 494406 454677 488272 484449 464638 475279 482928 496839 433464 476790 454746 528391 488311 465816 462362 460531 488663 461326 478023 500998 414459 484893 457500 513031 519622 498434 472170 497747 466657 502620 436477 447876 475290 479829 443764 466187 458702 447682 518460 489942 494727 463412 470528 456068 466042 515806 472313 473964 501011 477242 532955 461694 502178 481468 516924 487331 497340 511715 446610 472303 498497 462822 475679 465372 499011 461468 459772 506608 498750 462019 471153 438575 460934 506711 467427 468299 476313 465172 479671 453457 476299 496886 493858 485241 476170 480191 466140 470412 461083 502422 493448 459427 409250 467765 468883 471849 456018 455713 441759 455138 442875 462999 521496 454879 466442 475561 438709 473770 446054 456568 515106 482229 451849 473039 493399 482941 458450 467877 460555 460817 479448 487829 497844 478366 459086 481441 490335 460034 475748 488900 514020 498503 456955 496432 471404 474519 481037 503070 439133 490422 491113 518842 477865 447576 507583 463667 461065 493910 472739 470781 487173 497774 485820 484320 468006 435838 505769 482709 454507 454388 444371
490205 498583 464934 466827 455695 495235 520646 470544 508932 499175 501192 499462 495020 492198 512241 489214 466379 526223 471325 508009 497655 477410 503676 505229 463780 487589 488638 477744 453108 412785 498831 483467 487164 512649 522770 494887 502265 464020 471437 537616 463545 501314 499472 505274 465994 517382 509508 446353 460650 468729 524034 509751 455146 468135 489991 500885 480319 478878 500301 424697 505323 454308 511668 489944 502796 447740 486592 473326 508214 460001 477074 506872 467945 454621 496197 466795 471798 516886 493922 502848 458144 492338 452734 497534 507092 483115 476122 514614 493987 538405 470566 498407 507755 496423 485510 482394 539918 458360 464537 486245 456312 470579 500385 505121 475818 473018 481355 471595 490022 459927 460569 451152 505812 508994 480536 474278 476969 484397 457553 490174 485338 515300 498333 474696 508028 483785 476713 472032 478625 489405 466713 413149 484938 473169 481496 464233 456572 474712 468380 442907 498814 535879 465749 497687 497934 400457 501769 471628 481286 499524 480513 441019 484773 490291 502740 477657 441531 468683 451044 507768 503159 507862 517352 455334 478429 490088 427620 519589 486793 544512 514325 478551 475107 482010 512898 483183 504998 443337 499987 485343 520880 476115 454177 531883 483629 452986 504899 473660 474320 468643 493114 471131 493268 465246 446926 522385 477487 442924 452286 443429
505707 516786 523572 526063 474654 519691 511519 494226 540111 520916 494782 562196 542188 514430 532583 528061 499168 567866 482791 544060 555417 519059 511573 507424 511147 546347 518609 498166 457955 442442 519936 515865 512109 539020 515800 514581 525640 518979 489286 536430 489931 540720 521502 522401 483532 529495 546975 467510 517930 481580 537170 522922 501384 496021 487350 520702 484068 519839 508600 459294 516330 488370 530413 521985 510686 494195 495813 513684 539058 499850 506639 522896 522963 467010 499642 473863 500023 523975 523911 538068 484707 503620 467021 524414 529272 514542 503119 525194 517402 560352 507993 525551 509719 527543 526176 549334 545337 505364 499565 524986 467043 516479 498833 523533 475024 495713 532456 524655 507986 472385 499936 467568 529300 525541 516380 498556 482031 523553 494419 500084 515043 534006 512008 505610 524371 487499 483997 504290 521410 530592 495516 437783 502984 500887 506468 485892 482722 481329 477650 478612 543015 569402 474036 511780 497318 480309 503489 500518 511521 531049 526621 464067 516785 517719 525352 510122 492378 503663 481438 532905 525213 550232 539342 479253 454402 513979 492308 516097 516646 545414 547639 496173 514093 511479 492287 534890 537731 471007 523583 529408 542334 493892 500293 536502 508222 502774 518516 492605 519026 521460 513885 492337 505958 490092 462618 519260 519879 474765 457033 494503
512232 559664 496641 526851 467264 527051 536778 503340 542682 542650 538169 537839 528631 506553 508809 531424 468389 586895 494254 539144 555430 517006 538670 512000 500199 511922 501459 486489 476156 439281 537810 522430 510715 525336 538060 518664 543304 526711 489848 538180 491583 514381 522812 510248 489002 544231 537892 466854 481685 479261 556511 548390 516170 503297 496440 513011 505626 546565 524256 471909 515146 486792 535140 536030 533656 518118 500719 513276 525573 474976 509436 502293 500577 460920 512654 482652 491983 533510 544969 526805 500882 522306 477824 507525 539488 509192 513159 516780 551757 581367 507909 526390 531895 543558 527677 515884 554925 484093 526843 536079 505057 490265 516027 534426 487555 478271 533412 545586 519227 537984 491565 489424 565382 517965 501024 536174 498492 532152 487517 528892 507848 551591 525633 501505 522116 502682 492257 516594 530955 527177 522343 451006 497230 517885 490281 503031 509129 488850 489983 474692 529351 573241 479310 501177 530526 477864 539243 483838 510379 523154 521163 465986 502163 542184 527466 507203 516629 504770 467876 525774 509013 545295 536656 490682 485354 539486 482438 527617 543933 562923 538243 510569 510303 512932 503897 527807 533338 495029 541450 542891 549767 512488 496877 546964 500012 503888 506692 488280 542477 533999 507159 513369 516058 493955 482626 552555 532966 479397 483126 482763
474226 521080 498484 496772 486361 502808 515205 488279 532884 491827 494423 513567 510373 462773 495660 519148 466840 539775 482558 518961 510895 507409 526466 482953 488902 520355 484403 479827 470787 424273 499570 502517 478779 514930 483018 494096 531835 506250 455548 524302 475336 501885 517769 510904 506121 529685 515186 456167 480189 480005 532738 520790 458437 475052 485862 477996 476858 492283 480999 453666 532920 453385 499823 511639 509512 472634 476724 479545 509666 447270 499616 485676 506038 448300 490848 452159 482922 507982 508515 517984 465049 498687 452294 503394 523098 489324 491174 511520 490669 539546 484261 506282 502997 508485 507488 496285 519680 476239 473669 524720 458845 471498 497418 479100 470857 496756 509782 502339 492363 471277 468957 454824 502492 499608 502513 493548 460876 505587 448333 486822 489852 509380 503625 480185 502940 488192 463859 474757 516967 510922 475770 435905 498831 503455 483767 479527 461359 461103 475240 443655 491339 534741 473882 512794 496082 436790 496855 448495 492676 513330 496477 449970 496005 514978 496459 483926 473916 486383 463401 510660 502850 513856 545744 461713 461002 498572 475016 527778 499497 520523 501223 497792 469373 475883 475007 504259 488329 459715 502907 510563 487583 508772 485176 525078 472232 499186 488620 453965 499752 477248 493717 477918 504526 446157 425019 494449 504118 450706 453836 474117
471935 504475 494366 497817 455501 483446 485779 468397 511725 497585 481781 531877 502807 454537 501841 507175 462159 530072 438807 510362 498110 492068 497239 484686 458529 506344 481496 433511 456428 414222 497704 481928 462523 495527 482189 470987 487140 482654 458539 518795 477765 508465 503001 480875 483681 496724 519296 435229 481997 458015 513783 490668 452173 482830 487857 499918 457142 496985 501252 436881 491908 477466 499899 512533 500241 448222 475061 490446 498427 453845 471409 501129 490442 462420 477852 456755 447478 501809 506581 512234 469593 476416 447670 484795 509200 497956 475570 516720 513678 532889 480743 504449 481709 468254 487884 459872 523881 466955 488455 498126 448629 482467 484909 472980 464403 467424 486125 491161 478655 486120 466195 438382 523157 523945 492232 478448 460113 504409 462667 483868 500806 512466 488302 464733 504452 471326 443340 471684 474543 478608 464098 418690 468046 487549 499140 449429 473675 463174 454603 450267 501717 533932 461019 496796 495881 446185 515403 467173 486965 532543 476470 457138 495123 487111 515414 473961 475419 444416 470615 493836 491617 518868 534462 452851 455352 487928 472930 496657 487713 528369 514380 492088 458143 457218 473130 490354 488245 452248 482040 501389 510440 475973 440172 503432 491278 475129 488681 449103 488927 468327 486470 470478 484359 466500 429388 493507 472364 443692 457716 433069
537781 559792 522681 554860 496914 538430 546823 513606 553970 544496 534269 537632 539526 520984 550167 555505 508484 582080 512946 548088 551949 540740 564392 560889 510294 546841 531223 522735 476745 477816 559801 544834 510352 541039 556789 549850 545939 511003 511577 559267 509570 556359 536114 523152 521153 543882 572447 484121 546459 505618 568384 567655 520185 506688 502124 574066 515002 539233 534703 495469 553950 484895 527783 556027 534589 520611 540822 518575 561888 501741 501341 551985 545164 496666 527202 499345 525143 560361 548340 565716 524814 535227 504678 532468 579823 524931 498762 526016 535673 578856 533760 552599 554052 533580 538184 546363 560154 508429 508549 538922 481603 521619 546160 549033 499987 510866 527156 541596 538246 497587 488489 516048 540971 516675 527685 535453 507788 529088 511925 537271 567552 555495 538527 490868 542564 541936 507514 520185 524555 540743 532585 490444 514179 532142 524013 520263 507386 488831 520362 490625 509553 579602 491431 538985 535162 482141 536168 503199 547547 546952 539728 480324 528347 530817 550598 517547 503515 484050 518147 549674 550233 571071 555234 505092 487929 562441 507564 533108 519414 578802 548766 526088 520144 498904 514762 552321 561541 471425 551269 531464 540275 538519 502123 569116 522869 531254 541330 499631 523252 530842 537452 518431 530971 517700 477409 536973 541126 497378 529549 486842
466586 498036 498738 499145 430388 482647 490444 472655 493327 502690 489451 501294 535760 473963 516337 534836 492435 546564 474059 512651 518579 516050 510274 520334 487369 484959 491017 473363 450947 441628 515447 486623 458965 519808 512788 489572 517222 496067 473700 511866 486829 510848 507110 485408 489775 497902 511184 454647 481847 473896 535495 499944 486615 479877 488450 479034 486191 507514 492623 430449 496784 467648 514414 524488 504685 486774 479817 458812 518027 455876 483496 496249 504837 465892 450927 455074 474009 542955 495244 505796 486720 473815 472594 486706 498713 503043 473858 517656 503856 535631 473358 506792 492735 494461 511100 477997 510643 475519 485898 524457 471318 476373 484912 505701 478220 478400 518196 495137 478339 473814 457218 460382 533103 494044 493120 482835 477917 504013 471756 482541 496947 514122 500975 485629 474295 476763 487575 474851 504034 502868 510845 429095 470693 503814 510011 436571 490414 483422 464563 477685 502156 535480 468370 504424 502408 448675 499720 474331 486454 527015 497661 447439 493145 492968 503906 459648 480355 455073 472454 499970 496516 518316 518216 475006 463370 501833 459984 510193 500332 541001 524686 469550 487220 468223 472200 484052 489980 440625 508786 485172 513777 492837 459628 518548 489779 474249 479361 465172 494008 499025 492838 464359 484764 459694 458737 509733 504115 462406 454313 457855
465566 497212 485524 530759 461526 487999 501815 466736 508498 525290 500810 519813 502405 476183 499283 509049 480083 524079 467170 509184 500188 487321 501870 506901 466867 500287 487183 465892 455933 419942 519468 477900 485468 520717 513523 508321 492034 485833 474282 509463 448982 494597 502517 497480 483565 503956 504809 427539 481386 466729 535830 502036 463746 481778 489365 493149 476348 482987 505500 440858 506764 454444 508598 518387 476100 476418 467696 468708 502252 449810 470328 495814 483117 440878 481300 461786 473617 530174 502497 510826 476325 499245 472141 488575 510262 496208 476693 503451 506518 534648 506066 471274 485725 503761 486126 506525 516180 433526 504502 515601 478042 480474 486083 468826 460798 473391 517529 495524 482537 482290 458553 461536 519804 518431 495216 465068 465825 520303 470660 498207 484384 506924 510086 479886 492116 476320 459950 463478 499343 519054 471381 423086 489882 489135 480922 453478 464957 459138 473854 448972 488608 535115 448753 479179 505863 443220 523053 448113 468378 474192 524844 443779 506386 516415 484662 488027 476244 490688 474212 496844 490181 498829 501328 479898 426952 483404 486754 518223 515297 535475 520427 475204 480666 451626 490763 488640 501850 452533 493637 493651 493949 482635 470418 506590 496651 460551 500351 451933 441200 491501 484470 501261 470066 471418 415377 478609 488537 446456 467979 463446
467037 515647 520685 533585 471441 515783 503546 505610 528060 531893 509504 548423 527889 490882 514873 529584 484180 561583 493621 532879 529140 529602 521571 509550 493701 530279 493461 495056 459881 447913 522454 519444 482570 538279 533046 524058 516139 517152 488495 525502 488928 526072 515145 517012 500267 505263 548287 482825 502607 504095 552791 532389 484191 499738 500445 500848 478743 513516 519403 447712 524352 489700 533536 524878 511066 497060 506646 507120 508157 479850 489662 498955 541396 486688 490565 460226 500400 547318 499821 524553 503707 527700 479388 507626 519774 520104 470374 534034 529388 590425 482912 525313 510001 517289 522017 530517 557463 470413 502592 517583 477493 502322 513880 485319 479867 498592 533760 513964 501759 501764 480522 483088 537223 531730 516861 495478 476936 539545 467464 503935 519347 546379 533887 496881 539057 488330 475956 473385 528430 517278 501210 461709 491284 514019 518657 495029 496949 473352 468110 477390 492451 553366 474734 506192 497827 479341 513105 456628 475940 535873 544209 466407 516657 515208 513137 486819 484997 508815 506740 514367 522758 511841 562444 475328 464955 522020 484343 529498 529457 562578 535285 495268 510269 489534 505026 514283 506699 476816 514955 524248 519056 519514 489241 533078 511118 506486 500222 480409 516396 518450 521414 507428 526903 486990 473886 506594 502329 465268 454859 493174
490322 528112 516346 533612 476173 537153 525321 506545 549958 556010 509209 557571 553711 504758 523859 545878 496909 581474 484140 559357 557166 519173 515931 546474 518120 551021 537705 500431 488925 437617 546083 520322 492732 553066 542460 551781 535853 527446 502884 516712 506480 536037 559780 534033 520203 518276 539544 483566 516542 501978 565708 510602 500707 513123 501838 530093 536786 522757 527737 449222 552594 481336 570428 555104 526104 492185 521440 503519 535231 491798 505950 532598 537163 487348 496823 478021 522859 560599 515863 531159 501483 509976 488258 521593 560262 544715 509877 554329 530172 561077 513033 518303 517033 529262 521748 536080 565332 506909 525937 553973 494852 502466 508270 532378 496060 470040 544071 511677 524050 489122 485874 467255 540349 533644 525336 511370 500375 539067 523128 522853 532595 548546 544197 515410 535686 509949 499310 518345 529168 549990 507781 459458 505877 517953 525232 487212 480806 515330 500262 489099 529716 576020 493150 519709 532501 498008 511581 488871 503673 542899 543845 463515 493650 539133 537472 511681 503400 512206 475140 517096 534765 554926 553347 491619 480411 536771 502020 520537 549186 578645 561553 512542 546523 516510 510909 534820 534279 463321 537521 553890 552420 513919 491934 558915 514136 501601 524339 499938 524679 530854 534787 516900 514760 510398 450917 519352 534141 498987 477985 498181
512258 543020 521152 521802 483480 515301 531137 513193 548702 562080 525931 562116 544527 490215 527973 552192 484959 566489 508063 544644 534903 536399 533463 546090 511228 525391 514001 507455 487110 465540 550433 529562 500728 544825 545512 546446 544999 531030 501452 543569 504153 532440 517634 523370 513100 555102 545716 491707 484454 504782 553778 544386 509279 505578 506594 520658 523692 543320 509122 475913 526464 515594 524670 511430 548602 493284 532517 494608 540841 470398 487440 544737 514788 503116 513828 508270 511563 572147 527606 513777 511810 522812 451577 527914 542328 513031 523066 531632 538035 594626 520878 542972 535623 506708 528950 529228 554632 481534 538412 528836 489708 530013 528063 535991 488625 506277 522475 514310 520491 515374 497589 495937 544737 553428 505787 559718 510953 522688 500577 516570 527510 558226 528293 489664 534905 503241 498829 512011 515663 546368 507999 485310 492884 535847 519686 514168 517754 484639 466256 499503 552629 573693 503522 555888 522734 473786 518775 494854 509716 528097 508146 470652 500039 551516 517525 516996 504558 491267 497900 512031 527159 551198 573128 489719 474661 552307 484296 533668 510589 583738 535090 525484 509285 511507 506928 512336 546344 461513 523372 531584 567551 535240 488493 539460 526882 525670 533724 509668 522752 528359 516799 503224 505374 536968 457875 530620 504670 472545 485799 484335
479550 509040 478642 502829 465806 509525 493759 470822 516542 511493 503879 502978 481586 490183 486183 504773 473196 523155 456291 501592 512143 496379 497727 500980 472012 519023 504330 448400 451146 424668 502558 504789 458824 523571 498592 511913 495885 483653 490586 517651 468162 491881 513257 491269 497885 496552 518611 446885 480314 471886 532566 504480 478529 492252 467868 507250 470185 499313 486682 460039 507113 453661 504002 522892 470019 459072 487629 497623 524188 488018 467742 495759 499459 463144 480275 434402 480733 520510 506186 526519 471182 472704 454087 497554 525365 497971 480309 507593 497409 525425 470847 501660 505362 496219 518229 493686 530075 488642 511437 494076 457644 486451 510537 502677 464651 467095 496312 484684 516854 495430 453153 453798 519622 493282 494362 467889 470531 493623 443993 492451 496432 527965 514927 478050 499172 492239 468125 476220 501113 518497 478792 454105 480075 495551 488453 461025 470705 467423 457680 442365 489319 543129 435455 503288 487633 463386 490283 469149 488199 498159 495772 467405 480514 516143 526089 468634 475959 504721 460632 471857 499286 508605 534316 465374 460890 517983 460649 509302 509507 540068 497161 496575 523394 450273 470652 542718 505613 445678 500859 544556 510388 466112 455004 509329 473744 457651 490236 479912 491995 491872 505584 465656 504511 479227 419517 509900 500779 446047 482908 452771
503711 562155 520264 534156 510619 549993 566532 505772 569808 557786 545080 561606 540357 517396 535459 543595 527890 572332 499485 547901 542293 526306 556292 536937 508700 523305 508502 529740 519678 445199 568728 550007 511793 543852 559035 522740 535899 516889 523713 572295 507100 541911 550823 528232 496313 547847 543901 488278 513633 489345 558164 564626 509533 531495 495262 524581 514052 545282 530516 463229 565873 511202 557774 524853 537868 511681 536896 525780 556011 484167 491023 556463 519469 503030 528772 512218 516046 564701 532961 533485 497977 530210 501940 544662 564254 524544 501142 537322 547819 583471 533279 547276 557684 584529 546453 545669 579031 516403 543136 536274 487361 529610 538976 532808 506175 518092 570518 514030 538202 510754 502978 470618 546005 556270 513365 528010 495365 549689 520577 501893 540984 548503 545771 488074 529578 531343 487405 512808 515742 538988 515641 443719 519701 517486 520094 473316 468053 490106 478227 480035 549969 586526 476286 501059 528332 474118 556081 497865 536290 556796 543272 464701 517807 551995 533300 520462 501984 514173 508365 522516 531638 558703 560784 514904 505975 547673 474033 539294 537841 553704 546404 513449 522506 514594 517368 542317 555880 495597 520148 542389 578297 511800 486761 555418 514938 510207 536477 507156 507609 511080 530442 522091 530294 509231 473784 527541 507073 489938 508180 477274
460711 509523 466749 473376 442645 472962 500140 469034 494025 490726 483684 487206 493437 467819 476570 491841 450881 514289 450063 514981 507147 472610 494930 480534 474824 493636 467107 475036 477377 427250 516750 482751 460765 495012 470016 492065 484747 484216 469427 501159 452628 487868 484723 484651 465135 506245 496571 454637 456415 471546 517625 502428 458657 473597 465344 484820 470905 510445 483881 428032 499434 442860 485457 490450 473772 452712 471677 453004 517812 429584 460887 481679 481155 449521 489203 449778 483574 504015 473185 500403 472018 483706 426551 474825 504738 487078 464796 480577 499003 508162 459371 470032 496137 493708 489589 488419 531008 444763 488867 504342 443424 491948 476241 468324 466488 458122 491630 487841 488986 462507 462990 431241 491167 483220 478151 488197 450901 486941 486886 468838 472548 491695 488894 448107 481778 460776 444995 464204 458363 488399 465043 401286 480661 483399 480246 456995 450221 443059 441563 427752 487870 539040 448289 481981 478357 419990 483974 436875 472595 503826 492883 420219 469596 503638 483020 470347 460895 465876 459730 467428 483846 518159 520092 446978 451904 497476 440221 491901 470841 514736 506893 464665 482772 467909 464070 471681 493332 465814 480515 498382 496836 469386 465355 500470 464803 471067 474935 460946 467971 472312 477047 468609 465876 466965 429027 487105 489562 435170 438585 444277
501033 554122 508291 520405 471298 530029 515463 506594 547926 566054 506713 525451 541172 499228 520422 536172 482894 556225 475882 520724 556188 539087 519085 523910 503941 518589 516100 508009 479247 424359 535511 524643 494165 562161 523386 492453 536962 543906 505668 522571 499167 528920 525365 509335 490004 517916 558120 480135 521319 488627 540666 539067 502090 520175 483038 522216 508133 524498 518895 450449 535950 489331 534149 538608 518211 506703 496049 526477 505871 476217 495474 537816 532639 500836 504550 496202 476603 565187 510660 520653 501368 503926 465821 501306 541018 531466 495962 540806 523554 578368 495420 537769 538734 498811 515378 513712 544209 484681 519942 537002 469195 510363 509986 517655 498458 489117 517316 508790 520865 503301 498456 482228 547058 536587 506042 512342 479852 537589 490550 499839 532861 561274 532360 491783 534828 508676 487622 514538 511101 541237 527027 460450 495550 501337 515892 487885 500268 490261 491916 492090 544142 558000 486007 529539 547643 485325 486552 488484 515787 554650 486602 481920 506501 525126 561142 497632 482520 491460 495527 547015 546540 533084 541840 475656 464508 520012 495545 507262 488092 567586 546048 496705 517912 503782 496728 521890 551591 476995 544880 521684 557907 508774 483720 536606 516153 535869 510511 489989 514823 509507 516470 517010 489418 507847 481499 532697 508000 462838 474072 482743
457872 476613 460186 462769 456577 476258 481837 452015 505748 498408 472692 501055 479843 445768 485644 489758 442818 522298 449928 523956 506597 464339 478077 461559 451900 501211 442262 441271 440759 416065 495160 468606 446055 505688 475290 480871 476065 464847 436492 486307 442838 491969 494293 493392 475677 504363 510135 452340 463525 435936 501175 487285 435667 488207 442979 478676 454283 463179 508888 414020 494262 455681 494929 482643 453022 429994 481509 475814 511201 439830 417508 462598 461235 454633 471769 467056 465709 520802 467903 484247 458637 459590 461189 474131 496600 468670 449340 486937 488729 527726 447780 495633 488514 497245 494777 466732 499804 442508 485710 490739 442071 476498 486412 486760 448110 471609 510125 475954 485380 445705 450497 447246 508474 483759 483121 460289 447326 462152 465695 484964 465281 511761 498359 443124 484769 455770 429393 451625 491815 500691 448936 417582 469594 458671 469721 428360 479574 433221 436811 451110 472962 523617 457509 478608 489868 446693 470567 437315 455810 478847 467801 422062 482427 497232 472002 470654 449356 459327 462963 462447 498692 503339 505918 440261 444046 498103 459097 500984 464190 507347 493080 452281 492516 444376 459141 499916 482209 426664 473993 489769 499939 463761 458828 498894 463519 462792 463388 440565 453989 475324 474612 452743 458549 458856 435876 498771 462014 440328 432013 457820
493376 528954 485330 489947 467778 501410 511594 488690 530129 526174 494506 508634 529512 492944 517566 500968 464124 566855 458707 521402 503098 532147 534400 502511 510566 526047 503474 491934 463380 440901 534257 488626 469413 516032 518529 502709 520169 483534 492695 531963 477968 501027 523857 501980 512280 533457 518401 473836 508942 460418 543198 526941 482094 497198 481462 515049 505803 531026 492948 436877 493544 475077 525351 527916 520815 478211 486215 491425 526223 463727 463819 486833 499080 469363 500299 472524 491870 534185 504358 511185 489773 498636 467645 497603 546999 499430 484790 500364 484319 525369 503518 513849 521681 516505 506894 517410 559537 464494 506834 534380 470356 496777 504748 497392 467075 492622 534715 511776 479945 497320 484638 453502 512730 485908 494661 497739 464356 505727 476175 516389 491207 511149 518348 461485 501440 514253 480507 515467 508998 496000 502179 440822 479882 489755 487967 477736 468216 484464 474148 479225 517034 552332 471194 505187 517178 447920 517433 477188 514626 510505 498144 448081 460512 508021 525176 484885 461305 481409 469427 513609 500624 535114 530478 484525 450942 508110 482143 511196 492070 563010 525255 500587 517900 456468 474125 523262 520177 450476 503137 520605 537082 508248 471908 544342 506243 496015 512460 477938 501797 506090 507128 504215 497608 494205 451539 527575 507469 451931 453302 486586
464228 505571 481758 470526 443795 473883 465862 449563 495801 478797 486630 488017 463328 459459 492172 511993 453365 525983 458732 492637 474815 485232 483341 486162 462930 502337 459030 467511 462922 390470 474439 493752 457874 497731 488726 465241 521396 479419 455110 512270 445706 476442 481336 458335 446541 476122 505476 430429 472392 459778 505579 504495 471913 492590 448927 476614 440582 488445 480905 412628 499891 442276 506301 502454 472009 453246 476825 445501 491588 434971 443975 461968 493112 460603 457169 445751 449650 507700 465646 488646 434684 494539 476289 479186 495917 462752 456509 506763 475288 533729 460199 489733 481947 490422 481721 475976 500061 446511 472941 484583 436408 465337 478420 458122 437601 450587 487923 464358 475443 466597 461045 437902 498369 493661 473825 462288 454053 473893 456325 486652 461168 485788 476285 457501 499840 453997 449376 465257 471924 487074 453411 418248 468899 468758 481384 460487 464299 454413 440837 450632 474527 537799 441520 452345 448126 419162 483835 438971 479530 471547 470959 427858 486579 471184 488923 441990 441000 443237 459592 496612 452543 503414 520369 464585 417206 499057 436255 495728 468185 523411 515745 459301 463489 439772 474778 467735 496684 418780 496988 484242 507083 470634 455836 513964 465925 468555 475219 445066 467170 475836 477012 483711 462756 448406 423785 495410 462955 434109 420773 439541
488245 522655 507224 500009 474077 512722 506641 485806 550467 538380 507536 524734 507498 484558 504941 550976 487138 552651 482759 544039 548726 533524 540015 507146 485642 522418 483897 511147 487117 432447 513152 525099 511760 531020 536180 537653 535605 516326 486247 535870 475120 525329 523438 498875 507171 520654 549725 479088 510688 484555 551704 529208 481199 528790 472052 498097 494972 532272 514993 464933 526887 484709 543665 545213 525448 474933 502505 503602 528878 459117 477551 508590 514123 488081 496173 480077 484420 520835 509292 518054 478084 515999 486527 509824 531897 505640 490592 510298 512870 565159 507137 533629 502783 541755 540720 517098 533641 493505 506690 542601 462994 497544 516987 505691 490983 503021 521556 537914 501388 498257 490757 476972 547607 503013 519340 498253 503824 526836 472253 490057 498558 520894 521900 495537 522738 500085 475904 510878 514423 499371 495086 448711 494404 494423 482823 469308 477266 471990 481117 471903 504794 571440 471551 496410 500909 469779 525628 486524 510389 519680 528463 482403 516165 527174 522182 493555 508718 496574 475412 526253 516266 544200 515262 500954 474197 544882 488789 506979 516432 533735 532877 499812 527848 515535 504370 520658 526611 481536 535266 509307 533901 494569 468853 563856 479610 502248 503505 499547 508949 523408 523529 483148 512653 460922 481609 524750 510256 476508 472609 505247
519100 522156 519493 531101 510889 511693 573283 503449 546892 546143 512365 538084 536922 523587 531702 521417 507177 579271 495612 552258 553456 551812 515452 548239 492889 548403 519619 516386 487239 462995 532831 506041 505441 521497 532894 515352 544842 504672 489535 535601 519162 523332 544927 524066 523183 533690 552281 471502 494603 511086 548344 545991 498193 509587 482094 523219 520535 507102 551668 479427 535126 472484 546247 535804 515276 503967 519238 501130 564878 491853 477371 521199 512564 488374 537491 480843 508092 558570 530264 561267 526959 514310 490017 518512 554366 528916 506485 521717 521571 576471 513355 519004 535000 551994 532760 516586 552222 498397 529243 542116 483259 503693 532119 503958 480285 526155 554696 534499 532536 498372 495808 490105 532982 519405 507678 521153 512367 504999 482697 517554 501665 549459 550601 479538 501315 492878 502145 507659 516514 528475 506222 461881 500111 514820 510196 490694 503480 511996 510559 501193 541573 590406 490888 536362 512078 468686 520896 501138 502231 531676 539028 492843 512612 545934 519351 511701 533842 509685 510172 505245 514246 529722 549497 524115 491404 531126 490910 538580 518902 579533 539115 508471 517945 530758 533129 538869 531746 495620 533613 556356 551494 532099 494302 560903 510832 501721 528250 494368 515370 511879 527459 502908 515368 500519 470588 533839 512203 477988 490720 507120
498174 519632 483801 497958 460796 501236 505055 476913 537790 512515 488002 527325 484806 474786 511997 510066 476391 528386 458858 514810 518855 518594 509369 497114 482799 515970 474444 479861 459093 442083 513858 511211 488239 494050 492623 493989 507535 519957 472627 532547 467610 492739 517123 491947 474824 515759 505345 468583 489525 469861 543903 495235 498331 473938 475911 498555 487771 509523 506414 440186 505035 467009 500320 503453 510716 470934 471399 476059 503610 468210 460610 519190 478449 481459 498777 458683 468577 510897 500977 508907 487760 495763 458278 501165 519424 516850 491277 487885 520313 526293 489015 502506 502824 515072 500257 462785 534290 459791 483824 520787 456139 500503 506628 502901 455572 465864 517854 506984 495475 487949 512619 457378 518208 498313 514235 521297 440617 489480 474870 497449 514883 520362 484571 472708 492736 468723 465296 496789 477827 487543 472844 438049 472341 488886 479089 473895 465816 466926 465250 450998 517097 543961 484396 491827 495629 458034 509202 491908 504696 516542 495042 465977 465539 488612 510915 477687 464516 469949 476736 499298 487309 526086 521426 456590 447268 500746 480876 499989 482440 523791 509204 492912 461273 472792 483860 503536 505526 440686 484733 488470 514669 493966 457173 522686 482250 501815 496937 484149 499960 499308 497525 494601 486907 464990 428905 494614 486607 463388 461573 450046
477204 535578 497536 491313 437777 499000 507995 494160 524527 542519 484548 517175 517232 476991 497667 533939 467597 522348 475933 522344 507131 521342 493041 493844 463983 517966 490953 486299 486319 431181 523958 499141 470611 531958 516654 515929 515480 494885 467383 511741 466457 491996 540733 501885 497993 518713 500442 481073 497680 471852 513222 512798 479168 492161 460684 505965 502303 507193 507926 447475 506647 459028 513434 518625 486128 473519 505675 490170 527213 449786 457010 515085 514394 467967 487462 476233 482616 539974 496685 516237 470955 477373 470860 484730 513493 496718 489239 494170 517917 556753 491825 508137 518324 502642 522634 520041 528895 469865 490826 517891 454945 490120 497619 486628 485581 464726 522692 475598 500648 477458 483703 479932 494766 503668 500502 509216 465082 517955 518268 481696 494632 526328 499760 465640 507940 478274 455677 492004 476075 506697 507190 435183 486252 508610 508689 454436 473629 474092 456171 464773 521437 550175 468442 484703 507879 437617 484211 464075 510023 505208 501237 445882 461820 518442 507427 478136 478945 486155 473463 491593 514051 524628 524762 463042 445852 524478 485864 503848 495368 549775 510399 500325 502523 483291 467426 508945 510875 423371 491014 505698 526957 496726 463511 509023 503825 494141 519187 460231 491943 511797 515287 497710 487325 466725 444834 508037 510071 449012 452314 453931
537878 556555 528986 535336 499118 557218 552004 515400 565667 589000 553479 565335 552385 525959 566813 552990 505176 591664 520745 558482 567182 555143 549817 562078 527952 541398 538668 543932 495432 463407 582818 532798 513179 575791 541948 549221 538519 529366 528477 545657 526494 551101 553455 521996 532936 544270 564753 512125 539072 506357 579713 535693 498656 533288 529693 517078 525959 558775 534697 467847 550948 522231 565179 555899 544317 498716 541862 537122 577574 507407 498093 545675 549034 520783 522400 493549 525480 575198 541005 547943 514678 521975 490872 543199 542759 546065 511656 561654 547177 603101 508973 551451 559816 546432 551387 534570 565750 512305 539569 572809 491607 558895 554222 551322 502334 502255 567229 532064 524972 493348 514914 476758 565714 552754 533764 542147 524483 555891 523608 540791 551927 570362 584729 505000 536643 537023 531279 541388 539948 549104 548286 466450 534214 536902 541186 501835 518748 519971 505651 506354 551459 581068 496639 550978 546259 502165 543030 511497 555340 546122 534260 478859 543576 565349 550852 519155 525738 538824 515117 533834 539593 584339 566886 508142 487605 549931 526673 541832 558594 583493 569648 521841 534251 506065 530307 556046 548867 465917 551934 567308 568905 546424 484070 562949 530157 510856 538128 519853 524769 542267 534135 529669 513296 557010 488269 530801 526531 491582 498304 511903
535512 539636 514811 544563 504066 533041 540725 509563 551919 568579 513517 559725 542986 507759 544600 545866 482969 594307 498574 540285 556976 563043 542577 529841 531370 537293 516230 499667 491551 476826 538673 525865 514536 543706 543524 532144 551468 532483 482477 562805 495456 542566 544591 535633 518526 557148 568680 486627 525457 512047 573454 527093 478909 512991 507194 532273 518750 533155 535436 480563 541697 485363 552292 534878 521778 495432 538960 501786 543787 481659 522114 507871 526874 501977 527379 489955 496673 561368 533417 558944 527853 527489 496787 532663 556231 509049 491183 547746 529676 603486 526033 537608 548443 550160 534161 529267 534882 498038 532184 531640 477571 512028 531987 527980 488177 496248 546855 516817 550510 506774 517429 490302 556810 555463 543409 523711 504027 526315 493702 539307 527809 565397 527079 515574 522115 508014 498337 524501 535092 527535 513003 472161 502246 537731 527457 500553 526743 500318 509789 487448 523768 588379 483708 535210 525028 495432 524379 493777 524086 542439 511652 496411 519068 547928 541461 524879 501062 525808 509735 543192 527573 540258 580893 496136 478265 548023 506246 549209 522853 585072 575233 527299 511519 499564 522671 544414 529554 501982 543443 536171 565091 512294 496885 554873 541906 515701 528571 507841 509373 514458 538881 503397 513662 533743 467463 546665 522168 473000 494581 495502
448571 490351 476949 489457 445797 478737 483341 441364 468132 493241 466034 495637 487848 475844 480041 471450 457486 528824 429759 471603 478150 491720 464268 490208 456033 473902 473399 471057 450650 404027 503141 480167 450381 492452 476812 477053 494866 462396 449995 495051 445993 457336 480013 459065 436228 477674 483691 428348 431498 431858 501234 479809 472503 454309 419821 473509 451686 472818 478755 418009 494913 443603 491139 487955 463745 451468 461730 456329 492517 429208 450700 461095 479943 440159 480406 434573 454253 489121 458460 474175 436237 471843 432235 482020 496845 474511 465052 465399 457235 519837 487615 474426 484079 479730 463173 482774 504718 449366 472200 490264 441724 460777 456841 474707 428286 441233 489953 466462 484007 441634 459901 420474 479392 480306 451026 470717 460888 475230 462918 468409 464295 517118 476893 435304 476794 470986 447941 448448 443613 492181 447628 387496 448567 475306 468812 419542 453862 467397 433811 436297 473623 512770 463464 445965 453310 419019 471137 448496 478819 454578 491519 419739 457564 488355 491944 458338 456591 465336 452307 467785 491567 489496 475119 459499 416884 499315 441548 467869 472236 522756 508441 465488 471332 449676 464742 482878 493232 432161 456788 486083 514983 463927 428382 478815 435344 422062 478951 444091 460484 437276 468665 456594 477394 445439 399639 470195 481543 424136 436151 426331
486730 523084 497751 514645 463724 481568 515144 477756 533225 517311 503667 530897 513054 488296 504290 510585 461345 550930 459992 510312 506264 509613 517636 491112 481270 506579 458564 489866 479017 453835 522389 510889 455890 489266 519242 488505 507137 489168 456911 537401 456442 508197 533027 497293 470386 534372 525400 450633 491348 479011 530114 534435 461789 473630 490516 514913 478252 508600 515790 437624 524312 465310 510519 479205 485288 481379 489782 479427 532914 474100 475859 484343 492793 477360 484447 458327 476402 506958 529495 513768 481679 490251 480882 513246 514546 480659 465203 515081 509063 544621 495397 504969 505707 506931 519559 493629 532120 468272 483238 525768 465923 492152 509491 491407 474056 467249 501570 500750 490599 476316 487380 466372 518516 504279 500634 474372 461420 478108 498784 498908 490882 510701 492892 486612 514646 494863 454704 474731 486481 501638 471146 439071 499996 471515 496725 462706 497818 470268 479548 451595 510514 541137 458245 492444 491299 440150 502268 483310 486797 491917 517809 458744 500615 493452 493991 485068 474937 476473 475649 511967 512943 526460 497343 473500 445137 511935 456851 528640 497704 527088 504672 493060 495248 481215 499505 508918 502098 468652 493472 493126 513618 476525 472919 528409 491375 486238 492230 453537 488264 517056 514357 482546 491994 457742 445009 525383 509638 460924 466565 479877