489098 480921 473352 454955 510576 463498 442903 493275 483989 496377 537769 467433 513265 500983 544460 477048 488895 448313 515681 513530 479825 481487 517153 465653 500428 461304 468390 446746 490802 491511 484719 526246 500193 447992 497606 463744 436378 454599 483405 473910 512093 479316 486353 478336 494673 503978 455585 483383 494679 467535 505065 489995 484568 476462 488314 521113 474487 506432 502232 479707 494064 481174 498366 547831 499454 505910 509759 481893 473395 483934 461689 534804 453594 448409 461077 500347 467030 484604 468559 456267 411252 516331 459328 481270 484002 482300 493750 510190 445545 514403 518168 508257 527612 496286 477105 491359 474147 477880 450406 494979 509880 505869 481659 501909 496931 487617 480508 497225 476232 530985 489190 512358 467680 501360 488150 467082 502355 520101 517359 479819 502610 499682 467843 460435 493575 489614 500182 502562 461734 503656 485659 511137 476692 489983 510324 473434 498684 498941 507234 478993 510114 503996 458112 486703 487681 479887 470268 499127 458287 493055 505906 512282 490144 485599 474351 476817 493108 457709 467733 473257 461163 506637 505861 524207 470293 482368 506639 470574 462513 465189 517187 444463 515596 493807 475690 494166 544494 486922 455596 490117 498000 474868 462118 486315 478962 504736 493421 456034 504255 483911 478194 510145 498375 499832 473271 504641 515133 470917 510110 484900
500939 517092 453456 491529 484679 459350 468039 485017 465955 493927 501759 447025 510046 477449 527999 490472 463516 433571 539633 492924 444809 469762 511002 438280 492601 446665 514226 432601 475000 480403 434254 508866 467748 473355 479129 482507 428989 449662 462107 480016 508974 464114 482431 470558 463594 501407 479407 472598 504670 484083 522280 478571 471206 505863 477832 505882 437767 490351 491336 500619 483380 472468 474660 554494 496357 482719 496476 459700 469890 485894 456288 521013 433149 434305 465654 503056 455354 499321 487710 478915 442253 495743 463362 486427 468517 478439 485228 477106 452239 509928 517429 518382 496637 458988 485144 509458 485528 466993 473991 467850 490450 490763 459532 479571 492073 468494 502116 479007 451887 545035 513166 511509 450992 479957 490437 465179 502286 512587 506279 489215 505580 483492 478933 437825 484651 516717 478674 498983 494250 482691 491988 479960 491523 465397 480785 512037 478122 499727 486503 506383 477899 487833 416460 478186 481244 477088 468026 477598 461314 506407 507335 492313 488218 464156 469229 463043 489949 452264 476492 476109 464985 478433 474027 475981 487351 480364 540974 472603 474234 440303 485895 446900 495646 467769 491890 475260 514611 476838 456522 470069 488982 477986 455371 475313 493493 476911 480804 448142 477530 471033 435203 496406 486086 475828 473715 483867 500782 423045 504859 485379
536040 517103 498565 497743 526505 504067 505169 540675 510663 514552 572483 489569 563475 506061 580887 531106 501722 494649 554594 522784 503219 518398 548984 453389 527537 476037 535885 470920 515220 495273 493840 546096 537521 485042 510220 499982 455168 494278 501342 534926 510597 504949 520852 478310 517435 519107 501706 498244 518153 504373 551276 510829 510002 539250 493396 536576 500320 519840 536916 539732 539821 532265 532116 562423 529937 526928 535635 486015 501846 536952 505311 576631 463211 466606 525478 531676 479651 515514 519118 479508 462022 540283 498556 495841 500866 498176 517737 544394 492056 551727 525623 540597 535735 507475 525647 544798 526439 519023 513707 503650 542131 538324 501246 525350 534237 505934 517325 543741 501272 584869 556959 525246 513213 529285 519343 490856 537549 558599 520597 537593 534443 515696 491892 474783 536005 533284 535153 565525 517399 538521 508273 531948 496656 529464 507233 521784 524394 546880 561697 553035 508453 535539 462272 527317 545774 498357 501399 509392 510904 531649 519063 544431 563708 511649 485748 514166 502106 487948 516574 505106 509261 529331 518403 520658 513201 503463 567218 521830 506672 501807 515642 510194 545152 506063 515147 499827 560372 546662 491780 507690 535209 506979 520570 508963 516002 539955 501407 500238 525974 489550 508806 549465 523160 505170 526735 535148 528433 484937 521264 504934
560120 518919 489160 520889 571151 497109 522332 521546 543415 517599 575147 497059 565088 522471 569782 529278 510707 519169 556730 527620 495122 502244 552492 477456 516098 473444 564651 469583 511088 524640 503105 540982 544212 511988 557548 525332 472314 484574 515779 523412 533652 516707 517212 521393 534304 523663 519116 521432 527139 513149 576365 530724 514515 549215 524982 567341 544204 534998 531524 528417 535602 538805 525545 584929 544618 540944 564620 506276 518170 551760 540495 592240 514590 499824 516163 533282 516187 524790 542000 481919 476361 532715 509419 530121 504317 528043 511770 536410 520945 542154 530876 564800 545715 523934 523949 538809 516999 518342 504798 547256 538602 571334 499612 531842 546430 531638 539338 541922 511265 588908 514905 551295 515067 528432 535933 554157 524258 577227 528748 529564 561897 509021 513246 490683 516485 551158 558377 570172 515247 539862 532016 540822 493750 522962 500942 543588 561378 539031 540331 545605 522098 571365 513902 537202 561758 490254 516572 511953 522899 543501 559172 559634 574065 509630 515357 533980 530905 528355 495418 525180 522454 548462 523373 548075 514833 544674 587991 513668 491909 522173 567107 487647 550297 531673 524529 519157 562148 537306 517188 511502 544801 526473 518862 506024 535962 540598 528658 522212 523117 516613 511413 558453 531156 521214 518452 533779 547901 468799 540140 509662
544466 533981 508874 513838 553596 499496 510223 537362 498162 518376 560059 488430 566727 519037 567996 540164 499491 478379 556704 524972 479146 500083 524764 477702 497406 476231 545395 484563 501621 514640 493712 559350 546029 483077 531083 522256 451577 470725 492317 500273 529649 495045 500565 518406 510022 536721 487349 519457 514731 517883 551712 514829 510157 510625 492655 551638 509915 534170 538906 524710 531727 520986 492097 568353 532167 528970 548060 493909 498269 503320 505465 568500 468672 477229 493477 521673 497087 509363 504949 478220 471269 522413 505074 518548 484920 483395 520462 520210 493849 539167 513473 557240 536291 506589 546892 552440 506810 498843 514306 501495 536148 565370 505625 528892 535407 496663 545433 555107 485806 561368 549428 534593 536315 493058 513263 504053 546988 555728 550879 526860 532308 552809 493263 489848 534279 521258 536120 555458 537491 518085 497714 541820 509475 517189 493650 522904 523894 516804 546882 519094 526198 528101 469939 540440 535556 509287 500224 536394 502282 526176 545297 553379 530784 502340 490497 523270 518004 507650 499716 513119 506458 536816 524240 504523 496850 515403 572116 495311 487533 526615 517863 492210 541711 515235 504943 509057 548914 512332 495721 518200 513924 493841 518747 520633 528150 533721 504487 506669 526114 501502 505722 534599 522150 501732 509027 535896 517878 469432 509682 541056
498617 479864 476148 486629 509157 482274 493370 506906 480683 488493 519982 456744 543936 480922 546058 498981 497470 442085 530800 491116 450936 505181 497991 451756 510058 449570 484350 462306 492216 471340 478955 486003 511151 464824 475944 479398 432370 452415 467252 500627 502899 471817 484870 478806 477427 494771 487645 491563 494776 481523 503592 498842 479550 499075 459163 513373 470221 493669 512841 503650 516093 488308 476294 524956 504947 512173 519776 479415 472029 511655 456820 532966 425469 446962 471923 493030 472961 509879 478746 470347 427980 505204 469544 488326 464808 461253 485358 506050 467734 498529 509002 512839 487924 465069 487307 500455 498077 500212 477712 475614 522543 522140 484616 505407 500165 483832 513767 503457 469999 536516 527929 485568 491172 486914 505960 472988 501568 503693 521550 477105 523039 486544 497832 453195 506636 509599 510954 514868 500402 487516 487972 516293 484084 458940 474558 486072 465146 508484 529006 500322 503253 484224 464685 494895 505456 465252 461853 490239 501848 498679 510503 508159 519859 486083 487156 480584 476901 462656 476631 485697 466891 496821 479232 497719 498729 484109 528211 478770 466152 458661 503233 473503 514795 493638 481662 497102 521327 482635 473009 480581 501828 462515 464164 489798 494348 515065 478415 453467 493978 500550 472961 496090 487377 480498 484186 507536 528045 461997 501018 488732
509732 446835 451106 485848 503070 465084 435449 457578 462555 462966 493870 444973 487708 445825 500082 483970 473715 442639 482035 482868 438419 470317 488844 420872 469627 408697 487883 425968 460498 465339 445694 470340 477952 454691 462562 453959 424905 423536 472331 473151 476547 447991 450044 431481 484817 468912 456242 470563 466293 463200 504566 471452 454364 480435 451929 492274 454771 474172 470623 464923 495347 446109 472439 516808 476040 478516 465070 438677 459048 491223 469571 511905 426860 424778 463913 446427 444397 472179 455432 442823 409078 465540 454322 456566 456136 450256 462219 481163 446787 486848 482075 505983 482591 449351 492792 468399 452231 457419 436594 475108 467103 509529 453029 487206 477620 464988 456584 491533 463683 521108 466272 495525 459301 439757 492041 474706 477685 478961 482604 492820 477305 486310 444505 435252 478171 485275 483263 474005 469094 461408 466907 469306 447116 467213 453322 477917 469504 469608 478365 469559 457865 491164 444723 491941 489859 472388 428490 467527 457429 480531 484044 481365 498729 452470 460741 446777 449051 460187 435594 451038 465189 464564 478869 476895 445671 460491 495672 467535 429100 467584 467501 438560 503552 442622 442098 475868 495895 471235 448633 472445 478498 439715 467626 451200 477225 496233 470010 456646 478076 450547 446886 493059 464907 439572 451617 464648 476935 455328 451128 493369
516303 497737 449247 473722 532878 460272 454814 489775 487322 477295 534466 468099 519578 477174 534384 482725 477488 429873 506511 510229 457777 465886 506235 441130 488152 467294 513146 429162 474539 487813 440958 525536 497009 446203 495267 470583 428623 451220 477834 488569 506657 469780 494563 476377 468376 491763 467531 496959 468053 481807 532866 485522 486918 488599 486512 513958 481630 468305 491320 475334 501058 483332 483054 553398 500327 491705 505978 461262 476645 483677 467082 537672 439222 444568 494908 478571 456755 487645 504321 451840 427225 487225 470425 483106 456363 466768 494602 505472 465017 475540 510233 521018 503195 485748 473505 472187 473831 475818 481579 462796 502515 487441 457213 477529 489705 477537 490517 483706 466069 545944 494213 511414 480871 487400 498692 494094 521144 523738 506766 498713 513711 488311 501454 455128 489926 517668 505837 513015 480366 481732 481210 481626 487183 499059 498666 495163 508105 504100 493513 509391 491739 513423 446373 497796 494070 485756 465888 498290 477014 500074 496271 492225 514849 477649 491908 481018 477539 481394 467903 485367 485135 483293 479533 485895 470943 482807 544099 469411 469258 483778 481184 465929 500768 473003 458654 476908 517017 481487 479392 482863 483020 455380 451432 478794 482820 474227 491322 493704 490166 466868 450728 493297 484100 479367 479890 483231 493311 453580 496271 482971
555814 528595 488252 525132 535086 502669 495298 524550 514533 512649 548170 494428 564436 548111 562905 526626 528935 463306 566753 540786 493655 519078 560503 507680 514756 502211 544338 495382 527850 523990 484241 550066 529779 494809 517369 513251 469626 484707 528946 514063 540444 514068 536627 504410 515019 540785 525080 510691 523487 518609 556658 510441 521874 512952 527180 558065 509243 540633 541533 536058 550307 508861 521507 581082 516586 532523 532501 493465 511123 538419 486602 568934 447581 489092 505269 523485 495420 533110 542591 498678 444733 547174 496271 489903 512930 509741 528134 531929 495046 523133 540233 560620 557843 509976 518190 558128 546080 506955 495506 520551 539907 538634 504452 522099 510911 512724 533839 554848 516708 568296 552836 578137 512279 512600 500890 506213 540832 553648 558727 516516 537531 541140 526701 493343 526076 557514 530261 551456 529732 545551 521834 547677 533701 536346 523341 533083 524788 510392 558163 545002 531876 541752 486380 544287 530924 507979 511576 519779 495398 543275 539715 559172 541233 516182 530646 519408 502285 499989 522361 524166 508395 516852 539694 548800 514225 538416 577601 517890 502291 520901 533415 485278 540556 501034 503922 493065 540642 533748 500108 510504 528951 510559 509087 531045 505958 520819 507665 492308 519405 503297 516558 550701 526238 521057 510036 533716 544710 480484 519554 531272
472500 458178 426103 426585 487718 458391 457456 447136 445745 453741 480852 407219 495311 444390 477398 460764 451293 401764 489776 457933 410932 455390 461448 407661 449138 427016 458665 401423 464817 454042 420351 495770 463656 444894 448404 454905 400183 405022 447108 455781 461429 449732 447051 449756 441493 448211 450774 443598 464757 459535 472075 437595 466651 473585 443086 450207 431068 472122 472599 442816 461944 445422 445109 491510 473785 475241 466296 438604 419154 483503 419440 504567 415474 405637 428214 454910 429561 450836 444368 449074 394724 473372 430698 450293 395424 432430 459788 451083 418729 458331 475280 510047 442626 442546 454448 468634 442621 437071 425188 444969 476356 466239 442350 474780 453985 430509 456873 453493 428877 473893 471880 463238 430163 433604 458979 449938 456397 476750 458962 445629 474691 476187 467592 408186 423120 478710 464038 492741 460480 457202 458533 456705 429828 442475 449214 461994 443860 458205 464801 463183 449843 479606 429065 461939 450449 449976 437971 459131 465691 454906 457174 485290 462924 416413 457392 436194 463239 431037 429873 433691 450222 462998 452542 455916 460573 446539 501872 424738 428248 445824 476284 435547 481193 438604 439659 405970 463826 433854 444674 455997 448637 430610 438966 452026 445607 462940 442609 456212 461177 447119 440034 463688 456951 450385 444765 461617 456208 397233 451776 465888
513540 521421 487344 501370 528216 492468 512837 510720 522729 520868 554856 476658 564019 503413 533863 533599 523651 488231 546080 506127 495784 516228 540946 471824 520261 465478 522255 477012 501751 511987 470332 529732 530041 484030 523704 505409 439920 473019 527038 504407 539873 498067 501534 506912 517396 521951 508551 507467 510218 499111 533870 515211 490286 511682 478617 539880 499483 512966 517896 546368 534143 543853 511055 573581 524477 511626 529199 497926 496868 521818 491570 575848 443881 466778 496179 503431 494363 520877 503483 490985 464046 542059 476308 518559 500182 498061 521217 534355 476690 538424 528112 532538 523793 504087 525747 549612 506531 531915 501052 521759 532627 555686 510479 521604 524030 486724 518693 544288 489140 574821 537943 520123 494704 509591 519594 501133 532771 537153 517644 505997 527321 512607 524337 486840 522462 513083 490629 521990 539062 534424 516090 542090 499551 495859 509804 539995 484577 532890 530124 537209 508199 526249 487027 528063 515793 505217 490617 518014 491453 532831 548940 530382 540125 488184 501920 501365 516984 494425 517854 505664 487602 530569 516487 514774 530904 536983 557293 494419 492472 490207 528389 485044 531340 505650 506297 480454 528900 510068 481723 515581 508339 497567 494936 520557 543857 521977 494104 502441 525948 505957 497691 533642 506907 504178 500631 516682 551530 476249 501443 530655
531175 510546 477953 495455 538521 478453 492631 505166 523748 525164 536210 504797 525733 513815 563157 490838 514257 470533 536487 507495 467254 503309 527158 468374 514373 488687 528675 475445 510285 513518 484794 522825 522790 479763 510883 500035 433431 466323 493078 535083 533369 517689 502225 499683 511865 505984 499797 519813 491454 495295 540730 508653 501505 515181 499841 520827 486190 502379 526253 529511 534879 526131 500426 567536 530345 534955 528998 477047 489117 519425 510449 544336 464179 452780 512375 497042 483356 530638 520654 487256 459708 541780 493170 530629 477699 490810 501859 536719 474843 525587 526101 530724 513877 524297 523040 509921 510512 499572 503589 498993 551463 519340 479195 514750 505484 504113 521428 493272 505639 550549 532273 520450 492492 510293 542889 522114 532809 542941 534240 504889 546254 496660 510470 474825 516286 527463 546278 519977 493563 520673 513151 526518 494802 489525 518834 516337 520121 537992 524753 504979 505133 522680 471824 503426 526709 496819 482694 523687 513418 529296 530322 521392 536811 493481 486157 492021 502910 491493 495156 485035 514422 519863 486636 512204 520807 516203 561068 485437 477786 488050 532478 496233 563694 510131 493645 501923 538847 518604 504715 485872 507028 483663 490907 495114 528903 525354 501207 490049 506892 503757 478352 521456 529757 507832 529483 523702 536618 464885 527149 524258
528679 499182 479141 498841 513960 450980 499481 489390 490847 498814 528843 495097 541409 499092 549648 513072 480151 462549 495978 520736 448953 487525 502801 464495 495186 472457 498570 459658 494184 476782 460392 528455 524148 454482 494196 487695 445557 447594 487980 510487 516199 480555 497890 490858 497169 499115 502924 468022 489102 506787 540586 476702 490393 515728 482998 496540 481766 513825 508609 497512 492036 503706 496740 563482 520779 507744 520332 455383 480600 513636 482132 534902 431310 463799 478832 498943 487558 509602 518491 474537 438430 490063 468595 508903 468010 481927 504706 525304 464756 537845 512345 541235 512593 492601 487822 495342 525869 469923 484990 488400 519634 510245 488856 524138 504127 482120 504068 492767 483118 517295 508230 523396 495003 502360 499254 499953 511984 514479 513583 501888 498841 481487 498431 449750 487450 505017 502114 524212 497886 508408 485698 495540 457399 486898 492552 499763 479660 489364 505826 482423 492694 509250 438938 492145 498765 470463 469377 482822 487052 503679 514873 512290 501635 467186 495860 482384 503627 483952 470634 490754 512801 493757 493660 510189 496022 504775 553747 476983 465189 470102 517934 469344 532961 485025 493284 505787 517397 479478 465600 503254 478098 462115 468907 488588 489728 502658 479043 469429 503798 486250 488598 520508 489447 482589 489484 486671 502211 458624 511166 517530
580219 537634 497069 547009 560088 484526 519984 556599 506332 519395 577118 507940 570713 553782 575808 554235 517005 491173 574854 553370 505783 527037 550892 478994 519838 505427 557947 475703 534193 510827 488677 546511 546150 519577 542527 515219 465721 494337 497698 521276 546333 530195 508246 520693 525069 554670 475791 523896 537136 528885 561098 520380 553428 516662 515017 574035 546495 509375 537018 535348 544165 550122 539765 553253 561655 560333 535537 511436 511517 560392 508475 586992 473481 492823 515428 541288 517600 567742 547557 501446 443838 548265 499952 522723 534680 519258 524055 538940 510111 541090 539698 566890 547952 527846 523270 557429 534551 488427 512971 504425 541922 562218 495890 536151 525158 526990 539662 535999 544234 589596 552649 541273 521385 529434 519075 534453 523145 572620 561248 522218 570710 503090 518761 502677 546682 564002 535295 547997 530442 534408 528497 538918 538427 542363 534110 536255 553261 527999 526905 516704 554797 561636 491610 548635 544941 523432 514168 540716 504889 556065 546115 552069 562034 496132 522061 506828 523005 532864 512694 506531 503608 537301 544476 545889 515109 514738 585294 514149 482636 524837 531957 540901 568542 523346 518259 520438 558147 527169 519202 520460 515372 508180 513218 543415 534390 555595 511972 515818 552624 532566 490555 570454 524677 520135 541557 540139 524326 492194 546099 525837
510111 466924 455117 471890 502365 462317 462786 505375 464528 498641 518036 459306 530347 492031 532308 482599 480589 449570 517022 493992 454643 486449 503986 442776 493875 474041 498996 461129 461818 480657 437450 513758 485178 454871 497085 489740 425607 415046 477887 493006 503064 486007 472759 455973 502316 499899 471498 489851 503634 473561 522716 474086 482241 481319 483503 510508 491537 486891 498487 486679 500357 497263 472439 527881 507851 477250 495619 461575 497113 500430 488640 528882 427467 446547 464872 474930 448519 484735 500603 453591 439531 490131 448792 467371 454432 464721 477769 485023 454463 515517 491276 513432 511884 495078 495150 490779 474549 477210 465877 459642 518351 519412 468803 490156 500349 479551 478984 491419 469678 519047 519522 518113 479829 477531 500047 458561 502308 509263 519485 501406 489255 471005 475756 451576 493913 475558 491712 527901 496295 484853 490353 497278 450450 476563 478058 475173 477783 507095 492561 484970 478917 476219 467883 485072 509515 486346 455135 506753 483770 482226 507890 505806 494425 472091 470551 486281 476882 466350 482812 471912 478626 484964 495548 487724 489484 483649 526619 466650 450129 472241 491039 444897 513073 462478 471391 477434 533025 469710 474182 472240 509914 457451 444202 461486 498761 513600 489454 477914 498890 474845 448322 500541 502457 481677 479529 507231 504633 442519 494069 507201
531323 467354 484817 469046 511668 456389 490572 478846 473049 466130 527749 493743 536280 471182 507741 499401 486242 440933 490090 496275 461155 454504 509109 443703 494718 466470 520065 452608 475874 478604 443851 508581 524506 448447 495225 481215 411496 452853 465090 479424 492264 494917 493787 484387 465282 481411 485152 468236 495236 488164 518575 472450 487241 520795 479531 495603 478964 489554 497973 491356 509239 540221 488977 526946 511862 500903 518960 477105 463192 489201 457498 527966 451501 436678 467884 503079 469890 508592 527497 479744 447704 490502 475456 486735 469453 453317 480109 507901 444990 484939 474438 532824 500108 474466 484056 498195 520365 487406 469356 471413 506016 515425 458174 490636 472729 473833 483873 525612 477372 516786 521579 510179 494568 475181 486945 489299 529650 508265 485075 488993 522045 494774 481178 452815 510492 504994 501708 518451 480317 496275 478803 505475 455781 485959 482890 507392 502388 490120 499176 507182 512981 522063 469228 487699 506102 478584 477125 477297 483401 484985 507373 510648 524235 486867 483436 491500 490596 436793 464314 465981 488754 469158 482748 493584 478372 497840 547557 475125 468913 487241 492343 448567 511241 472029 498220 471029 506703 490244 472407 482707 488925 473370 441646 463368 489895 503918 476616 478079 495696 475371 466046 513730 478216 487177 481532 495086 500357 446998 484309 496562
514021 521065 472477 488726 505284 464891 471293 501425 495338 477281 529563 469558 517623 497380 548214 473090 510798 418551 508892 495452 468357 478189 509308 477256 490905 479561 500714 460289 491583 492045 468861 521576 516478 462397 498183 469064 395246 465946 485559 499597 511045 501679 471679 482482 483901 496063 478807 490260 495435 480124 520179 504982 481941 511034 456870 506969 480746 494743 510771 481324 483139 491171 462971 540066 489367 485786 497578 464655 506816 507980 465238 532315 437370 471664 481511 498476 466689 484659 515930 467948 436840 499139 477933 482930 470652 485257 497774 482697 448499 513054 493869 520537 510614 500680 495597 516437 507578 465879 466957 485223 499152 526669 472104 483654 501447 478280 496354 508338 480277 551247 507232 495690 480123 484533 514024 508967 490800 527921 519494 493298 516254 484348 479398 444554 480071 477811 506972 508734 477639 524497 512008 496824 503396 491472 489358 498145 485183 490115 502652 514474 461800 511456 478583 499223 521036 462374 483193 489852 483820 490332 508752 503832 519401 494286 472153 479495 487316 463889 500865 496073 484095 487153 454122 501989 473039 497639 544399 479094 476878 464585 491219 470325 515344 479454 480503 488769 524081 499417 465666 467360 480044 487110 473277 486891 506381 498367 475319 476597 481251 486970 466057 498027 502216 493855 484265 537580 520512 440663 498617 485225
520857 507750 494900 499192 513697 483191 487954 530529 491771 509696 516415 469604 554073 520662 547498 508827 504339 449222 552689 524012 486865 485818 525540 463369 527015 487261 497673 438936 475217 493837 458385 520617 545488 504081 503359 489670 425100 469563 472293 509139 541092 480356 510590 478030 476485 492588 486347 511142 519405 505534 528261 521186 504512 506517 469398 522710 498416 486793 508459 509209 502828 528970 493063 545869 521375 512064 514129 486961 462362 518097 483417 541904 462911 446762 497204 502324 480094 509994 527019 457854 450924 538297 487798 513845 485219 505493 509078 500212 471016 498789 484878 548328 524284 510785 491006 500109 495555 481876 474463 509503 549867 517669 471574 516308 499070 486940 485500 510022 484419 554600 523741 502813 499303 489125 525118 497577 544420 530511 515928 479084 558072 511429 499216 469144 506629 519174 513593 545802 514970 502605 494474 505103 489262 500101 483846 516159 513436 502527 524951 502185 499471 518386 478160 504582 501549 475650 494261 527260 511585 522793 542266 517138 529321 506039 499955 498671 513058 465979 498593 477178 503694 514399 500154 521214 503618 483909 539416 485340 496296 491259 536318 478524 544455 488770 490420 479155 522908 497023 474840 491745 508593 502353 491846 494246 533235 500467 485078 480421 508453 486147 464100 519607 503790 509966 506817 498052 517665 431618 507578 507844
483046 451749 425164 471614 511774 460009 476428 477759 481615 472167 517575 448700 516791 494053 511391 478464 479123 443524 511216 487691 452040 449357 493650 418350 480464 449290 492076 450128 495318 476388 442046 500606 490363 469913 471243 446694 418927 415008 455578 484741 488019 460781 455684 458354 478585 464586 463793 459831 457078 510990 495686 480328 483779 491600 471695 494556 453262 482604 498206 483683 500319 491407 455085 532510 493938 482095 505763 442334 439746 492231 465464 499682 451949 463269 442465 483494 465336 495092 496159 439440 408447 494930 460033 458537 444243 450041 460503 483970 455665 501474 505679 508453 488648 484648 461482 474487 488639 446766 458866 468003 504641 493659 454571 458958 487380 455066 487103 483813 476028 522089 481213 486573 453407 486609 481578 475192 486100 480081 515177 469348 514536 461458 472324 431264 461218 498701 484360 488587 473430 476858 452875 450270 460769 447161 471516 495249 467838 472462 484337 490554 484423 488641 428958 481843 504165 462431 450043 461818 484930 495630 495518 478727 501262 462940 488439 464814 475704 460555 451413 471734 482367 505331 455913 457597 490459 472959 505621 455155 444329 465821 507532 455055 490386 461228 465716 487518 492610 482190 479778 469564 497972 451798 447280 464403 483585 464610 457724 473014 487067 457376 433411 500835 489820 474443 463844 480301 481766 443202 505277 478252
516582 492857 501185 462956 509678 470090 492468 492457 472615 472445 512944 468403 531063 508370 530852 485945 485694 430996 502797 503110 452688 481435 508440 436568 507627 445503 474678 441537 478962 491245 461180 496750 500397 470629 466236 493724 414777 447878 496352 481037 505580 494239 486122 489625 476970 493207 472419 483634 479194 458185 522942 477109 479924 484325 460486 504180 484539 502810 527256 503528 517182 502099 488479 522572 508952 507876 510535 453599 474897 515125 465669 538184 447982 437790 472927 496902 456426 512291 494221 473348 418154 522977 456403 487832 458826 478010 468495 507280 468495 503232 487337 522853 486562 493945 497680 473980 498629 469730 464710 492334 500345 502938 461656 495200 496158 464704 489309 485618 473021 542263 510184 514047 492187 465888 507159 498002 512137 525333 512477 479569 518534 485987 483891 443383 503078 515776 508205 483385 490549 494067 466316 509466 477690 456519 480053 502986 498971 492074 493308 505732 510362 516082 467997 494700 501449 486385 457919 487839 479992 506827 507420 521033 501390 472771 483697 458253 484999 482912 467771 476724 478733 490339 498137 482564 495872 491795 552291 459123 460894 475524 503010 461100 520893 461070 479586 483182 505073 504776 478424 490251 500292 467151 450856 481756 490720 490856 475831 479844 515795 486588 450804 503168 489266 466434 486476 470173 506368 431859 495593 484109
547264 525642 476790 501754 536054 515052 518010 523039 512599 523989 554109 492077 527128 512410 579191 525318 506363 471847 547337 543788 478157 506158 543871 492669 523344 494803 531807 487156 504255 511961 498074 556699 556872 505802 518906 503100 424816 476581 508859 502764 541851 527582 495655 519657 513299 527887 498756 554835 513463 513510 552669 506390 533426 546560 509530 540578 518769 534716 510964 500150 512508 502180 509658 568839 534664 542769 540561 490641 506723 532540 514980 570321 433787 496908 516667 507738 483924 530771 530929 486583 464204 528305 483169 518963 505850 482911 526421 528102 465264 549816 527188 558393 545170 509250 508889 522429 538452 508889 518967 522152 515328 543245 480453 514732 524818 519430 513138 533892 514441 561906 541758 545864 504521 513380 536461 509386 548987 557102 541735 521659 546187 517059 493223 463098 551874 532255 537631 559078 513041 509921 510656 552748 499512 508677 527378 548284 539488 512210 510723 543305 510291 542580 500710 535535 551742 503089 500466 516393 506965 525354 557151 548933 527391 502871 495151 510759 531741 506908 492874 533961 516765 531680 504147 537515 523938 500647 569331 501872 480248 490855 534796 481788 551695 510475 511072 496643 574036 528245 492855 505032 526429 490991 491141 512728 519254 543833 515222 502477 530821 511555 502468 550455 528921 505169 500128 516505 521010 468464 531765 517571
523551 504299 477459 497454 499684 478470 481377 542837 503131 505427 534341 486452 531732 524243 552094 507410 494576 471679 541596 498074 481138 506262 524934 484327 522822 471714 519813 462395 512111 509338 473073 530731 536634 456257 500041 495275 430129 472487 487077 512520 531762 492670 504678 474723 514508 501215 484156 505602 523062 491385 541119 495239 491089 503083 495810 527426 501245 520924 520914 504146 518709 492272 481081 554531 522962 515926 523100 488541 526156 532107 486455 558036 441239 463545 489686 525747 488746 489666 526387 476047 453194 501178 497314 498433 493125 488778 516486 514786 487965 503264 507767 549924 539274 501019 507886 532714 493176 475762 493566 483482 528513 533899 498651 512099 509939 495634 515498 528010 489710 553164 512430 538890 523837 490977 483630 525024 531066 555355 538639 519070 531747 521091 519118 478904 519126 531246 531100 527488 504035 506917 496173 494036 502786 503996 497906 508490 524971 515700 528193 512478 509225 520177 475019 530229 532687 503638 491946 544081 506713 519428 518488 522443 537051 488749 495254 500329 495547 511160 500489 487246 497866 498479 512766 527268 513434 532572 558412 492956 482371 492242 506163 475875 519261 490686 505252 503133 539378 497676 481690 478573 516902 493466 468079 513994 501500 502278 514707 486309 506942 484993 487286 538496 518512 494233 506296 516258 522063 479934 517535 510891
517839 525644 468139 490332 506553 488448 475062 515313 506715 490998 546460 483867 509059 499986 528885 518193 487300 446738 541552 501019 449996 494424 518008 458458 522893 454843 497134 457972 475977 500980 468489 523239 511095 446966 514946 504506 416176 458891 467825 498811 508644 455454 495530 451213 500088 499378 486231 484691 491849 489359 527023 508043 484695 493930 477407 511109 484155 489773 513514 510180 508699 478099 482357 554851 505518 501662 503907 482198 471944 483432 471428 529380 460685 439064 463187 501940 464884 496082 504314 463409 435070 522967 487004 504591 463799 482796 477985 501737 441252 517792 474342 510505 525718 480299 495988 516535 498996 477526 463754 504553 526798 517502 486278 502477 502959 482206 501502 502117 488640 546547 504886 506462 492064 512087 495279 493445 520474 538608 511770 474659 500683 494448 471533 454752 508007 507370 509314 537391 497818 513675 510029 528428 495222 490325 493912 476012 474255 491591 507987 530890 477605 509037 455984 503556 502064 475246 471780 514579 471178 529674 541278 494702 502153 505477 465136 494921 502981 473982 487533 478676 475902 506438 495109 505296 472060 482320 571162 472041 472407 467967 515696 446671 502203 487792 488989 491952 499626 475604 493421 469519 491481 497353 471102 503057 500904 495381 493978 470733 505768 489904 488725 499059 499577 482720 491401 501158 507958 470235 499493 502158
548174 542157 495733 510702 554641 474181 509617 541635 521299 505541 564471 493920 544252 538709 575290 531527 531816 469826 541508 549364 495440 515376 529102 493760 519205 493365 537157 499389 508076 538240 476339 554069 542007 501439 538989 515738 461711 476956 517619 535146 518577 534350 514385 502001 544047 545201 488358 507731 539387 511120 528164 526549 544834 549052 499053 551082 516945 522476 522717 542383 538780 508235 517831 582261 555092 536691 534133 504465 510303 547246 526209 564870 481603 480762 515467 542747 500493 535090 513973 505781 454625 536461 496320 490537 499462 499886 547406 542377 508319 548441 535901 570546 550769 516952 534151 520471 525995 487844 502110 513392 553385 546634 512301 534572 526991 518367 555135 549766 547610 581920 492895 564913 537947 501197 533958 538143 553619 539662 562152 518858 567991 523330 537519 473405 512685 545118 519600 556809 513228 504227 540607 490513 534635 508071 532549 530008 508796 500340 547622 539836 521078 547026 511796 555250 550854 511693 506595 529444 513466 537963 551950 549173 525388 525027 524202 518872 517354 499882 500738 509766 540932 538713 502132 533222 531648 527663 563670 506122 506331 535645 547238 474615 571730 505969 490107 494979 550340 522918 508753 507594 515330 517731 478992 531398 525018 543378 526945 516454 512892 522496 505985 539658 520714 512234 527399 530545 513498 473711 518727 526407
529465 514223 463123 515224 509305 484750 467935 500389 493726 501132 533550 495070 519684 513609 530882 523330 490463 441600 553022 509108 486099 507167 498037 467109 520175 464906 491327 485853 517673 490142 484654 551857 527837 460002 520895 507378 433705 453274 498889 503331 515027 511713 507962 474421 504964 497932 505132 488067 502427 485186 535388 482800 487390 521102 476827 525531 514570 484616 532604 514214 533614 506184 496662 556433 519400 502464 489743 496800 484337 527642 465001 540836 456027 452287 482133 503980 461404 510852 505703 494086 434933 512931 493529 508075 452937 492263 480917 504559 454307 512844 502245 523519 520288 476515 495540 474919 516734 486703 486057 501851 511404 529050 479375 519899 498881 490890 511253 495839 501526 547466 512438 539296 497932 495847 500314 503972 545471 545832 545576 506619 522875 511500 472266 462366 483376 524389 525062 529847 488842 503983 494849 511760 497253 478248 517316 495387 474608 488819 495227 527477 501972 524743 471630 503041 511737 488213 490895 529647 501841 518702 539406 525006 508016 489519 506206 503512 482512 506971 472322 493231 511751 500926 519717 501431 498267 504120 573266 468649 480779 475708 505018 462841 513294 476392 492918 499384 530262 505127 478552 493438 516804 506823 460575 505618 509669 507779 502430 475221 518271 500642 470543 520642 503747 476506 489557 499798 516761 448791 477913 508215
547328 529728 485511 501830 525431 506717 501682 549128 517998 541534 540682 508786 550125 501281 576368 532734 529212 471788 561169 515484 483105 521696 518886 483977 512877 487117 515940 454696 525224 521418 494908 541421 532555 507190 523458 518592 458739 474916 502877 522416 541369 507435 527886 473415 526426 513481 505719 525754 538610 499864 547134 511522 522687 543606 509556 570619 512012 527580 524507 523135 517689 515781 495753 580525 523630 531047 540413 489708 495860 529032 511195 575748 462793 481045 502084 511944 492738 500179 534266 499502 465881 550215 513664 519635 488354 495966 518688 538833 496906 525937 522405 539227 523422 488810 517743 534481 526005 498318 505041 505739 519010 536116 496230 504044 526370 516537 520697 525679 501923 572945 528013 549336 500804 493358 523181 547207 545477 559544 542992 513204 542448 518164 510888 466614 515300 547104 556475 544558 532492 545803 515181 525388 504037 508591 536894 540905 524757 520737 553420 527831 512935 541292 497378 534575 535277 483756 500635 537911 499410 522700 533685 534951 541823 522506 517267 518417 513203 483723 478908 487076 519357 512297 529727 521527 524607 527496 573533 508344 488828 499025 545175 485636 529414 514668 527087 509792 541309 512707 484838 502067 523537 517298 492349 530303 515139 523211 501516 505133 534605 495730 499595 539968 542382 517320 512292 515224 545534 473199 495630 525430
488087 468580 447112 468029 505072 449996 477585 492725 482067 471607 522683 457393 511229 476344 526532 485650 455795 425445 471443 493043 438971 467330 475639 422324 468850 450194 498328 439859 482826 470097 456291 498369 503936 432476 487049 468923 412531 446820 470322 475607 507280 493280 462991 447157 468638 488956 465932 455723 446139 441209 479742 481314 476479 482315 459949 506530 460692 490718 485277 468788 508259 469656 472312 516172 481490 501503 490031 457048 456760 472583 459598 519717 451454 445443 464788 479025 426116 474760 479058 429655 431512 496319 436502 473894 450273 436533 490621 501681 429115 482563 486124 522707 472152 463117 469136 502431 483512 459590 451719 479117 523837 482873 479368 483405 461920 465816 479576 489840 466501 530573 479930 496025 479980 479706 499937 469013 491088 504986 476468 492167 485542 475309 469049 443630 458520 485267 473695 517522 469196 473297 470495 475138 448361 454680 493073 483945 479463 476198 513854 492643 457079 505786 446361 477160 483461 459570 440469 468928 472951 499463 480488 483708 508322 461500 467024 458440 466142 477932 468105 468229 468352 484940 476396 492822 488118 478970 511055 456181 468171 474961 489407 471568 501570 476686 458187 454479 487562 466429 475175 465348 463043 436297 463749 481128 484879 483765 439579 479075 478155 466288 451052 482106 472190 469247 488678 469826 466203 444808 496854 482526
490657 458989 442562 470197 500443 462279 439722 462761 461857 475510 494115 422968 496804 466099 523745 468429 453000 421730 489592 466031 425267 465159 478881 439505 472764 441859 470248 435524 447089 473966 436167 482323 477330 452402 486924 470003 412793 441054 444054 468727 496402 473584 461694 444685 463785 471385 454790 446109 467700 441723 479138 468777 444103 485229 458072 490120 449237 462605 462618 477208 470035 459395 440528 508902 490692 504825 479362 432504 435596 481909 438761 496930 433580 405159 448746 455397 448272 450437 469443 415989 392096 479861 447097 477131 456920 437719 452213 465482 444066 471859 456098 494515 481787 459451 464443 489260 452311 458616 458666 444567 494851 481472 440694 464650 481599 449226 452666 474760 448273 506376 457818 475530 473092 460114 486364 488198 461121 510683 460454 462920 503419 477453 471310 423335 471822 484545 473545 488378 462380 472973 446708 462700 459603 463999 474763 470319 480630 461391 465932 465680 469669 483779 448037 456718 458962 474890 457930 468882 477242 487202 497995 461608 467149 443727 484376 449352 461098 436232 450302 445513 468085 469335 482223 474600 495945 452503 513550 446062 440712 477096 475910 436910 496114 439358 438715 461070 456429 462005 467466 446280 461944 448280 436539 472281 468639 465588 450679 477830 455130 457292 425088 472288 472040 468948 466089 456898 465199 418957 462518 476745
527445 532487 477139 513256 526238 486298 528278 554649 493518 497818 563885 489928 560146 509339 558448 516384 509204 451711 540105 529324 475344 512128 530022 457192 512839 481940 532454 466364 507497 508257 480032 543938 515697 490171 517194 503394 444902 461032 520825 494200 530141 491943 507320 505719 487662 521470 489372 504024 514986 508544 522585 507220 505184 522539 492036 531183 509150 524559 506340 497234 518949 523770 517874 575407 542424 510548 530514 500470 514863 518272 492830 549276 467857 447442 489292 527787 499928 512088 516785 478446 463380 532631 494569 501641 478733 482024 507023 520928 478886 519593 507399 554678 531329 509528 494583 526760 533218 493712 506060 514409 509599 546894 476132 521828 535141 474277 538714 528686 482019 574611 515045 534169 522671 503478 510951 520317 539671 538705 534554 499268 549184 509902 508882 455272 531970 499469 519551 535149 514786 508334 507618 523251 501521 507365 502830 526215 534043 477781 531316 533791 515016 544484 499966 512117 538706 500403 486558 532772 502853 528761 538623 533454 518026 498263 494869 517232 525083 486520 486829 484951 497136 516644 526601 528427 511226 507849 573479 506517 489584 514642 524197 488073 538342 477788 519265 510539 549495 517669 482511 512626 511534 502109 489117 526535 510414 534633 513904 500127 522797 502505 492559 522393 519987 492327 490320 512277 494863 479680 515530 503401
544004 528903 499059 519773 528344 495241 469424 507495 506577 495561 545624 494415 549062 517986 568956 531607 483979 466279 536512 526003 488034 483227 563575 505578 522225 478769 533228 450641 518304 519600 501211 533371 541189 484431 524604 500591 430488 489188 507438 506015 531214 509982 504550 496117 518396 549799 507105 507144 529971 494985 569850 510624 501600 541500 519091 528793 503267 505302 535836 524911 527103 507875 507245 562051 529021 514171 515403 483419 510879 573578 497229 572051 446264 458356 488609 525424 481595 496414 515721 479291 449636 532518 513578 514440 503138 521018 511684 521807 489721 530321 509023 542765 529366 510967 502116 514977 526353 507067 512030 509180 559980 520924 494613 519407 521110 504188 527618 509304 513155 576138 533533 539512 514407 501642 522017 494524 536469 551433 519415 527079 539356 534812 499644 497269 526295 520592 520598 553617 499901 516597 508774 522905 502817 501892 519466 528210 513143 522435 538959 516836 503172 518022 472709 521595 521373 501945 489013 533445 517132 528556 535547 523770 532350 493367 510955 498782 492041 482612 484716 515363 507735 495262 514079 521274 509984 532814 567491 487021 486047 504478 513994 487443 536457 504378 491654 499237 543204 510639 475451 491451 524651 501268 476467 493847 519494 543205 518708 486902 514967 513391 488521 548723 508001 500041 507467 508868 537337 463019 517499 535505
518163 515942 472628 497589 520632 476514 485672 476373 494402 477990 533589 463504 543487 492441 525530 481327 503930 436574 532231 506079 446062 489111 509439 462932 486121 471306 501639 427730 475478 506917 467005 517215 507118 490723 515365 498902 440091 462659 457455 480685 517238 504280 485745 474653 498048 520043 474681 497377 498564 478547 533083 498519 483647 506826 479588 502542 481376 495101 509680 488727 502017 504419 521339 552192 522570 518725 523349 479567 468607 511215 482805 551198 452692 454668 507675 497007 482837 509775 522773 485610 444306 501627 468040 498109 470903 502354 504446 483206 457002 522993 524999 550535 495494 471270 495979 511439 503719 507594 473367 492851 527390 508464 492034 506848 509043 476688 495616 506394 484339 551990 510542 517170 468651 503648 505200 487348 511123 531630 511221 495347 520182 510685 497345 451024 487221 494551 479478 509779 491695 512800 519507 483364 490158 488380 510117 504388 489250 515244 509266 521966 491807 510164 460167 480026 481445 476066 494464 507568 485488 503541 517721 491948 509807 480462 494910 481801 496414 470035 484690 480837 501631 493829 477325 521735 496407 492356 549488 475471 473115 468181 507656 462293 530250 495018 482933 470899 528515 490003 484439 470094 482690 459318 466973 486252 514921 498102 479691 484078 498158 492120 491130 514531 489284 507795 509685 487040 527789 450757 500252 516073
508507 506330 489179 476464 500673 464889 473789 506949 468916 475851 536383 453572 515890 491811 522294 483603 478374 420629 516359 484669 444377 468281 510807 458396 475002 456701 517718 453216 498740 486896 439887 524855 506859 471421 480991 487509 415475 460392 479410 477754 491187 476406 484680 456387 494141 498072 466921 482893 488869 480313 503880 491768 481320 529368 469555 501582 487371 511707 486022 492520 485644 498753 480718 545510 496579 492931 483449 457752 465942 507412 469176 535069 449500 454044 472876 511530 477857 517832 506500 454513 431604 491764 482068 461363 469825 447646 479365 489916 446292 505278 486590 521358 494813 467382 479678 487412 494582 494263 493363 474041 508902 509129 460010 494331 481776 475481 489670 491114 469858 525646 485361 521961 490949 483025 491774 481512 510277 521162 520290 506132 516443 495612 497907 458575 494944 508887 509170 519461 497205 470144 454903 492621 502177 476163 475000 506295 460100 484758 473737 505531 475199 503155 454392 492513 516462 478104 467261 492780 496974 498950 536189 497071 488112 469606 487836 485845 489201 460904 474495 476790 479661 491452 483206 497102 494319 470211 546661 468554 462588 483467 490481 453291 502349 464488 485793 457208 528985 498390 486113 478134 473345 466802 468580 493998 481478 515567 485055 471920 499996 472914 476307 501066 474241 482576 478779 500950 498806 430038 489796 515500
487880 456246 442754 453865 483294 436694 455110 513089 464855 453739 498912 428614 478762 485604 524570 469826 465342 441727 499345 459547 436588 465568 475591 401216 452776 427418 465059 431525 463063 479064 423209 483352 468768 440658 489566 472272 406617 439451 430472 442032 484075 460769 454542 429881 463787 463915 448560 431883 470468 459563 485793 443018 485865 459138 457298 493560 475119 470175 472072 474610 473479 448322 455940 513289 470690 492398 466482 438035 440804 462432 467226 517397 431816 432628 460905 478033 444165 467896 485310 446826 409768 488053 444257 475697 431793 447074 452810 467052 447974 463972 483044 497264 489159 463793 482631 486774 467945 438944 436383 455741 478771 503618 430185 447563 476724 432881 480916 459735 451970 506309 482890 492282 447154 437723 463599 467166 463722 520466 478337 474202 487668 469662 465584 419809 448063 524896 488878 485559 469424 457028 449494 453239 454786 477427 450620 479768 466364 474573 469631 473892 465247 474007 448674 487118 473044 446056 449683 474358 457758 494193 483471 469222 494349 451978 443337 447438 461575 462387 446829 451163 468878 476207 474645 489960 464796 462496 509823 458123 438450 452765 488630 465236 471259 465988 456573 463075 512267 457735 439843 471532 473539 462808 451843 473746 467061 467187 454368 454437 472953 457053 455859 486852 479382 453878 479892 460900 464610 429416 462402 473841
556318 535670 535369 550037 533982 503802 503255 520153 508785 562353 562252 513998 546276 538325 584056 537612 534017 490205 555322 533602 497843 526519 560513 519827 548864 501343 546302 469979 511006 528292 500972 566199 565372 498530 546942 527046 461077 489256 529308 537085 552386 524031 515113 533784 542496 534496 527430 539800 536235 503419 558336 525659 526361 529306 525201 550584 526885 531554 564472 541777 547342 525270 527648 592285 557305 543423 528387 518754 518780 554668 528092 558871 469346 480035 518121 528899 502076 543913 545311 482098 463535 526130 505265 519578 516409 505893 538982 546770 499847 540700 509143 554261 524241 528958 536579 531505 513343 521681 520767 539082 559941 572057 514862 554664 535806 520870 528848 538282 516867 562653 545659 546345 527166 520785 561416 524026 566493 552234 550954 531375 561972 544169 504003 505021 541902 534780 542980 562291 536626 522543 520118 549607 502435 521233 541452 512254 553660 526372 545474 531446 513831 526967 500078 557462 538974 520263 505755 537291 524524 553412 553721 563844 536923 490230 512027 510140 533616 495070 507004 514079 528350 542291 530273 537574 552013 570379 570742 491821 506741 508651 573765 492455 549811 522991 514531 524349 588553 535997 499995 520518 543286 519931 494944 539568 533928 558814 533471 492930 535079 506263 494670 556450 529885 508992 513733 542927 545107 495584 537355 566861
526094 508549 488333 513791 538862 487470 511164 522026 503699 510265 546527 516767 544665 508691 573280 519653 495041 461961 538043 542760 479524 495332 548802 484307 523266 474352 516749 472487 508111 508883 475863 553509 547072 483337 527611 491431 455197 486750 513077 526702 553823 506004 510375 504870 517339 520298 520150 509851 515854 504068 536727 503476 499216 537904 523504 548154 483675 521784 543130 537122 516269 527308 499877 567997 533852 525795 532946 500118 498684 533425 509273 570890 452842 467264 502539 522615 486421 529778 515489 489796 436754 530900 505488 514161 484099 510182 522276 541829 478840 530331 528744 555630 535361 489151 513987 521945 527704 486565 510857 506371 538412 525001 482236 514360 545097 507156 522981 531317 512937 575679 539477 560006 503944 508939 532698 506114 557911 542792 546287 519020 556427 530700 512120 455580 527988 548056 531246 565538 536201 513129 525857 516979 508123 510382 526055 530001 532677 506759 523380 528361 507639 539188 457358 519704 527310 511801 505405 514202 511253 534820 555184 528277 537798 515818 514474 506829 509203 491365 501907 515363 513541 519832 537982 504823 502124 532900 568109 511826 513386 500737 522497 493895 539782 506748 498413 502525 531057 503124 498296 517077 515968 501007 483921 498347 528115 515391 508413 507699 518218 499787 484779 527390 516307 517034 503227 490931 544495 453342 506912 505598
511073 482319 469253 463303 506777 460839 472972 507262 459541 463755 515363 468139 502733 504161 522329 480334 480743 425077 511586 495728 463475 460573 483037 448624 461335 458805 492870 434980 498753 481473 433478 540556 509209 451883 504247 488240 411729 440084 466871 485846 498989 491976 490687 464265 474499 480643 456867 476867 482686 474610 496912 465076 490954 497090 481241 495686 498540 490929 481998 494262 497838 498799 494658 514906 516029 519793 486803 470977 453260 497388 482350 545902 440982 460509 484886 500730 472241 523376 503275 454806 424300 516863 456055 456944 447146 453328 494368 472379 438761 492873 485231 504123 519378 469945 496806 502685 501684 451462 480774 472864 489528 511627 456292 478271 485004 462638 494998 506441 485862 532987 495938 519756 465611 486548 460576 469745 493949 511235 509048 488868 518207 464549 467195 439713 458195 511496 507124 521349 479959 481801 455942 462787 472176 479341 481852 490083 511502 465899 470096 493986 499820 513721 465570 476593 482476 476703 475223 489035 477091 508032 499515 499795 488721 460203 468746 472644 493421 460934 480820 448062 482343 507823 489591 505592 498347 467735 532945 486446 459376 500139 492223 470346 518898 500292 462124 457102 506621 495506 476975 490501 480779 479751 455799 511300 451493 493879 474079 480096 507488 469924 443649 509307 493502 495951 467721 485416 482288 428474 455504 481127
568480 544129 512787 541824 548270 505554 531917 554916 524722 539499 549188 504793 556948 521754 582829 556306 528880 482288 562777 560963 510167 504137 551600 491556 534562 489248 530599 500903 527688 510565 492653 556280 568245 491966 550946 534448 472514 467310 513695 536809 573213 517916 518946 501183 555328 536569 520890 519683 510624 540548 570652 536167 524526 539424 506918 571663 525738 533457 547508 535564 525706 549440 526154 570817 551750 563924 553223 504334 505183 531416 520481 582117 482565 526063 523295 545531 510845 536743 549916 494142 472092 551567 516493 529429 482212 512027 547345 548287 510535 562321 540462 563282 544978 526073 527891 552556 542415 502297 534326 497056 538313 577480 513229 551400 551891 517686 552846 552318 520015 588802 550639 529643 528541 549006 546223 530929 548967 568246 565501 539002 587444 538233 525282 478986 533445 544387 527775 549928 541075 578677 544127 567914 505543 516406 521739 545061 533478 514185 528425 532088 526837 574379 501096 563596 541171 517218 511926 547670 527266 555435 560049 547658 561851 530924 520909 516854 523979 536537 520570 526785 521602 536473 537245 542391 523771 518482 609293 526902 508550 525134 543373 521665 567041 523150 528243 532195 534798 517113 516892 511108 525949 526763 537297 528705 550297 555743 517638 521834 538101 496229 503563 559964 554311 518021 528170 527650 550998 496024 518126 537678
515165 495651 446577 487692 504239 462064 479646 509515 508473 487518 519497 452891 517754 488333 537392 493791 490616 464035 526873 507489 458326 465940 532769 437197 467559 451000 497771 455558 482835 485730 444847 509861 503445 470284 477555 482828 429981 444187 496772 497158 502206 474040 491256 454914 496541 489975 493887 478807 482546 469788 511233 473272 481087 496104 473390 518424 477969 490717 495588 491433 514066 490817 480499 526127 519135 509551 508908 471021 468584 507089 491502 537230 437290 461282 477701 481391 466741 516006 509108 468338 430475 520826 451595 493014 475548 471297 476528 490431 484970 490641 499058 541418 500841 472343 487904 505328 485711 468315 486124 489426 511898 537220 480380 496240 506435 473729 519004 493735 481287 534900 495787 532515 470111 505606 495181 474401 509257 503107 501770 480751 513744 472815 479182 436733 466060 490846 502859 518418 499806 492173 481821 504224 471961 468925 489595 505412 489476 518400 490646 484376 485159 511761 442091 479877 498635 480232 486547 484579 481471 501491 517276 499944 504755 471354 476695 464114 489859 468794 485539 481297 511505 484252 496594 500453 499433 488381 521819 457354 481827 460548 513865 468535 516265 477727 474842 473991 502780 484990 448145 483348 488768 453552 475043 486138 502236 498296 474692 483170 464934 448756 476702 530376 477198 471118 468848 485018 492495 448742 497242 473987
572023 530050 531379 545939 558471 514438 505810 551457 534120 521702 558020 526784 586014 537436 572992 564586 517467 492356 577577 537897 507486 534966 561430 469954 530442 491813 560678 466876 527156 524063 499337 549926 561368 518073 538479 537699 484073 493338 531376 530827 551523 532583 526148 540582 533656 536870 522449 524241 521279 540503 579414 525792 523830 538139 523698 564964 510588 531709 577926 540522 560566 532645 538459 599638 547777 560884 564628 532138 521037 557248 519371 582454 491290 489291 518539 519386 526375 574370 540696 509064 469613 561427 518497 535172 530886 523243 505347 536852 510440 530243 542973 594355 520173 523497 540225 519554 524756 519196 522585 514873 551330 573355 505139 531278 551989 506633 536650 551530 509105 595548 543200 585240 533550 534251 548069 535371 552134 577283 553789 536787 550660 523748 521605 489788 534382 566668 554071 549883 538375 542606 536930 543538 507777 505223 520529 523642 535137 572891 544201 548551 551511 543097 480870 555770 544662 532834 509422 528607 527044 559038 554796 573092 567505 511778 549001 511236 518814 505773 517609 516550 529895 539528 535983 530025 525452 532830 595582 519176 488273 501022 554847 491014 563198 532820 522462 545413 560969 549627 516595 522972 544131 519183 504504 515696 548922 529308 536035 487495 551825 531820 507361 569496 531294 527991 535810 526139 542459 486658 545946 540667
539455 521413 470477 532778 517064 482303 479804 502860 511292 496418 534992 478011 551058 520782 551129 515767 516696 454622 533581 512586 479127 494648 559101 481519 521400 483033 491928 475397 501390 524931 476364 521127 533356 464742 517155 500430 426838 464421 517995 505540 533908 513079 495713 487665 511819 525662 523933 518494 514144 491605 534273 499972 511921 493472 481920 524379 501127 512931 544453 529724 524412 514082 488779 571012 524094 510875 513235 498141 508410 531016 493830 547760 464345 452849 482919 521460 485070 513743 514629 489792 450052 493183 493225 519962 479720 504035 518692 507060 484082 513836 525523 542195 502197 507844 516174 524448 511832 490452 508234 493864 523248 523569 495576 519153 519146 493697 502054 516702 493033 544749 495408 541409 489611 496850 509419 520907 529609 556742 534808 511252 549983 527986 510549 461384 501638 517904 518659 510132 497284 500038 510032 511226 500454 492320 491506 525112 512416 513316 503703 511387 521345 533501 479864 518872 511369 495280 471954 516957 504691 529554 517217 516789 513095 494717 525584 493579 505543 506064 501437 488793 516674 514001 504229 526305 519396 528558 573656 494922 473845 477321 537635 494322 520173 491575 493493 506519 529035 488518 500632 480354 523721 504847 480524 501631 522044 503716 482515 510255 491982 511333 454125 529695 496705 490965 507084 512030 514726 465407 511886 503362
575219 521228 491766 532334 563375 533376 547398 537579 550818 546371 595039 544607 592022 522536 582349 565248 551802 492929 554352 572652 511217 533393 556333 522200 574489 509411 556013 507595 550445 543806 513733 592139 568970 522950 539928 539508 483256 498301 526039 540179 577289 541687 528431 535523 548389 544763 534537 541064 534347 542284 559320 528253 547918 549199 531831 549602 543463 562539 551608 566469 573472 550387 536263 601594 560052 572188 563188 529601 524641 554256 531399 580202 501330 492535 542210 538962 533313 551598 567485 520832 497036 562293 516812 560799 507095 518644 553324 558206 511682 551787 540829 562204 571725 541343 547810 553909 548607 536985 535989 547917 579082 579386 526188 553469 573730 539600 569902 565532 541077 595945 572030 555179 552143 539355 559266 536203 564258 594144 597084 536440 579111 548363 526005 510265 573989 554775 551146 577601 542148 555385 547920 573971 525634 537533 546805 560670 542491 534756 562174 554900 532041 564399 513963 570498 549989 546379 509757 558382 543528 574582 570537 558943 576660 538780 542392 524496 554781 536046 525198 533535 531660 577475 530206 548250 545546 558528 621365 548764 517310 537971 581739 499379 586172 540616 519466 552793 582422 522144 529601 539003 547997 517554 525447 537810 547043 542156 535457 533285 562455 537350 530783 560244 555372 525876 540646 573906 582988 506596 573658 569196
476693 463028 454223 473244 451876 446113 465458 492665 448205 460982 491639 429782 505123 449235 515252 488784 465263 433973 506546 475040 392352 466933 464602 429254 464288 435038 488775 429136 463203 462581 407454 491824 519688 423762 481289 467432 410093 430944 470692 462581 477985 438972 462600 459375 455314 471858 458592 466449 460546 456998 494220 458363 451773 482698 462584 488275 440129 444745 458702 464183 463469 466143 443912 500481 483615 463043 477703 463261 463143 477517 457717 502972 424641 424413 443536 472488 440412 484169 485362 441514 439688 485026 456976 445042 454797 460873 459990 462712 426729 471341 455390 505971 463350 457279 459129 475697 453794 462414 454442 453370 490503 493525 430866 460833 461035 419282 473234 474057 485583 507790 448808 473541 458106 464481 472818 476132 501286 473224 471131 434937 477187 454208 461618 430323 476015 475411 477042 493182 471603 468159 478176 467905 466568 449379 463801 454022 474488 463023 468143 493373 441256 485894 444115 479032 482215 439152 450835 472749 464267 474560 488718 488407 500806 452537 465533 449107 455399 457903 460196 452169 456860 445604 459391 466630 450051 457276 512864 457783 435419 445013 475195 433869 494478 465571 448813 463407 466746 485014 438126 437820 440779 447166 456648 467244 465224 473602 454047 456923 479861 455889 452471 464533 470071 456988 461513 439924 463838 420173 477234 470734
540409 501438 480887 510862 543037 502944 493615 522858 528244 523491 543888 493405 553057 498042 574522 513251 497509 477412 545812 543425 474515 507987 542805 448257 524808 477279 516745 475595 513953 514689 471365 533464 510361 480541 501757 510356 449860 474356 525709 502831 533831 481707 492681 503454 519602 506992 477323 497640 506645 519538 516295 501345 504919 521548 498778 557282 524987 505313 525648 489970 531178 510731 503637 576122 537395 528547 531191 501450 476438 507509 475172 549753 454483 449749 466391 508980 478561 518029 493139 494694 448871 515075 491980 497024 481815 480448 519608 507657 482259 516513 532911 560016 525620 536625 506561 535553 508427 505442 499000 501822 543354 540205 485772 528841 522537 493216 545043 531018 481991 570945 524092 544091 501952 507370 535017 498197 544926 526037 527153 509952 550478 520744 527223 470408 499397 523152 514020 543833 514337 512889 506229 531659 514744 504987 505003 526489 502366 522218 538684 518789 517699 523919 461522 531069 546502 519689 504584 521728 509164 516755 530038 519043 519564 478740 504401 478024 494067 499831 492439 487030 513427 523003 503186 519841 515033 513030 548383 494490 477285 500658 537971 474687 537187 473843 502057 493322 545488 510220 482968 512672 516459 498890 498006 498594 517091 518002 494452 499538 530909 505780 491745 543965 536295 509723 488441 514678 523962 477911 551510 514077
577362 505224 499075 508603 540398 494572 508217 541257 518891 522013 545939 511189 553815 521249 567890 525871 539683 459974 552278 534206 490298 494231 549326 482879 518313 513599 551709 455039 508302 506411 495053 537136 544500 480668 531886 479848 451760 472648 508729 529920 555136 528932 517164 478480 510247 515231 496320 523772 512317 516735 535042 498279 518224 506269 514047 555083 512272 524492 542088 490446 550000 537297 509943 561759 536903 521783 515490 516592 505062 521136 507582 567015 449056 465879 487517 524882 482305 534191 542178 494095 472491 547092 503234 498696 496992 493225 523567 510166 479385 534600 523514 546278 542789 499306 516654 532649 532867 502015 493165 520622 538359 531614 484649 516003 528699 494592 530250 549207 514117 561159 519489 533233 501343 526943 518296 492197 552296 538524 524423 506190 521062 517321 510599 459531 533683 529558 529416 568442 514469 503974 522436 535848 504224 507584 508721 534691 507684 550048 528674 526975 487055 529115 467406 551643 542511 502670 495731 527036 505455 531442 561670 537142 562088 508272 498824 511939 515612 494119 525648 493993 518567 501995 514551 556063 480533 509849 554670 498396 511978 478646 533138 497029 538769 525440 500308 494743 553060 517012 496212 514781 515995 500967 488604 517437 513911 523392 494624 504610 504799 510781 505806 559415 501954 526130 512768 506270 527316 484461 516321 509565
499533 483499 483475 451439 523635 498395 467574 498866 482482 498532 504926 455485 516878 474096 523898 501801 486857 443304 507591 513934 472192 492906 505453 451576 476408 451047 491146 423940 490153 503339 474349 517034 506163 442496 485170 493902 429887 435766 489117 468788 536344 482770 491086 472000 485449 497265 468369 495093 501709 483965 509793 493432 513767 500621 477771 526038 486239 502179 490445 482960 463975 475823 474273 537729 495677 522453 518692 474898 457673 516875 449355 550969 431546 432689 499557 480057 474495 499691 493602 469526 439212 510451 458122 465394 458198 474930 517819 492108 448423 509512 499130 536072 493597 475490 470119 493676 477861 472671 470851 493752 523716 524998 470812 507271 501975 466665 490764 494441 472936 533740 480460 513803 458891 472138 482227 490440 502704 526434 498823 493491 513968 478958 501709 454443 484000 513277 481795 544089 493741 485467 486288 497570 477542 476044 517031 496771 473101 519114 499370 504434 494751 508960 478694 504267 467387 477611 484177 509147 477800 499655 530054 527326 514797 472375 493816 478593 499762 444841 469122 460103 474226 486852 491694 512669 488927 495190 540757 467585 471265 485511 489232 455970 525798 500981 482395 453926 526734 471193 455385 487552 469375 449979 426879 493285 505355 502969 489150 465705 494870 487315 459580 496994 494182 499870 484584 483868 483185 449913 482396 503470
466504 460294 431434 467881 488027 456249 461526 461848 453081 449437 503975 447901 497229 467681 509419 472066 462371 413061 492191 477713 447359 456877 498623 441983 462853 421351 491662 430878 468653 454045 433407 475601 501139 443472 482165 464581 386785 421376 447261 480737 497269 451186 437325 436592 466572 453711 465736 471510 469643 454813 485393 467804 460130 497782 454410 514031 444467 465253 486507 477389 444536 482171 434667 524443 471194 461511 478782 420656 441612 479140 454842 504769 434565 425128 433537 462676 441027 477502 476212 436990 408000 458423 458294 439740 447507 424465 460453 451532 447207 495009 459040 499259 466849 459008 443356 476119 456067 453827 454781 437716 492362 506480 426179 475478 478553 470699 465272 469531 466813 531146 464586 466026 449815 472119 487412 472500 474203 477565 472361 478561 505633 446172 462339 436701 450602 464613 487606 490778 462981 469870 450119 476133 465467 447002 481481 455567 475546 486070 463627 469949 463207 478747 436844 467261 482429 432522 462259 464023 466621 479943 494400 479588 487609 452095 448920 460359 472856 437698 439137 458322 474814 477959 448715 451360 466271 472480 501430 438845 454865 447869 469701 442536 476402 470297 457921 455866 479226 467403 455344 429750 464487 447060 447355 459412 489694 478036 441229 460577 451815 437199 433001 473973 454316 460513 445331 454798 472813 440426 455867 475502
548130 509203 490789 495331 540300 489880 512362 491638 510530 508108 525581 481563 562194 505103 564178 527892 525750 482117 548568 524790 482534 497162 540948 485582 520599 466666 529771 463612 511465 520183 476425 535875 557578 482312 545701 495468 466829 458772 499827 526783 546230 511144 491736 484770 514244 498982 511032 497643 513550 492664 541492 485740 518520 506868 482694 543898 486426 515748 526846 507016 518349 533533 506972 575951 546708 532504 532551 508467 483438 519379 481427 574978 455319 465053 485550 504330 489448 514716 511038 468327 458869 542177 494344 495577 487180 468428 512075 525133 478201 550098 529119 555144 516056 493159 526423 518685 502603 496073 522968 511434 535931 542900 496017 529552 511925 495090 501468 545795 487332 555337 492789 531569 496829 523070 514862 510405 539683 542175 504773 492641 530590 529493 496257 467584 543296 546055 529144 546663 502583 501217 506892 525671 478914 491800 487232 524105 524375 500174 520566 540719 499173 527961 477662 530240 508923 506133 493384 521622 491070 521970 528518 553268 532105 486414 511225 500963 491822 495606 477990 488971 513380 516466 523529 520299 502502 535732 577325 510712 492658 488572 528176 463818 579528 516095 488539 506093 552219 522149 490387 503788 511556 492784 479499 510058 538102 526941 513721 512586 501860 511741 494997 527332 501485 520289 513079 495991 513338 468622 503946 515980
494588 508463 458161 468242 511144 450653 469379 506439 480804 474566 501288 456082 509693 476049 520788 472310 496030 426853 490532 465189 431811 477387 487066 451960 472749 447341 481876 435879 457191 475542 453690 490977 483844 449445 473625 477766 413636 431204 454461 502458 485860 485567 496194 465564 507883 475054 483988 483178 467927 437033 484517 471222 470168 496769 450883 513864 470550 475800 493524 489645 517547 488765 458097 516853 479853 496903 499483 477895 464403 483106 473596 535332 459959 439716 466102 483774 460749 489247 489086 462038 431123 483716 448418 460096 447595 457631 474229 481090 454286 498693 477533 511935 465312 475501 479519 489749 480545 480704 477327 458597 515345 506655 476441 475297 472524 469336 484480 483136 464681 510715 474838 503122 488011 470482 491971 494460 490298 508729 500884 471124 484996 499032 462281 450177 450131 493936 490698 494209 488773 492861 462008 494400 476644 460070 486076 478709 479709 497391 489257 475083 476674 517650 459744 490128 483687 484984 461789 490766 466043 490357 485762 489862 502266 462191 470212 458583 472558 454189 451711 446736 456194 483082 483247 477820 479573 475135 520609 443939 464767 463704 484913 458811 512044 465809 468974 471275 511229 495832 448086 452678 487929 444384 454829 461617 487568 476876 472385 484893 471146 461825 455217 499538 475218 458540 493695 472336 480835 436518 489142 485330
566731 549849 487663 529460 541159 491196 513266 525504 534441 520996 562093 503814 570536 544196 571150 530231 533046 480712 544835 521608 494757 513169 558997 479848 513431 493008 542985 482199 531456 541088 482371 556271 542968 518447 526652 527569 476499 499328 529712 545633 551156 517743 525198 488758 546758 531162 518911 556565 546436 505699 586394 506748 500999 544453 497602 563328 515925 520025 520093 520045 536830 546423 507634 608835 540865 531112 536106 534415 510708 549383 512744 580414 479615 488626 494004 535873 512962 555515 531334 480291 488437 543848 498782 526657 525869 515648 538745 543915 501843 533583 556135 553210 541608 527657 548231 547406 528974 507611 545107 528441 540405 567827 502307 544316 543222 525272 521220 546908 497252 582153 528886 547710 520046 524642 561248 528509 535608 576130 545216 543404 547769 537065 526990 477485 534422 546063 547125 550946 524517 534316 519833 525862 527814 527248 531952 553263 532950 542539 530432 518221 526424 538146 499975 547658 552181 510367 524568 526496 525047 538181 551419 549173 565626 530055 520198 517097 518383 509810 523599 520537 533737 517259 540149 544781 508340 524561 570016 524530 526941 503933 553569 500548 560315 523932 536159 525744 538820 520958 509340 495984 522043 512745 511551 524198 546585 533625 519287 519638 542388 536951 484420 557480 528843 528454 526076 530646 541536 470916 535475 531843
546900 502330 514402 534998 547182 498650 500394 523370 512069 508419 542397 485876 564848 547430 552017 537022 508400 468803 542977 547227 490761 512674 545832 500600 523733 494520 536997 459485 510224 521900 474112 550885 571114 486110 499932 506260 454840 481285 534132 526053 535340 532259 517237 503927 526635 519078 502373 505418 514965 508175 536901 493547 504905 539988 489971 547055 512770 528183 523466 535286 538447 524039 505366 569930 534310 548469 540608 500231 504054 553195 513724 594567 465872 472761 496396 518130 502729 529016 521684 493571 445831 539137 512244 494470 497105 495767 555539 541098 478266 541491 541304 541261 535467 506634 517819 567349 535104 488007 513690 485552 546654 548803 499635 522561 530961 505829 529987 545543 511403 558173 527562 566475 528446 498308 508172 504801 527093 549165 528575 533501 525096 533527 539129 478164 533671 549133 531544 560922 509961 521063 491303 535463 513809 506107 496378 532949 513563 542572 551189 531048 522428 538809 489102 563066 532626 503669 528921 516956 488279 547676 545915 569952 563523 497452 513845 507142 519937 497364 494543 499893 520641 541066 513995 518388 550072 537132 572250 517027 514010 490110 547781 497962 577048 502862 518872 518418 541267 518306 481100 523275 529530 490918 511953 516237 508168 528798 498112 500925 533978 501925 509346 545355 507417 500512 510653 522236 502956 477231 529888 537852
516257 490165 470698 463972 501515 476598 474667 523447 487969 488360 526609 483965 528652 474735 527428 489966 498042 469872 544953 507346 478905 487704 531122 460548 508828 436137 522809 445000 508600 514213 469519 531178 517328 462161 501483 487307 432201 462645 472155 488596 529505 493068 492475 479816 497146 516194 495966 491296 494494 471031 527926 478878 484813 526245 473440 511531 497693 511543 508044 509839 508922 499843 499478 552738 508341 513571 518152 477651 480147 510843 476155 539156 456404 466530 478224 506527 468247 493378 500927 467931 442440 538861 469902 481273 475590 477405 496000 503161 472253 517707 493635 516692 519824 481474 490208 521820 496951 477103 494377 479940 509726 532116 478734 501335 505370 467970 523642 495652 492007 536984 515357 500807 496889 475464 535155 495691 503559 538702 498703 503983 536945 477688 509342 450870 503843 513079 509388 514876 498193 527301 476327 536356 492146 501273 492452 512425 515533 503203 521399 495490 504800 507487 458720 497066 502359 478653 491262 502543 481387 523409 523927 529874 518053 499364 469964 489755 488484 468987 497755 476579 474014 500537 502158 506617 501204 500783 536819 471687 462889 516720 524751 472960 530848 488072 490143 480737 511981 490512 478561 471754 495740 490928 478547 493638 500404 496886 483984 491989 494755 458560 481051 500423 490861 504822 489870 488235 530606 463355 503042 491288
542675 508382 488786 525530 531045 480525 492978 506480 526603 515282 528895 483991 536400 507362 563616 508308 504308 464335 536588 531258 473296 502838 525109 448317 506607 501983 511119 469214 496615 505834 466753 530975 494021 490949 512623 492793 440721 472704 478608 522486 512934 506124 511887 485233 504513 506793 482606 497672 511809 504675 514082 520837 510886 512461 495500 533787 500580 512084 501699 494683 526713 510067 507964 579940 516030 530103 515781 474098 467483 532512 485081 539948 469553 443797 485899 529242 507405 528349 505885 461529 441801 525500 480729 499409 474317 473764 502955 518472 476931 530837 516574 551183 492541 474769 511231 512182 494821 475676 487881 496540 523987 514955 477764 507151 516887 485273 491214 530082 492551 558021 508936 533902 492230 485043 538548 510099 522202 540736 519877 513884 530473 514851 522005 460260 513706 523090 522101 542808 498016 519557 486073 497098 491102 490245 514484 537856 490566 525552 523687 535112 496352 530319 472208 514418 508964 504531 486153 492800 485582 533022 534310 490794 520131 487012 503133 492093 513325 501735 463652 486685 504996 525089 506752 513440 530393 511065 537331 493121 475599 512722 525516 460182 549005 488577 483632 520952 534804 502731 503450 522344 510997 484694 501050 515949 504943 517681 483275 495646 502862 488147 475222 522621 517286 510543 506181 512014 539176 458779 509867 518684
527480 505003 471233 498333 509820 490051 505945 491920 498846 511876 515615 475580 526150 506426 565656 503060 510919 455179 522505 504209 476889 495485 512777 457001 519868 481365 526564 443372 491629 494085 476027 494998 514826 492874 512972 493809 444331 479915 475138 510932 529335 484539 482022 467518 484059 501726 473319 493743 503971 473693 524539 499407 496414 490965 475141 505634 476847 494314 498949 513164 526862 483706 469826 531124 516165 515528 516697 496199 492226 492954 495984 539370 451963 434656 487653 493803 486324 518660 504391 463953 451217 520312 483423 497562 481485 476271 499361 498710 466219 522143 509966 526822 495515 482123 473588 528799 486094 475701 489345 507164 545760 516931 468884 516022 503241 489949 513548 507039 478717 536532 492953 497007 479038 498950 519115 488423 512288 527600 508459 473901 504699 490971 484190 455876 500720 508657 494948 527239 493538 485860 499729 518326 472933 481579 502441 522538 477157 515020 509659 519132 482502 521640 474146 525468 528736 480461 464985 499553 495053 510587 533248 503874 515653 487130 486291 472070 499680 480870 478784 489885 494741 491256 497066 517036 484707 484873 554709 484706 493564 462594 514593 470778 535181 488111 480936 501501 525064 509007 484756 480935 502230 470709 469598 497251 523771 506067 473934 481213 499569 482190 483661 520333 508737 470066 507878 501241 511515 449278 516801 493347
528302 500634 485391 501437 547575 493157 518352 513915 519881 500569 546877 494862 569618 507728 546363 516278 508695 462618 521059 520084 500845 501751 531742 480476 511226 481316 537266 453008 484499 512827 469007 543345 531507 484839 513877 509861 445493 455006 499800 520281 531667 519063 499193 494135 503289 515029 502794 515006 517795 504233 527983 518936 492030 541854 492178 530478 493298 510760 535755 523497 503010 542356 519529 572071 540957 500682 534591 489212 494203 536421 487550 551841 477374 462793 495922 529514 481587 533602 522292 482446 463437 528759 492663 505961 469433 522355 510396 520581 469751 535536 518609 552883 513536 512923 487207 489773 509309 515799 490404 500740 526415 537460 471431 535092 510120 469737 516486 518718 501754 570138 511645 544945 496428 512659 555070 478414 541738 538453 542043 511992 525909 495060 507939 480688 495469 520120 514946 545838 512560 514014 517692 524249 501000 483216 503342 520226 492768 518215 515249 540623 500899 537505 474835 506142 532215 489734 481631 514108 508311 533598 534144 522835 552220 515380 495657 499950 499265 489070 494313 512814 526761 505988 510694 521709 498806 512159 564816 503825 496777 495633 513237 462807 531741 499542 484326 501091 546850 502542 504657 495971 515174 507401 477114 490164 546191 537048 511204 489581 491527 489178 479438 534516 494137 519290 507747 504615 531019 466458 509670 514935
520151 491319 479352 506815 517780 474415 487637 507434 512236 496872 543385 477951 545850 507415 539581 515140 503164 461519 542361 504398 472292 483510 514020 461489 511759 466677 523430 471556 501557 492928 470833 519209 532320 500716 487839 488024 444094 463521 481942 504368 542615 498359 486180 480942 511643 505440 477416 476843 487529 505767 518153 516804 490535 520977 490202 514928 492612 520570 501853 492746 519440 496161 493895 551025 530910 523706 535688 495051 488452 491784 473152 564307 452622 477325 474253 496496 465389 509682 489033 463476 421622 519526 479437 511999 472352 476663 492597 518487 467080 515395 513587 549828 521168 492661 503619 508396 480511 494049 496021 514719 525318 535381 508584 526483 504348 484769 520554 543234 490889 567678 512015 531893 503945 505787 505847 488876 521615 521682 518029 510011 520167 516726 498610 467074 504238 533464 518319 533072 491305 500492 512841 506686 504251 464912 494784 525208 492361 508760 542839 522423 506265 512031 467975 510784 515449 477777 474655 512454 507022 500315 520146 525298 525213 476603 497803 488033 505035 481150 490173 503491 489355 498032 492657 492150 492751 497718 556240 481600 478709 514810 535107 470532 531663 489843 501202 479683 521953 490837 485564 483123 499963 471924 466767 496537 506484 519869 498294 477147 510153 488523 493820 540226 495628 502077 499794 508710 509693 494080 515829 505735
482114 484127 460844 459005 475007 460596 467661 488536 486958 467362 518767 451889 508290 480857 531764 463501 464939 415427 497533 504539 418638 483146 487213 458895 469235 436168 470568 425794 493350 443653 444424 501092 503447 435881 466694 459009 395514 430791 486081 483801 516119 480907 480901 456406 477544 487324 471433 486776 473455 454453 520739 457970 466883 505029 459440 522923 459976 488730 483020 461900 484305 491007 445448 520575 482017 490454 506064 445314 467601 490756 459384 519577 419531 461134 453017 492351 470976 491943 465563 436775 410231 486753 450816 468931 460621 459262 469331 489104 464372 499725 473009 509967 472083 479190 480954 467158 483603 469467 457471 454652 499197 496390 464404 496991 461217 463901 480923 472371 462832 533146 497411 488718 475592 489860 482083 455184 507309 507679 502469 469032 510893 469876 482662 444149 471575 499220 497443 484353 484661 490306 475364 496564 467393 452749 460099 458869 473920 455234 477348 487074 487332 493060 446083 483554 507788 438437 452448 474852 462548 479478 531052 501286 488266 474537 458313 465311 473476 469159 455012 474572 461443 465450 476842 497281 458008 481209 511229 469469 435527 449477 478795 474149 486881 476171 476658 460877 493141 465963 480861 470789 467210 451064 451429 490678 474663 490220 474904 453955 494539 468550 465389 480444 480360 458539 460823 481821 516165 422664 473662 476850
498770 500611 498350 518594 523128 481482 469881 511704 524583 507293 523698 492559 532743 498257 550405 509392 508494 448974 544006 507342 487451 513682 520842 473814 518006 488566 513006 446383 489861 506502 461011 520188 526261 481908 500924 511036 420789 488073 497790 515736 544392 496464 498599 489857 498114 502435 503951 520076 513488 500781 533348 529070 487008 512724 489378 525176 491251 524195 529645 503299 504699 509287 508920 571647 503127 529902 513714 477480 497414 512267 482466 526464 453386 457713 497549 513323 477836 515663 520164 469633 454189 499825 484323 511602 491975 503011 521549 515867 453858 498032 499460 547242 520282 496815 497727 510616 500048 493756 475473 503465 544341 526755 475771 527858 502009 485135 498859 525063 501279 561445 506698 530641 490728 494190 521816 510791 528096 527751 507545 526752 535131 506467 498591 480730 496580 510898 514605 535709 503604 522435 509980 504970 502096 489592 486368 514473 523420 525674 518079 521388 514106 528907 478973 508907 506226 501692 487358 526264 528996 517682 502891 532481 514511 513462 495971 497044 484600 488200 495090 491027 497339 518603 495805 514585 522079 498303 546925 481556 478721 498460 496329 465072 546378 490522 511090 498980 527207 507353 492895 494342 507458 490610 477603 508376 504692 515385 494239 479437 490545 496006 464033 517071 504120 517087 498303 521576 524372 478523 512661 504977
455359 451997 442144 451673 475959 443890 445951 448964 445290 448030 479415 435746 471981 443136 497184 470145 448134 439550 503209 461194 438109 428938 489478 401810 436563 409002 473512 425405 446424 476127 415057 478386 453777 452607 461353 467390 400270 446392 452638 440543 467385 426236 429880 432660 471217 443459 438389 444525 463041 445732 485980 458552 435355 459251 418474 467614 456875 461845 474881 458593 470778 455155 448414 510793 475480 474305 486345 439095 435890 478556 425123 508383 404257 413334 437469 454792 452582 475874 474834 426152 418184 460048 438283 446160 456480 446415 472766 467962 425345 476781 462464 488256 465674 449630 459414 466582 475256 454590 467340 447244 469954 479393 420924 457516 467289 436377 438891 481840 431420 515990 465937 480582 451063 446496 464580 444279 460332 466950 472847 487306 493737 475513 462316 414959 457530 471857 460557 483660 454904 459387 438861 466958 456334 436116 459708 480559 454512 477178 474892 476271 460823 468691 416638 477203 479904 429997 435974 456664 443416 470652 505512 475815 479141 440459 438816 440554 462563 420017 434000 452066 431576 456009 475640 446064 447678 460408 495558 435756 429268 423385 468125 451334 491053 460842 442424 454079 494209 458252 401182 455797 464816 440947 424493 425440 456136 446130 448148 453099 473576 468993 440944 474511 454687 440717 444884 469534 476640 414277 473319 450758
529611 487154 468721 484633 524268 474476 457978 503297 464357 493272 527389 447401 539974 514423 545574 516382 486624 473978 534831 515658 494692 493614 536908 468656 510405 487383 516752 468516 499010 499344 469971 531494 543437 467482 495031 494791 439311 474522 511164 506307 512043 504205 493533 492602 501832 513340 495660 511868 524543 487527 531343 490325 486193 527180 481691 530351 471760 488970 517385 516948 526691 501642 498243 555627 521223 500825 519095 492151 498824 534374 490213 542398 451977 453512 480555 520705 474096 550546 505339 482408 422433 524834 482584 499397 490981 477952 516297 505491 488575 507700 520968 518060 534288 486543 498458 503145 498693 480586 494581 492542 529700 541501 490084 506333 507365 485362 513360 520460 514303 558072 502458 541169 519909 492262 516811 486323 533757 525036 526552 506799 513258 504268 493426 469164 512798 535960 515505 543872 519056 490200 498372 495148 493657 493092 508576 508663 510110 531759 516761 489339 512195 511207 458907 516748 500954 497216 503032 497654 503091 523519 510143 552799 527312 487787 511802 496612 491872 490429 504461 507629 519351 521196 504340 476655 518039 513712 546158 492367 469099 524620 508664 463383 541079 501228 479934 493983 516845 512778 492790 498055 515329 469081 484225 509928 507256 502029 490647 478810 526443 490976 480622 527199 505340 502957 487359 519892 534012 462340 498674 522704
489759 494213 436066 466858 477905 429266 449760 461724 457739 450433 506478 441821 480568 468843 500315 468975 463510 431856 492462 477950 436282 433272 471412 434769 446749 435137 486594 424643 446846 468933 418074 471169 478394 439597 484198 468921 392682 457148 460947 458267 489010 470303 442026 448688 438956 466915 445836 470018 469954 444191 502775 471159 472714 474333 446903 475671 457809 453201 472219 457536 455929 480999 474683 516374 483195 487516 475456 439185 457321 457136 454858 528584 411467 433268 442293 482333 455232 485720 482375 439034 432235 468680 450411 486439 450385 442601 486759 467931 436745 469800 454140 478886 494041 473723 466961 485521 485120 461776 473061 444027 497066 502025 449714 460536 469892 450317 480241 459503 461809 531265 472924 504801 459787 472013 457613 456841 468462 514693 464197 478295 490540 471002 468566 442481 470606 499021 489712 462987 451484 484466 464410 474813 447603 464349 454833 491946 485721 464343 489626 468226 462530 486756 444815 459451 472618 442821 450095 448184 446214 490546 497526 493641 486951 453942 456158 446972 473535 451854 444467 486373 461814 452635 444922 473179 445448 473673 539713 448177 452407 425080 478784 456215 486709 489445 462645 455641 487029 457108 456741 466265 467407 441599 447942 444497 467220 483952 467023 461926 465952 452794 450679 481335 464318 449682 463311 479977 479489 418993 465337 464912
518067 515185 494255 536552 504161 485438 486222 507976 506102 518941 534625 466188 519940 503368 561038 531314 493025 460756 535337 511848 463933 511961 542362 482362 496744 474019 532234 472319 491970 491673 480342 533236 525405 478288 507178 500896 447091 461853 520498 486146 518090 482003 497953 488514 514671 527041 485561 490261 503871 488099 518318 495731 510094 515444 480189 506230 472916 514320 523605 506932 505220 479172 484550 550673 527613 511858 509178 479079 490320 530564 475902 538687 455150 451644 482626 518294 489080 510295 495172 487521 422886 488218 468925 498694 475487 491432 500720 517828 445482 534737 503510 546136 507165 483327 507823 528843 519253 478445 490921 490862 515335 505814 481427 516929 513402 490547 492994 513870 496742 554099 519218 541887 498237 488972 522903 497719 514060 519361 520701 517991 530837 517325 503586 453429 519229 522061 526285 549368 493737 492160 491895 536576 490513 476715 494218 504198 491094 511840 510011 510335 499383 524870 484316 517277 513066 489203 490832 517278 490539 527749 529906 528526 493617 486580 502673 475995 504567 487794 478568 493923 503562 517934 519283 495626 508696 489080 550121 484283 470306 492090 518683 463407 548727 470140 495330 508216 522684 484583 468394 511359 511761 493573 490066 499843 494129 512382 483578 470453 500690 494216 471589 515378 486203 502015 494432 498877 508367 469812 489093 504392
535403 498472 498834 510040 534787 472981 477345 513769 518023 496427 536507 493740 545855 514531 537501 533867 511514 459622 525682 503336 469914 492470 549299 483333 495122 474318 516939 452109 485749 505666 473205 512204 534096 478440 505891 501568 442977 464125 492587 508465 542031 492605 487516 490696 513799 520686 497338 523767 499225 501439 532700 479410 498179 522522 476134 524065 510802 476128 539350 516466 528725 530463 480301 563919 501879 506008 530622 501086 483333 531323 491426 559742 467382 488399 481837 511028 479815 556634 521486 466501 455621 516323 488221 505778 482277 510450 499797 507729 483813 544528 482782 539494 498112 506425 517252 519498 532047 507849 500514 488540 544396 524964 476333 503402 509193 507776 510559 541900 492594 529692 511301 526596 516338 509380 541931 491425 517803 522032 503903 512733 517318 498657 486163 481780 508520 541409 514387 538562 488952 514011 522515 537286 495522 493672 516109 502197 501549 531300 527844 503980 502763 517908 471200 526817 518720 502519 505928 497512 516670 526173 526324 516575 536672 487489 505285 474538 486726 490491 490481 484354 498416 504167 511395 490671 488236 505301 558922 464050 490930 500086 518619 483237 545912 491000 509893 473954 520162 485364 495604 485618 519054 480152 491280 476613 527249 515296 484210 477145 533258 501081 461780 527382 508299 492964 496366 529403 523552 482229 520046 515093
507404 521134 484031 501220 524102 479109 486504 513074 499533 488713 525943 456728 556193 507139 560713 513743 517787 469727 537414 521366 481547 510838 509970 458288 518780 465166 513503 481587 498391 497665 469995 505639 501469 483671 500234 503774 446243 457039 486987 522331 525197 501271 499011 493409 487044 541868 490553 497566 519380 500846 547191 497426 485771 508398 495454 537988 458153 504294 503256 537375 529694 491185 474580 543641 516787 512723 521730 485745 468500 500450 493589 546311 457293 430651 477449 493483 475857 505164 510717 490817 451909 519696 497780 491182 469048 490450 517412 526493 467136 508942 523341 531103 528063 508488 515750 521346 508173 479084 509044 499474 540572 530812 495294 531666 493624 480625 521646 521686 493597 552825 517212 523640 499009 507209 522220 503162 509969 546608 542491 507212 524107 519305 510813 469882 501902 499924 503506 512039 494699 493940 514549 506608 504347 492658 483334 498673 498496 503958 506240 499922 505886 512205 470590 514528 536958 482361 463146 490187 520938 538040 511902 522373 523593 480412 490092 518354 499838 487885 466622 488794 507940 515546 501991 491923 515366 490477 530123 500350 487207 473917 529400 485851 545236 498180 496569 501442 537036 500823 476095 498337 503606 467629 504594 498174 520598 526727 496344 485466 497359 494545 473772 528528 517575 478183 496398 522492 515272 464979 509374 515415
527029 541468 484150 527943 538524 498224 508606 515341 520549 511072 549421 504399 559801 523885 576925 526031 509814 487976 579006 532767 489872 514107 541566 478193 533092 491487 533952 479236 521254 538265 477942 551075 532040 516528 535406 514514 460933 487106 506855 536698 562930 506528 517537 516626 520318 539389 509408 512341 509554 499766 558642 498471 513058 539964 499558 546919 517798 524119 521515 512564 514099 525137 504877 554072 547937 528807 555416 489653 517558 516204 510275 570007 470859 490583 509559 506446 483498 528927 524954 488730 473899 538419 485857 530967 502829 488515 495344 501350 511595 551468 537897 544601 544004 525202 523286 518197 529995 529983 523691 495975 549858 542393 487688 542260 523758 510188 518292 498624 504904 584193 537733 538941 528748 526966 560053 508136 538101 538616 533334 519205 551385 514899 513229 463985 497964 539644 536844 535840 509715 530248 537235 539312 518442 492457 511990 538506 519207 521248 533914 524207 522241 531663 491698 518471 532926 487233 499171 529842 522007 522198 566199 534475 536864 496966 507760 500983 490955 488518 473966 541820 524087 523241 520629 525723 502789 516893 567375 507454 483306 489301 531949 496560 564226 491812 521637 512749 553837 522014 494843 511778 531084 514140 515227 525320 521902 543643 497898 502102 527173 495830 487289 536016 505210 530190 502068 517178 514671 471489 521424 524473
566414 540559 505987 534982 549366 530948 529397 547501 531028 547265 573823 520019 582988 525348 591642 559002 540052 490979 565080 540515 491522 538036 561207 479993 552963 493954 571867 491424 537816 527107 496819 552875 555570 505854 527419 510728 471202 507156 524892 523531 557665 525049 542590 529415 531756 527818 515597 532128 529026 520719 592645 505750 523869 556825 515948 551930 526186 560669 544411 522615 537745 541680 534228 588149 558552 549366 543849 505490 516202 537120 514128 577080 480376 463664 502870 533246 496282 536126 539893 505272 483474 551197 524054 540668 520898 520450 524575 558601 517438 524906 547198 555682 536704 531884 517724 557556 536500 504043 537931 527936 556028 569639 515135 555444 529797 492656 543863 521852 512994 605973 542610 554967 544008 520749 538635 534955 540025 572829 555392 519400 560816 539722 525689 487767 532304 551938 559941 561497 542455 515013 503579 547901 510606 520450 510983 553884 524909 550468 542349 526922 538165 542690 495528 554585 556526 517216 504068 558356 539959 551128 565336 557624 564953 531869 509712 491163 521208 534165 505786 515443 532740 534287 528326 540412 543114 529864 579482 528987 504092 536020 548278 528081 562427 507457 535093 516461 551895 539223 518889 516905 522078 517364 520649 549876 570398 549074 521073 508852 548127 524765 500923 570634 542723 530238 534407 523056 543507 476504 545087 538724
529499 536152 495789 525872 545037 520564 512518 547279 519345 534994 561960 502326 558751 550644 594812 555191 535975 501697 551682 542478 488084 508430 556405 488277 539323 483438 540306 478840 526271 555186 476250 537318 552259 488719 536332 517521 471341 496192 537794 520242 563389 526562 516991 503721 534202 537469 532162 524641 513375 512945 547796 513591 534267 532881 522604 564267 523017 516350 531142 528481 541787 538813 519548 572766 545308 546490 561126 513945 514176 534770 492211 614949 482108 485778 503400 559768 512830 550999 553552 499494 479422 560645 529290 530796 505234 523348 537413 542457 500014 531445 541050 559038 577722 533767 522391 557732 538845 514021 525373 532539 549379 571069 509573 543994 539931 497534 548623 545826 512561 587415 542729 552797 535044 548328 533570 532584 571950 562174 539493 516869 551840 535607 540955 485605 556330 550876 537357 552249 559125 525011 516183 532611 516800 516977 513047 537653 556429 542395 548086 544765 541355 541491 494359 537402 540984 528245 499257 536722 527992 566880 570306 568842 572474 511888 516934 518850 538371 528786 513762 504640 506048 562245 531676 539879 524607 556355 560451 522933 507087 519059 545160 528405 556308 509652 530788 520092 556094 532761 500652 510814 528654 523968 525701 549289 522921 522048 522408 520327 557157 498827 507915 555000 537112 529462 523297 518418 534268 495961 542628 559114
485594 452124 444674 473091 465673 434945 455029 458541 447295 463614 499224 425311 492358 475445 521786 488411 469492 428177 503250 480663 426967 450619 471685 416992 461397 434584 461633 435882 444726 450567 445613 490197 492204 443760 484180 448568 393584 406956 442108 463316 471456 448758 447592 435899 452781 456037 459750 444625 460440 485124 477503 457887 474785 463443 432994 483686 454962 472685 482478 485522 449889 474567 430322 515262 476515 470156 489621 438425 414402 456371 439319 500893 404403 414878 443851 465989 442516 468635 475411 423415 413136 474637 456525 457671 431221 444891 456484 476704 436580 488453 461702 492526 473466 462414 472863 463477 455462 451636 475345 446234 477078 490987 433808 477621 479011 432832 455962 479727 444872 502730 470692 487221 454955 466204 465748 439449 481380 486507 501869 475952 495336 451118 451437 405835 460594 453158 486046 499327 448068 481992 436017 455170 467698 442721 468339 469902 449041 449832 465240 466220 465699 467707 415491 471698 465953 436646 461387 456903 434132 492343 503579 476848 476061 444138 455947 470682 447623 439773 436613 446927 471976 471083 459808 442436 450241 458694 501617 444041 432772 425900 499039 425545 496176 460757 454913 467248 489799 462514 426371 443652 474586 437899 440873 459011 467528 473426 449438 464383 474318 445383 433580 479410 452727 447981 447919 460644 464290 399337 480345 445285
502968 483970 447571 473152 492620 464211 458529 483867 479027 495726 510474 455889 526435 485591 529516 498600 476215 428517 520902 499138 451991 484303 507765 452866 493322 451518 499160 478630 480086 480080 454410 528906 515192 457498 481575 479179 438674 440643 470362 463541 489007 480625 483147 461730 508206 505309 469196 482052 490110 463838 504580 467044 492561 495445 454806 497218 484070 492039 476811 492219 507473 472011 475971 554581 498336 488870 498752 461417 482495 500795 458675 533934 420773 435091 481357 482916 450866 489188 503203 470229 433775 512703 464145 474968 463684 465414 463513 502563 459535 484646 503412 505695 515418 478079 494813 493629 492144 477943 490585 459680 500956 507574 471699 485736 481220 449659 487048 490907 457784 536482 482924 531968 492998 473703 485440 480806 496930 539206 510385 479952 512859 492557 484093 434970 488097 508333 492226 503585 490867 478569 482666 481095 507761 473534 491531 512491 476166 500318 501895 510375 469402 496448 447112 496125 498531 483723 487254 514786 479187 506168 498302 511134 507980 468136 476527 456761 478475 468404 471065 482552 486907 490606 496585 498418 480803 485407 537087 471578 457801 480409 493726 453169 517886 452542 468145 475357 504736 476690 453475 463720 481197 472923 468394 484936 486612 485962 453111 482252 504915 476432 482007 507773 485629 483692 491421 492589 503328 440227 497882 498923
551319 551021 503875 526373 559667 539448 507438 547008 539486 535747 576933 500595 567265 535365 581531 532889 527974 492341 562704 538568 492669 541447 548035 503655 549255 493498 560841 491051 543447 532108 502793 581464 567346 509872 537241 539423 453182 497098 561702 527280 565991 508325 514575 531946 535465 540206 530741 511460 552500 535072 562067 542506 538056 547588 533109 547601 498600 552226 560545 531107 561278 550740 520319 585269 564425 546544 553646 511353 513275 546201 526153 567568 489557 488660 505926 533718 516046 548616 552190 518281 474972 543926 511352 532057 523030 507365 505122 556301 527732 539274 560448 559193 546452 545704 550314 549266 536034 549786 529834 538783 574812 576224 514876 553583 547741 494589 553442 564157 510394 580345 536034 573491 542159 556497 547868 539286 574991 569757 570461 536259 579654 547929 538025 491894 552364 562101 552173 551276 544102 532997 550525 538063 521526 514837 527102 551554 521953 542093 525438 552621 546288 558200 527288 544718 566216 539245 512768 554708 559225 556151 576188 578763 560009 523860 526929 537088 534575 512319 514590 538268 520148 537256 543033 554138 526336 547969 597152 513274 509521 525883 561463 497978 558947 521091 526556 546714 577657 537054 522611 551393 541904 522655 518603 535404 514766 540244 525119 541110 554796 526503 512379 568682 533267 519556 523697 562181 557046 486514 532212 559151
453336 423653 423181 433385 447093 429351 440709 450699 448901 427547 475848 425490 475900 441427 490217 448554 436186 411448 480711 463108 402593 449004 460672 400050 458743 422635 439445 389962 445778 453686 418014 466987 476574 409264 441372 461556 372063 427275 434958 456751 465211 437419 435404 422725 459502 446243 447089 431143 455520 440330 466522 431093 428226 452602 423802 468217 455304 446187 438753 473640 445085 435394 427743 499967 450667 437543 469578 448563 419693 444369 435348 473045 385580 394953 441763 428742 401000 444619 420125 427253 380515 449467 449948 434426 418648 415348 438348 445328 419366 452986 436134 468454 458155 425106 454251 464279 447476 422555 430960 436942 454900 475379 422487 443412 466581 429373 463927 462208 438663 483035 443209 475327 433440 450653 462494 424250 455489 471439 469097 452417 463339 445340 430559 398844 443112 437641 454291 473385 445922 459158 437276 468049 446197 423656 444347 474374 439308 447571 464527 453275 434153 441518 417410 459405 482847 444461 428611 448812 425931 464649 445500 453145 455858 433649 424079 433701 435326 426393 434131 437195 471186 437995 457739 451432 448380 446947 486190 432678 420986 439720 438726 412188 472793 412658 410643 429273 455841 443007 440017 420744 446563 425635 433471 438810 439297 458312 441828 431912 444134 434398 418465 449178 437405 433160 444247 431570 465090 409453 455526 439382
532593 513741 473677 494332 517871 481576 501869 517647 520837 509551 567871 490464 533412 497886 566233 534611 503958 476263 538294 524015 490568 510352 538479 456513 494525 473510 521816 459113 500677 493470 485941 529851 509635 494352 498905 511440 461034 488476 493452 523097 524137 496253 507469 464835 533361 505575 510689 509590 502800 499853 556346 499785 495029 528842 493206 552191 496564 535121 515467 529614 515761 523300 527677 559281 524803 512893 530693 499432 503616 514019 492536 564530 458634 466071 489297 519989 511305 509390 517808 471044 467237 511095 508857 516088 473325 497394 530715 535121 464777 539241 529547 554856 515595 511318 504501 536285 540504 479118 506165 512255 534464 537619 499047 549908 522107 500200 524545 536988 523081 545864 521191 530103 509229 497608 486948 509159 519743 538404 521294 536213 515242 520010 504051 502841 518400 520462 535027 538496 518002 502614 517881 529862 483406 509356 521521 503256 523671 522489 532880 509843 516862 534125 487417 527308 515531 492846 478823 516392 516366 516312 526022 524092 512127 499232 494861 522353 504655 490981 504478 488336 499604 521216 519204 519357 520869 503046 572825 483527 480121 483858 495467 494757 539609 501236 517476 506796 538455 499183 486059 491352 506213 481707 477765 503686 512342 527572 488479 494521 526791 508089 488117 539505 507793 499119 527431 507734 515568 486033 518972 512354
546052 528543 509061 536229 541679 494987 521956 543025 531706 506234 559295 499234 562559 549820 560785 549325 528692 487562 572015 529367 506032 509652 562701 475242 514423 498754 534222 480899 520883 521637 484770 557296 537025 510932 522636 532768 472434 504202 499909 515988 548052 510017 532510 496513 537901 526149 502105 502164 520726 511361 547441 521689 507186 539155 506252 545897 523230 539787 543460 531068 563307 545408 534022 606479 550323 519484 538375 509790 516902 548314 509081 575105 470214 472257 524089 538351 485319 544631 533936 500087 485486 561475 511854 518207 501222 508319 537055 544972 496432 562949 532054 566253 554038 520185 537428 532258 536445 509034 505016 501150 539626 560839 503472 538424 520934 505798 552457 564563 525324 583899 547603 579901 553363 518885 506894 509004 557508 546555 545832 534510 527381 524628 518103 496742 532190 557358 530075 546542 534437 505548 533636 526799 523735 508190 522200 525899 527830 523649 557330 569701 528418 548882 475404 559961 537884 528215 515857 536163 514609 530597 552421 556171 552234 495564 506530 528554 521900 521284 511322 502636 530653 542607 538207 540986 554372 535014 581093 505858 532032 524488 514323 491415 553804 493614 508193 504764 568718 539691 492113 500594 542800 542385 496064 535204 524142 541190 504664 498610 528014 511064 514791 569160 497537 506621 508540 531438 523315 513504 515608 544668
543340 513493 484930 517690 543961 491853 525882 525743 526291 499563 539969 490121 540927 520209 558912 515561 525412 448419 555023 506112 478366 502838 555161 470385 498868 472576 542053 467619 511591 518169 471273 545760 533837 521691 523085 502406 449612 462824 495473 514671 555509 523324 507483 508393 534956 511490 513653 489927 507542 518221 518184 528352 505797 541012 503225 519219 522031 516184 537182 512403 531291 520479 493185 585607 551931 522423 523158 509981 506404 547433 499546 551839 483981 472576 493908 542021 484487 526643 517472 492845 460730 531969 497179 499448 481595 519772 504766 516380 496519 545408 516531 568257 508598 504742 522027 536127 534779 496585 490451 510244 535688 562357 495614 524393 516352 488161 529431 541401 506210 541527 544758 532036 512037 519866 554857 514112 525624 538818 550870 533798 549525 535553 511711 463597 506540 519952 539768 567743 526045 521580 517688 531574 483780 487252 488880 520867 511690 518994 517567 532292 508252 549993 482439 513347 551777 503604 499065 535762 516642 524700 516935 534147 536614 483597 496125 489741 497874 497888 491670 500101 526690 515412 509045 512966 529941 529016 568879 493023 499223 511522 534131 467369 579855 485562 511298 503968 544632 522119 466510 490060 517491 501941 485499 515622 526885 546223 504425 504953 489887 500330 509716 529555 535193 507259 506166 515201 524745 481823 519476 535516
519162 452957 463823 460003 479734 441428 460521 483619 477566 466340 484081 457343 506820 469778 529363 487192 468998 424875 493266 460269 428991 436644 519364 424117 466944 424990 482247 411082 469610 454541 423123 481494 487404 446878 455778 448140 398928 436240 449650 464435 484165 472250 457702 452639 480025 452890 426095 452640 458391 442653 496793 441566 463917 480340 442738 492223 463250 471164 489930 463707 472737 463010 436469 513581 470854 493787 481942 447799 432205 473754 447179 511961 403983 440295 444420 459204 431668 487071 460070 452327 401435 474038 441910 454505 455463 443619 452211 496323 443351 466880 472940 492761 487737 461621 438802 469122 455913 449209 441848 459978 469462 486914 454381 476708 481507 449904 486651 485717 446680 513317 484740 475266 467077 452408 463544 453925 467161 477572 454612 476861 492896 466501 457788 434492 473755 480429 477864 484318 451492 471183 454209 487888 453365 441663 459518 490559 473961 488404 474964 459147 449780 472368 422136 485263 476339 449360 439778 461960 455565 448376 484065 483340 505302 442001 445215 441191 444157 429044 447832 448293 453797 451323 483794 453723 442307 486284 520245 448177 459058 459450 468264 440615 503975 452419 467634 454806 489492 459258 440316 456253 439604 466757 437257 456630 485452 488318 444864 423909 474856 456819 460344 507211 464490 455044 447907 469041 476028 449423 458385 472879
530938 525294 487467 508334 543864 508742 510042 527033 506883 513910 560567 491372 554489 528868 591574 550968 506064 492777 557456 535226 474753 522971 544831 453791 530177 486662 537339 503642 538685 521421 484970 549573 543268 498789 531400 553048 446866 465636 512351 526090 518101 514293 503393 498532 504473 517380 518503 516924 545648 521333 542837 521747 541622 535941 507165 556608 532117 525049 526097 526113 541783 522997 498036 591176 548612 537053 531044 514748 521854 511094 492233 566012 457199 473610 492723 530162 504673 536261 531861 501241 448960 539998 507297 519906 500071 471985 519244 557224 484553 503848 537496 559596 544763 514871 527103 551359 523226 532236 521850 504681 549492 586203 514815 536508 542904 506980 574075 516705 496573 567914 551673 551172 515697 517642 531404 505018 532922 551692 530473 534891 533920 546557 496984 482161 530132 548692 542391 554209 559126 519329 486603 528917 520263 500505 520796 552247 525603 543531 542993 556581 526107 519945 492829 517389 535439 501151 494099 533039 502893 536255 531749 569248 528162 498054 505731 502131 523426 500834 496690 524631 529478 536078 529704 535360 536967 520087 594423 516217 495212 522583 537783 511374 540539 493487 544475 507530 546324 523337 490051 527418 538165 520395 523987 520303 547819 531943 501414 501589 537920 504554 523892 538847 530605 494747 514700 525849 509661 470911 543176 540044
524035 487591 462256 479416 506217 478485 482408 521304 468643 521387 519998 472990 536814 493368 524574 509016 475996 455104 524615 499180 455300 485462 519616 460131 496114 455986 517916 462494 469932 500240 464193 538434 538044 442989 490844 487207 412273 449190 472961 490249 530945 491772 479616 487507 486612 497105 462695 494509 485621 485998 494561 487131 490446 527782 476731 509437 471964 499362 500843 514434 482240 480012 478144 549043 492929 504891 512205 476037 466325 495272 477303 533917 440286 453970 478055 510339 475026 494731 491746 449240 435637 492933 499029 489558 473370 482703 510602 495432 454051 494725 509298 550175 508805 497402 482267 490631 501110 496429 479154 486726 519697 503312 472078 499260 488856 459786 495518 507240 464992 510981 494248 520586 482144 503854 488054 502551 524644 512870 508438 498056 507714 496549 482197 469261 500312 515795 508530 545861 507448 512741 490090 512606 481397 466660 500788 498459 470632 519133 484245 493724 498097 523991 433220 497959 495143 480681 504099 494327 485398 491133 521462 508923 512128 476921 499268 494556 490191 464422 488515 483634 478900 503095 479101 486224 465967 483416 550624 452722 467165 462151 524310 440724 515904 491813 490091 484933 525362 485975 477320 463217 485212 482158 481962 499286 486785 482821 484682 463208 507878 450004 479927 535647 512657 473887 473778 498602 489122 451338 506299 510735
492889 488302 439404 480951 481319 457487 468981 488592 483893 487500 507291 459614 506843 460263 515114 461308 487147 448374 495095 493405 436106 478485 506984 443653 459112 430595 517664 446538 484302 479842 437139 505615 488325 447915 489867 488421 425402 424655 475326 460204 485035 473163 462381 479091 468004 493966 453101 479775 473656 455968 514840 466796 494795 489087 478158 472858 468744 492691 479136 482672 487560 492120 460960 536833 483996 496962 492893 472708 444137 487481 482165 507160 442681 436585 468408 462071 465242 506081 494505 467145 436490 512693 462946 480068 470553 447208 468077 482125 458854 492656 475819 500628 479948 446640 477479 494282 481606 481286 464235 470133 514333 516397 455889 488379 486228 455274 487292 490811 469251 508107 484615 520644 445047 486265 481445 478043 477815 502209 495308 458762 509699 462272 475178 442732 471819 514276 484729 502377 495435 452032 469402 488732 480740 467976 487881 492557 480099 479144 476272 484123 471532 487319 436690 477585 500142 434546 451393 472358 464165 473377 519786 501492 509956 459390 449703 462518 506046 463323 460812 456407 465485 485682 466313 489610 478874 474200 519793 465089 451944 455297 487384 465102 512670 471150 489853 472199 493421 482215 459469 473012 452848 468397 449771 455689 497084 479278 466713 466583 474085 469926 439736 503423 473621 473092 463695 441828 482702 436804 487397 484171
562875 501490 480197 504459 528282 492455 510432 524356 488197 510395 549524 483877 563420 507759 554903 524274 518128 459215 539805 507932 491778 503045 530895 485147 530558 489415 536225 478687 521126 511706 460316 539712 541199 478324 523900 516599 445821 463819 513120 526149 540652 535273 504487 490831 498650 515713 516115 513377 518070 505412 535464 477963 500666 534582 504637 522952 495342 518321 496590 523397 542182 517021 508456 566591 540598 522465 521572 490748 495815 530637 489027 556758 450708 455884 489057 535547 481918 513457 545652 502041 449766 521000 511960 520482 486715 480657 521710 529475 485304 502192 499091 539787 535028 492466 514765 536296 521898 507281 506292 487797 537162 539493 479329 508582 519733 507478 513645 535427 491691 570147 529792 543189 512109 523450 532041 524513 521496 553018 524016 521653 554060 513491 503920 480129 528954 548820 508872 532567 503768 527903 494147 523324 484203 500918 496117 536745 527228 511831 550163 513099 495848 542538 474861 518842 542915 493093 479728 506500 503570 522569 510332 525474 537334 490490 504730 498810 534928 508516 510163 520111 527127 519625 521256 519400 551692 519293 574810 527833 486590 521242 527452 487171 536050 494216 515258 510793 514263 506850 508138 501616 511112 514914 498892 517211 509434 516019 503745 500771 525119 496034 475734 530014 524968 493002 494489 515876 545785 465002 524895 533389
483822 474645 452144 481026 485297 504109 483192 515685 481719 483144 544657 458910 507400 479013 566995 499471 472307 460294 541546 501751 454367 494209 503413 454288 504479 451396 516936 446025 504686 489338 453901 519632 508349 463667 492821 483539 412514 454717 489069 476642 505680 484572 485962 487637 483049 505094 479099 484176 502202 502528 540346 477475 499859 509115 486342 499025 487960 498586 488911 504642 501740 491158 484801 532172 535249 505243 519074 458478 474450 495024 478441 534024 433966 439841 479869 479008 467287 480124 504894 497790 461789 512284 465717 484491 474180 470362 496202 500716 454032 498954 494794 534926 524935 511033 489951 499929 528858 492513 490786 497980 518070 511056 466430 506277 485859 457997 507155 469317 480784 553813 490158 494832 481410 478046 490545 499064 479893 552658 508147 506726 533392 487277 510700 461552 494809 529142 497715 528491 478313 487451 467432 476290 492672 470948 504266 497922 486027 519595 497168 513836 494946 504168 467761 502195 504872 468831 467382 509891 483185 511872 533523 511594 513390 474666 474860 462255 500789 488509 476297 473093 473504 511377 480364 502958 494468 498132 541885 502183 433605 499186 507339 489474 501968 482644 492961 479720 515616 497323 462174 478165 489711 456300 469881 484108 516404 528188 485747 468070 508689 465669 479970 501317 499312 478788 492160 482905 485681 432676 509053 510097
507615 524632 497701 511832 527429 479257 477648 516951 484752 482318 526850 479672 533349 509085 556168 490543 499559 446557 538351 509588 464995 497984 509516 468967 491986 479957 512240 455890 495823 499474 463061 509399 521089 473838 496985 483581 433513 475979 497604 512475 536213 486671 493700 495135 501758 517554 484832 497795 502171 488092 550303 508680 474793 518605 484628 528929 496210 490262 514538 505572 498159 518897 490459 566800 531140 496747 521051 484781 507120 521177 500093 547113 451146 461847 477281 512395 485094 509755 510599 480548 442648 500159 468586 494937 492925 501944 499280 510824 469867 527937 499113 534439 534056 503210 487159 518037 526987 492193 483258 497843 516380 518174 485884 521685 506175 499223 514367 506845 488052 561871 514743 536507 499647 514853 500022 510033 532240 550433 513993 481250 530732 496169 507065 473808 501062 519362 535412 509178 478528 486187 500827 507768 489128 490560 495388 487073 517118 499851 520670 511637 500037 518888 490309 489027 532600 473808 493825 527138 502510 520300 509536 512601 518098 481101 489715 477925 510886 497425 504946 495378 493455 509191 507613 515594 485389 498602 554611 470903 475548 465656 515110 490054 539167 488791 522038 501137 536937 512141 471849 495090 499894 491979 467703 493463 515321 510287 487471 460637 495145 476569 477222 531566 511992 498760 509662 490737 504945 460379 500921 504798
525421 503449 490896 525382 522188 489839 518741 519705 495277 504539 547810 473993 547006 509393 590072 531970 505259 447807 534195 527550 470791 510440 545774 483837 505889 475020 520608 480815 531746 495152 487148 533510 562214 482417 519750 503496 481213 482165 516092 506245 536700 513276 496009 502406 512954 522667 515656 524606 527558 506076 547213 501653 505850 539726 513481 537942 487941 517184 539529 522287 529654 510670 493809 564827 507340 524453 534472 525879 495771 530047 489209 567911 473703 439672 498082 531777 474078 528254 508460 477490 448302 525521 505582 516182 480442 508526 530088 519466 494260 528361 520635 548301 501374 503359 508832 525724 511055 515502 511738 515165 561000 542553 480822 527201 518041 492998 524733 523066 515668 559285 525291 531580 501402 521648 530291 506782 544560 544475 562178 506705 539915 497508 496084 487593 510572 535907 537009 564305 524890 509072 519267 517040 516676 495702 521374 479275 511368 525845 503955 520666 515378 514923 465216 521119 519835 492414 498079 526331 502397 543185 515151 522178 531113 480308 521673 522595 498095 516829 506334 496048 502457 519080 507430 527203 502696 526883 565630 497385 481826 492749 512164 496801 531825 515121 495279 519900 532158 510528 507800 494638 522622 508731 512432 524509 518068 519952 511080 476288 519131 501529 490378 526133 496054 509268 506547 498770 535340 478625 514778 512795
509564 488105 452054 490107 512649 460696 499375 486032 495177 486928 490624 473726 531323 465652 514060 518867 492292 457571 514547 487906 448338 451052 515231 437497 472701 452411 518568 442755 466890 467392 447063 496897 506421 473614 497641 492609 418144 449371 479426 483709 513841 472789 470046 482050 481409 469992 468994 464681 465527 470790 502850 451347 475374 501393 473979 503941 472015 489576 480315 472453 495101 483342 476552 535738 495786 486183 514932 454490 480115 495649 492946 524310 432924 433786 466015 494542 466192 494408 478285 454225 435888 502198 462503 488811 454069 469265 481273 492583 466699 511621 481247 532312 487090 474176 484157 504401 465719 470677 474001 466139 494967 525610 475045 477353 493428 451230 497992 489580 445983 530806 491105 521264 476608 475998 502204 477850 499753 506486 496248 505014 495557 497537 463382 437225 483136 478591 485429 526129 479509 495267 488033 508843 448252 442302 440094 511475 470363 483254 507002 477973 467742 499961 430747 489559 493782 481638 477294 466592 475313 482084 518542 499006 497867 454751 478458 477110 474950 446381 459381 463046 476414 493936 478546 478317 475467 484330 521243 462802 458859 453635 485309 428606 497315 459737 482842 472352 503514 485077 451328 472033 494275 472610 480256 485071 478360 480919 478859 467283 477758 460713 465040 499583 488112 469002 462689 498071 483577 435163 456921 489646
524856 491289 448762 484910 524430 488633 484712 497422 505445 495566 523308 478728 523016 515220 561857 504901 495271 457575 513927 511210 470427 471005 540677 463983 492156 475765 521013 444760 482082 493856 470358 527770 505230 481853 474973 474934 413748 457737 494756 510160 532651 508318 484430 498696 499204 511608 497554 505420 486757 481168 529487 498614 499381 511393 483297 504780 493948 509621 511505 519955 535986 506103 489692 550167 538477 522962 515208 484614 482698 514787 499425 525189 437648 444860 468776 495231 474121 506740 493609 466356 437283 512306 479561 498171 471504 483525 499805 519575 480559 499724 498149 536303 530147 491184 500880 522085 507669 484265 483411 501603 528914 511485 488940 506348 507420 465550 506798 503998 503613 531661 501603 527036 486658 496383 505322 486185 515390 518470 505225 497115 515748 519492 490088 468958 498813 502139 496306 519475 511956 478264 497192 498455 479709 490604 483646 507916 496481 496721 515831 519496 489582 509968 448237 488405 517138 480029 467097 488951 474869 508457 526617 544941 525497 480186 481163 501209 500771 472191 484888 511761 513526 513292 502376 513476 505908 518935 532056 479266 478353 485729 526553 478847 514542 495060 486214 478766 506595 480808 495985 498626 501956 488595 475904 485078 487455 508252 481599 474355 499705 473766 478262 529624 495995 480690 479455 512373 501213 444440 501445 487503
546397 512136 472909 527549 531466 504916 492304 520649 513231 492303 558717 498703 546895 533177 578860 514610 518286 465174 531352 514149 485174 499652 545136 490286 505611 478301 538452 477939 528411 544200 480060 551792 550324 484384 499116 502328 457241 491170 517536 518876 530687 497854 495207 501660 523545 524886 495744 524724 521452 496188 542626 522997 512156 539263 509067 529245 516708 507124 519944 514584 536876 510360 512573 573232 508002 526037 519401 494955 494469 530785 502675 556786 493245 467573 507834 522824 492743 497352 544342 478635 455909 533563 502958 510718 502211 518393 512923 495776 508220 518611 534420 552644 546296 522052 520985 530090 514721 503141 490802 523936 538635 551586 498011 520373 539202 511599 520317 540408 514646 563132 501216 548637 514536 521486 513362 531534 549677 561659 542903 510975 529903 539787 502547 474506 508089 541215 517834 521800 509124 507470 506623 501013 514337 520708 518430 502667 531276 532918 545871 523547 526008 535499 485073 528741 530181 506126 501898 525653 508755 527745 542083 534946 528881 513468 519062 512354 502479 475459 491033 505655 521454 518554 510059 541784 513055 519401 560761 506844 521311 514357 525252 491608 532150 510178 484792 492985 550747 522475 497840 485913 531891 522997 489971 510918 510471 516877 518899 509384 509795 494116 498849 556658 511454 515104 517901 532211 513018 495357 516167 522002
510355 462551 461384 468325 479594 432182 424140 463325 466664 465258 494184 433362 504604 460584 512279 462289 468494 421882 488765 494345 430600 445318 483981 424850 453857 437443 458824 414160 444061 452536 441800 486668 449789 436254 452423 445439 391038 429012 471685 461075 496265 488579 469005 446616 473234 472754 450462 444926 462746 455819 500798 447041 432427 453887 421178 489619 460138 473542 501313 468023 484953 470186 442162 501377 486779 489548 473512 434049 436287 460339 430180 510134 425660 425485 409160 472023 436742 473824 449599 449510 402555 464253 439711 462354 445185 464665 455579 473036 426155 464871 464444 487185 464454 475152 465880 483905 469321 433593 439715 449742 464534 485902 447461 460604 465189 446268 467606 490790 448987 507667 470574 487522 453186 476253 473815 464363 475858 488331 465372 464974 468737 463433 456379 431466 449110 454838 483202 471806 428596 461836 454992 500492 443957 473555 469379 443544 477423 460935 485288 467063 474358 485623 444843 491364 473939 447621 443856 447651 451387 481190 477863 489250 460825 433244 440731 440657 456998 455642 429051 423318 472092 451108 476833 457330 458185 450999 501704 430247 433249 418456 515189 448133 491245 444893 440028 466381 496663 455643 433152 475326 461051 448136 446185 459147 457209 477935 453797 446535 468115 449081 451989 498251 469233 425314 453666 460023 467410 432920 484889 455931
555110 519965 518933 525999 544120 496406 528115 549080 532391 523153 567424 494013 542967 544104 598554 557693 523648 481073 567774 534864 482444 531665 560607 494414 510713 488218 516352 492987 549710 507714 487384 535593 543483 507899 509971 524367 463618 492293 527348 528075 542916 514913 521686 502817 549158 519429 523402 534937 533530 512492 569043 509870 496525 556476 523722 583331 527843 543197 534006 561814 540233 521271 505498 582826 531006 573565 535477 512719 506160 547805 522669 581852 481146 472460 507488 541014 504667 565460 532663 479616 476533 543762 515217 524607 498650 505777 530639 548243 486450 550421 541644 582441 529213 535591 524759 552871 545859 516435 527127 516379 583910 561179 499983 527116 547493 527370 559200 554498 542607 579429 555930 547254 513925 524651 541978 535471 537093 556241 549099 541552 561961 521225 531413 503993 528686 547205 545880 568290 548678 548541 512716 547217 528460 527737 537045 523189 534953 518819 532404 529665 543029 550121 481597 541489 534620 520981 529612 511884 523154 544413 561770 543737 552186 511267 531348 525792 507648 544187 493530 505616 530690 542450 540566 548987 560363 535704 598690 499836 508462 528552 530602 489817 556485 523464 523773 527467 555837 553342 533905 502033 525869 488455 513530 541143 521420 541864 536116 518685 540962 518872 496453 539011 547807 500781 514782 540752 553069 479412 539284 529364
514733 487704 465220 465498 507716 479057 462711 486296 485161 504397 521351 455160 512881 475202 550147 498453 495173 453185 517048 510282 465730 508905 498317 423292 492870 457365 510301 423172 484281 475637 466286 526832 491507 470641 499591 482450 420937 439583 489873 489393 500784 485925 497594 482368 468793 493282 474474 482814 488157 482858 509105 491614 477299 498955 479984 524840 488050 495502 512491 497585 500720 487770 481026 534544 517985 507610 494485 474049 470045 465103 469984 526571 441492 452492 474619 491127 474214 495674 485542 486677 443096 504993 470543 503494 440192 459958 475981 486965 444697 483128 513981 513435 499552 460086 494614 494602 482679 485662 472249 503019 525908 517358 470880 503409 493823 466707 502583 473266 473200 538270 501617 519222 477180 479653 483902 484439 492020 518932 511232 507670 530790 486064 495475 444843 476364 520915 510751 537749 471068 480781 472772 506370 479540 480190 471657 499888 491716 510230 477105 503871 486829 508835 452058 500735 505158 464151 464473 501626 471354 502711 521187 513629 512358 471865 464815 485311 490801 465234 464204 466034 480788 506023 496092 501008 475021 458102 524257 476268 468081 463556 512532 456573 530660 486824 475157 493554 536674 509545 461808 483014 495498 472676 467962 486053 476563 502395 483868 467944 483241 504490 464529 506831 486872 487969 488062 505311 492856 450217 488768 484268
511132 507391 496880 516486 525579 488709 495267 485060 508054 507160 535524 494918 527978 505514 575535 520687 493132 444134 520339 516206 477367 503328 534312 449726 525464 457673 516376 466808 484626 491372 469375 520427 538104 472134 518777 481949 442326 463540 501686 497072 513526 501959 497495 509229 496113 482634 517925 480498 494584 507056 546210 490498 475888 496001 476461 532739 464467 487299 538787 504547 512137 487108 484054 553064 512638 514275 508912 466414 478137 537777 476537 537623 451566 448011 487061 517949 454097 500266 512288 496898 432768 523353 490920 512270 470356 489012 494376 523188 486028 520176 515439 519572 508525 493873 502972 535002 500127 485345 498261 481824 523905 520616 482985 522360 514405 467481 490848 512994 481250 552663 522494 510519 489395 510239 510159 518402 525801 554603 517591 508560 535049 515204 490632 459869 504693 504089 504710 529573 494477 525363 493843 532230 458627 505792 497306 531561 489724 518801 514908 508341 484137 523719 463653 530468 511155 499360 489443 508392 492861 513396 515904 515980 552944 480602 503310 480520 501713 496566 475609 515284 502855 512760 495782 488905 509340 536671 560525 482970 481724 463469 515367 484688 520748 503777 500991 513819 525304 505992 486799 491422 517205 497172 505601 484827 537678 506637 482503 466383 513630 504607 472418 512390 511350 493151 498360 522879 529424 461631 517411 521481
540830 524154 499254 497840 554169 509722 486027 519535 496360 487400 540047 462580 537173 512647 564545 519394 526986 460323 569326 525420 479500 504438 518435 475114 518422 476741 513291 491094 506994 519778 450979 517462 539814 496397 515179 511006 467175 465703 490277 511348 506429 496023 492542 481738 495656 511935 487927 483704 500002 501413 539729 512186 513344 513346 504264 509220 487128 523191 519997 518542 540771 506255 493471 555911 525567 528942 529045 493390 484342 523667 490124 558032 474401 462053 488552 508637 496303 540942 537628 506533 443554 513229 482296 478348 486606 471500 526496 517085 471651 523721 505285 550132 545447 486724 495905 514327 521262 507309 487955 508837 554660 522444 495425 507802 522934 499078 505387 524524 505242 552016 523288 535962 524975 509137 503571 501260 532825 521583 520768 515600 529775 510250 524182 469601 520640 540807 522531 521173 502833 487818 510536 521280 501320 477746 526185 519444 504094 523435 534958 524993 489813 529541 471283 502918 530560 506692 472195 509478 513003 514407 550039 529320 519755 488602 518099 484345 506986 486170 503840 499071 523909 512236 501221 509439 504017 514242 566309 477938 504269 485268 524505 486855 549659 494343 498548 508638 538156 493189 484730 525118 503535 483173 489135 490503 516991 506398 489108 492267 504917 499127 476051 530447 492987 508969 501533 501496 520859 475580 521163 518621
543276 515359 502176 502462 538719 507179 512869 531807 503665 537926 550274 501024 564545 507219 588224 556786 525120 484831 551477 536891 488671 534252 529651 475539 529280 479504 532701 487501 509562 526534 486187 541008 541964 487825 519763 534609 472653 491826 540884 503545 540517 530031 508609 510633 533292 531305 508149 511184 529748 499281 542636 508096 521657 541540 507003 580511 494207 535661 535160 539790 543754 519257 518008 582943 522400 554059 543969 505099 506033 517120 503182 558450 470565 484025 515640 514595 462004 540905 526773 500499 459573 534026 489776 540150 490604 507443 522021 565835 502829 529745 517843 566758 544053 526297 507408 542895 516008 527809 496245 522315 539048 562842 491218 525672 538328 508047 544110 515187 501319 576761 557239 552821 520613 511102 529673 521527 547772 562794 548297 549539 544153 529898 527880 480088 519312 538160 521871 540514 537953 555496 522606 549265 508725 500379 518596 544135 529881 536030 538489 527300 541446 530022 485903 552227 531847 508431 498028 515604 528571 532529 552439 524374 564852 528687 521368 524993 536557 501923 505970 512675 520022 518563 549451 537460 523627 513686 579101 500959 507130 488055 550547 497586 533876 519004 524007 508284 552601 507020 492946 522769 543059 497434 491435 531076 516935 519134 509822 499730 524859 499855 506211 546698 528807 506196 537920 526206 538950 493254 531722 524245
559316 500064 498759 496624 523913 483743 482261 532260 505147 530718 533131 474488 564095 542051 570360 535283 520494 477229 555835 524307 476345 534095 537538 486691 528958 499360 521143 480476 511339 527760 499145 568312 539008 484209 528030 515458 474150 473229 498439 545751 534019 521199 538532 491950 533792 514646 507466 523981 525856 516314 555698 487516 504314 512545 502063 531622 468064 535629 524564 547147 557032 491680 501338 577069 516899 540988 547828 503584 494445 546268 502243 562556 473200 457002 510144 525399 486503 533880 522436 468107 454337 540839 475450 507067 487127 485973 522699 547928 484214 559315 535789 564310 548874 531563 513527 528289 506677 487795 500688 500049 558155 520268 526645 534709 535569 500480 516490 529288 507630 574583 531227 549850 513120 514120 529129 497503 547712 548788 516788 507706 547794 515999 521878 479987 508199 528837 521828 551837 506560 537070 522583 511236 494990 516780 518616 526636 520507 523478 557469 526560 509117 520080 473835 538734 523615 520926 501353 524110 519755 539985 527430 528986 525518 505798 531269 527019 535634 501698 510387 518998 527809 528749 517448 529802 539342 531115 573322 498713 492726 504276 565221 484228 566822 506311 512729 503072 544642 513048 519112 503217 536508 508423 489993 531510 523664 508609 486776 496780 527807 511870 482249 544178 542396 516820 540362 525225 538849 467699 504743 526090
534447 530047 482473 505148 554496 494928 510050 514039 508458 512019 562297 463683 559009 525166 576194 514315 524242 478423 546763 534389 492033 494967 555670 475621 499335 482247 532784 479580 520429 513666 505125 537924 543833 493598 527305 510324 465134 472079 509414 518070 515622 519827 520415 499013 517033 551498 521101 512080 526497 498881 562445 513930 516911 532386 488036 564803 504731 523094 520477 529436 532194 514121 523680 589433 527998 511472 510818 476535 489512 552341 482607 564703 452484 455995 525696 538967 492637 521326 515623 486663 454558 526624 500916 515095 475943 505707 545594 531743 491299 538877 544413 554293 538822 513291 499094 530387 524633 491283 500209 523219 543246 545816 494870 531211 515859 488084 536932 500320 508149 566919 528183 516932 501993 520157 515000 524372 521572 579782 555967 534372 544958 514296 515811 459377 511882 518562 522729 534690 523022 518673 501180 516675 498571 514247 533405 541250 529497 522205 520869 507635 523248 540380 484553 509116 505181 516513 503250 519163 506886 549459 544856 538010 534239 501800 520374 506039 509686 497968 512608 497960 512660 538521 521927 534003 520473 529639 562284 488144 499083 512720 511516 500796 525825 517792 503807 492166 541476 523256 502717 513897 501100 491700 489974 525692 543964 521237 515495 498424 513773 506451 477678 524140 511633 502265 498600 535109 532634 475678 518882 522882
563351 542817 490821 517603 569237 527310 506127 539581 541050 535388 550259 495181 563815 512537 572839 537026 509806 491877 567507 550908 483125 516253 559053 483203 540199 497068 529007 480419 511743 528841 494836 548813 556813 487969 519930 533507 451607 465457 533857 517327 546780 526448 512533 532733 539726 537874 521085 517567 520610 510839 568770 525664 503284 560196 499352 569652 517312 518955 550983 541700 539007 545044 529449 580005 544573 548143 557086 498648 516832 534327 519928 575381 470612 503632 523449 542059 506735 536805 538037 508621 452444 528696 508980 519341 509767 518260 529655 537749 503885 544162 523581 573488 550534 540748 534443 545609 546438 502626 515073 522179 546912 555915 510061 562455 545517 523235 540899 534020 506181 600581 554799 554805 528235 533572 539194 539835 532624 575421 563707 548086 570496 520478 513790 489379 537188 537931 538448 553917 527436 553384 524171 541969 505178 504827 520614 549975 543881 518075 522544 517447 544162 548069 485115 524658 555877 545500 516918 539554 523857 545333 555807 550229 546604 517786 523696 501567 528384 528308 506341 526410 525654 557938 539390 511009 531267 529768 589173 509632 496094 516814 524762 504770 558985 502883 522069 539196 573292 527673 514900 516365 526571 515481 503818 522661 550837 551430 524119 483244 532551 536823 487468 569730 551673 509156 528772 538243 540991 484227 537594 563937
515169 490528 467609 493770 530069 469675 484532 511066 504382 493999 531987 462678 548857 511465 556959 503778 496492 457334 551892 507174 471368 491078 529418 449763 504985 475077 511584 471127 493604 511454 479478 528097 500965 491116 500770 484330 432157 446733 492956 503627 548258 500217 509765 489082 499749 500908 493254 491883 480554 507750 531226 492628 480804 514266 497592 507522 500548 495046 519752 509027 514565 489470 482364 551773 518100 523970 526600 476877 489047 514642 487794 546111 436491 448622 466326 500868 468815 514074 497099 489214 436005 519498 500370 499875 458614 480301 478338 495570 464913 518637 513179 525036 540318 493189 483031 520064 505554 485024 511598 490409 536623 526689 462181 496004 512508 490660 510481 488365 466777 540988 506869 525721 483577 499426 529596 510469 507922 535850 536932 504038 525430 519774 512846 467512 499359 506580 530000 538438 480195 507291 498337 505736 498307 527794 504866 497302 503726 502150 496453 514618 487909 509925 456813 501409 521712 494301 489144 511776 518900 544724 533487 489655 508470 446851 492802 500479 478822 487458 465411 504236 502734 503346 495201 516618 497431 499404 543470 499363 481357 478133 537845 494756 519375 476577 485043 477711 515147 517554 487881 489725 506301 479887 508961 506758 501699 487637 500083 457114 518822 490182 493653 513206 520670 494252 484188 502027 513286 470482 488114 508946
529176 511997 476210 492934 535548 513647 494703 501817 501089 509312 548116 496042 555919 512400 566709 513674 518806 449884 534334 522007 487636 515811 529414 475800 526285 473204 532080 496706 510475 519527 478321 549800 540370 504213 521322 528175 449991 471335 478680 520512 553574 498645 486877 474141 514363 522838 489338 525514 515291 492563 547055 492755 513948 514549 481301 541202 483401 520768 524430 541151 549749 512130 495754 591348 539631 515526 526694 503334 496769 515421 508539 553308 441406 463513 496544 515263 492825 536081 512522 499990 463168 542767 488986 511249 491722 470090 530348 529414 480912 550676 524999 543453 525807 518652 517112 521271 516591 499153 512072 498478 544270 540827 478305 535351 505223 490677 524870 528692 499516 576621 526717 522901 511570 471431 532426 484206 542040 542510 542463 530315 537368 524895 533291 491469 513215 541721 530354 539028 524778 507575 527678 515460 500240 508333 541654 514038 494533 532460 519431 512245 516486 503148 466622 516037 529865 502875 492048 510043 518860 516166 539457 524445 528243 501571 491322 499139 514541 492969 509874 524865 511823 520938 516275 518534 522929 515815 548956 514033 504265 500920 509815 488345 538654 512815 510153 489903 548962 490014 495426 502148 526590 499435 482437 512001 537465 513753 487575 490442 534315 507378 497959 524788 505419 500893 518638 516070 550293 490857 530895 528368
516839 512934 483922 510106 499065 463019 501980 524299 495433 493750 529391 481146 549273 511835 562271 498283 486069 458332 517488 532479 466679 491399 530215 482403 491091 478853 530528 442469 503628 477950 483971 521078 525987 468890 497531 482545 457823 456090 494892 495225 521643 513688 492570 481174 507055 505384 490555 486441 504198 468233 527077 480798 499558 516770 488204 538718 497624 511084 506061 496949 501465 509627 491001 550634 532114 499601 519169 497710 468399 490133 477376 549431 426959 459546 485490 523300 476702 526854 506899 473430 441449 505078 474723 520449 487301 485838 521577 514416 484755 508599 514706 530616 522382 494206 504831 510200 505799 474241 500250 495207 533187 521957 473766 518246 502096 495043 527641 523454 487838 539405 523777 547575 511259 500483 487612 475469 493703 545441 519146 504344 516356 502105 502560 459932 492676 524091 509270 543823 489886 496990 490013 496247 486750 481203 470026 510514 512440 508434 502876 485035 503005 526885 473809 500314 513104 493201 497737 490718 486908 510779 509773 536593 515985 481653 477736 488673 500578 488715 497645 482510 496556 506151 497353 513579 506900 504411 545809 506097 475076 493765 529092 485558 528327 514050 493490 466603 531137 485849 490218 486697 490865 486283 472071 487149 499733 504330 472454 463811 486408 489457 475335 532975 484606 510569 496719 501965 505147 451166 501951 495016
516279 500393 494383 480835 509183 475368 467966 526298 474511 483021 506668 474770 513766 465694 548013 513336 496132 451006 510563 510213 461411 473414 513518 468469 509657 464229 505969 459991 470470 473927 470014 526140 509241 458709 519781 489442 428746 458383 474620 522990 538703 491228 495737 477095 492863 494991 494533 501679 497303 479736 529607 508324 487162 513104 478187 510607 478617 496210 515307 492239 503442 492805 484455 536818 515129 480250 514325 491082 510199 493038 479376 530885 457187 448973 468233 518255 458793 488521 502357 457832 437226 499269 470901 478491 463133 455454 485817 483794 461474 513422 461845 521395 503307 491387 501530 505897 486337 471128 498218 471270 523829 529229 465302 490452 505055 484735 498845 510619 493646 541553 499589 528170 495320 498779 529934 536925 534192 523866 519841 487182 520921 488072 469003 446552 487155 485907 520572 538465 486351 498931 503425 512422 489823 477439 493683 506298 493292 496520 482918 509946 478264 519752 486996 494517 511223 486912 474323 510298 514399 523599 506620 507778 502803 477744 501573 478528 496023 479526 491423 497812 488964 501412 485327 517218 469309 483011 544275 490680 472945 475445 503986 447796 516150 490211 493754 486551 516087 516009 480530 482343 491080 488795 484375 476653 494241 494925 472906 480786 499994 460132 461939 511048 491729 490619 482802 494655 500932 450787 485380 504226
547485 527195 494590 540150 552521 493653 506571 513475 515170 540149 552385 526662 566755 523100 574734 535774 541544 473704 549188 546198 497070 511709 530016 485090 528238 502430 531555 494800 510388 511904 488723 550131 537431 521078 513515 506266 458794 505544 525643 520500 540239 502091 525726 516087 524587 520494 518978 522858 534357 503072 550575 513348 511630 537223 500607 568528 517597 530852 534974 553196 535629 545586 505419 568294 535686 538707 538252 517324 489070 541065 497841 569356 474402 473930 500215 521020 488652 543873 518283 469071 462977 537610 498727 522310 495138 512010 516676 539557 483890 528136 523553 537790 527520 524223 514161 544803 528389 507211 512500 521370 556954 553386 498839 525441 543359 498610 523206 550772 506224 575198 554795 553162 522457 515294 535768 484353 565701 548048 555320 522702 541032 528655 524201 490689 522640 526977 542424 543731 520215 540534 533710 559803 512124 526818 520128 529846 526212 526656 553769 520772 524352 541655 497361 540514 558197 504050 517720 519830 512539 526742 542077 549202 558618 528338 504945 530944 526297 482456 508256 502255 508809 521634 534835 532704 505244 511610 562048 499196 503574 493116 538465 497376 562600 510584 521361 518524 551145 491034 488910 517228 523635 500656 501926 520355 499521 539997 511613 532314 524716 512465 488562 561223 517630 525662 516354 537698 543914 488980 534866 518156
523524 511416 470328 502441 520270 455873 513272 523018 525337 490061 527274 503786 547244 523878 564167 539748 525704 461012 545067 502140 476420 514021 525420 490754 507054 481114 533822 481557 515543 523888 468570 522684 556918 488814 521695 496167 433853 480962 516573 507482 535241 515605 502538 496820 526748 524745 536284 504054 514785 503875 515025 531132 519205 519552 504148 547751 498185 527867 515589 521303 516917 495780 503648 564968 514762 534467 524640 485659 515522 538766 496242 553488 464051 459530 508110 536539 504420 505174 528735 481674 480281 540761 512894 509934 482595 495084 524881 536153 488723 533776 530146 542832 545775 532795 513392 523591 540593 506570 525186 501063 523369 533298 483840 505137 502381 471851 528169 549225 505435 563340 517976 526912 512122 505602 520882 520285 547229 543036 530329 508927 541095 540603 529646 457356 527044 520582 526893 523679 496393 534890 530749 518466 516592 485725 506789 535983 516294 512720 543702 529323 499019 531108 504096 558525 522828 479619 490902 523406 534371 511418 531997 547774 558170 507484 515908 523856 518908 490348 490566 502850 516783 524349 512037 524961 500761 541872 563587 499409 483394 497913 518851 487251 532521 481253 507166 490532 523784 501347 467536 508596 523852 516988 512469 522050 495683 516066 505002 518180 506160 492656 489561 532881 519313 504551 512812 522315 521705 466413 513498 514635
494821 500669 452991 491924 508025 479955 482786 482297 484943 505315 550314 489825 523868 504388 529708 503407 468086 439568 537895 520331 471971 477297 512536 461223 492777 480814 519291 463912 491942 510299 468626 523548 515783 483972 502180 492380 440015 437129 498317 483290 503695 490189 498789 485254 493181 510612 513165 498395 499830 480449 504008 470073 503226 491680 492544 516993 492646 480600 502036 506432 504016 500851 496785 559104 527729 517342 497708 468036 470688 522002 462706 542349 439483 443529 486126 495573 476864 503747 528155 480275 437328 525735 476248 507352 495793 475752 519456 519287 458378 493018 548927 522277 541051 502810 506925 521458 507710 497207 489179 496146 518928 510459 482145 513158 509844 479509 519652 526857 489815 527422 518833 522551 478605 504580 487414 485624 517089 524965 527314 487667 506052 513709 487511 475522 510234 491949 519880 501728 511514 487637 500019 501892 486100 497188 499776 491449 490983 503811 510784 490104 503735 516089 471917 491118 514471 479120 481459 510291 467674 532241 509387 522080 495934 468639 479643 487918 495035 469482 502375 486035 459388 520710 493423 515438 512015 514999 545518 477970 445479 493810 521009 487229 548449 487479 490610 488363 525039 469173 463268 489924 495471 469225 493887 503181 478621 499684 490836 483271 506862 479683 474823 521148 491428 512239 487810 502443 514494 458198 508437 522975
473664 480402 450542 486435 497929 465272 459008 473247 467998 488236 485478 466217 529019 470959 518028 498699 467688 449580 502988 501493 440878 467539 490834 461469 475116 442182 503796 450462 474398 455638 440118 496080 508236 470145 480900 483471 420342 441255 480781 490968 505299 467177 468407 482272 485241 486908 469512 472723 478591 462738 513992 466560 464299 497131 482992 512715 462059 461495 463941 479813 474525 463860 458689 527400 481077 499679 499475 441095 476354 503614 466588 526380 429505 445118 469471 477523 458394 511519 481184 445019 429227 476972 449298 489569 448435 468338 485518 477459 440470 492883 465546 526046 479840 458294 471229 497603 447265 451151 452656 446063 490415 495700 466500 470929 483638 462059 464815 491711 479035 519368 508383 512282 449898 441150 485109 469809 492579 513915 488783 492611 482718 480121 468838 466618 468797 492003 503797 500266 473117 483810 473966 509118 480474 482243 459620 481439 512211 487280 488531 484662 462321 496947 430590 476337 496793 447507 466693 467010 456136 493526 506628 480850 496646 461108 470191 478370 491795 462822 465011 459331 476568 466790 486011 486674 503479 469704 509854 464713 447779 450113 500831 457993 497496 463825 468139 481125 493572 457228 452845 479668 462878 438168 462855 461210 482103 477774 455951 451459 475922 471212 441084 499237 478427 477117 478431 471037 483477 432832 485596 495094
519357 491491 471405 483920 502490 478210 492490 505710 497741 494686 527089 472397 539933 494626 540078 519995 471818 458122 532792 523795 480353 483413 512942 454887 513537 449431 497692 455302 492015 488209 459502 537683 524210 468354 491682 478973 415104 444246 489721 504682 530711 474569 493813 484376 490315 500067 499008 491691 489162 492971 528627 484431 495129 528925 495751 515376 474856 494456 494639 503711 496485 519415 515880 542420 523449 508971 529238 459846 456515 507895 460343 533150 464869 447476 471536 496972 476916 519587 516066 454583 439450 542307 463669 483742 481497 481034 486853 516484 464532 510022 523528 538678 523648 500822 492577 519704 523758 483685 486316 504672 532550 528720 483688 527895 515726 461409 507147 508381 475619 542289 496825 512676 488246 523516 506394 487866 531022 532341 494412 486708 518440 494715 484276 484402 501835 508271 508861 536598 495896 500598 486129 535742 477152 484831 476489 506932 485578 512304 509502 504407 498000 530307 460575 503059 494702 490693 490141 503723 506165 513231 512006 521863 499745 486198 491343 484534 489074 474566 496703 491061 484032 517598 496527 501886 487845 499477 555936 470884 482779 494217 499448 470496 518579 472205 508779 492521 488511 490078 481835 477462 493692 482198 491443 498010 497884 518474 479945 482873 526113 473830 468420 515728 511182 509919 492359 495264 501241 463096 487171 505497
545738 530344 519325 535782 555189 492987 498972 540089 531998 516559 561827 500798 578844 509482 593980 536637 527100 478996 563852 557787 469015 528487 544414 467572 538562 495724 560421 491737 545258 539116 516837 551103 539034 506004 521669 518035 470324 487583 548173 532088 549952 521206 527945 516944 539376 548386 518809 515814 531930 501852 555939 520307 493214 556381 500461 554510 522768 502661 543823 535927 568194 529997 515812 591212 560633 540357 534863 516911 520226 550890 514206 551088 473091 481556 524288 525598 503378 516661 523315 520378 462517 553856 508812 524774 506245 486293 527985 541627 509098 524884 547452 577093 546913 521481 534973 537017 540395 538384 520532 510222 548613 550956 502819 529439 546727 518397 554609 561652 513409 583522 542015 538642 547300 519450 578425 551625 554563 560176 551017 539956 570471 539255 540293 480689 538091 524749 526273 568526 529262 532183 534543 548702 522621 521568 547291 548717 515909 527587 546383 529569 511617 525507 502265 550090 544131 518467 527192 531635 536722 557966 569754 554537 553687 528584 539864 509869 492842 524724 512985 524411 548800 544097 520649 537635 550582 531201 551991 523494 504115 537925 554391 506573 560242 479631 516483 509287 556516 528735 529877 527181 521535 523257 545157 535130 538557 548665 508824 496728 528913 519701 522259 549796 522505 526428 531292 532455 535149 495609 518934 547409
510663 504253 485272 504924 519446 493432 487824 522028 497048 486263 549341 498955 532609 519467 543462 546521 494681 447940 537118 523679 493633 477129 534087 482121 493055 479326 498794 469652 517179 517773 473073 538567 545004 485079 532494 515431 469202 465266 516344 499957 534516 510233 485681 495706 508586 511263 506491 498855 499212 494602 521611 504584 510116 497067 506191 530959 519880 518998 521366 512183 504323 523028 504541 575322 534474 535134 520926 497608 502606 531822 486143 568131 479353 474776 491737 535593 499693 530691 517110 487295 460452 531661 495326 476317 491675 486320 536978 512385 475886 521867 535764 524210 537385 481516 550040 548010 519440 505764 510586 495096 536465 546840 490326 520630 527007 474926 517826 539522 510814 553197 520065 544643 517760 520155 509376 474476 510522 524599 538675 500110 539530 538879 496316 457456 513409 530045 539944 540391 517025 512503 482949 494735 493310 511363 489742 498948 507567 509167 521497 533950 504945 509130 487309 502062 522569 503076 467946 530309 472127 533367 521178 533969 519755 483743 490738 484664 497808 509463 506275 490876 501131 529039 507614 530063 501466 532376 549386 492475 473798 503281 512114 469355 559647 517205 501962 513848 539923 505643 477574 504698 516903 487931 480291 505207 489833 517499 518747 499283 513372 505962 490915 529852 489665 530384 493277 504607 525405 465469 537407 510652
521522 489352 450019 488357 534853 466288 480730 476472 483709 500543 541003 462650 527641 475928 525692 503883 488623 445659 531727 503320 443150 495608 521996 447274 502377 442301 507417 466215 500498 500839 471629 526246 505360 454310 496376 498409 444811 457422 486772 470067 511053 483871 472152 481092 490073 482474 477998 514857 502059 479361 511381 475268 491318 522849 478820 513869 473455 495580 511246 484002 522538 498687 462362 553853 528240 515908 516906 466510 456808 505230 483415 541297 465681 435248 463018 476344 475803 505507 500111 465777 430156 476913 470692 488239 452843 487437 493370 507331 460313 514654 491732 530527 498078 496420 492838 504045 482363 475607 485341 490823 493433 522992 474359 512109 524170 472116 494702 509067 476666 515633 503249 513494 473129 471898 499736 489890 512904 527657 522106 503101 530957 502377 485076 456118 488781 509004 502991 526131 485131 499835 464321 508424 487437 482197 485928 496547 510002 503087 508753 485624 494175 509981 445056 511958 502496 491823 494541 507126 500074 503977 501185 496335 504968 469883 482304 501609 507332 473073 476022 468305 504700 493381 495367 502020 488851 484168 558448 485460 490308 457631 527383 478186 511819 491079 497227 483866 509529 487933 484677 472540 503598 476156 457919 494137 495776 495745 492069 489216 490671 497118 473943 511546 501297 491808 483897 492654 503171 461848 503856 502752
511263 470060 440638 456978 511783 459118 457926 511241 481492 479437 517811 459578 513574 481085 539590 488796 465649 434224 528530 485104 452812 479854 499565 421182 474109 450536 516590 437369 467927 492024 456157 514503 513228 446844 508754 489152 428707 448244 459205 454690 498761 494062 462716 460343 478489 485163 474909 465595 498113 465154 506943 470109 483963 493126 486596 519123 483516 492177 479006 506725 494644 478453 461418 557070 508725 501333 498528 469382 465720 515088 483236 543392 447161 427976 470989 482940 455362 491584 497262 465504 449861 494716 477840 480898 472593 480400 479292 482564 462518 479348 503051 534009 508964 470835 485198 493964 481569 478697 453031 462327 498503 519761 456735 487391 510837 458773 499340 505524 473678 535498 469309 502040 483275 489016 501027 473636 496020 532731 492299 475129 505591 468933 478063 444978 489559 518143 486290 499251 485312 491853 490654 479189 460264 487739 483864 480200 479388 498644 512715 489243 494049 485966 452436 494980 492595 490886 479914 505012 466584 486482 511779 497551 525722 481658 469706 483827 471300 450263 471307 469904 482398 484015 487239 480344 480455 481215 531152 468293 452857 478642 481955 447145 522061 489693 467298 477814 514619 474599 467099 464711 494931 479513 440473 476746 501203 487233 478180 479905 477864 481417 462927 499367 509828 472669 477520 477040 498255 442792 484096 491400
499675 484462 433222 473835 472187 442540 450472 489747 462783 463876 528974 454819 506973 470548 508123 479891 442129 435406 505692 503211 448421 440407 486850 437316 470096 435708 508036 417002 468881 488311 433863 512257 493376 448520 474754 459732 408933 427357 473439 454412 502312 442275 465129 465988 476841 508607 443804 485577 465112 464281 521993 435866 473180 486584 471338 503622 485046 463638 485278 473732 459667 456732 460298 510204 494597 481546 485509 446567 457349 497588 461320 526094 405544 419729 475573 458925 444080 482726 492902 459066 434787 497854 445457 474399 456234 469962 456168 465237 449150 484425 472681 518301 499290 456354 465602 463324 475381 447868 470560 443487 490146 494534 457053 471860 486108 458174 498300 475486 467931 538477 464344 499935 464864 453733 477779 469121 503872 525622 508329 471852 513863 461979 470865 443975 464048 485763 489948 494894 474384 457812 476546 473966 470286 473627 460457 488285 478262 493094 482798 481461 466055 488667 441007 487619 492422 446791 472371 491466 456020 506255 514330 510409 495210 473499 467257 480116 474078 464026 446930 482074 470228 488714 479066 463124 489089 468669 515005 468118 444464 459095 481515 436971 503152 478626 453382 444797 491385 471742 472281 460938 487437 466589 441398 470186 477333 482913 479142 453959 476506 440291 449745 475169 467149 442726 463567 453854 471648 419965 466034 469626
516236 490716 449867 467787 506894 451457 459203 470174 476031 506515 520772 454870 513370 483269 540734 516547 474885 451889 514356 495230 440333 488038 485454 446444 490652 465757 504675 435113 495009 457244 464019 488739 517727 472971 464817 483207 435167 454239 487857 508553 525322 454962 489345 473696 487145 477432 483333 493237 457101 465802 521892 464608 489159 501204 474717 509404 453319 474956 483589 494956 517171 493225 465491 552390 487820 479179 495969 460462 463525 480063 473748 525477 417174 422106 460370 475221 473310 479278 476581 440680 439467 523640 460410 508071 439454 477060 485975 511495 476850 512428 503080 528712 496716 503134 478209 485116 477358 478328 476170 485286 530306 483258 480299 504015 480369 475066 503969 487939 466759 516697 514328 490249 483451 486023 497396 476841 514973 515982 482842 479274 492135 485886 478716 459881 485464 503558 507917 516256 493670 486464 474325 507513 459479 460699 487387 497165 465421 498378 504140 487103 492869 517866 458525 497021 495343 469613 476643 478276 482560 513137 516945 523224 504260 464653 483664 486401 498075 490877 469316 481320 479431 500715 497526 508051 480138 467367 524135 459772 482191 472460 523084 460854 523223 458853 484973 471298 493112 483145 468582 467347 502980 461497 473270 493101 467320 470318 467556 457373 497961 461815 472312 521908 490651 481017 502294 500682 505651 425607 485274 489162
500887 516506 444437 471772 482428 449604 479119 497188 491368 489178 522048 445740 508299 490233 519300 475509 490210 439625 516112 479314 443295 469661 504735 445243 489462 457181 483900 444660 479214 482819 456638 518291 504133 477356 473103 468757 422787 444777 486722 481608 513568 482548 473930 471655 499504 502097 484731 473230 466351 461840 503913 480230 476610 491432 485089 480729 473489 486652 493103 514913 515875 482590 484562 549788 481081 502257 495781 485309 470561 488594 471627 521733 440148 442917 464039 479708 454488 494881 485241 471079 440563 499557 467444 490627 455239 463255 494726 489844 453016 493138 500064 527040 488976 477686 484197 498850 491600 481392 469369 489481 504565 490208 474911 484997 503094 461309 516968 506340 491035 514410 501553 502433 448430 474628 497378 484003 516310 513817 505255 462078 507240 513559 476264 458430 488397 496420 485571 481207 511567 477938 501873 484702 491094 490685 494744 488997 492285 480660 472638 498571 470871 517432 454782 482306 490519 484913 480697 498905 476614 505476 489258 520826 488048 470621 483966 468736 486714 476232 482485 480109 475447 491286 472693 492753 504978 504130 561398 459540 464248 466425 508569 461470 498370 456965 481491 458302 498518 498556 447242 463080 481536 473158 471071 474222 482340 479756 471313 473297 483308 447909 473295 507602 495034 470705 491800 464913 488858 447516 500504 500140
503297 498687 476634 496334 527751 482803 484785 489974 501322 497203 529647 473006 525718 491346 573203 512782 502603 457314 535751 514060 451721 501719 538722 464461 479995 482229 513801 450188 501651 491217 455772 531232 543060 495847 494491 490257 429289 448346 505563 492983 539493 484630 502424 499484 504933 501076 477393 506764 496041 498959 520198 498060 499824 508645 487052 525037 492831 492597 496504 501655 493018 506553 486090 564335 530179 531259 508697 475052 470283 515890 499806 510354 450660 467755 478756 507736 486775 542441 499625 481264 449289 499811 474432 502870 480012 481316 515881 513915 463390 520222 498646 532392 510874 487451 484966 522958 488293 472406 480573 508409 535727 525804 482556 525884 524188 507534 516024 509199 502542 563008 511565 532822 478395 503633 532297 501107 522256 537828 521163 513883 549402 507941 502385 450160 496592 513838 506023 507755 500145 504282 479149 519264 484105 487895 510362 501832 520621 497100 507730 518387 515811 499110 479544 530434 506918 497009 482245 508436 498437 512968 532909 527825 504738 492836 483465 490530 518665 465933 474941 492522 493042 513263 514572 513771 509933 495708 551975 489925 497478 491541 505761 483972 514186 501065 480947 480318 524961 495431 479381 484821 498240 498502 465859 517861 509705 503075 499060 473201 494040 489289 466492 530258 493587 502741 481163 496611 502927 454875 494095 502449
537075 545161 501115 537771 550308 503414 499446 545635 524607 518806 552667 504028 552608 539914 552370 545816 529623 475958 558992 541931 512780 489458 572984 496907 521587 484530 520320 484450 520926 546080 489778 552631 537009 498065 528536 516660 483082 472938 521063 524758 541891 510796 518558 511929 534708 528668 526748 519074 523865 518073 557225 512308 521782 515562 501586 553869 492620 549037 547633 537924 541664 524989 540660 588030 535880 539315 529026 503307 504494 551415 487418 577160 471990 471985 510659 517754 486923 542958 547856 499711 468926 557955 501601 524019 509273 498026 527478 550332 499838 536188 544479 569680 545349 515454 541208 532710 509275 520507 518998 516529 548492 555894 505258 530832 551625 517550 538346 535128 538779 578803 530200 551960 509948 530777 524421 524722 544986 552721 557406 544263 564402 531156 521559 486585 528281 543725 526771 519077 537859 527168 511255 525092 522723 523192 511509 524741 526688 529276 540390 539322 519584 556418 488685 545321 525574 530326 497291 555163 500028 546377 548877 529723 541240 496125 543138 531198 520750 510779 540892 507613 511736 528059 524640 544574 531459 544171 584487 494874 501868 500835 534764 507774 556896 532890 521922 501443 536864 519055 520393 525188 510955 504352 505240 530433 545162 539484 522945 504543 522311 527774 506155 561146 508685 543381 520967 537831 550672 489573 522679 540276
501796 490451 460239 496773 510629 458868 468074 491690 504023 494219 524073 487554 523588 488060 531890 496616 470229 436078 521225 514642 468143 479274 512269 448985 483302 466787 522671 473237 481450 482530 470763 530272 507421 479389 505196 457384 447178 465795 492000 504708 503088 473979 494171 476331 514536 471319 468513 485995 477763 482594 519489 495930 474166 518379 473783 527767 473551 493581 520322 489829 498863 495172 479120 530309 513435 499055 525666 481585 497950 515486 482356 529596 435859 455224 482635 500119 460478 514378 510866 463945 431449 518058 489976 490186 452494 482953 488910 521042 454468 509746 493174 494054 523182 494853 501859 504076 504251 472489 472604 479365 492002 506263 476501 503727 501860 476937 498239 498064 502113 556794 509359 530145 500964 491406 493767 483814 518209 516880 502661 516552 511568 493915 479743 451833 502568 513193 521064 524788 492150 490385 513326 491288 489468 470124 485842 503220 498798 506791 493564 498194 492552 531317 455022 504283 534547 471856 475305 509403 502586 510654 529834 508405 499766 467113 471506 478324 488285 476285 487681 485193 480507 494234 481304 476688 488331 473503 547039 485049 465319 471537 501147 485260 523901 470790 483147 482827 506172 490107 466213 472392 492111 480273 468832 478499 490829 518454 458297 494490 510094 500024 471729 507432 481446 488706 484918 489272 509034 459392 498395 486260
530822 519707 471080 506370 527364 488572 519725 524805 518437 521606 545136 480526 538095 520953 573482 525342 496275 477599 528806 508630 455068 511023 538051 479765 525492 480950 518308 480231 476125 518002 467061 524471 539888 486258 509786 502099 429219 479309 510534 503351 545050 520032 495616 513208 488376 521956 487854 517980 509615 518377 536043 512152 506977 543065 497753 523583 481505 510435 511171 510626 515436 512525 499122 555419 536182 527116 529368 488608 518578 527498 500039 559291 443635 468021 469130 521441 471727 517410 513428 476869 447910 521886 487168 521413 478059 495393 510141 535827 474568 532180 482472 552269 505787 499015 498426 520738 506637 505728 493882 502637 532926 527415 512260 528598 514575 480843 518485 518314 509618 558124 502331 540833 506186 505357 527810 537280 518252 541101 540953 502451 560005 522535 522608 447935 539691 515676 525282 525415 516663 518205 499042 533879 499080 474374 501015 522733 507537 515476 513500 525990 521931 522759 484518 521363 512887 483492 483304 536761 500352 521862 541521 529087 542045 503761 514856 504373 510577 509724 491055 490892 498604 500402 505177 501531 502374 505246 562908 483128 460896 501466 536078 468997 544078 498900 510590 475435 513225 516423 496480 499664 524836 486866 494208 522052 531240 525021 504879 482564 506788 484830 501850 521919 522765 500380 481914 507091 525551 454652 521211 512148
514082 492443 460529 492827 508235 459179 462892 470384 493169 483292 529222 477543 525138 495527 557547 500321 490581 453921 509260 481156 448854 493321 497246 457427 503330 466394 479780 453168 486224 470037 451773 505483 512971 470503 502518 475424 414390 465108 496838 476782 499826 460685 475785 472610 509101 496852 459302 459349 494259 475652 507719 499134 491063 510694 485361 515091 465582 506768 510931 500869 495844 506247 491358 536810 495496 514943 505013 455772 486878 472561 477597 529876 432387 460109 485063 478132 462349 504287 490865 462361 430706 490622 449468 491093 458890 466005 466797 504243 446350 531032 492029 537594 494986 479925 481273 492103 498332 482752 459671 516214 516162 506275 484516 495210 497306 499966 473268 514588 489033 556770 500347 521807 467165 479880 502797 474071 530106 499961 500736 490631 525739 498819 469737 455433 501918 521442 511536 513042 495422 514205 504045 496616 474687 467419 500539 487748 473260 485193 502957 512088 495865 510436 467075 485644 482778 458368 468567 497308 462382 466179 527400 504252 492752 489907 505924 496784 491910 473808 436708 502761 495321 489779 501931 473653 492988 487492 541168 490548 469361 477131 506447 438715 512479 470135 471978 493600 505312 499551 485511 483045 495377 474580 443765 478461 500155 506191 452385 471865 503000 489563 470889 495175 501874 480511 490408 479011 516102 441184 487133 503031
530541 541597 508542 503309 555394 519596 532501 531649 544433 525301 564053 514350 588714 562073 582690 541774 539270 469516 559629 532032 491874 519468 562037 490223 529993 492575 538616 503545 525859 526822 499074 586792 572714 512062 569455 514477 453059 476825 507005 532740 559165 505850 531731 510005 527119 534681 514851 533797 525866 524239 576481 542376 536994 506898 534935 554420 530126 537196 535004 541243 559195 523105 508740 581600 536223 548366 551227 506799 514618 530717 534986 584315 466741 481023 524739 525294 506584 549909 559592 500829 474335 572011 484262 525524 487525 521614 525055 537111 481318 548745 533457 576716 543722 534420 524549 531627 554044 525782 520721 516934 567149 558940 499776 515675 520051 495601 551378 525534 497826 583207 539162 549969 502939 519332 523961 531655 555165 566628 565038 529196 566098 525572 505542 482944 526087 557720 526929 569867 533512 539405 540979 536465 504148 506953 540818 539539 523947 543702 513079 557276 529895 551580 488196 526756 524264 519910 531589 542502 521868 546045 570778 538336 546014 531359 524340 526564 543436 503743 499426 513580 521322 534280 534808 548398 521396 523186 592929 507483 527807 521872 536892 498411 543177 550456 511672 509397 563183 535308 518483 527803 522978 535949 513242 541789 544101 529308 509678 529266 552969 523083 515895 550704 517763 528431 525199 541399 540592 481597 508100 535595
536666 501385 500995 506438 515981 489315 477138 519510 513995 510836 530816 470951 558513 539211 574785 524316 495541 473390 576510 497399 487848 494464 531815 453622 530234 464630 514367 501443 501883 503691 476306 545478 550404 466838 524618 515774 464817 465743 477297 502073 533550 492578 512985 482102 531255 539696 484521 503784 511418 531412 549857 508323 516360 506713 500204 549220 488923 547579 528851 515059 527507 519888 508488 583046 506370 537556 522762 476917 484003 500467 502498 546371 456919 464079 498341 505287 477954 506412 508781 490478 467712 532605 508269 518637 474742 505904 512272 496774 489743 529594 525741 566897 556417 503575 510749 524610 507866 476899 490861 512007 536052 543635 487757 538932 519321 500721 511871 515596 506654 572344 517533 535798 500309 504796 514795 512184 537249 563253 530265 510026 531147 534925 495493 471399 515162 537046 533757 532696 506730 529029 498008 524783 507380 531883 500496 505730 495486 503754 518133 511482 534428 512640 451464 508584 499254 525882 517782 535266 507147 533818 544045 518029 546215 494127 512899 526635 510373 489087 492182 513685 525609 516398 516794 525753 493370 510614 555858 510432 493838 509892 514149 478026 525528 493658 498318 497146 523777 515978 499949 490198 537907 486011 506456 488083 524779 517933 498779 490088 523337 496326 488031 529363 530875 522799 508414 507784 531710 477410 528364 532796
513431 513802 468947 468559 510964 488514 465903 489750 499348 484209 512901 446788 533521 482655 545203 506060 492184 429249 520386 515512 456086 490073 514730 474139 499492 455855 492657 416845 482064 484905 471453 493731 509368 472333 479848 462263 405441 427727 484522 484578 511792 465730 474596 483251 470354 515413 478245 489488 488244 473041 527329 487650 498417 503479 464630 516709 443427 490334 518867 503141 489132 498465 452133 535360 516515 488257 493534 458939 463634 472652 461256 525308 436079 443627 456611 473496 470895 492781 492999 474690 438714 504663 467793 488375 471431 491226 506239 497745 459723 527605 490388 526103 493276 502914 499115 493873 503664 493774 479791 487917 534276 491205 479356 519900 481479 462943 493245 475561 472843 544586 502019 518653 482497 496686 507187 472877 496030 511880 505175 499633 534271 485700 495367 430331 493463 501222 499535 507393 487480 486412 486478 492534 470118 445704 484411 503839 470492 501523 504607 490246 493167 498445 470760 489115 506085 465411 456737 493652 479031 528175 521218 504797 501513 483991 484223 475384 498098 443305 469728 463960 464134 499129 493788 475112 464430 477145 527928 472054 469153 468236 513724 472294 515806 493743 475957 465182 514013 467741 464571 494570 486765 475808 455073 484720 506135 501194 466228 479098 486907 491253 441434 514395 469069 486732 473359 512310 492666 429229 477296 491076
509817 484452 470770 479336 510947 449623 489724 501674 511068 496136 515802 470408 528423 479145 552952 511502 499840 439934 508548 485912 457163 496303 511024 447613 474168 468976 493772 455610 494138 493630 465927 515365 515520 469458 505973 495387 438446 455563 485663 480674 508397 477112 492638 488727 487764 486416 471537 480134 497330 479093 514009 491687 507009 513704 479312 526635 488331 503936 482806 510417 475397 516645 486859 543679 498125 490536 530321 465649 473131 509107 482319 536451 451999 454263 471073 497554 479217 493952 498542 461330 451642 520455 462196 480068 467306 476863 481133 518678 466736 517887 472055 542051 496791 502698 502148 513796 496848 491195 471743 503773 505938 535154 468438 496608 508820 481109 503310 511966 473040 532257 485804 514459 489470 475319 497642 500361 502008 513479 516843 484996 499135 478522 480030 464688 495290 509223 501714 525049 491481 508611 494399 496346 488308 475128 499344 517417 506250 511729 497071 519171 481380 511255 479515 534973 509617 476929 480090 497816 487656 500791 504519 507197 502287 487556 504863 486976 498596 453086 467968 488161 487076 508621 485211 491746 505346 502086 543253 481335 482835 473999 513312 444661 509972 491587 494814 469402 520446 480192 452346 485131 486247 486971 466234 502370 497352 499262 470211 467379 486901 476716 486902 525322 498792 489775 489107 488341 493529 443394 496239 496184
477121 491690 437802 465029 489234 447578 456462 465994 483609 467912 519494 450267 512660 476685 501412 463850 474997 405222 487073 462569 440325 457187 492045 453872 478470 434271 487848 440000 482681 482016 451415 507653 495217 462535 482165 482057 418913 438386 467070 484719 509217 481410 443103 452925 466048 475736 455557 472055 469394 443236 489723 469751 460130 496522 468201 470672 470794 465889 483099 485343 478450 468137 466630 521929 484729 472739 477175 450420 496235 492194 457908 526358 444475 430948 485296 491588 439416 480921 498969 456186 398983 470304 425917 462893 442849 467665 469398 470616 443279 510991 468948 516396 481956 476669 483721 505514 468735 468954 459814 448666 486461 496768 465705 489895 480319 477238 469980 502487 473018 502201 497509 500860 451956 465980 497296 465778 511492 504635 517913 488578 479865 484632 465924 433018 467577 481308 474020 494559 475885 475313 480788 462932 472780 478046 478303 474117 461313 478420 473683 487284 463132 485784 425184 459136 493206 461812 460913 476495 465843 481369 495664 464413 488751 453455 477442 469754 482871 465251 471410 481519 460042 454725 452320 480563 481028 488435 527107 437181 471775 448862 484561 443738 494405 464858 490498 456139 520504 473144 461998 459533 466244 462187 459559 469389 458918 479527 457518 461983 473205 461475 454762 498935 480346 469659 460521 489322 498200 437112 472330 490618
541860 537315 504883 531042 550226 517501 521316 539912 538521 538653 570365 497852 554181 531100 578680 553172 510263 493539 561215 553049 512643 529062 567984 506672 542443 504644 555173 488448 539934 558991 502220 579985 563280 487433 527974 515994 479232 487923 523783 513245 557620 529086 529174 511798 542638 534844 530262 515596 540818 520253 563306 512279 536542 542348 505634 549644 526943 549687 554456 521146 549017 533528 534861 579245 551754 550737 548924 522907 517563 551603 500542 559889 489242 499138 515533 564294 500430 550066 556008 509199 487794 557696 502607 535822 515254 500906 543946 561271 510073 544585 566237 555913 571957 524772 541427 572340 539952 531835 532417 544901 567977 577152 518260 582429 545993 521292 528380 568298 527502 565704 556915 555554 553056 539482 544375 514299 541986 560875 561041 538388 549963 551915 535269 490288 542456 546938 562418 561414 534365 536202 525291 540407 510041 514891 549267 537262 530192 550046 545949 520429 529975 561595 496261 573938 555200 524123 503217 556506 520442 548456 532627 549474 536200 505740 519098 532832 527380 535291 542296 528998 519191 541707 538758 551232 541636 558552 585116 501176 501598 518573 566697 532912 568641 527209 519491 507614 580250 507574 516256 523553 528961 524314 512658 542479 531326 555630 499859 497904 533653 518074 503386 574847 521518 529283 508626 547337 557905 505679 568573 541556
515090 496112 483383 487868 503463 470776 471088 463538 465082 481697 523340 461058 518044 485677 534443 513384 472564 446072 516802 496274 460007 459684 509518 459479 504390 437784 506097 428860 467583 492562 451640 505302 483708 480061 497718 497522 435631 457321 465071 469768 504518 484542 477469 469517 484223 490648 467045 481102 480998 465075 516440 473970 465521 487272 465528 504720 469913 484594 495325 489408 493370 479919 501262 543058 514336 502590 492219 469692 441272 502926 467266 527917 427467 428645 458663 491458 474184 496429 495755 472504 414994 497358 468255 494045 494297 485533 504328 516629 454940 500719 496594 496994 505597 474201 488323 492374 470990 487419 485099 469809 514763 498331 437311 496077 502464 469051 488703 496121 465848 540507 486300 519685 468380 482154 470799 468849 493616 505793 496626 504538 508446 511361 471336 462609 495099 510067 482767 511182 475074 477960 482538 509145 485127 483369 477084 497283 488203 509666 501765 494707 504001 510011 451874 503273 485404 476176 461738 488507 485178 492869 504170 503235 487674 463473 485925 472569 467124 456661 469489 476150 466785 484588 504679 494973 472908 476746 521504 470495 451772 447168 482849 450314 521141 468608 472431 479612 500437 461271 431020 487000 487908 486461 459994 482450 477432 496431 488759 456550 503547 493506 454062 521098 484389 484792 476233 480019 499598 445703 485644 479303
553318 519218 487354 523919 532633 486023 507226 545803 524590 524589 553211 494204 566287 530866 553053 534230 505304 479817 548385 511858 507215 508409 542481 481655 530223 488455 531443 463100 515200 530695 475111 542182 520536 488977 515071 519087 463526 479536 514614 540359 552348 509084 515477 512424 520695 506467 506957 520649 530036 482354 554277 500150 491147 541216 510571 540187 508426 527837 538957 512256 525169 536792 500529 565272 554650 519460 532467 522841 504789 557548 517841 575256 483250 467825 472409 518440 503654 545973 511278 484487 462669 543279 507149 522156 488689 518628 501525 519215 483975 540494 537050 562194 519572 534732 521775 512435 521854 494751 503413 508513 554403 564333 494411 549086 547598 521224 526508 553916 498832 567363 526766 548361 518491 510733 537302 496074 554441 530000 525042 499969 525730 530487 498650 498654 524263 526405 543601 550682 500808 513572 524217 549922 506382 501342 489804 525966 515865 536903 529958 513390 500381 539702 470136 544758 556485 513431 490648 530077 535092 527878 548621 529402 540968 496683 500851 516753 532818 501437 519073 509226 513739 525120 511995 527029 524086 512311 568607 504078 493950 496035 545647 488189 546065 500768 523377 505928 529440 518819 526319 509640 521631 508596 505880 512755 519445 531279 518427 487055 517253 506911 472777 556658 528914 509688 510325 516387 532996 485793 524562 520585
498680 474781 470832 468293 481119 457576 467524 477065 457829 467522 505183 471205 508738 481951 537902 495907 465080 428671 533810 491934 452192 469515 492070 424967 480281 450411 500178 425546 486986 490355 453963 499226 485947 453480 482887 491629 434068 463594 453912 472483 497034 466067 472811 448651 468238 470145 472936 477909 487805 457245 514426 477722 444822 474104 463918 498732 474011 463273 478780 488854 482818 474181 484286 539644 514770 481697 487670 475679 469915 476444 440752 519223 413124 426806 453407 483320 455069 501565 486525 454290 446837 508293 464813 487320 476178 452036 469044 501855 439813 490450 498109 479512 511966 458055 475565 486682 465783 468805 475080 472184 497526 498504 448773 484496 485154 464878 498995 491743 465397 526464 475861 504278 470606 475225 484652 449804 499440 496293 492862 476987 477009 494869 466129 447476 484713 485914 491811 503454 489687 464642 471927 477659 487202 496834 476071 492976 485555 490060 501277 503181 480100 495396 431131 501205 501598 473941 451109 484983 467938 495717 510167 488374 489053 467161 459401 476996 458402 477747 473548 477827 460098 459528 478698 489122 467649 474046 526957 470100 443551 465197 492451 457681 488417 450144 443103 468905 502904 489271 467591 463354 486361 465220 466740 489603 475410 475734 478862 462693 492615 480767 460921 500177 498619 460297 457478 478962 503834 446456 480041 470382
524575 530138 483663 487124 533697 501722 514236 523735 527027 492260 555601 490813 541703 513048 557223 532190 507501 458886 535101 534254 472917 503886 520912 452735 502756 470292 526174 468678 522625 512538 489431 545336 533003 470050 514496 496812 442958 468798 522871 520079 556404 502002 516095 492880 507603 517501 499484 500337 507747 487148 550023 484280 499934 507352 512983 529962 509224 509418 507071 517211 532572 497461 505442 561750 531808 551290 537673 496174 493137 535640 506492 561913 445120 467494 521434 509446 475025 528780 541642 488986 453525 546181 473599 511196 486387 475224 508805 534061 489835 534903 533004 530372 538211 500203 536707 536335 523010 494120 504452 509791 538736 536135 490958 516330 530814 506345 545708 546177 520151 558227 534220 555173 503630 541960 513382 507264 559249 558383 536411 509992 542468 502072 493292 456084 506961 527115 523905 547821 506995 500584 520887 508100 495643 520004 522298 518303 506468 513015 522922 533931 491572 531724 497233 527279 529229 511353 511976 522885 487460 533033 548888 517290 528900 486011 499524 507169 511269 503803 509791 515887 523571 517659 510666 531556 525624 534934 560330 499440 499601 506137 515751 487412 547854 522529 504881 493334 547858 515082 506993 508209 502953 484669 491787 526463 507486 515865 518987 500049 517490 506245 503397 541231 506932 519896 495171 518183 528419 478521 511272 507193
529235 472954 456449 468317 510031 473821 465418 486841 472402 484758 525365 432595 518675 463351 534751 493938 479852 434137 491648 504374 429252 489418 504531 459157 483101 453098 499447 433489 469572 472294 444738 512227 501096 461466 485140 469419 416795 445516 491200 463301 491850 492393 463227 481494 475975 512644 446704 484035 496859 476788 510394 464059 478939 506442 478637 520748 460410 474361 473335 474447 502333 478654 459142 514858 508027 505888 509137 451477 477471 499574 465591 523509 442099 459429 467771 492724 464919 476616 488353 467765 413739 484190 453279 478991 473018 474592 481340 478152 464188 502928 481303 509701 501604 473782 480436 519615 481991 471663 457886 472298 501585 526308 442455 486796 482297 473141 500918 498512 493304 525721 503212 501381 484227 479953 461527 478155 513631 505507 510265 479516 540800 466766 490895 425430 488946 512138 481830 494010 485850 480026 486570 487441 467826 464851 490277 471932 483255 477708 495719 488945 487499 499506 473225 505087 513587 469743 437198 505353 478053 476086 508731 505997 506428 488278 463360 468186 486209 467558 467504 462205 483989 475315 486208 485138 472704 471413 528669 458096 447904 481947 491784 453392 497824 481208 483214 457151 500750 483889 473599 468363 488334 463662 450797 484185 482354 485324 474232 482272 493214 476794 453575 518071 479319 474692 457059 487957 488096 460878 495049 487483
511287 471845 433686 474819 472513 447505 448663 469578 423102 463106 495058 450047 489581 460717 505215 477627 454129 421637 486936 491279 443268 448430 479978 443380 463512 442299 474578 451171 459932 450190 435865 492727 504450 422712 449977 442789 430591 408954 464598 468980 481161 457752 452329 437895 459157 482701 440656 480017 455959 450800 499922 439784 454487 505432 453410 473176 443475 462103 467302 462157 488575 458396 473261 523396 454063 460668 456598 449702 464942 481344 441520 509497 419373 418587 441857 478738 429525 483703 470377 424344 405954 489859 445255 463601 423543 460791 479343 465324 428046 473969 484982 486372 484693 430505 435572 484959 482863 438211 439112 456440 478607 485353 462007 453487 475856 451480 463257 451546 454730 502415 475674 497116 455911 460877 477582 466882 462055 509611 488518 455311 487270 466898 451141 423425 462802 477190 468734 477610 463026 470699 444420 489603 439002 456373 450051 465816 475483 460090 478371 463940 440224 476789 423675 464278 478959 443561 441155 447520 452902 496792 480575 477925 491357 455900 465455 450492 461767 458268 456189 468460 461491 463717 465676 480365 451596 465750 516545 467211 442454 450465 473432 445555 482291 442942 460225 456528 464424 472263 441433 434721 494375 443088 454932 460901 465868 451252 473241 436808 463936 435962 442404 451003 473522 467248 450937 466613 474032 430582 460244 470799
507849 496471 466171 474791 503584 459942 458743 504760 482359 466371 530769 462780 526582 484374 532388 486421 482177 419422 489054 486495 425497 484408 489471 455825 472571 432343 499268 423176 506670 479113 443034 491848 503956 440800 481868 477315 433280 442465 475705 464280 494921 455082 463864 458973 483755 491922 462869 465369 472724 454897 509953 446355 475019 500583 467250 511497 472212 467247 476866 484700 482943 480695 452919 530349 470516 501947 512906 451339 438451 487268 455190 540079 424045 462271 468107 452081 471315 487893 499285 449375 407466 488604 447653 467563 463324 473342 489164 489047 446638 469225 487954 508525 500444 472563 465616 501178 469879 487110 458708 481223 496164 502541 444843 465648 481463 470160 476461 484620 475787 529032 489772 506442 461899 486696 488998 487290 487865 496733 471870 482446 506961 469468 498218 443557 483961 500258 495454 508796 476961 492485 464358 493164 478121 474509 488897 495786 469451 475761 478993 467568 493702 484149 440580 469563 485276 454764 473567 453359 468437 497189 521464 469531 515917 467024 464813 447613 475316 455775 469452 455904 470275 483295 474831 498169 461615 446830 504477 469803 450577 472336 499825 468103 503152 468500 480948 473318 495248 463273 486586 478155 442717 459137 464957 487499 467331 482971 477184 465950 480985 477403 446125 497588 479399 481201 467171 464206 495516 439305 473118 476109
540127 534066 481854 513799 513408 465362 487377 518683 522377 488790 532686 476771 539133 519846 560545 498732 512896 454390 528454 523646 458812 490180 518767 464525 484582 477336 518805 448035 516772 504493 486958 526002 502347 485744 513753 499327 459502 471849 477972 504991 520160 497393 517057 483826 508443 523171 504406 502658 497401 486977 530534 493285 502688 512197 496505 529741 492969 518914 510425 506551 513238 508293 496047 551097 509528 521050 513559 486554 493311 526665 473009 547210 461109 467970 495720 497105 505517 504698 523017 470350 464334 548951 504338 505015 480279 496315 493856 499219 488984 525425 528847 543196 541470 492261 511002 519760 521881 491402 512255 504287 535451 522095 490480 537993 498859 473338 523794 516047 501034 555612 524772 531868 520180 507421 511190 502674 528142 542376 527610 489046 521845 505332 519122 460634 491671 522477 510212 516272 531102 516344 502644 508612 502846 507104 497051 539080 492626 497297 518326 512508 505640 528583 470584 515253 521116 493050 470535 522414 500674 535667 571005 529666 534399 508049 505658 504362 501953 474551 480943 504606 485468 521467 499435 512561 507134 508068 536288 482512 481973 495379 516144 503270 520265 479213 503917 482574 505831 504620 499674 495656 497890 505732 487400 484756 513995 517480 490015 507069 483172 507141 461322 519632 494068 501015 490430 504032 516631 458004 506437 503365
489234 483907 475897 488061 511650 468269 464940 518966 513221 480181 512957 450629 532413 496541 544748 501030 484418 455694 532620 496607 451106 481197 496344 454746 481320 466983 504964 446176 487026 492130 450506 528768 489747 475911 494823 490733 421106 463146 485918 507778 507987 484282 494182 452523 513342 491834 480925 468789 507508 477131 513012 484030 489614 503848 479791 540811 481462 474509 489778 515613 502361 490255 465798 555440 509012 484857 490987 456279 485506 510662 469815 523283 457409 455305 455721 494493 474454 494916 490321 456841 425592 502015 479916 469863 460167 461934 502361 494553 460707 502217 517549 507025 512816 497612 508688 507942 499706 460985 475993 461101 503482 503967 446937 497564 487453 485152 487223 499705 477487 536158 504800 520295 483720 476831 497505 490134 497476 525278 508954 520167 498586 485694 507218 456954 481547 510961 520940 522452 485819 502923 490598 488959 496071 499013 493504 474949 491764 492774 507982 488836 477563 496714 467098 512724 519119 461176 483453 491931 491716 511300 490367 506457 508443 474554 473217 500965 467222 465948 477379 458850 484111 499770 497178 483046 500566 477726 512414 466576 477772 473922 518284 462773 522263 468918 469201 475086 534594 487829 454431 472422 494366 483762 481444 481893 461087 512526 475303 476683 499504 480510 473500 512356 500827 482241 484117 510449 490719 443859 485895 501235
486481 483834 445430 458503 495833 461370 465247 516189 480366 480246 520555 439613 514249 473476 521029 510085 485095 448250 510025 472698 444040 488615 497957 445209 492551 436137 493913 453612 473864 496895 461999 481204 490623 477880 478979 491202 416587 442711 492136 489159 513953 466120 463146 476222 500598 508039 459789 482862 466205 465778 506607 454192 484654 496790 464257 512893 481778 496128 493069 483899 489997 481135 467446 515546 489005 496856 501408 475983 464063 478004 479860 519115 421469 413246 460618 475681 460749 511220 465310 468744 445398 495971 458561 464652 454362 454052 483931 472498 456697 512057 483746 511728 496012 467182 474912 479415 495007 451223 483451 456148 496105 498112 449826 492306 491717 474410 501317 491620 483642 530997 483896 474312 473044 463451 509269 491833 486845 505394 501152 468785 508163 481989 477071 451651 481685 505484 476585 508212 504972 486099 496831 478160 475858 460088 483838 478748 470229 490231 460460 490883 472101 498583 460320 508217 492622 466381 456364 469430 494270 508043 474309 516019 486507 468881 459170 469837 465305 486445 452280 469459 479550 490249 482679 513402 493497 476952 544302 488240 446268 462096 493658 452321 515984 472208 476737 452429 495369 478954 477372 469547 486373 465558 466072 498424 490882 486148 473461 460760 508249 475431 461292 485651 475594 479896 475345 478221 487113 439356 491409 488459
506135 496450 476176 496348 487192 474059 466651 508586 494492 496825 521697 488778 533067 507955 538520 525001 481948 426432 533201 494400 461307 496814 502836 471972 501888 482507 503399 446812 485693 497067 482931 527456 512388 455290 509693 481081 421208 463986 491481 503099 526397 498292 491176 479689 485045 521278 491223 508010 508643 456537 522186 515011 494486 505356 481892 529332 496540 485661 520017 497411 499475 497773 502955 537772 510989 518424 502824 483256 476689 498075 471066 543772 453210 447623 477712 487169 476022 524141 503520 480545 426907 516680 465731 488658 485124 479179 519139 501265 430488 503451 500931 533006 536439 487701 483332 494281 512786 498998 488495 507511 513715 511632 486931 523194 496435 481407 504836 494555 470531 558155 498613 540764 465652 502897 502576 485830 544037 509655 501931 481780 514189 518653 478148 465350 501601 518676 508449 525391 520566 494457 498173 507750 496626 487322 514355 523550 477606 513162 514292 508614 486666 498937 469556 487615 498496 480402 467352 518761 501214 505746 523227 526990 496406 491902 492435 481417 526084 471011 496509 498304 484508 496054 513982 503140 470227 497258 558596 468291 472549 480802 504546 465006 506707 500175 488484 474639 538041 484057 473164 489775 492071 483519 458184 482682 491444 501223 477612 483672 510888 489216 466752 526331 504097 478468 494167 485046 511108 456766 508627 515955
513690 487221 438742 496550 532070 474469 480838 495834 524314 502732 508383 461432 526927 493164 565720 505719 498313 444383 535048 482969 451342 490122 494996 432783 488680 459872 517221 458070 489566 498096 450141 508237 511403 476384 502293 487502 438491 448735 482730 491811 527217 477409 467895 472952 484441 503244 457229 487209 492524 476894 519110 512031 494584 495406 491058 523885 488057 468520 494530 516012 501332 492943 467305 554987 512152 519851 512137 491687 483719 499931 498663 527804 458058 444198 491462 476847 459283 497011 499154 474926 439722 515190 466140 488320 458337 491364 470673 492797 460929 520990 495466 511220 513013 491666 485872 498255 479226 498187 467729 496487 512171 505804 469748 500766 503612 477394 502270 503990 473012 528285 494423 505737 478725 496641 515882 503574 533857 520609 527679 466306 519191 481511 493470 441430 502937 532400 518400 489552 521927 477692 510339 486871 482489 494710 511240 503010 512662 509910 491675 497534 489286 504060 447868 494091 523329 472926 477821 516667 492201 518149 515481 507200 509465 483734 489853 489419 499849 478231 466842 462124 496482 511406 512703 504325 481307 499864 551695 483506 477999 479659 507725 458932 523089 486321 465709 487312 526069 476274 472775 481584 500537 500284 470654 491376 496912 500884 484529 498163 486099 470671 470256 522626 488269 478658 485736 467176 489502 472567 504568 501360
528230 483652 473586 503803 519790 464262 493753 514214 498469 472052 534865 477722 539655 511503 534999 513659 496370 454090 535996 503060 472744 486952 506168 451666 498445 470996 501925 467414 482526 509290 466163 506691 519282 476805 495036 494247 413763 478160 474227 502264 520739 506709 476200 490519 492336 486554 484497 488605 496862 498419 524137 503736 495954 519170 483196 516254 493285 504585 507587 509917 507450 499465 480020 540334 517766 510476 515405 479477 471117 538639 497791 564889 458300 471354 480809 490163 502856 507508 520544 490436 445071 521966 483488 499618 473958 499132 502471 498962 462861 512238 501791 520564 500858 493338 499372 504749 515894 478283 481438 487063 532003 533194 482227 489487 510935 490262 511336 520588 503194 526527 500430 520273 495896 489316 501457 497732 513077 527083 513050 508627 517493 509677 490514 476780 496599 521655 522698 512671 478361 515038 481757 515122 474520 496222 498470 522896 498535 515536 536184 498961 501181 525424 468668 500229 511520 489375 471938 514317 493278 500788 507579 514961 538422 476266 503097 491081 484869 474803 496025 486965 512900 495969 491222 499735 499010 491680 529443 484817 468533 477353 504481 481331 538642 486338 482325 497900 503449 505395 478385 473239 505178 480527 473069 470478 489969 507097 476373 482774 506456 483322 478647 521787 496415 472549 479825 486293 506287 473065 483773 512930
547867 496140 486738 480441 519673 462030 488573 494273 524671 506149 537435 488213 535643 514324 540310 517108 515350 465279 527380 517052 479150 486369 528758 463146 486040 476630 502214 454861 474899 495045 464563 509640 519549 485487 485427 503268 469269 466096 518074 510154 513717 505680 510448 485922 500206 509915 494752 509092 502689 498374 515880 498586 506100 515796 488982 530916 511310 513013 502804 517011 500561 502575 510189 563558 514719 514368 498465 480850 507309 506887 484040 536257 437775 458850 522830 511973 483348 506831 510308 455270 449994 528128 485473 504511 464893 508752 506756 522753 478142 518309 510822 545644 546162 478809 520166 508465 496998 473349 494498 520231 507592 522498 500410 507819 491535 495379 512044 536796 487431 524824 529861 518157 483326 499491 497754 489102 508733 521568 507414 521047 508726 502651 479537 483329 514016 527428 530689 529025 504695 514273 498112 523314 490743 491641 485247 526096 485106 496776 512914 514878 493795 527662 469964 518350 534650 469775 474080 481664 476930 504823 525003 536023 518093 490915 490824 511512 508667 500139 510263 476751 527097 503464 514089 539136 495142 484560 582421 477283 503807 477560 531945 468794 543364 498439 496002 505668 529961 481635 491330 502431 510504 483394 481419 500754 501315 507285 495648 477567 512962 498369 482051 542666 514653 498897 520398 527112 525433 450389 527007 509375
523696 473619 460841 492999 508811 450345 482638 494705 494351 471910 520174 477296 529513 479945 543295 498637 478236 433787 507153 492286 430759 482163 505908 432642 477357 470056 511597 462947 509011 463587 470010 524488 510568 452482 497910 475150 426908 433219 470463 488731 511403 502212 500487 462693 491828 522975 481964 507950 475481 471601 495319 470291 502364 503956 476958 506298 474987 494034 500629 499336 520078 503485 487793 518348 496268 513480 510710 451098 472813 498977 480965 522199 423761 436596 477080 494320 461506 489736 480036 464543 424759 522484 486364 489457 437157 483048 494141 496747 474354 486097 497942 537185 526264 477111 494919 481610 513664 477538 476423 483594 493835 499614 467712 511910 482178 479749 522054 504613 495579 549004 508723 514937 478609 485059 490950 510104 508852 511790 523369 490378 500581 493903 458856 451200 494233 512249 508353 533369 502267 473698 484188 510928 474345 468744 502924 510542 485720 469777 504364 490567 485107 482061 456710 502307 470464 465635 467717 479688 488625 509221 501800 511466 498322 490724 484904 502156 505851 494124 463893 487267 487282 516238 503142 482296 471312 478384 542679 475377 455578 496349 481713 474090 484008 464141 461115 469787 512460 457674 484758 464687 496741 500883 477813 474025 465652 477014 466779 461750 495516 472995 465351 507620 469452 469761 479312 492648 513679 452441 485582 507672
529485 513162 489801 492935 522639 474360 482614 516463 509093 498909 566468 480140 518121 513902 534078 494152 502031 439754 525651 508255 471026 499646 521952 463239 501254 461843 528195 486962 518850 511626 494688 530310 533001 478673 517029 494952 441339 464857 494507 503278 504059 512602 505665 480624 509453 517230 496581 518176 492869 496145 514697 515645 490745 527725 499181 511278 482494 519731 523188 517838 524027 493548 502665 548492 524220 544457 520932 488062 473930 535856 495073 560075 454764 463422 491310 521493 506019 539371 522369 480662 441674 511471 502794 494545 487965 475122 478397 531198 462529 529829 506662 530604 536421 482795 493378 529801 523795 493283 502678 500308 533008 515660 508799 513792 519937 485552 523350 543209 525192 556293 525715 530286 511621 521453 501016 493999 531392 521017 524651 493373 539331 521927 507554 474672 501390 523490 523573 528759 507801 507624 485821 508229 504590 482864 492517 520479 482433 504032 501992 506988 515030 517871 484179 492975 523572 501612 497358 499098 512437 515959 531409 515578 514589 494335 492295 506558 496336 498097 465108 523386 498398 502338 498483 526497 535774 509692 567398 480706 486568 490641 511236 475753 571356 497420 528565 504071 540148 518617 503544 497641 500512 487297 471570 520037 499701 521756 491224 487266 527063 523138 478784 538513 511120 514799 492663 488664 519591 456821 509533 507202
482449 429438 422939 439400 476604 421029 468334 479510 440966 455540 506188 435762 486083 453761 503779 467490 451878 407211 480687 466385 421085 453279 474381 409903 461042 434130 478597 412243 468676 450546 427954 485048 460468 443660 449710 450853 384607 416735 441408 446615 486096 462881 452787 443875 453276 467066 447767 475521 449086 437011 476247 437647 469495 490701 445717 479906 467287 449068 447641 444094 474076 457494 439031 488987 460834 473205 481017 409002 431736 463635 447188 507448 407031 428109 443500 462662 434976 448773 483456 440717 389516 453117 433405 457814 433181 442743 475223 462187 443196 479506 468387 473524 489282 454270 463379 471633 475064 440055 450057 429419 441679 475721 422564 446663 443469 448442 465410 454573 448385 505689 497958 476627 436111 458684 456382 447554 454762 482196 493793 471271 480404 455548 443883 418760 456587 476528 468083 490411 463128 469299 439508 451447 451190 452663 455524 491948 452185 458871 474773 463743 467575 468975 425051 458491 479379 473425 432153 453253 450124 477096 465163 468662 466752 436792 424559 443005 455005 440464 423890 466480 464811 467204 450258 464089 461995 441550 490483 449679 451019 436327 452764 431943 455224 441138 472558 439712 495064 461677 441065 442900 463919 450323 438602 466220 419604 451525 456499 443457 485121 431692 414569 474115 466090 442979 450518 468903 466183 409792 460627 459324
543305 507902 497771 505124 546514 487815 483241 518097 509346 516651 545030 488134 548042 506085 568748 511569 500880 489490 549032 532257 474736 512173 536801 477325 499564 473361 542230 491771 507781 523792 494437 535273 515606 500140 510407 509068 436483 474366 515436 520265 548608 502680 498472 518086 529778 528295 512205 496266 526234 505530 548461 540605 508422 560944 501883 548087 510673 505467 519933 528877 502263 526224 496635 562865 530381 538121 531620 474931 493226 528237 516048 558038 492437 463168 498357 533891 493171 517393 500634 462811 468134 518216 500919 508528 498580 494882 507216 515961 494620 538872 529879 542195 523556 509895 523804 523369 511788 495692 499214 505273 543729 531510 509667 545283 522130 508007 523432 515348 517414 566269 505083 531849 473968 512176 563697 526269 540058 539053 540089 518722 537567 522236 498286 462316 518576 515160 529597 543198 515369 519053 528035 513592 490786 501217 523935 505251 520689 513102 530851 525706 526584 533434 490713 532683 528396 480681 486069 518566 508954 536670 539548 545363 516112 513076 515086 495759 493597 488495 496275 502649 509465 516913 508548 505466 523405 500054 550589 492715 484863 490538 526543 470578 557839 498666 499760 535669 536638 520055 497387 520737 507903 516886 491272 504926 514089 549744 510296 506977 515400 514949 483761 533166 521648 510605 507529 522403 526148 460537 522676 540675
485791 472444 442172 466338 484379 422876 448942 477723 437266 441573 487024 461613 492027 471512 489520 459974 462274 421123 468252 473194 435341 440407 479514 424463 432115 440445 471777 411154 464138 451450 439888 492414 465718 457914 469420 469432 391503 436128 442057 480256 471107 469855 464411 456817 472671 459367 451836 469250 464141 447501 504577 446290 448757 501615 431930 491771 465358 480006 476630 459727 452551 479944 463228 521158 482574 487423 476686 474488 432250 470873 455667 505280 432717 440951 457939 491994 448852 463419 478163 432830 409248 482378 454641 486636 447850 447712 443081 479673 440411 481704 470912 494964 454554 457684 457873 454585 487023 449541 450476 448547 475856 493805 423013 447449 473388 444402 484877 465229 459870 510750 477121 485884 467860 447656 455778 451940 477084 496400 474564 469027 489797 476927 441293 428452 440196 472619 488535 492691 454145 462986 448842 467281 443132 449676 471414 487098 482213 472436 471452 468513 472042 492886 422093 472727 489929 422432 444407 455670 458883 486908 509135 465389 484602 437709 464224 462643 473132 432153 418005 458362 490936 468534 450431 472247 466214 459219 511145 452160 435515 413810 485456 455120 477034 462884 469335 453471 478660 472155 457698 460727 450508 447649 449653 454305 485992 454451 434536 458480 467662 444178 434464 481142 433483 452741 479828 462458 465916 412824 464795 436728
500141 447477 430757 468431 475403 449291 440177 466027 455264 472404 471257 447844 477326 479382 526357 467638 458351 425440 477389 466321 431059 453068 481548 442136 454390 434678 476024 424593 445869 473912 442093 476904 482724 436085 452419 460710 409815 435571 441563 475723 509814 466520 443273 450698 474164 458557 428730 458639 457465 461111 502141 448661 450601 457384 446285 475229 441567 474270 466138 465769 480343 460200 466262 516035 455020 481722 480874 460906 429154 476674 437616 510596 400898 408721 446508 453851 434082 470579 466045 433848 416442 501627 463200 459330 434594 449697 458269 473183 438515 487790 471466 473625 478341 472196 462688 478897 450375 431667 457655 462169 488112 465901 438368 466982 472357 447421 467004 485243 449013 511052 459750 495239 443365 469946 477160 467375 481806 503201 495648 453812 486882 473628 476197 426027 476731 458140 470087 456122 457066 489820 450362 458267 450369 447289 465624 496231 449021 490467 463141 467955 470437 480617 421499 451347 470175 469864 435529 483129 466110 490937 482884 480048 479762 444861 463452 445598 462884 451710 442595 460996 453196 465566 467963 495924 469603 479332 495637 453295 428069 423896 480936 424609 486592 460799 445613 460361 475559 473692 445131 465124 464862 449565 450370 461053 464785 452828 450530 451432 469917 444936 423708 486399 465597 456922 463184 449471 498423 408331 481830 459225
482602 491803 464985 475467 502762 474422 473919 499057 492917 471973 509365 455674 527924 499810 541055 493404 495469 452387 536602 474763 446393 466580 500083 435429 491855 431384 510882 470272 508033 509490 456743 518873 520163 467507 471896 477655 423111 434831 492528 486150 512586 478531 470539 476463 505322 510667 484916 483671 484587 485745 516979 454225 477243 513466 486293 525085 458077 505895 487171 509864 506230 481082 478299 550732 467300 528889 495731 463617 472122 471981 478931 532180 439505 445903 484778 475499 463416 503983 466039 455051 434377 506550 473833 494748 460282 443849 483015 510065 440948 515143 506163 560891 528061 479380 477823 512582 495533 481355 494770 494987 494409 501481 477353 503074 509183 460081 495455 503264 480183 540805 513367 517332 460914 477488 504679 500377 502387 529708 529540 521587 511785 496576 493602 450778 489522 505250 517372 512521 505490 506482 472891 493361 498308 477053 477795 499733 501439 494405 492601 501940 481161 489093 466497 493367 502913 466867 483086 493452 508117 498419 504748 491766 511201 475844 490651 519321 479921 466732 473061 496708 484007 489995 507627 496045 492846 510302 539865 485248 460799 474610 493935 481929 527244 466490 499315 467019 512939 481493 457950 489005 508639 478443 482908 503730 503896 488884 497531 453258 477163 466704 475355 507523 495650 484937 485326 489322 485815 459031 473236 505294
542020 538030 483791 521333 517649 501137 489730 505908 505182 510270 553146 489184 533670 505466 563247 494470 499635 455531 549349 525583 468319 495975 533006 468080 525217 480002 567934 461227 512803 510797 476384 558506 519291 479143 534192 493695 431177 486561 508290 516203 530340 497465 497993 489510 518327 528949 481101 503999 507516 504490 539603 500211 508120 532549 514184 526217 491853 511590 529310 510285 532331 505440 494771 569549 519305 528735 538561 474137 508450 519136 498117 561496 441694 469793 495400 515023 487505 517376 542198 490379 444465 514750 480283 501991 479198 507141 516457 517864 479885 536106 517597 550773 529011 490341 502411 527813 515441 497564 506520 504079 509757 507749 485853 507967 525445 495128 518116 539246 488285 571904 525070 547620 507248 528069 526988 515989 530163 542935 527811 523076 540674 509093 535699 459390 514721 549110 514485 557596 512151 526059 517434 518927 492140 494007 526735 522538 498849 543197 539749 548894 510614 537372 490502 519708 528204 491485 515003 517636 483264 530669 562199 524613 541742 501256 491617 480014 519257 480359 509040 513619 486304 515472 516773 505350 500216 508265 556082 500887 510048 507857 527811 499804 554336 482432 507225 495861 537189 505910 492268 491820 509161 511537 480035 481334 526600 516177 503647 511079 507170 477906 475356 525106 498937 501403 503417 515507 521619 450563 512591 519517
546298 528998 520053 516902 525635 488099 476958 511191 517535 515424 543477 500272 552381 527072 561392 525200 506054 455087 558926 553081 487932 507350 552006 472182 523051 481657 504522 479055 511320 510598 495535 577509 545683 485366 535093 490022 462910 453110 514171 516171 522175 489241 535836 499732 508620 488583 501893 522143 517767 498856 553589 503970 518816 509948 500082 547546 494152 523817 562911 530062 519194 527132 510435 603216 526074 502174 491704 492764 496781 549462 482117 536949 466566 462850 485882 513472 493903 523375 526215 497094 451109 555272 489848 514997 450746 503736 503915 529030 470496 517114 529055 552169 517444 500658 520811 513583 514649 484200 490377 525058 542569 532850 493852 520357 521191 500832 502923 530727 509670 559598 529027 549319 518675 502459 511520 540805 514248 559099 552168 527929 543644 518787 508270 477875 510261 536302 560042 549986 480980 525954 501910 529320 507194 526011 521419 498636 519094 516248 513660 531452 506952 542151 497158 538705 490964 512694 518062 533185 487649 535454 543414 536038 541777 504848 514772 509066 496685 501812 498866 489008 512028 536592 528828 482561 500619 516252 564958 474389 499999 525411 544274 470545 564505 510145 495574 519233 547590 511192 482642 520880 518579 500573 471285 481610 528530 538647 505016 487286 527220 503513 489787 528712 511380 524729 495992 528848 544953 462398 504833 500890
504385 479139 478095 483805 500754 426926 451489 473003 445822 458314 487346 448394 511305 493676 513342 472746 457961 414024 486955 489632 439471 459636 492297 421905 485976 452820 479972 440360 457903 467774 432251 501546 477792 426594 474039 465520 416665 455613 450770 500121 514466 489527 463057 450092 484223 489378 466038 470194 467856 455007 517539 470504 447482 491771 436450 489258 451589 464742 491377 455712 507210 480263 462351 506581 474692 495794 489982 444636 444520 504632 460240 517027 414425 430380 442070 483994 449818 484825 472130 434183 396661 475474 467010 470262 447161 482856 462838 489066 453651 492519 491694 493174 491740 454987 483684 474716 488399 474746 465266 455776 494231 492215 461600 491378 475569 437349 464054 476266 453815 533892 510127 496406 487524 480615 489839 461535 500641 508914 483303 471265 498875 491896 478755 422206 476058 482865 478321 504118 470980 474377 468027 476058 456652 472294 453840 492719 472310 462707 479751 483367 479062 481425 426679 473774 490378 465636 443885 474415 470308 478549 492682 490727 504251 462854 456191 456471 462473 441690 451993 479861 469176 464750 458991 476275 449194 483298 514635 453291 458724 442514 486067 467823 480694 457753 469385 454876 487413 478964 460467 472680 467789 465800 450281 469586 464466 479732 463170 446558 468962 449655 450948 497701 456352 470465 486104 469330 495064 433072 472694 480014
525914 495427 501883 503421 538243 472997 509850 510196 502894 490177 534342 470683 548249 500933 552195 540236 511736 463196 548741 510960 476071 484110 551560 489907 477857 467242 540873 480677 499527 515914 479406 543405 529828 480899 511326 478340 466898 448760 510486 503796 529824 522977 492623 494569 511821 511027 497329 496555 503773 482423 526479 497357 506773 510757 479493 526895 490135 495757 520777 528918 543036 510697 516822 558268 516011 529145 514164 481426 498840 527375 480744 551080 466606 442079 480519 532274 470349 525797 500797 494849 437933 520091 469157 492865 480273 484083 531018 514650 470303 519423 527750 538525 533506 497872 510495 528144 513763 506887 505333 477940 522805 547395 481162 499307 501552 494924 510171 515107 506287 574745 510105 542623 476527 480052 519218 498414 518274 536158 544305 533754 539074 523871 500092 460694 505246 502766 490816 528949 509507 530780 502224 501335 496959 502887 487335 506845 508720 523185 518329 508219 514801 524517 469933 540951 512063 530632 486206 505493 490351 514638 519412 522594 518898 479405 514077 503631 497026 492302 500293 513699 517604 504818 517198 504900 488968 530109 563455 492450 491103 493989 515852 478601 544512 508386 466333 501794 547487 503417 462327 513397 510304 490653 492817 491503 524482 527063 510609 486549 482181 497672 506794 532328 503354 506339 510755 525218 519359 449301 501067 509132
542694 494990 513177 495276 543560 501235 502320 523593 520552 519805 553274 508120 552357 521977 575210 522225 511484 473848 550963 537985 467127 514048 537783 467201 536268 495741 536427 477294 514616 498560 474185 532413 547727 472404 514492 538744 458919 501721 514454 528554 544456 515065 528809 509929 518674 501322 521438 504376 518612 523998 553996 522014 520708 533550 520219 552199 493996 544078 525738 526218 530762 531132 508693 575576 533249 547731 552999 484875 497540 523791 516932 562313 464778 481160 509230 489927 482396 526976 547775 492133 444233 545064 508544 511923 490807 516002 504697 544906 506113 534244 518125 555719 548983 520784 534919 550820 499629 526167 501539 503438 546437 553786 501478 542710 517233 506897 525615 538195 521717 569383 541455 558020 519591 546012 526318 511201 547589 544119 531303 517983 549065 519710 526745 496453 524112 554933 546969 559460 526465 533324 508450 549438 507045 506989 510163 531583 520898 539542 528672 536760 524956 524173 486036 531335 553156 505790 510291 513340 514275 522991 577790 544786 556762 510184 520789 514355 549332 497785 513197 515172 504862 534375 523675 519968 527021 522191 583057 488181 501012 517317 541686 497706 552319 523051 524667 516687 544925 507722 516190 517332 509764 514155 501000 505446 524120 526218 525349 498796 531690 510034 508861 554986 526663 520562 528948 515224 549401 476208 545033 538102
540416 514434 493498 507970 554646 506019 516014 520539 523819 518145 579278 485996 570986 529000 561552 511392 517488 484923 557755 548473 482177 510790 555007 500381 538031 490833 555622 486447 516294 530611 499531 550355 551328 496685 534440 531740 461763 499295 535975 528667 548052 520995 506901 512466 530571 534254 510934 505269 511952 502830 543812 514937 504055 542622 520280 568236 518305 532384 527812 526209 534194 516516 522815 574905 564382 548398 539398 497097 510152 539294 525771 569289 469019 480703 514239 515822 503651 542857 539554 511169 458259 538364 495295 542253 510621 498640 529632 540024 486713 535673 543973 562008 572370 503501 506267 529409 521518 506883 489885 523958 552785 554668 510592 538089 526101 519114 547192 525661 532668 572137 521028 531700 519074 523832 533989 525984 516180 562940 550511 518301 568940 509437 536219 481091 520797 545871 560420 555153 512705 530694 538745 542027 501085 506768 530567 523370 534904 539294 529504 516677 528096 553481 500064 526733 548512 516630 516699 520615 522882 553470 566190 536861 543146 535550 508723 501180 526192 507871 520736 509571 535262 521839 527702 532062 536628 526284 560423 505949 493695 509464 573201 475303 570616 549699 506799 529017 541062 525485 510535 515002 512166 489319 474729 518066 531683 534041 508956 509177 511520 521095 503128 546614 519782 519675 491522 547489 566060 479719 532420 518206
500207 486803 474250 476119 520287 479101 500391 518140 483077 492764 536666 458777 514041 507211 521033 511695 479731 447860 511432 483015 466095 489387 513116 457428 485996 438840 498470 445872 516993 484404 451534 519874 496026 465742 504032 477709 425975 458049 493197 494866 509401 483825 481432 497446 476650 496908 482604 483167 493350 473745 529902 483516 477738 493004 491117 502691 495296 505190 521593 498465 524179 513556 492819 549151 511615 517278 522094 477401 466045 529780 480320 548190 457416 464318 467826 498626 477045 511481 501490 467056 431842 501282 470323 472663 478722 485645 488508 514014 454531 495040 500309 517927 504076 493914 493724 501329 505543 472679 476321 467933 492412 521175 442542 488603 511033 466934 508027 491263 490016 535419 519912 514785 474415 499117 496658 459402 495133 498457 493237 485755 520324 476659 473773 462067 482773 523329 502641 522711 488926 502332 480942 476806 460340 446415 485892 474843 468938 491452 508610 499461 489424 505944 460511 457753 508769 475898 465834 483398 476971 522875 495914 516040 523213 456590 474386 474593 496004 489784 480150 486655 483568 503468 494002 508140 491896 514987 543289 466785 457952 491525 504192 469036 523887 500124 503829 490142 507913 489258 478119 493289 501203 476197 466123 489434 484834 507028 463964 493783 517811 497876 434318 514360 482298 488475 466387 486269 495569 443045 485705 480904
478220 470751 418906 444108 486412 429749 448486 493624 474956 469088 510053 436818 515641 466504 504807 479249 473108 414003 467767 470193 421179 455017 496614 425425 453877 445134 466038 419498 450301 454841 439200 471890 474655 449849 442466 456875 412732 423296 465965 462478 478169 456643 447365 440193 465324 459915 474803 470124 451936 438522 483427 449516 478310 482273 454335 495414 448145 461981 487098 497573 455870 461821 456631 522482 482563 479831 473118 446294 443571 487014 446226 498967 419223 434458 450694 481360 465615 498627 489549 437450 409980 487216 444762 465313 453065 432244 475799 466234 441091 476220 482283 480209 460834 448937 450571 469114 476706 445394 479102 460661 510498 512039 443030 450469 475642 443659 480475 476109 465244 502935 451182 519775 442971 472440 462399 449479 492274 495752 470468 469852 482384 456744 464570 442400 463959 482316 465727 490648 480535 466620 467874 445891 459319 462526 465196 469856 463169 480166 465903 458509 455502 468459 421832 466407 474360 443285 441289 436603 475053 466298 465052 472692 471705 429549 460638 471671 466075 423074 462794 433008 457300 460395 456709 478550 481251 454823 509068 452997 448534 458007 481571 453146 480263 462100 450647 418892 495449 470553 459842 453560 458610 439031 430393 474757 470790 450399 459328 433977 468589 459559 437983 487535 471227 458294 454404 474876 476109 428643 479380 449857
530220 530496 508963 520872 567299 511865 519673 516118 501203 517526 553300 510464 550145 515333 562420 531398 511616 483484 569830 520920 490242 529741 545081 486192 525368 501728 554868 500864 495285 536627 498938 556130 543533 506323 535876 552488 470069 488386 498983 522076 532614 514557 524427 526088 524866 532237 491438 534310 538383 515330 558957 536478 514402 548019 503008 543062 521903 524706 538699 531009 527543 519758 532479 580630 558232 548697 525080 514838 525877 545351 525055 553541 474019 461338 522698 529366 508921 521257 505250 502276 470332 516373 501700 542658 509131 509297 503847 525547 513712 535035 532612 549516 545530 496133 530020 540285 523050 512877 507336 526364 537484 547740 511381 541479 539483 523939 550652 510773 511223 552895 551396 547814 510491 489847 543716 536848 553399 566520 546691 518992 548299 548216 513860 468884 532072 523357 561875 552470 533451 527255 520015 539745 535286 523265 511446 532592 516248 524163 538597 544842 539649 548579 496308 528201 548564 498948 526042 544589 518547 546963 549476 551743 527361 497378 510219 531874 541222 498747 500046 528253 525890 543593 514542 534142 519697 516742 587422 508868 491485 521400 543032 488292 548369 505895 513992 511711 542720 514106 508721 526498 534194 521700 502607 513514 524923 526983 519660 475009 531608 518088 529383 547376 557835 520995 526367 515875 532815 465108 517620 540312
520204 488710 464376 471943 492313 479044 507313 490173 488629 494354 494192 461464 519025 480873 527062 495492 501075 436433 513192 478782 457252 466841 533969 441818 480723 439666 508048 462993 474300 497151 453987 502910 492211 462597 499209 483534 404406 446918 471837 489599 491486 485783 473989 462212 477500 487019 479642 490537 484999 478054 524419 494043 491098 481638 484243 504499 467717 496720 498789 475894 525677 501692 472704 552413 495545 493779 482065 475963 451651 489361 469874 525361 430154 429601 459330 495584 435352 520459 496778 459772 425196 493469 484555 465806 470811 471705 471213 500023 471088 512408 473489 527869 502048 486884 513118 484821 477583 474218 472551 455434 495190 512911 466247 504525 472050 488249 491417 517422 472318 558121 513300 505029 453089 494494 477565 482168 511504 505597 497436 488284 522965 482298 465850 438370 499731 507504 489009 496820 505289 502066 480791 490108 467511 467477 505520 515501 463008 494327 498808 496485 505265 509514 465993 495126 511702 468405 463330 498749 486329 481951 511673 501836 502338 474547 469452 483837 492572 461582 479171 467212 476430 483705 510001 482797 482449 490167 542650 458804 461009 478567 493422 446924 499932 479137 472126 472406 520719 481336 453622 486603 468228 487986 450509 482655 492304 509453 488405 472570 506011 476979 443773 524353 498281 469464 486513 493687 501161 428785 477160 510176
530236 506716 488182 474284 518285 488394 489092 533589 500678 496570 530623 506180 529650 496507 549386 509294 504194 452716 540328 534673 459815 503943 517524 451162 514384 470307 512139 446685 499172 504909 474981 546166 518513 471986 506853 488174 430838 448677 491842 512628 501826 483276 512808 478780 487333 489177 507976 504937 506246 488286 517320 482513 491797 501096 479071 526446 518834 504517 507653 506372 512440 497088 497127 549503 555033 517863 536084 495343 487429 513226 476057 535279 438427 446942 479876 514169 484872 501626 512211 479997 429505 516170 490810 489248 484494 470972 483920 507126 481377 497842 490131 537397 526218 476002 524602 520677 517537 479329 495570 494540 505653 531024 478562 520362 512549 482186 522772 508268 476700 525891 513993 528982 497156 501806 510547 503410 532653 526510 527464 499630 518546 486852 481538 468208 501529 521570 526407 539949 507959 510438 471305 519692 488559 483676 486593 516728 501795 522329 522687 498733 511489 520318 485488 508639 544155 490587 474481 501927 483971 509558 532203 528364 501827 488112 483234 496470 510955 473259 480421 482212 509420 520212 489560 498974 492719 488136 549898 490291 467700 482902 532193 477716 538048 487783 506047 503536 541490 492227 484234 500294 488477 490885 477527 493839 500297 517840 491251 482523 518851 492877 491603 539626 489057 488108 494468 493425 488806 455110 515631 504789
521527 484211 474791 493786 549901 492025 526612 513452 532722 485990 551975 504481 555742 500519 541269 528868 524737 450250 534762 531413 485996 500769 527943 480783 497313 471423 530230 486533 502977 518222 498494 538198 547993 503136 518152 528488 459791 495144 499649 503716 534187 516304 482736 486895 513727 476751 515149 503842 517506 485939 530800 523818 519185 526245 497604 550495 504685 525826 520990 521002 536829 503093 501179 588459 537354 536175 525593 520537 502843 523160 497740 567922 467670 476594 493244 522403 489963 545745 532766 482620 448848 516198 486104 523818 468355 499550 527134 541419 478071 524365 515281 545285 503681 509694 513524 521599 511049 496354 488197 494342 523418 574481 470301 514273 519923 504569 554567 544414 509414 561673 511501 550554 509825 491054 519692 498799 534641 547412 544348 534927 536393 509836 510648 477118 510860 522787 533477 535986 503340 518681 520872 529411 498358 489552 513939 512675 500273 520847 532354 531512 521201 525804 476799 535420 536020 497510 495466 509466 527938 532177 547234 515769 547809 498988 499031 508222 505178 516990 498762 505879 517848 533045 510577 521968 533888 517185 564215 490278 489528 486970 527934 480274 539569 519833 496314 516504 561926 500407 487511 513856 512905 491477 497284 517167 522055 515108 506388 494352 521317 512479 505710 532707 510810 488519 499072 518958 527763 499226 521775 525900
495605 460155 451448 474494 480901 418972 452887 494195 456654 462595 513655 443104 497244 460649 507867 477470 452147 422052 487783 487020 424081 466342 487173 407771 461506 427237 491634 423879 458513 465322 429685 475409 481022 431918 446787 457481 410570 429597 466151 471300 492962 450790 461488 449921 455385 484559 455501 453368 462342 461084 506068 452265 456562 485169 459453 475898 456673 451316 477630 477687 482755 477258 461830 496774 461389 495484 482408 446218 445543 470401 464599 498100 436583 420666 444650 477475 450814 493302 489663 441556 414573 484275 447334 479857 430475 443036 457512 476648 426590 472322 446692 489243 501033 442106 470493 483433 491489 452552 455574 458155 498583 486227 451185 464626 494522 455343 479395 463713 467663 518287 481892 501760 465145 484860 488070 462521 490648 470956 478153 476064 487205 456766 458136 436056 475090 485929 480902 487256 478741 476929 464475 463719 464695 444701 462344 454241 472806 497723 469878 466883 451823 474762 417024 481314 486926 440955 450112 463732 471187 502638 481187 481189 467442 444892 438144 460385 472247 453039 445437 453511 470816 464396 464473 452034 480922 461815 535543 454027 430258 457740 488586 466908 495572 470317 477072 449136 479098 449046 461286 478579 467222 443792 460695 468126 468859 462506 454004 425695 492153 437070 447529 484009 462685 446895 444130 462737 479453 447689 485044 467790
498266 499302 481191 481803 488096 469357 463107 508056 482592 479425 513175 466277 524778 483395 522315 509982 484820 458122 514975 491184 458634 489440 513155 460821 479065 468954 485290 425602 509790 473151 472789 494994 534354 476297 482383 497508 418004 459322 503591 504607 510751 515618 497816 469314 486887 496838 504350 505330 494067 473461 528492 485776 474146 499627 466390 507480 489934 494224 505971 509326 505599 504388 469097 556871 508016 498849 489778 464770 488434 518776 451985 546005 442886 445789 468302 507041 485935 519205 498923 462654 453816 496636 472588 494178 481172 484721 507895 503324 470275 499101 501548 531932 482571 490790 509907 519759 478311 488090 502814 472712 525549 527981 463326 508262 503270 457380 494211 493695 475078 530413 499714 513999 508593 488415 514970 484972 501173 526618 493057 499957 502235 487609 484725 446127 504894 488247 510160 532494 475848 488362 468817 503719 490231 474075 495816 496705 497741 506236 509658 504223 483103 487953 469240 504967 479148 471382 473915 497165 462553 526664 513072 535241 515889 479459 481398 480967 480951 468028 473027 470763 462895 488830 492563 491600 512251 494509 542563 461614 473638 483015 510326 483814 524301 488373 485521 479831 542373 495467 456891 456469 496376 462416 465151 492936 501282 493271 486729 475864 489849 490461 485159 523476 483768 483551 479702 503560 484064 445422 490551 503731
511818 487006 485751 482719 499833 455448 465741 502750 502167 456235 523252 465636 529816 507195 535043 488972 467535 434400 515201 486731 468335 487811 498901 439767 475960 453597 496099 434900 497443 465516 451036 512829 493518 470895 472701 460079 415806 437221 472313 480625 516081 489400 506720 502335 482036 496328 461241 481897 492106 473846 517484 482344 482871 495824 474326 520523 489770 498433 521439 496239 489633 500855 442129 511979 487421 502568 510471 467367 451370 500295 464625 537239 439669 448122 459971 460379 481319 495159 493202 473800 431639 505672 467304 480629 460895 476580 492001 471810 435809 497086 483770 538249 508224 486937 475931 479997 486716 450292 454745 478290 508808 493133 482065 486178 501395 505346 469070 491211 483207 538471 519004 504198 491247 488425 490172 479926 522701 511437 502956 488546 519590 480955 479656 458437 481910 507836 511224 513732 474755 488463 481975 507323 476169 485802 494720 477554 502423 474316 490284 484117 507729 509828 455843 489301 501766 482600 467377 482676 478620 494299 521215 524469 512589 472337 476112 491967 467502 447147 445627 477595 480634 490378 491671 491302 488318 482287 524164 496110 472870 458948 501604 470293 502433 476906 456828 465224 512230 489027 478835 462244 504257 466624 458449 464168 474119 477009 466528 481744 486119 456857 434666 504306 481753 470570 458759 502410 483002 438685 464887 495651
539232 508805 476181 488463 518374 478798 481167 509953 487465 500550 532100 467570 530797 519349 570473 509115 496480 451183 545440 489368 451460 475325 545853 470197 494379 466887 524922 466482 503281 511961 455809 539645 516345 471058 505606 504232 430849 471043 495690 487648 508837 493226 493418 491129 516297 515467 495890 501596 511987 483059 532835 473849 491885 539581 482800 531076 496546 497509 521702 501816 508524 495865 499767 559513 525045 523797 513353 451440 484288 538407 493226 545586 461166 459115 500403 525637 467892 541801 531394 480297 447407 507061 478757 496168 481645 486329 495143 517835 485744 523488 508130 521196 525359 512242 478674 508509 527059 490446 513355 492174 525542 506536 474723 496529 525678 463558 505921 490760 486745 558048 523798 520363 513777 492507 503846 494404 530138 538887 518557 523477 551215 504586 526506 442124 503714 525976 520650 521798 512587 501137 493767 509010 488068 500328 496494 501016 507029 495331 512456 510711 513969 519245 456650 517587 528203 488127 480586 495901 506030 502428 519173 508384 524993 486351 487552 494807 507660 475499 488632 499662 518600 499190 527205 504155 492490 506226 565543 484829 477949 487707 505529 500933 522622 484607 497588 504602 526495 494536 488815 510580 514427 506569 477308 486789 494510 524890 503851 483273 526257 492873 457229 522698 518278 488249 495246 515422 524391 463162 500280 501425
509107 490837 466712 483156 520979 472401 451466 504124 504140 499437 526633 467065 512317 493015 544813 511129 472300 451250 528489 485006 444384 487594 512650 457488 502342 438922 507678 449050 482496 481526 470638 532777 514028 476965 500899 489053 414743 460167 475217 492286 533544 469481 493203 468598 512865 501557 463998 487122 478668 484342 524527 496291 481798 509210 487520 522050 484905 517807 526810 514486 498074 507184 486309 526015 512487 520194 526247 464176 485751 494554 508959 536381 455810 459755 475580 501860 474638 508161 515356 466190 434052 507987 459187 474247 471278 489503 468817 505899 463783 517901 493877 530403 494641 474218 480312 507733 503908 488560 479112 483812 507063 514347 462790 504011 497005 484560 484221 507316 471440 539304 491567 533938 498554 494477 514803 495989 520024 518933 506099 494954 529904 511016 493697 449468 498638 521059 502156 534921 500339 504073 485616 510546 478583 477423 488152 490572 502593 501585 513892 518994 498800 512599 443720 521088 518733 469358 475483 496435 498114 506974 521125 511227 525060 498430 481247 500877 503881 479681 464464 485604 484971 500294 514417 496112 474817 481882 529254 473314 474675 476857 512417 470796 507318 488183 502029 480485 499463 480692 488541 495231 498625 490928 458796 482301 476698 505314 487148 478264 492103 487456 479575 515127 484302 488303 486265 489553 522521 445737 485940 479412
517011 500085 445787 482011 537641 466175 490451 503515 489628 491006 539223 473457 524303 500030 546246 507292 505696 456849 526110 527230 458326 498054 523499 454658 507918 481306 514417 467183 474114 491172 481501 506352 495331 454995 511759 484798 425577 457713 489783 495673 508697 493391 475462 491801 491727 504734 483877 477298 483851 491965 522611 487512 511583 503845 484386 522363 487760 499038 488610 493763 505557 518946 493651 529540 521739 498072 526109 492412 473646 506106 479426 557666 446598 450242 482342 488261 480592 504599 523220 467143 431735 505105 467024 478371 483184 464608 496954 522390 459228 527347 499386 519618 531909 486325 499230 509041 519204 485975 486685 484268 489003 514438 480242 516672 511617 494619 516926 506759 470159 532957 481220 510705 492479 529603 503528 480474 520048 508042 512384 482566 516117 484427 470303 458592 512166 478071 478688 524443 504022 509050 508265 510770 468494 481398 510740 518805 468355 495944 503493 517210 490111 528197 466763 513806 513848 484410 462307 510802 468908 524206 530945 513877 502752 470083 476416 479244 480194 482042 478396 499082 510136 519968 509076 501683 497455 494983 545168 495090 457484 467255 498873 467346 522750 478008 498643 480972 521828 493575 475265 505304 499338 467598 477525 495762 516308 507861 479429 476502 521589 487753 475574 520583 501601 477198 501274 503220 502036 439491 511718 502695
585522 558173 517814 550890 572776 522239 539295 579888 535995 573255 585066 523463 601588 568826 602523 569949 537400 500766 580029 538722 517014 526542 567739 504872 545373 529912 568768 487849 530566 539224 516895 566841 559075 522984 563014 539385 477972 514153 532872 567371 552956 545043 535079 535769 569365 548013 522883 540063 524290 533782 590685 536583 526459 568373 519108 584350 537127 552286 565771 571417 562792 548415 538258 596642 571271 577930 575958 516185 524721 564349 546429 603973 483462 519977 536502 550995 550945 550527 547918 507401 489499 556948 539950 563891 516935 530392 546957 538936 518552 579769 551405 588002 574039 553896 546641 570478 554559 522250 526237 525577 581310 565143 537675 536649 565183 530830 571653 556438 525158 608368 574901 576168 552643 548630 547225 544649 563611 583971 555982 542063 569858 552337 535329 504863 568987 590099 552870 584857 543277 567460 567830 548854 512704 546528 519108 561660 541983 570070 566232 550964 553379 560919 528243 546609 552636 544215 527054 552870 533480 543469 572370 567086 555908 536511 550141 541774 546152 508773 540850 550544 529849 559232 547665 546122 550453 558224 612388 539746 512827 541738 551886 516031 576836 524392 548569 550194 558807 546498 536917 535991 549828 536742 501586 564350 544294 551555 545909 545442 558079 536406 505253 585923 551704 545032 551193 557410 549001 470159 549904 544677
543610 507057 506754 499628 524932 484357 485136 538046 491879 541334 548387 458685 579351 517731 587785 525607 505672 475336 546580 556008 493584 521322 553566 490980 523857 484883 503965 460350 507917 500610 497226 546502 541832 471946 518904 497452 450621 456843 522387 493926 548703 515582 513066 494825 484823 535739 507412 507422 522283 517262 546911 512048 511133 506705 504687 542318 488707 528142 522726 537146 534027 497689 499740 592484 516923 516035 518244 492511 490564 535025 482198 556278 454926 474166 510367 525615 490493 519149 533391 482637 451125 555460 507953 534271 483733 505434 520957 520080 463159 515338 533671 539286 555897 493214 539177 540629 523785 493381 496323 497614 537695 547973 481153 512621 518405 487026 532238 522295 492475 589195 531581 564766 518353 516366 517712 495579 531465 567035 547918 533394 524956 510683 518357 474664 533161 541508 503925 541204 518610 531082 522400 509843 489205 500341 528807 523312 499399 545605 543079 536644 535357 508849 468431 529890 518960 518938 465543 522478 506553 550799 571624 528127 544081 512819 510777 506919 509119 506991 516666 506921 528790 524182 512553 522996 525018 520669 557649 495319 494115 502612 526474 484654 549036 509467 486547 498028 550097 516051 492248 528767 539512 493119 499001 521414 524702 522764 501119 500908 516695 506385 461046 542603 510482 497220 494616 517910 563497 459083 520893 512778
546732 525307 521699 506618 538054 485900 516480 544356 501165 527150 561690 528171 554718 533168 577046 531242 523133 481443 557347 547566 485319 525142 535483 495416 525442 497172 541755 464430 529717 503613 481657 549870 548697 500560 517621 519120 452342 486119 512165 528221 545998 501197 522814 517948 544675 524616 512459 514101 531396 533215 549807 513701 505219 541340 509939 568159 512192 542187 524499 534356 531246 505880 502152 590920 553245 512330 539174 485563 507446 535455 507295 543974 470737 510813 508459 530028 505840 538617 551820 502269 462938 544872 502976 513336 506736 508054 542309 550292 512299 530982 540945 540184 563204 524295 532999 558612 541609 504348 528095 534073 532694 553776 522370 544831 505867 506894 555631 547057 522807 558838 549152 553509 544395 511510 532091 523757 538540 539887 566560 545058 568998 523863 535289 492019 523495 542161 530872 549686 542164 522299 516788 553643 519698 496020 513288 549448 526545 516440 518602 520124 525808 544612 492201 533954 557345 507132 507799 524437 521972 540731 542015 558110 543776 518205 505994 527164 535349 495935 507269 499615 523387 534643 545694 535695 551385 524324 562445 514488 520098 520119 569404 507623 569031 507553 526543 489961 568474 513903 505104 509046 519634 524311 517151 525989 517259 537347 493903 507563 519201 518727 502788 547714 532965 517982 514464 547546 544828 498376 532266 538267
484522 477063 450799 470045 476847 420077 444768 489338 491186 483190 510120 474763 481626 486320 537566 461572 467058 430329 501660 467734 449962 471187 495125 432948 477595 438715 484936 426090 467148 456218 437828 502710 484801 442617 470838 458298 399785 425744 476644 467023 483496 464540 466459 450402 495280 479751 473282 453843 476674 453946 481079 468640 435327 462350 444506 496181 451154 476027 487804 480078 479901 465768 467939 507126 478992 494138 482601 437341 468239 484520 461505 532771 418091 450262 475474 496312 444350 472967 441256 436739 418054 496948 436213 487123 452569 472873 457149 486045 453324 476457 514713 491868 470607 463364 491892 483902 454278 463209 473612 473648 474419 496360 448146 484908 489690 473643 492091 488094 476873 508605 496717 481905 447512 473154 513285 476273 493574 502943 489582 483286 486767 464494 467139 437726 476975 481428 494554 495502 474508 506508 485603 496263 444095 453046 487581 494769 488340 492835 479822 485443 462645 502396 456876 480123 461341 469284 454532 475937 475544 482468 515506 487657 493995 474873 467584 453829 454746 458707 481024 488334 452569 486328 469740 485490 470842 478377 513896 442531 442912 480528 492695 459710 504753 463897 447361 476455 502585 437483 474065 454775 484411 475375 464431 484869 473236 480896 471107 459486 458957 465594 452199 492193 472207 469149 478809 478012 515797 450836 470756 482789
555396 514507 487492 527793 526501 509548 496872 526605 518992 546876 559835 501791 541221 526078 567323 548172 511109 483461 539700 524482 493004 514603 538681 465523 511685 494648 526478 475413 495002 504557 490232 538460 540888 486367 515304 507734 439799 474659 530600 528895 541821 512635 494740 498703 533317 517291 490775 508308 518118 509605 543258 515844 513876 536052 502121 545589 512707 518403 529867 539868 527152 533506 491702 581100 545169 538212 510730 506292 508697 544901 507976 576649 469242 480856 512405 528011 507229 546744 513560 476967 457633 524868 504344 508573 502955 501553 519411 533142 480366 539159 542040 536520 505662 534228 527291 533101 519228 490811 492359 501199 555010 567771 496967 514166 531951 508288 548254 530009 509762 566775 525554 542654 505567 526834 528623 515734 550084 537163 548123 518393 558287 513201 512093 480110 512210 531749 542991 537398 527934 527365 519550 509997 508461 505357 512505 524228 513460 540677 506101 514392 518553 532893 488839 537534 532700 510132 513099 537358 513392 527715 552583 535393 534619 491550 509028 507128 511967 502880 494600 486817 508678 539297 515911 517383 514526 519935 566020 503004 483434 488298 525336 491053 543804 525613 507818 529079 559038 515732 488047 513636 518128 495885 478893 539755 515195 518317 527172 496281 552070 507624 502910 554771 536918 489193 496497 532479 527815 495900 512073 533559
531117 486194 487476 505263 524880 486303 501100 491319 495765 506924 526250 484892 548505 513463 575466 517979 499766 430669 533003 501086 470274 478562 534757 456475 494549 473083 511654 485150 507850 494117 452602 546717 548880 467686 512619 505958 453960 447876 485646 500170 495233 484046 480971 490126 500796 496511 499117 504589 515964 493591 539662 499159 493895 500955 496009 526757 482503 505309 516817 513623 520616 511110 482732 560061 510321 522838 515951 486227 485551 506974 492735 549785 463746 452166 486189 492215 464531 513434 499619 472452 446536 522471 494855 492005 475282 453803 515989 541562 478455 523519 521518 519309 512264 497420 522027 530322 491795 477320 501416 482944 523079 551702 467222 509623 535981 498010 523000 515315 485332 529695 531805 542531 480681 488666 504786 494435 544359 547306 511711 513398 498790 510105 476990 459936 519059 524855 523685 516988 516337 500957 485510 514643 499303 480913 496909 533635 505557 533739 505515 513574 485038 512249 441001 515496 523899 490204 491389 503542 486240 519978 508072 519599 521108 461271 491444 485676 505591 479341 497093 492044 492584 503793 514506 504612 523454 511814 573909 497776 497115 490104 517540 488758 530387 473689 501353 491363 532674 508667 480681 508489 514829 506793 521547 512028 511880 522182 491679 485640 526030 486669 470105 537513 508032 489603 478246 487113 511144 469332 521692 518312
477052 462399 432755 455152 488921 432758 464153 477051 433406 441086 490438 446457 480458 464659 495879 477483 461222 418209 458333 451322 426351 455614 484562 425964 464109 429077 462597 429278 456303 444692 427393 470697 477648 434095 464750 439762 406962 441508 475979 458108 464190 436174 451645 461137 477288 469850 444488 444052 457531 451748 480610 439555 438549 460446 458059 488585 447258 462563 476670 466466 485700 467767 450098 519046 470622 450975 471225 424703 456432 469803 457660 502687 418221 412077 426528 463962 423603 462988 467686 421736 403840 460604 439450 452552 439641 432351 479842 466987 453440 480670 473570 474871 456300 476463 432494 476363 459365 423331 455695 477436 484490 482110 420775 459985 469871 462003 471255 464438 459607 521056 469925 476216 462485 443694 451417 461540 488669 486636 484310 462675 486844 433815 466105 431095 462473 464352 455332 464561 453100 476255 454472 469746 439606 438176 461190 450907 462633 459282 476805 447323 442036 468518 429453 459787 477525 465912 434835 467431 466746 489306 457455 483589 468319 452384 465406 448490 452294 454103 447357 451050 451394 475955 445196 460867 461574 474779 499938 453081 450054 434043 472012 434585 468636 455445 455737 453854 474984 459862 433822 436179 461267 439201 428105 461744 448260 456512 439693 457835 465142 439611 429531 488608 455572 446868 462879 451998 473003 439320 453998 454176
509825 487705 453728 458005 501829 455472 474806 463508 470248 469362 510487 470007 502165 491421 525861 478274 485723 430277 507674 482391 461933 460767 497796 430706 484727 441939 496839 447950 455898 460781 464545 495597 502271 421976 454162 473976 421523 434902 464638 475278 469690 470785 477036 467905 446488 481701 462981 502714 493110 468155 502130 480436 503877 498978 466762 513423 437632 467729 469645 503649 505649 475864 483863 518550 471360 493857 467241 443141 443811 468023 445612 513377 436969 418264 483071 493088 425158 498854 483612 447654 409230 501890 447743 472612 446323 455745 476701 503480 452355 490274 517624 498738 515021 464680 472886 484450 471281 451269 469749 490612 486777 507662 474314 494800 463467 453014 505472 477551 476475 498129 485665 491439 455820 490436 467172 464952 496129 506323 504006 471683 510546 479082 460388 457925 467988 476235 496797 476977 484506 495269 451643 482289 488904 477903 446986 510410 480571 480630 479830 470760 484248 509534 435398 502565 507425 467628 477212 470535 463079 477847 494048 495878 509189 473912 454226 495451 487814 442961 475512 487901 488451 477534 475441 479742 454464 466490 530643 439232 470770 475344 464203 452737 497446 485560 474807 476331 504457 469971 453503 477625 482219 447841 448056 457595 488196 484092 484034 440623 470746 453123 455368 506588 506224 468853 479588 512652 493936 428469 471330 478046
501173 492857 442317 452155 512252 457856 462521 494594 475803 482674 525522 469765 503376 478237 545182 501418 475604 443159 497195 479566 440622 486238 508944 450500 495036 452895 510813 439446 469916 481187 466601 493199 496641 463897 493500 478477 431115 455675 487648 471760 485892 450969 456318 485708 483675 486333 460665 463326 484895 462199 521197 490538 472552 475610 483653 514636 481200 474994 492993 497661 500850 454873 475121 551612 499643 506355 506429 453664 459126 518952 487577 533171 443302 458738 482247 483029 477529 484889 497332 468869 440468 497014 442281 469670 471139 465011 463507 486684 452985 516326 496955 522572 479580 460387 519334 497395 494369 497698 460551 477493 514092 504921 483675 483507 497385 467852 511645 498808 479331 515004 481376 501124 481352 465471 500523 479179 517589 516120 486022 483309 512209 486959 499813 407226 496611 518020 509221 521000 490011 477952 497521 479150 476010 479244 478825 480869 460293 510575 507156 523482 465823 495429 478383 490762 488068 479156 463840 499144 456821 480868 509798 508521 509609 481103 487452 465829 462423 463571 481218 468108 481119 488621 487391 488099 462436 486772 527176 467494 448043 487593 479892 408548 530573 470514 474066 467455 503468 469538 464732 476954 485802 459108 445243 475094 494957 496262 481154 489516 486989 460949 497152 493688 485276 492988 493496 470156 479474 447816 504874 497565
521366 500325 484664 513338 498774 476371 511232 517681 503800 489736 535133 487687 535487 487945 558204 521413 520898 452395 540929 507846 469871 509400 521003 461960 499642 475653 535299 460217 503392 504568 443870 521465 516202 482210 511579 528205 439701 458362 506885 475788 512670 507482 496920 491778 490650 497924 498071 506201 522509 469544 546365 509260 503657 511913 473997 536824 504321 510747 504474 512872 512126 503194 497886 552571 529909 518212 521732 469800 481961 512840 483275 560412 456270 485714 504258 509304 476509 519482 538272 502544 471770 519277 488071 520065 482701 498571 526220 524337 476850 506021 511205 538499 495625 483703 516313 503510 518462 501035 488689 507584 512538 547018 476226 505668 503831 501735 530218 516443 515669 566135 517439 534728 490812 491625 502902 518650 537455 525382 520665 517738 536325 509203 507962 459023 493143 519897 516634 524759 485186 496334 511932 516013 493813 483903 517636 498496 516244 497556 522275 532536 523976 537865 487991 532795 517199 482328 489434 512590 475344 514080 543793 526670 532889 506497 487675 484331 502593 476705 476486 483504 483895 507902 510528 493624 522566 498971 548532 489174 479451 496746 515474 494194 521811 511485 498537 486941 530314 496929 466368 487072 506716 494713 491883 509703 504630 525503 509278 493839 503371 478884 476653 517760 514084 500566 501582 494426 514446 477467 512324 509207
512610 498645 493361 489071 514601 482144 474316 497115 490831 470205 541904 480291 529413 501791 574697 484142 489135 400958 522685 498608 446207 492160 492457 459564 473184 466131 496761 451638 503148 479377 457658 505548 515422 458785 491213 491944 427041 447171 459172 483752 511102 498490 487212 469505 476460 500893 473865 485929 512220 482854 535649 481712 473670 520304 488117 507186 489689 487254 500675 507260 497342 498178 459497 545524 505107 512110 497373 462656 481695 497857 467581 539952 451339 461415 480541 485999 473120 503869 510653 465099 432751 483400 490893 464218 462072 476026 500591 476607 460372 520606 486284 528103 485909 475456 494997 514947 508901 505430 475277 471087 527834 505698 462282 485149 495072 472438 495644 512191 479632 500009 511598 516030 480592 491441 490384 486990 514138 518660 521714 516848 511165 499263 486051 446735 487247 512130 492867 517467 490986 484670 489732 497980 499490 477803 484350 477108 486674 513636 490262 529516 504253 503839 467277 506666 511996 454272 460455 499752 476865 477787 519807 487246 499766 472614 476461 474150 476723 459576 474588 484894 478767 463744 486720 492262 492919 464224 548161 467115 470772 477689 467791 471051 519595 494638 484714 459938 510345 483273 489105 480609 487229 473732 450471 492694 492258 506517 493185 481063 489668 508921 479243 500799 508926 493053 483472 494454 497923 467583 499451 492768
505781 490504 454587 492675 501080 479480 483559 489305 494048 475734 508352 461917 507619 488006 539787 486015 484212 459367 502732 484975 443842 459011 505227 422929 481636 431730 503600 430814 490176 490803 430586 502270 482669 462092 472936 483561 416544 447497 484087 505308 500135 479871 477923 467833 483465 474471 479214 486591 464909 478206 515166 468281 465486 501158 479641 491192 452298 482022 484818 478649 492691 502383 462179 515570 519245 490798 500063 454284 466282 511545 483638 546776 427589 422594 471276 487168 466669 481669 508089 464354 437811 495617 467116 487240 440040 481478 498720 485436 459952 493069 488511 515957 483613 478007 497073 477698 497853 460574 488684 455607 491621 492789 452144 502357 486815 478771 495579 497150 488505 521680 499351 515338 474721 486301 490718 497548 501557 518961 499019 488372 493112 479504 475153 452483 496793 509443 486543 502714 480160 491234 473382 509144 453128 457016 478161 503945 481687 511724 486100 496522 481144 500034 434605 491905 478926 476033 446341 493114 490581 494600 512223 509646 505088 454500 484894 464186 476954 465485 463363 459105 474194 499562 479508 477113 503260 494159 535496 455248 444671 460233 483662 469716 517546 471579 484492 496684 509085 487428 448306 475677 471125 458222 479828 477295 486663 500276 476489 482004 502283 467513 437881 508819 481805 467295 471491 473507 490810 444963 490217 518536
537127 541189 483781 518352 550496 518027 493789 530950 516775 517042 539775 489726 567000 534693 565778 519255 527462 462458 553272 534434 486673 508923 516227 494202 523526 488298 539242 495111 526397 535706 484611 559379 566984 492459 532539 536414 463811 489360 518821 537787 546232 514347 494826 494230 517742 545936 507797 525501 514724 519012 551265 519606 526565 546124 506780 541230 524218 519260 519301 516539 542003 518112 519889 572237 532405 542445 546327 496624 511039 531388 506642 605347 462291 492314 532139 537221 490222 528782 538583 485220 455887 522800 492498 522045 478729 507202 543578 526226 505132 537409 529159 569762 547459 508125 528246 543773 528874 509996 511361 513429 535164 547088 520826 525616 529190 519619 526819 531199 504408 584060 526443 544202 513084 503152 533915 531819 547920 574029 534195 537568 549630 519892 516745 485723 508232 561220 527404 561199 515309 542783 514396 526708 505864 521937 515237 537918 524523 531801 553747 536057 533551 539028 499922 512874 540843 516621 510667 535194 532347 541714 571305 529100 553820 510289 533031 516787 512415 509609 511329 530836 529783 517353 516266 522950 516915 501083 551405 512390 502826 508455 522426 516067 553100 512918 527573 509152 554262 513721 509987 526664 521623 506071 503686 516223 521982 546912 509971 514361 534263 530106 496386 547015 535275 511065 525394 536471 542058 481106 503385 541574
484190 463734 457826 461668 471675 462062 451387 504333 461305 472778 506692 461856 482195 462763 523103 491832 481398 434382 504223 455494 440362 480718 473188 424897 477599 419696 484826 456341 441977 470296 434636 483824 481189 448725 491624 465619 401644 437944 445108 471183 477858 454527 446369 464184 480548 463950 433422 450672 460383 475714 489035 475998 476519 481358 447654 486021 486472 483797 495083 492946 467779 471206 459667 522716 482602 486072 472290 463041 438037 468305 466590 503444 422560 436127 438150 476594 445757 470356 463418 445781 412159 490743 448914 442462 434064 442661 446035 486937 422940 478638 439302 495985 471903 470136 472843 472766 487579 445741 453838 464672 483712 502823 462466 476214 484596 441914 478147 474889 447450 508298 495747 475013 456462 444826 484302 443039 488997 488904 493931 489341 514011 481256 463269 415332 467081 483087 505401 501168 473245 476640 436619 476710 476916 448565 457157 487648 451584 485551 459286 478500 459998 460088 441705 482329 490688 451531 454068 483458 461972 473880 484124 489889 487797 460596 434576 449180 475099 444854 450167 449200 465005 469313 460347 475602 454423 448792 506116 458088 461629 447958 497043 444235 490687 461073 477611 467996 507240 470575 426405 447850 473765 463749 453205 460027 483299 475953 441767 444514 473275 443638 462278 500534 470195 469986 478175 457377 459460 423750 481546 468259
541551 534981 488397 512400 559562 497019 494462 518113 534566 508482 563688 485562 564037 520530 582747 526338 480964 484923 544865 525190 473062 521767 549068 469645 513564 496638 538816 480553 503185 502239 503080 523114 512535 495469 499601 511140 486946 486963 490403 518427 509109 527930 533655 490096 543198 537629 515695 499817 508746 494521 543865 503501 522209 532984 489551 554695 499898 521145 532676 527450 551459 525917 493763 569581 542084 528837 552795 498121 526263 523223 498782 570269 453699 459811 507641 501656 507048 518767 524296 506923 445306 527053 507513 509746 484017 492642 515168 536654 500056 546298 538530 542742 546167 516495 522542 525371 535617 501545 509574 509002 552791 552589 485263 526782 517011 507384 536184 520204 494888 575177 538636 553970 530103 489921 513149 502058 540234 557880 554875 532571 519635 518996 508430 488887 509652 538392 537624 558008 527005 513491 526921 521100 516573 501769 500321 521235 495729 545571 523639 514960 508191 520596 469976 526464 553503 508232 502276 522990 520519 521250 512462 530554 519390 502422 498074 524275 507084 502316 499834 509669 508950 528387 517590 520240 525768 520919 558992 510890 493891 499967 533000 491096 542075 482220 503114 529105 557750 526369 501309 495190 516875 478049 507293 500283 532314 517353 504259 482325 505173 510711 510726 534176 516698 504061 517907 524328 521491 471462 544571 524037
533484 544204 499859 526180 540455 496013 498569 536590 511167 515341 562021 501967 533112 561689 591133 517501 501448 455670 565986 533115 495929 520915 545067 501417 501173 500016 538698 478579 511152 526586 497795 553732 573657 510376 532013 537707 464245 484939 508561 509013 547982 518532 494117 498643 531452 528674 499622 518424 529073 504721 550619 519312 512334 539556 517961 556939 520218 531242 538161 520872 504907 513378 522044 567872 540425 557314 540151 511536 507514 528797 514351 592339 466415 494848 514534 507513 493169 530628 527806 483790 460237 508836 522797 538680 492225 507749 519131 535878 491855 556670 509819 569396 542141 516762 508439 529381 545431 505921 524412 527897 555900 541735 485734 537586 539793 508701 542153 512080 494414 568754 536878 554222 535301 514200 528388 522797 523943 573890 561039 539412 571563 532286 510931 487130 500104 550215 544826 537633 527106 551466 509592 527174 524909 498842 505990 529863 529749 526837 517315 514065 531037 536594 496666 519828 555621 494853 523288 552321 523918 542495 553628 543302 540688 512978 506115 514882 529368 504026 475727 524813 535457 533705 530311 540332 525389 522510 592445 518061 505371 498942 538072 506976 559043 515685 515472 529416 551303 515105 498446 514828 527969 491759 506809 515999 552290 541969 501323 497737 536922 520846 499992 549614 533045 510516 522098 524202 532137 480688 534429 540947
538687 508155 515076 498116 531293 509986 499059 525255 516378 514076 551784 465166 569592 517253 594479 539977 521111 488549 566692 524708 462108 506917 531296 478564 528631 479228 527585 478376 479025 525542 458888 529194 528881 484616 528706 540448 459276 474768 490461 519068 521809 516853 511040 477505 525732 536494 529835 499897 531998 505813 544576 520692 520643 533427 487052 556281 505337 519540 512900 523924 517459 504029 501991 565167 530016 536055 554223 484046 499255 512212 478369 563063 480615 470715 496732 526945 483282 531008 529501 491494 458719 509974 485337 490612 501846 479636 522661 532566 501571 522223 517968 529414 537610 525219 511062 525629 535543 513870 536438 497345 554257 541430 501428 536157 518681 485233 530607 517200 479518 549225 510506 540729 500776 526697 516516 515594 524624 559210 522331 527426 547657 520833 529209 470897 521271 540792 537516 547112 522587 505982 494812 544442 515141 501081 498637 543451 535479 532896 518438 528320 532772 522755 483022 526429 508022 495308 506639 520859 521929 516519 524429 523290 525737 505117 516965 498994 537620 493489 503071 496151 508249 514754 526045 521823 514167 502662 583505 492436 463916 499784 543234 480211 531265 488892 519870 523365 543636 516908 498244 517057 515432 489886 502735 500438 526193 524937 497330 507246 531184 503775 488985 519622 540135 508524 515198 520881 524648 459741 552433 514402
537497 529457 528186 510471 530127 484370 522568 524945 527214 514377 563560 508683 582459 516232 570741 523873 522996 458310 567630 523232 493247 519767 539116 493901 512193 503109 539455 456019 521729 533944 480847 553813 530819 485316 527922 517249 454469 488232 511533 517290 546859 514426 534140 501567 541759 527705 513082 513545 537488 501492 555004 498428 498791 544134 499600 544683 513146 536146 517017 520399 515050 521508 520309 565058 549043 549255 550456 506894 505219 519179 494435 582124 480149 483433 498372 515275 510488 532580 516891 503818 475847 538606 498423 510064 501449 489421 534427 537859 474261 543487 536687 548453 526647 511100 520721 556781 530293 496616 522727 520656 539455 552912 519786 544595 512828 514145 539265 541343 502163 563057 519074 552198 501017 518491 542044 526988 535343 549922 525383 532119 546876 534034 518310 498637 504992 520533 543379 554587 508145 519021 519753 542383 517517 510829 520306 528342 517542 535580 529591 535312 528169 549214 498701 535490 537755 497146 504516 532878 518412 537701 551418 539094 528572 488112 518546 496623 509207 503714 504917 486343 516024 517615 524221 529296 517162 518542 566923 513420 492171 497081 543298 513555 551262 507938 523301 493044 556163 527811 508474 505503 494591 511832 499611 529933 532601 539544 499622 502499 522571 517143 492211 542227 530662 527299 525876 512223 532523 470585 518104 525511
497110 469211 453468 489572 515250 455300 482306 486066 491432 475644 520300 473113 522391 488776 550527 495030 467971 435487 506096 490619 465402 481041 521736 444585 491582 460821 514022 444879 495845 480188 455448 520976 509650 460167 474831 492637 417961 439797 491421 465472 500098 472544 465368 471027 504919 468472 483740 476206 483307 470627 515660 482411 478685 496923 457267 503888 478006 499755 498067 479573 502228 488438 477652 524208 517775 501916 490375 481210 465444 502290 495412 531799 443216 445045 472972 491015 457161 489867 501602 460003 435671 500209 463415 507093 466102 475797 478615 528482 464223 497738 506394 512861 491505 474897 492241 500708 491401 483387 475517 498624 507405 522699 464865 506138 514721 480698 495824 501519 472928 537403 494922 511091 493973 489948 503217 472304 509561 550804 509466 502761 512933 496543 480506 457803 496532 495619 506433 516971 474496 480579 480125 514052 472265 478585 467707 501430 492503 505495 502098 492607 466258 511724 441564 519424 510404 480839 464950 506261 489079 494870 512472 510553 529872 457008 465748 471267 485256 477369 470637 487823 483400 505739 501637 499126 495255 508136 544288 487193 470314 472971 489042 485771 490246 495004 470949 474506 510774 474940 482403 489391 472576 468530 481564 477378 503085 501855 472766 458142 498551 493486 479851 517497 491155 469275 478228 498452 520103 459152 505732 496333
523367 524780 498801 517243 531256 478800 487616 503859 500191 500996 542169 471884 534145 515015 562058 506989 501640 455784 541442 512042 472056 492398 518858 502703 522261 479977 524115 437420 495751 499543 469947 525145 518793 490001 503402 490673 436178 485048 476344 499325 515694 490771 485532 475394 519560 510466 477200 496630 503944 481080 531085 488272 493727 510957 484493 525637 471998 498478 521090 500001 519335 487585 498470 545590 509309 523314 517475 478091 474788 503955 476284 564810 454357 436217 478223 490272 468390 497743 526445 483593 439759 505151 482080 498939 492399 493652 523344 526657 463763 540621 494715 538785 514852 492978 488401 514870 508363 471531 497198 497212 532647 502320 477992 534791 534489 503858 513643 511055 499519 569039 498422 520482 503907 496076 512646 484783 531659 557783 506395 508404 498303 511625 494869 454043 518285 509535 491378 534800 506924 508327 491553 510076 507539 492385 498746 492178 494495 519147 522784 533325 486529 539074 462640 533507 522502 503190 474388 526759 499570 529033 535395 524092 512299 488480 489540 493600 481648 478219 456339 492537 484130 500305 526189 515474 508967 506150 550434 489721 505836 476556 515125 483993 533602 485251 475229 477939 519223 518266 478174 495971 503005 489725 493788 506441 527905 528152 495082 484342 503552 480160 484399 512407 477603 494143 502741 507726 495366 475108 500704 508788
550707 531335 500780 513596 565983 497719 492715 519428 515952 544219 578244 521748 550658 531232 580862 529222 499653 460055 567602 520169 501575 526928 513247 473198 525739 509306 539004 468221 499250 525453 484259 533834 508402 490647 534936 515619 470686 504155 508085 518558 537921 505628 518546 504033 543758 539343 499836 527035 520131 529048 538318 536711 526139 554062 503808 556333 513990 517956 551045 527226 522640 536894 511382 586987 528076 533918 552724 478533 504847 521040 525015 574701 458055 480096 522474 516750 507778 521453 545225 497497 481765 532173 481606 496312 478927 521318 543460 557448 459952 533629 538341 558968 563463 511638 511633 525163 538859 513268 499468 534434 532952 522453 504153 527563 531947 514171 508448 535251 484647 567384 523219 557895 520268 518718 534905 508646 532293 547622 552169 535905 546938 530810 526684 494509 514970 537706 539053 563639 499975 509943 522739 515593 511776 506876 514817 532146 510269 550717 541672 535451 506833 549615 485066 563412 556868 510442 499073 523038 522020 545271 560195 536742 537026 511753 501619 503309 526875 498829 514177 496788 515761 534707 524660 529093 518101 515875 557469 499743 494728 497460 562153 497292 548181 509655 506923 506496 553463 526613 509703 505695 541666 491811 486434 527345 517859 535178 508047 506215 515401 511302 500487 542829 542331 523241 531474 526664 535743 460700 530569 513891
558770 487508 483135 499913 522816 487822 472056 507289 501914 518586 521549 500850 545473 500047 557977 519549 497951 453856 556439 508653 458946 512739 519721 456949 517244 491830 529268 475415 515104 495917 485009 530553 531668 479325 506256 513475 430684 460275 496618 506551 532132 525460 502105 510149 511461 518501 488878 503308 504665 500402 525776 492011 505097 529305 484958 556556 517630 505606 509667 510571 508647 491139 498625 564123 510593 544650 511287 472547 502370 502191 497543 542364 458469 469670 484212 473734 492796 520153 518422 487290 446523 532514 496123 513581 499779 516637 487130 503398 473981 508956 525133 554635 521361 499452 511358 529085 492233 493045 487589 505918 504727 533150 494099 521510 535986 494534 516537 515287 489506 555975 506799 531375 488760 491654 511362 515504 542067 540983 518075 511858 529075 511406 493346 462311 499704 510989 539502 532500 509145 515942 487581 533931 504522 518025 511200 523114 525182 516812 507070 521001 523348 506657 452693 521251 536820 500024 499292 519777 495619 514215 531584 539768 540801 510794 504580 486824 499609 477655 469586 484458 497683 505919 490461 511692 488032 487428 566002 491023 487253 475279 535557 476866 529400 498546 475296 503124 537385 516094 496696 469739 511659 497715 483796 511661 517148 507850 503950 485057 504088 486343 493401 550869 524199 503903 508077 509605 499339 474937 517955 515312
507296 487436 468422 504532 507233 474101 485221 497213 502695 483609 517566 458181 508912 485039 540644 513723 503707 446969 515961 491691 444499 469637 520441 451768 489076 435587 533804 447772 492156 516786 435235 509618 515753 482892 499637 483013 435210 458213 487268 485597 512021 480905 471246 471913 500174 504882 504627 493577 496581 483241 518949 482519 482526 532807 491199 523301 476506 485006 488978 497218 506948 487702 478184 590695 495731 484783 485876 489521 479168 505216 477996 543884 465028 448208 464677 493130 469776 505121 485547 455908 457164 509839 475597 489714 478303 462974 499853 486595 453875 525255 480075 565478 496806 489116 482413 497860 496562 477931 500481 477375 497960 526454 450166 475614 498934 485087 491325 535012 486220 545953 475022 513027 483810 478637 531265 510310 518077 509288 499759 524848 511267 496543 512554 470309 497325 520488 512927 515984 499347 477549 494968 495758 476626 477233 508136 489529 471610 489424 510671 509293 485076 522444 472330 517875 502507 476135 471030 476330 488158 508267 538539 498784 519770 476915 494900 481047 463561 474648 487322 480276 492560 482319 503339 513654 491957 484235 529708 485808 473575 497686 488074 472726 528822 457663 491192 473135 507286 489562 470814 485922 500525 482844 470079 486105 519374 517136 501647 481055 490491 473517 446770 506984 497295 484779 494340 471229 491020 454694 484275 509041
530990 479048 456355 492472 524107 488945 474437 514675 486526 503178 545325 479302 520951 516644 560850 488612 487606 448773 512520 504387 462206 507918 521552 458842 498728 467443 537602 443034 517564 510890 462108 531566 493557 500299 484629 475454 442537 464478 469408 509563 504688 509401 498306 469430 496649 514048 500813 491753 506038 493142 501612 506963 488922 516989 464245 523967 485812 486911 533398 496158 516028 496222 481809 551071 530221 516180 517642 468874 464774 528563 483492 534297 458717 477572 458083 501546 472936 514848 514956 479734 445916 504278 480117 480632 494523 478036 492248 496014 469787 514862 498317 517008 523136 496505 498114 510588 494425 483172 462645 496762 521492 525966 459785 522392 505923 493968 526966 488633 500166 562192 514123 504850 498780 486136 501996 488593 505838 514101 509571 497400 513333 485908 496304 458301 486883 528463 516480 521460 511283 508384 483411 514655 495313 492421 485464 507584 482606 527174 536558 509366 507049 512262 470897 500805 507317 495633 472411 490122 503786 511509 499333 534226 512846 484144 471774 491514 486898 472103 484001 491866 490389 519781 486650 505219 479975 466992 533849 488871 458439 479764 515566 462887 527491 483190 479114 487664 533982 493530 492503 466050 497950 491930 479203 507186 495124 520259 477802 476743 523247 488370 486390 515073 501396 479070 492888 521747 483814 479710 528978 499164
532459 507164 466081 507185 514288 457144 509157 507223 498258 496316 529131 493039 559591 496584 552048 512350 495183 465518 526334 530931 464698 502797 530977 478946 514706 472643 514993 460779 506116 503818 467077 526132 517580 494352 492004 502628 454487 460761 497653 492237 515499 485798 489144 504390 509720 513536 486088 497785 513708 509018 537811 478980 491440 519969 471789 536196 480080 497195 504977 517646 510824 510762 478663 555929 522176 514079 524017 491533 477534 521102 494809 548778 450944 459314 475329 506538 491130 496909 503270 470290 440436 504334 487317 519656 473194 472646 497932 538380 489395 529820 498160 534923 509785 490782 517408 532769 528521 481058 500098 496695 524091 533697 489585 539318 500342 506735 534591 497483 488319 539926 534071 523583 501344 495518 527882 518775 510409 556627 534143 511360 527381 515165 496541 451905 524882 525544 507248 525576 510245 511687 500011 529628 484861 497565 501042 514427 507515 486742 518600 503664 524759 505366 473061 532038 528316 483329 460854 512707 486848 534654 536650 519194 521898 473653 504411 502814 516224 477027 458423 477984 497957 506051 504135 505841 507881 512870 555751 495564 488674 466241 542451 491681 536508 477526 518864 499913 518393 494927 491746 498073 507950 493942 503140 512904 514205 536526 501778 467636 510661 503905 510024 519523 492080 478253 503704 500031 514266 471710 518739 535870
520724 486239 478492 483169 520127 475418 481989 503604 495769 483249 503384 481602 524290 493015 550996 519033 492546 462361 526446 523940 425282 473997 503247 441599 475507 460102 504575 451877 483692 480312 458303 509296 495521 471499 516296 504799 435239 466744 484894 488805 505040 477832 486467 472204 495795 517295 473587 455447 467469 490570 518110 469545 496349 495104 480716 508340 488517 479806 494740 490784 515971 486702 480452 547618 499962 523023 521333 465505 462031 480918 469256 539884 453541 441224 485033 504128 472294 500542 503716 452481 434594 510049 492698 481434 464878 463452 484096 498083 468104 505054 481899 546874 508619 487851 504755 499964 504171 471364 485201 494949 509587 511352 440633 491090 479088 464459 505471 502112 467090 536708 520016 527575 486486 500587 501470 476455 515696 529644 527730 493303 539376 494672 470432 427413 505654 528305 530195 534915 484311 473993 494560 497293 473549 479823 491144 493293 501731 476222 513300 528577 473956 507771 464820 505898 508828 489798 474782 491565 479901 529997 525189 509389 493591 483386 493912 479885 498166 466983 467979 464534 509861 498290 509135 499684 468987 479295 540106 478776 486471 483629 515443 471798 517716 480132 468590 489796 522675 488084 476933 496089 487916 473539 494053 494928 501253 478484 480074 486922 491360 486715 488282 527536 498428 479901 505676 499332 477901 438861 504325 492616
554781 506348 490668 497709 535905 492308 467612 522468 496146 512530 519090 474245 541093 513405 565341 520654 491280 436754 551380 518562 482374 511678 528339 488202 512184 478495 521791 455798 490110 519921 478708 561695 518813 477766 509009 507157 447046 460985 476825 516903 535493 520758 513061 479170 515125 517090 493016 508280 521254 492866 534740 491498 493902 507545 480623 532756 490854 509978 518907 494326 523619 512050 491820 550668 529328 556001 539355 491787 464070 517976 483746 544373 447125 459650 501331 531753 473045 540174 510355 496789 453744 509260 477412 518584 489787 486996 523937 519872 487112 501006 518451 536057 546590 496035 480874 518617 528366 504795 502242 503251 543216 519669 477270 540212 514564 492294 515798 502879 467954 562204 534433 534168 498650 514813 521503 502157 506997 536554 533024 507038 549723 532872 510534 450715 521555 540615 515436 544968 512606 521735 499093 531550 490248 503247 512716 535690 519570 494160 548375 498250 528587 553241 461964 517173 504155 518846 485713 504492 526514 526918 524135 534098 526073 519096 501259 478585 515924 487150 502548 504613 513553 502196 531304 539891 497670 510736 572921 499549 507621 489578 526930 491325 526028 509627 502519 498134 523189 491958 501989 501426 502038 509798 500412 510695 502841 505186 497664 482873 524932 504961 475572 536275 515117 478353 511310 532608 529227 452180 511124 510638
483473 461581 465766 454223 481233 442921 474280 485767 448115 459425 472684 438752 514704 465554 512619 472788 455146 407929 484946 460572 438055 456477 478418 428902 460896 435971 474299 425204 462519 455535 423419 486199 466930 437611 461401 448768 409540 416545 430595 457788 488144 451442 434218 457883 450094 471742 442205 470301 463525 462172 467287 459362 449121 468726 435121 489742 457871 455782 471120 458488 464327 473565 448256 529330 479649 469186 485522 444373 460578 456939 438829 501830 403428 421617 436803 479351 430407 460249 456266 443412 425126 473119 443505 446812 432850 446141 475025 455970 433313 462719 470270 497677 482753 450220 441836 457202 454021 472100 456143 436985 462648 482674 433619 442579 453441 439457 475481 473807 451387 495588 468524 484387 440753 450335 479832 436469 498793 487938 479469 452434 493755 472383 460021 415883 469274 489241 463784 478246 476382 455385 462387 467270 447681 431564 465386 459160 481670 466133 466759 463330 458729 467315 418325 462196 472165 446605 425951 476699 460728 461714 476808 476674 487441 439107 454692 445954 468419 462341 463166 467394 451211 459498 455188 471823 439219 463474 501722 452170 435929 447164 477832 442840 465261 455114 432944 460613 482089 447790 461508 444534 454052 462731 444987 456454 463851 474892 448296 442854 460020 432771 428542 482221 450905 450540 430055 452230 468483 410869 461060 470010
485431 431487 436860 448495 484241 433156 450369 466117 472784 466967 472543 439364 493714 472815 509887 456008 472553 427105 482619 476491 428994 462216 467214 410898 452545 444025 487856 420826 481658 452825 406162 492427 482919 442706 455419 455842 420781 433807 450320 481428 474728 466845 483452 440437 451637 466449 466447 446673 481265 453756 473701 462925 476051 483291 461555 500826 439896 467354 473143 463363 488957 487539 454399 540591 478952 483524 474627 448143 441823 507188 472469 494108 415246 409529 456799 469186 444502 487070 475148 423530 435317 507178 450069 453970 445644 446730 456259 511244 454952 493258 452191 483061 492071 463677 478912 475408 450357 456976 468914 442988 483286 476397 466030 492211 456713 471824 486185 504044 469445 519517 469380 497270 444433 466927 478978 456913 490080 496770 474940 458155 473101 453928 469569 439941 482555 475247 483134 484382 480042 475000 448977 466773 450775 457235 458999 484324 457572 469522 475304 494121 470468 484753 422200 464545 465211 462910 461943 463896 452770 486438 481449 491522 489048 433743 470074 460054 476704 436358 447273 459704 456269 471983 478437 475493 480666 467855 510354 459038 464628 455653 471231 429442 507341 452676 449191 461978 488590 465844 452196 475796 468080 458684 457900 480919 450435 467040 461762 461026 460560 457500 440724 471485 460333 445726 467309 485727 473568 427147 474904 474576
522673 498584 466244 500198 534574 502059 497743 503833 513953 516792 540914 485072 556452 514431 576671 528470 505725 467821 537208 527455 477428 486260 521015 489655 502977 486398 530863 496415 498580 528901 477551 535796 534227 502331 536191 509211 460709 460781 486795 516547 524067 526189 499892 498872 510926 506649 523184 488745 491406 494893 532532 491249 514425 505764 500385 530100 476140 508468 525357 527585 535194 516711 504964 566203 515400 536397 541460 475944 494145 540102 476675 546336 470152 463654 497422 518666 490809 535743 533028 487032 469007 551656 500888 497330 482047 481771 528573 539223 475681 528757 535631 533241 537392 504858 508188 529832 533951 504907 510956 482678 543355 515268 489599 513255 510912 490859 523437 522036 497478 551778 517490 535177 496162 528170 522311 517986 518890 554610 538168 522719 540206 523522 514368 458139 522495 531446 521000 527690 502530 504739 503768 509143 486020 494423 513400 516276 507321 524453 527769 539731 499857 525888 477883 517345 512299 505340 489854 505574 527165 542623 530025 527307 516134 494891 510803 506150 515170 515025 499649 495567 486617 540068 521991 516267 539043 522875 558356 487876 467926 486086 516370 485639 533504 486990 492489 518022 536673 511675 475998 513426 534120 514406 510250 515074 521487 522031 508138 494656 523531 502549 472584 528176 519503 503000 508516 519042 532768 455725 531353 523840
512243 493474 470573 469466 503044 460923 481698 492408 480617 474196 507180 476199 489139 482009 515656 482842 487882 418058 503813 506360 445227 467435 486232 440214 466366 444561 504469 429312 495664 477931 470100 518710 511182 467193 474167 474356 413952 467435 471742 491139 520305 482765 473537 473348 477411 487364 460950 480589 482720 458364 492777 466137 475327 512223 476392 516145 473645 473606 496228 473488 505893 475220 468158 530290 476031 506892 501013 476098 464730 493679 455995 522371 447798 432333 469890 489589 455801 510649 478147 471183 421225 507191 469763 477563 476003 446608 477762 472377 464491 499731 483441 534763 471160 461655 493622 477317 483823 484650 473557 463400 495072 510785 451182 473181 484516 462848 491639 506488 483461 528324 479746 514044 477624 478198 510081 492120 511908 502994 531008 493853 508385 483625 468308 452059 479186 514632 497634 513209 496262 482071 464461 488870 486235 472573 498923 500930 472555 494545 483723 483351 481712 522295 458012 498232 524878 486527 485696 475458 464281 501175 512916 489927 505239 470345 487782 490965 484212 463061 448572 473948 477795 469537 479459 484970 465532 476389 516913 457673 459089 458949 496706 451587 514148 480894 471999 490537 519910 495711 468077 496953 482808 455401 465727 479787 473336 496420 491726 484415 485184 470625 473071 497119 465947 480002 478651 485893 501340 463842 478887 495967
509449 452527 438548 451550 491906 449600 469313 502953 472177 466575 507244 457592 513202 481955 524207 505349 484744 419002 515692 490328 447024 461037 483782 442254 469876 468629 496868 423071 464871 462282 431678 512528 508988 489514 474942 454903 441679 448080 453591 492320 489337 470062 473097 462470 485983 472687 470409 476955 468450 463240 493690 476565 493593 501597 480969 510155 466766 465438 479418 498060 471278 486527 459834 533959 498207 476347 487378 461699 460572 487185 476299 515340 428120 421092 462088 472862 464017 502231 486988 449184 414011 509810 452096 459290 428958 455318 492213 484478 440398 497556 471910 492092 509244 462397 454990 486584 485180 449207 466006 456000 477729 486584 447407 473577 495747 460464 492249 482091 480923 524183 480830 511847 461668 462495 485652 466044 504728 496953 495329 469658 482619 470313 466169 423278 500183 502527 479154 520836 492776 476250 483506 495444 462269 485555 489211 489460 472424 482943 492576 497009 471408 491379 456320 485269 480865 474562 453038 493867 471592 484001 472345 501386 490993 466207 471672 481280 485215 430177 472376 449703 474687 485691 497789 480630 467455 465912 534521 477940 466625 471704 478345 440907 508324 461369 455236 461099 489308 479647 447760 462574 485703 478069 460293 474934 451636 478528 478218 471222 485012 446610 460065 488704 466173 472573 476015 484658 489943 441598 456839 479417
535169 504967 477548 527174 524421 478367 487030 513726 524039 511250 525880 482103 546667 531067 546285 537370 523115 475008 534046 509002 485586 494778 547753 467019 505043 466017 525883 472872 527889 510902 490364 524358 535438 487949 519953 510442 463835 464867 495590 512663 528401 497499 505271 476792 511006 520667 522648 496676 502070 507686 543958 505618 512724 531395 504504 545465 508470 519656 535613 521107 530861 527347 511324 576752 516748 523226 501308 505185 493156 529536 485902 551156 490247 438965 479828 531756 484576 534587 502305 488639 456754 522136 515667 504541 449732 497807 509661 510826 484531 536153 513084 545919 525389 495708 517775 529997 515247 485553 514526 507085 523393 533470 499717 515295 520641 497608 516392 549527 509940 555330 517567 521269 497189 489054 527340 504418 527019 537822 537349 495849 546282 542950 502119 466059 530369 539894 517737 534593 537038 517182 486562 521970 489478 508449 488256 525470 511914 519951 494710 519483 505802 523742 477419 531463 495584 498394 502803 522908 512347 523790 507140 544690 538936 494521 498713 512653 506296 506545 479159 490865 511360 527273 517215 505546 533073 519418 573316 491847 495486 527428 518204 478947 546676 496778 510940 511865 527891 503937 501553 523908 509378 516922 505358 509184 507119 524310 512273 498630 513063 515363 453311 533237 516520 520871 500598 520361 532041 484705 505845 529358
532184 547467 517618 554042 544953 498890 537807 550806 511943 515276 538993 518113 576900 526555 580075 547715 525313 480642 561165 537953 516077 542212 553191 530310 537504 491482 580983 480356 525048 521072 489540 571018 568905 513282 533102 522934 471755 506853 518042 551917 556712 518703 527155 519621 527695 519602 524109 519217 555507 505270 583584 536577 502504 552235 516024 568553 479830 545260 542891 551145 542822 531879 538982 571074 563807 542921 531542 535107 534983 564950 519767 588391 462209 481893 502653 548817 499226 544728 538587 503558 446955 545488 504714 538030 517265 508031 530847 564226 501054 574390 541615 556255 550269 524215 518032 568137 517175 526039 537255 523158 540569 565205 508383 541517 535577 518773 540792 554367 538742 578276 563306 543094 527506 524669 553869 540266 562195 560055 562099 538229 540096 536191 541463 520930 555866 551410 549466 568996 553419 544802 542518 563259 515461 510199 526866 542260 526995 544126 537594 533099 526888 557115 504763 550232 533196 508079 518961 555747 536079 554443 568839 547304 545489 518911 526257 535629 533207 504973 538369 545073 518343 535522 520878 543410 550489 525145 577571 552880 505998 512749 549179 496081 545696 532029 525846 507423 568609 518743 526485 523271 522040 537976 518454 536512 527959 541198 513994 492042 518320 502293 505199 561695 517055 530374 525765 523286 551540 497307 502746 545640
485234 492461 466420 480303 485721 453373 468436 490330 464925 470216 528644 447340 494284 488782 505383 493233 495232 426801 523421 479899 441207 479404 510926 449923 492300 438975 508335 452813 492253 489166 451183 517255 502463 474667 503577 489068 422508 460974 464936 470125 508655 462263 460781 469733 473973 496582 469202 489408 482799 479719 520666 471174 473315 492924 473581 471131 473926 486507 493224 499375 491836 467987 481909 538724 501784 515168 484570 468504 480401 479296 460968 513401 447390 443728 467939 490996 456609 482013 477598 464770 426520 483834 470760 504278 475920 465286 484513 484406 447234 511003 491464 528036 501016 491511 478923 481620 476310 485141 475796 470801 495155 517884 450745 505970 492282 454080 490764 485301 483028 536494 514780 496265 476123 457525 515357 475885 501594 517806 511723 492888 503748 488368 482000 419650 492877 484451 493912 506141 489244 497163 472796 473559 465275 487131 505469 485498 472091 474554 488545 483941 488941 479141 458365 475797 483867 496249 454649 494609 490725 512286 515294 471434 485431 461494 471075 463240 474872 466080 456561 492278 493659 487943 481591 479018 460103 492713 541606 479286 448107 472183 507449 446662 509594 475272 489538 470957 515182 490069 452493 466443 493674 482451 467833 471976 514839 507894 483857 460140 496411 456786 459079 498322 460165 478239 467259 488602 502697 445805 492437 492330
506902 500306 442889 483994 509369 470671 471774 470414 468495 472635 506211 458931 510679 483837 527292 504646 473999 445955 495847 499910 458816 452803 507476 425694 471506 465390 494852 450118 478547 485111 442652 511158 484227 461956 468581 463006 441015 422380 477173 498550 509789 487565 478378 462390 490748 488703 461044 513900 492559 457306 514640 432185 482439 488497 471346 501049 449695 471474 475620 490857 524587 487877 447064 524191 497108 500326 511497 491218 485475 498101 456753 539365 397368 429730 455731 462855 449304 491592 490594 449455 431145 494993 450972 498179 448432 457212 493423 494932 451286 498841 505169 517371 495809 462438 490208 479561 463932 461882 492152 463682 500369 492025 457131 458562 497567 505330 494016 506007 476204 523845 518782 510271 463281 472633 484513 478846 501983 517347 518156 499491 515113 471115 454522 448275 484361 483361 465511 503424 496695 494264 472103 477175 471353 473411 480999 489693 493900 488306 478175 471331 472144 501961 436832 496123 490575 469099 468581 500576 461192 496650 495038 496592 503958 444636 476666 476334 455714 455091 478260 478520 482900 484753 488986 477218 487640 474174 518403 468864 456128 453928 495664 449356 530410 477446 454220 471043 503383 481905 438749 444948 491535 447420 452727 471026 489860 469705 492008 454685 484756 455897 461081 505005 487781 465519 474690 490186 493596 433480 482284 503814
501731 491031 443097 478276 476899 417791 454822 465887 473309 471873 484985 457648 499356 471556 492436 479962 481371 420037 492333 490024 444355 451951 505759 437064 469043 443942 481134 418616 461534 451146 430555 492653 491786 459712 461101 455095 418519 445142 463331 490425 502987 453510 452529 440112 462453 480575 458100 484023 473659 457402 510712 454220 467710 481895 461552 482453 443867 483384 455929 474209 474252 447877 455749 529469 469223 493345 483735 446023 463099 476295 453485 519842 400483 429199 467957 490204 448532 484837 463392 436343 408205 479301 438131 467413 438551 443174 483506 475345 437442 491105 499307 507948 495849 439969 473367 480061 457134 453853 472986 462765 482370 489547 467245 483610 484156 458222 466815 478070 459253 514471 483387 494671 458228 464556 484464 439565 499665 489921 487225 481575 504093 460109 475006 436902 476866 485851 482046 500068 461218 496961 460017 483170 447497 460417 467096 513892 463146 470305 483737 435865 479240 462477 442770 461079 475416 440430 452384 470092 446718 480206 502502 467864 481223 455447 459605 479066 484664 437388 457258 469089 474072 464046 474851 479774 462577 465198 521200 465748 454345 442520 483729 443518 514145 466745 477469 462575 507346 455947 455863 453463 470284 425173 432749 454105 468112 472684 461606 440174 463709 452662 444794 470170 457642 469311 470617 491376 497683 436302 468707 469494
532591 533320 486406 487965 526982 487883 476216 518978 532808 514347 552348 477354 532787 520257 561373 504243 511242 466717 518418 516966 452734 496869 522355 496783 521200 475413 516407 452287 503261 507391 485268 524119 535964 472249 508405 504365 458922 487095 496854 500280 535224 526753 510755 483155 514797 508560 497482 495517 490016 465486 527741 514239 522848 537123 503725 533684 503863 512813 524601 511565 536818 508552 504826 559090 510821 545130 520798 492522 492369 503605 497750 554599 474919 484611 507994 508941 486981 540291 522158 484428 439253 517079 482543 522120 464487 501136 504871 521567 470795 502189 502915 531078 515696 497538 533054 523493 520103 491403 500451 500812 549517 524174 486164 512090 510359 506593 532258 528111 479733 550172 529895 554870 512122 502876 521992 525525 514535 568518 544720 517681 521561 522832 518257 467337 507130 549267 518376 531616 499346 531026 481645 519608 507046 502616 504650 531090 500786 529540 498231 517103 508908 525680 469986 527277 512112 504007 496557 519323 505067 536710 541694 499490 522122 496366 494935 479212 522221 497412 502566 476708 501054 525678 503408 520529 502663 517124 585958 475719 480198 495198 531730 481209 510598 490897 504776 505677 547492 516950 479614 513337 493014 471199 492498 502182 518113 504137 511371 492820 520757 503663 481085 535113 514230 517133 530934 504062 538675 450761 550130 533053
581262 582302 543640 535034 584258 553520 528194 558606 536855 544377 593735 539788 600730 525828 600855 559994 557378 494819 578518 601327 509308 522830 568439 508674 571436 514005 573848 524073 552022 543274 519206 601485 581233 539893 558417 545474 503957 521201 549415 550100 589092 544223 549854 546875 561116 579295 558132 543780 587588 529940 575492 567994 562362 578294 555222 564801 524518 565227 558645 567372 576939 567272 559918 627057 597956 560177 577644 535764 548305 570345 531337 596803 520198 497264 533471 572379 513030 573289 573815 526998 492701 580672 520681 543193 532503 520831 587796 574435 530402 586028 578164 568740 577577 539149 578293 575749 551780 540585 545936 556231 572323 574554 515468 581101 549771 535026 560694 586544 562037 611536 596980 595212 564053 563463 564872 557784 603150 574536 583884 548785 591182 539558 549973 519492 558261 572928 546525 572754 571842 558456 566832 561647 557255 526215 547462 571670 560400 565651 556567 589351 565701 565625 538242 577830 578629 533675 530432 554785 540040 560820 585503 577837 581561 549872 543414 553223 559812 545936 557203 538649 539527 573698 551229 559916 563216 552254 607050 541075 530407 534887 566107 525161 622003 536817 556717 563831 603589 559663 533665 564740 560851 544548 528956 541372 556531 559155 550161 531023 559309 540011 522624 602729 548438 570435 539629 569607 593852 508710 573591 572495
516238 510851 470376 499817 519977 469926 495475 499926 498553 488259 545729 496449 524487 515005 545870 500293 513403 455749 570526 520730 465947 507340 520372 490539 492879 469039 539765 469118 518792 500382 458799 535457 522186 482119 495262 512535 433866 481682 503730 509087 538500 492995 501856 477956 497412 497028 509657 498837 502729 484777 533881 505247 483484 506786 473322 516617 498127 509147 511408 517907 515356 494544 504221 538512 549128 531409 501040 479985 498738 502604 493138 554009 449446 481357 478725 504620 493453 527356 515609 474278 441249 506797 492326 507859 496112 472534 504837 510331 452903 523804 518358 513074 534136 486884 520381 527093 520813 489697 497370 500291 519851 530570 487386 525257 512666 495126 518437 513683 505665 541261 518888 534496 493136 504363 503823 502551 518855 521181 512627 505639 510660 499383 487763 466593 506504 525192 534208 513650 493691 506748 503946 538621 507475 490065 482003 511549 514805 507682 519132 528310 510584 507588 462941 514711 537691 505734 490741 489138 487229 538265 556557 534112 509435 489983 489932 484132 503655 504384 488785 516000 506403 524537 499380 501204 494755 482809 554862 504040 474073 464864 518624 483867 536446 509727 505324 514238 530319 504886 502688 503089 498292 488404 496009 512710 486260 519637 485713 494024 518834 499731 468689 535047 495523 496043 490703 513401 502177 475909 513337 482584
491842 486957 448650 471607 481328 432306 442463 488591 480696 476652 501115 442931 487570 478414 535266 484533 483931 437476 495883 476752 435143 497995 475337 440410 490323 446913 475114 410637 480029 460848 440943 491997 463999 456413 448071 456420 396060 446110 485018 486218 506616 468402 474726 450296 481173 508774 463639 469224 487599 443234 493310 458042 457956 489660 446332 512899 452163 439282 489290 486749 484709 481788 446990 500279 491817 483095 483253 454319 460819 486522 464127 509480 407345 439061 446549 476330 455648 465209 456051 445176 386619 465884 463828 462418 436488 465329 457723 465109 459862 480058 462623 493375 485421 483230 496058 493987 481735 428778 464086 459723 476552 500037 430604 486100 488931 464154 478566 463245 454779 507878 471703 485675 482852 451869 482177 484817 486142 507777 506718 464896 477058 477057 465933 435007 471932 469970 480776 497948 465913 504770 478300 491240 461747 479893 458594 475631 468098 468411 483679 445088 467902 486035 443358 487446 491524 480680 456456 463744 475090 499612 493808 466830 478359 456306 463405 474940 463186 455183 439183 454115 478264 481544 490058 465536 450637 450146 495874 459216 440752 441529 486826 459790 488026 445609 480669 462173 480610 457251 471233 448228 475801 442885 465956 471345 452878 464464 465492 455749 485018 464337 440433 483009 474760 457556 471045 494827 480459 439510 453086 470697